id,activity_type,transaction_time,type,price,qty,side,symbol,leaves_qty,order_id,cum_qty,order_status
20260309094344424::8c0af151-5ed8-4042-99ad-a56dba93e172,FILL,2026-03-09 13:43:44.424821+00:00,partial_fill,111.86,77,buy,ARM,29,4fde95f9-5c92-4fec-bdf9-ece172327d2a,77,partially_filled
20260309094345130::55889bf8-bc1a-4de3-8c54-89547bc4d320,FILL,2026-03-09 13:43:45.130641+00:00,fill,111.86,29,buy,ARM,0,4fde95f9-5c92-4fec-bdf9-ece172327d2a,106,filled
20260309094724975::6911479e-939b-4914-9a36-7ce0028d5c1a,FILL,2026-03-09 13:47:24.975105+00:00,partial_fill,76.86,96,buy,HOOD,60,9e3eae30-cce0-46d0-b0cc-d91272986862,96,partially_filled
20260309094725361::8d30954b-a79d-46c3-8f47-1b5bd50abd2e,FILL,2026-03-09 13:47:25.361008+00:00,partial_fill,45.33,69,buy,SOXL,192,1ec03f69-664c-46d2-afa3-55f2ee5300b8,69,partially_filled
20260309094725485::447b15a0-b157-47d4-b271-17e9e72e4a46,FILL,2026-03-09 13:47:25.485950+00:00,partial_fill,76.86,8,buy,HOOD,52,9e3eae30-cce0-46d0-b0cc-d91272986862,104,partially_filled
20260309094726228::cde5aa11-3372-4f99-a112-783bd2c3ebb8,FILL,2026-03-09 13:47:26.228662+00:00,fill,45.32,192,buy,SOXL,0,1ec03f69-664c-46d2-afa3-55f2ee5300b8,261,filled
20260309094726385::c01593e8-4e31-4141-a776-7902ffd877a3,FILL,2026-03-09 13:47:26.385139+00:00,fill,76.83,52,buy,HOOD,0,9e3eae30-cce0-46d0-b0cc-d91272986862,156,filled
20260309095319617::8d1bc366-c22b-46bc-b704-407f71542d27,FILL,2026-03-09 13:53:19.617314+00:00,partial_fill,155.17,40,buy,PLTR,36,d364da90-dd16-4ebd-adc1-91c56d5902ae,40,partially_filled
20260309095320327::0ed4df61-7cb7-4c21-987c-12309b18d3bd,FILL,2026-03-09 13:53:20.327561+00:00,partial_fill,198.76,37,buy,COIN,22,23809a76-4093-49e1-9992-c0720213cc86,37,partially_filled
20260309095320554::460d23d7-aa13-4f89-a410-163063fc9f82,FILL,2026-03-09 13:53:20.554537+00:00,partial_fill,155.19,2,buy,PLTR,34,d364da90-dd16-4ebd-adc1-91c56d5902ae,42,partially_filled
20260309095320816::70164ffb-e2d5-4ae8-8a96-58bd5348bec8,FILL,2026-03-09 13:53:20.816163+00:00,fill,198.75,22,buy,COIN,0,23809a76-4093-49e1-9992-c0720213cc86,59,filled
20260309095321014::9c43c04f-03d7-4e38-b15d-b977d42e6706,FILL,2026-03-09 13:53:21.014344+00:00,fill,155.15,34,buy,PLTR,0,d364da90-dd16-4ebd-adc1-91c56d5902ae,76,filled
20260309095321031::19837609-ceaf-4401-8612-f0de94e46a5a,FILL,2026-03-09 13:53:21.031106+00:00,partial_fill,19.31,59,buy,FNGU,560,b7dc44a7-172b-4250-b6a6-80de215c6b4c,59,partially_filled
20260309095321037::98979bf2-f497-42e5-8e98-d08944c82cc2,FILL,2026-03-09 13:53:21.037771+00:00,fill,137.4,87,buy,MSTR,0,cef51b1f-001a-4e11-9541-3e4e47c7474a,87,filled
20260309095321181::e980f263-0ff7-4aec-bead-b6f9c655b5eb,FILL,2026-03-09 13:53:21.181865+00:00,partial_fill,45.74,222,buy,TQQQ,38,71ae7642-a8cb-45c3-b150-8527809cf6d3,222,partially_filled
20260309095321466::138f6edf-dcf7-4995-aad4-eeaab0c3dd43,FILL,2026-03-09 13:53:21.466590+00:00,partial_fill,45.73,16,buy,TQQQ,22,71ae7642-a8cb-45c3-b150-8527809cf6d3,238,partially_filled
20260309095321835::c98e82e9-dfe1-4764-b363-e07f06e53ee1,FILL,2026-03-09 13:53:21.835643+00:00,partial_fill,19.31,505,buy,FNGU,55,b7dc44a7-172b-4250-b6a6-80de215c6b4c,564,partially_filled
20260309095322067::d7947c04-a508-4ca7-9967-bd38c0f6ff8e,FILL,2026-03-09 13:53:22.067829+00:00,partial_fill,45.73,7,buy,TQQQ,15,71ae7642-a8cb-45c3-b150-8527809cf6d3,245,partially_filled
20260309095322415::bb25b31d-8e51-417b-a165-f07db8a93283,FILL,2026-03-09 13:53:22.415181+00:00,fill,19.31,55,buy,FNGU,0,b7dc44a7-172b-4250-b6a6-80de215c6b4c,619,filled
20260309095323080::54c5dc1c-03de-4742-90e3-c5fdad7ab9fc,FILL,2026-03-09 13:53:23.080733+00:00,partial_fill,45.73,4,buy,TQQQ,11,71ae7642-a8cb-45c3-b150-8527809cf6d3,249,partially_filled
20260309095323385::bd790372-2285-4ede-8355-c70818a6ea09,FILL,2026-03-09 13:53:23.385949+00:00,fill,45.74,11,buy,TQQQ,0,71ae7642-a8cb-45c3-b150-8527809cf6d3,260,filled
20260309100805494::00bc68d9-f781-4f5e-bc6a-015e4e828ba8,FILL,2026-03-09 14:08:05.494850+00:00,fill,69.66,172,buy,RKLB,0,7e946d78-7115-4d78-ab1f-3a57c677eebd,172,filled
20260309100805603::933a6629-9dda-45c7-97a9-d3906a21396d,FILL,2026-03-09 14:08:05.603621+00:00,fill,69.66,172,buy,RKLB,0,d6f39cf9-c154-4324-a5fb-b2cf2fd69087,172,filled
20260309100805923::67400f2c-104e-4ef0-83e5-757953ee3ed1,FILL,2026-03-09 14:08:05.923735+00:00,partial_fill,69.66,159,buy,RKLB,13,5eb19a80-7503-41e4-ad8d-adefed12ac40,159,partially_filled
20260309100806471::a5b5cb24-91c6-423c-9c01-8448a755f924,FILL,2026-03-09 14:08:06.471248+00:00,partial_fill,69.66,11,buy,RKLB,2,5eb19a80-7503-41e4-ad8d-adefed12ac40,170,partially_filled
20260309100807367::e2bc1e1b-73d2-4d44-bd00-281c8d827d9e,FILL,2026-03-09 14:08:07.367397+00:00,partial_fill,69.66,1,buy,RKLB,1,5eb19a80-7503-41e4-ad8d-adefed12ac40,171,partially_filled
20260309100807859::bc5c4714-eb6a-4bbe-81c1-c07ed43218d1,FILL,2026-03-09 14:08:07.859101+00:00,fill,69.66,1,buy,RKLB,0,5eb19a80-7503-41e4-ad8d-adefed12ac40,172,filled
20260309152453011::73199a8f-3414-494e-95d7-4ad032e6cf74,FILL,2026-03-09 19:24:53.011098+00:00,partial_fill,52.04,257,sell,SOXL,4,eacb3c6f-3a7d-459d-bf21-e55fa1d6e7bb,257,partially_filled
20260309152453435::4f1c7457-ea17-4364-b5d9-38e44b4c2f15,FILL,2026-03-09 19:24:53.435043+00:00,partial_fill,52.05,2,sell,SOXL,2,eacb3c6f-3a7d-459d-bf21-e55fa1d6e7bb,259,partially_filled
20260309152454118::a206b4bb-0e3c-4c13-874c-ae1932ac081b,FILL,2026-03-09 19:24:54.118816+00:00,partial_fill,52.08,1,sell,SOXL,1,eacb3c6f-3a7d-459d-bf21-e55fa1d6e7bb,260,partially_filled
20260309152454755::de1af02e-91ee-4973-be63-03c7b1d9671b,FILL,2026-03-09 19:24:54.755950+00:00,fill,52.09,1,sell,SOXL,0,eacb3c6f-3a7d-459d-bf21-e55fa1d6e7bb,261,filled
20260310144123438::09d628e2-5dce-4f2b-8980-3565d526d118,FILL,2026-03-10 18:41:23.438623+00:00,fill,35.81,344,buy,IONQ,0,18551d6e-ec66-437e-b6ef-1098f5f765f8,344,filled
20260311111059078::fa9fb6b7-1bb0-407b-82f8-7e4282a9290b,FILL,2026-03-11 15:10:59.078969+00:00,partial_fill,41.29,16,buy,IREN,480,9e59bd64-2e72-429e-bf5c-90983b50479b,16,partially_filled
20260311111059832::f59f8c31-9687-43e0-987b-538ec04f6310,FILL,2026-03-11 15:10:59.832098+00:00,partial_fill,41.28,191,buy,IREN,289,9e59bd64-2e72-429e-bf5c-90983b50479b,207,partially_filled
20260311111100749::dd170501-ec08-49df-a4fd-330a2797f6b6,FILL,2026-03-11 15:11:00.749172+00:00,fill,41.28,289,buy,IREN,0,9e59bd64-2e72-429e-bf5c-90983b50479b,496,filled
20260311112940426::e2f0d204-c012-45e0-8764-cff9dd0bb4e9,FILL,2026-03-11 15:29:40.426275+00:00,partial_fill,33.97,54,sell,IONQ,290,64bd4b94-0038-49f4-aa1e-a9fc3d240599,54,partially_filled
20260311112941223::2d3ce0d8-b790-476b-82b0-313db32b7e7d,FILL,2026-03-11 15:29:41.223733+00:00,partial_fill,33.96,94,sell,IONQ,196,64bd4b94-0038-49f4-aa1e-a9fc3d240599,148,partially_filled
20260311112941800::4fe72239-aa10-4ae6-be37-12b25017ecab,FILL,2026-03-11 15:29:41.800349+00:00,fill,33.95,196,sell,IONQ,0,64bd4b94-0038-49f4-aa1e-a9fc3d240599,344,filled
20260311135529448::34b977dd-3075-42d4-b2e2-09afe501b7fc,FILL,2026-03-11 17:55:29.448577+00:00,fill,17.99,1165,buy,WOLF,0,a173cd7b-9637-4de6-8eeb-11416aa1bf33,1165,filled
20260311135529623::bd923560-b51e-4619-b7d2-593f3be09268,FILL,2026-03-11 17:55:29.623560+00:00,partial_fill,17.99,986,buy,WOLF,179,23799dfc-bdbb-4723-90fe-55bf314c4ce1,986,partially_filled
20260311135530674::0b4da8d8-6553-4c1a-be47-a2a914d0aa4c,FILL,2026-03-11 17:55:30.674628+00:00,partial_fill,17.98,486,buy,WOLF,678,fb8a427c-ec28-4a26-842f-0dfa3d842a69,486,partially_filled
20260311135531229::df1a91b5-0852-45f7-9841-7272835fa1dd,FILL,2026-03-11 17:55:31.229789+00:00,partial_fill,17.98,415,buy,WOLF,263,fb8a427c-ec28-4a26-842f-0dfa3d842a69,901,partially_filled
20260311135531375::4ffeeeaf-14c2-4f61-9c07-1f3906ab9373,FILL,2026-03-11 17:55:31.375698+00:00,partial_fill,17.98,22,buy,WOLF,157,23799dfc-bdbb-4723-90fe-55bf314c4ce1,1008,partially_filled
20260311135532528::558d1695-4ebc-4af7-acba-aca0ecd8e095,FILL,2026-03-11 17:55:32.528618+00:00,partial_fill,17.98,23,buy,WOLF,240,fb8a427c-ec28-4a26-842f-0dfa3d842a69,924,partially_filled
20260311135532965::c106bcaf-067b-4883-b0cb-f956669d43a3,FILL,2026-03-11 17:55:32.965233+00:00,partial_fill,17.98,44,buy,WOLF,113,23799dfc-bdbb-4723-90fe-55bf314c4ce1,1052,partially_filled
20260311135533644::c76fec7e-2fbd-4a50-977c-d4719939727e,FILL,2026-03-11 17:55:33.644430+00:00,partial_fill,18.0,114,buy,WOLF,126,fb8a427c-ec28-4a26-842f-0dfa3d842a69,1038,partially_filled
20260311135533795::7344cfef-e769-4290-9bbb-c2a8c84c0bdb,FILL,2026-03-11 17:55:33.795972+00:00,partial_fill,18.0,104,buy,WOLF,9,23799dfc-bdbb-4723-90fe-55bf314c4ce1,1156,partially_filled
20260311135534124::b36c3165-68fc-408a-bf94-71e97bed60a4,FILL,2026-03-11 17:55:34.124598+00:00,fill,18.0,126,buy,WOLF,0,fb8a427c-ec28-4a26-842f-0dfa3d842a69,1164,filled
20260311135534278::e8c67bfb-34e0-4cec-a202-ee85a474d5f3,FILL,2026-03-11 17:55:34.278354+00:00,fill,18.0,9,buy,WOLF,0,23799dfc-bdbb-4723-90fe-55bf314c4ce1,1165,filled
20260313093041687::e0b8031b-f2a2-40dd-ab0e-b09d2914beb8,FILL,2026-03-13 13:30:41.687689+00:00,partial_fill,17.1,225,sell,WOLF,3269,5a55ad3b-0485-4b16-96ce-77531a79ff01,225,partially_filled
20260313093207642::37473f4b-29f6-44b1-ac4b-6f5b7e7d6dc7,FILL,2026-03-13 13:32:07.642597+00:00,partial_fill,17.44,1132,sell,WOLF,2137,5a55ad3b-0485-4b16-96ce-77531a79ff01,1357,partially_filled
20260313093312519::c879e10a-1738-4331-8037-7eeb2b3c750b,FILL,2026-03-13 13:33:12.519565+00:00,fill,17.44,2137,sell,WOLF,0,5a55ad3b-0485-4b16-96ce-77531a79ff01,3494,filled
20260313095745694::bb4b73fb-ef7d-4258-875d-7a94330e3ba6,FILL,2026-03-13 13:57:45.694010+00:00,partial_fill,10.75,715,buy,ONDS,1200,ff8bc5ff-6cc8-47a9-bb0b-4b1988cde81b,715,partially_filled
20260313095746254::0ec4ed4c-ef7b-4db3-ba92-e2d5728602b7,FILL,2026-03-13 13:57:46.254997+00:00,fill,10.75,1200,buy,ONDS,0,ff8bc5ff-6cc8-47a9-bb0b-4b1988cde81b,1915,filled
20260313102437509::f0295592-be8d-48d3-a478-95025f68b83d,FILL,2026-03-13 14:24:37.509548+00:00,partial_fill,15.39,742,buy,WULF,596,280efccc-a368-49bf-9015-70c76abce643,742,partially_filled
20260313102437888::a7037a25-3ea4-48a2-8a07-f95d3e70a729,FILL,2026-03-13 14:24:37.888959+00:00,partial_fill,15.39,576,buy,WULF,20,280efccc-a368-49bf-9015-70c76abce643,1318,partially_filled
20260313102438335::32bbaf09-6f93-4243-b36c-40d19a88fcc9,FILL,2026-03-13 14:24:38.335505+00:00,fill,15.39,20,buy,WULF,0,280efccc-a368-49bf-9015-70c76abce643,1338,filled
20260313105253834::50dbc62d-ac06-4e6c-beb7-17f95fe96b1a,FILL,2026-03-13 14:52:53.834405+00:00,fill,9.99,2062,buy,CLSK,0,4bf0db53-6468-4022-b49b-f01f705bd3f1,2062,filled
20260313122606671::4fa4bb56-0fb3-4f64-be63-7087ab27177d,FILL,2026-03-13 16:26:06.671813+00:00,fill,10.21,1915,sell,ONDS,0,5171ac3f-b8c3-4d21-8ccf-2bf2893d3597,1915,filled
20260313152217907::0bd6fb94-63ab-4931-9ec9-d200adb946a2,FILL,2026-03-13 19:22:17.907091+00:00,partial_fill,14.6,454,sell,WULF,884,ddd1634e-8736-40bf-b9b2-18e80850cd07,454,partially_filled
20260313152217926::da0a9114-f853-4602-9e76-40a914f4d0b9,FILL,2026-03-13 19:22:17.926938+00:00,fill,72.88,156,sell,HOOD,0,945ca1b6-e21f-460e-9b4c-5d15810cb934,156,filled
20260313152218247::bf3b96c9-4d27-469b-abad-4c413c1c8fdc,FILL,2026-03-13 19:22:18.247126+00:00,partial_fill,14.6,679,sell,WULF,205,ddd1634e-8736-40bf-b9b2-18e80850cd07,1133,partially_filled
20260313152218828::9446f350-d573-44aa-8488-ed3a5ef620ad,FILL,2026-03-13 19:22:18.828081+00:00,fill,14.6,205,sell,WULF,0,ddd1634e-8736-40bf-b9b2-18e80850cd07,1338,filled
20260313152317010::a33a17cd-41cb-4174-8c3e-eedfa6a86ca3,FILL,2026-03-13 19:23:17.010106+00:00,fill,9.34,1930,buy,MARA,0,3f1363b8-87d9-4253-8187-3369afdfe5f0,1930,filled
20260316094826943::9fe18f04-49aa-4735-a6c0-0ea560a99543,FILL,2026-03-16 13:48:26.943683+00:00,partial_fill,10.63,413,buy,ONDS,1502,fe5d9253-b5a8-49ed-935f-664b140b47f6,413,partially_filled
20260316094827475::23d0a172-ac2b-453a-8995-5ffe61c9158b,FILL,2026-03-16 13:48:27.475980+00:00,fill,10.63,1502,buy,ONDS,0,fe5d9253-b5a8-49ed-935f-664b140b47f6,1915,filled
20260317093517177::82c98598-3c03-4024-be0b-383b257e4e25,FILL,2026-03-17 13:35:17.177959+00:00,fill,126.25,106,sell,ARM,0,fc7a405f-a184-465b-a22c-34b712926e7e,106,filled
20260317094551165::d3c5191e-5892-4d67-b774-503be7c8588f,FILL,2026-03-17 13:45:51.165018+00:00,partial_fill,125.78,15,buy,ARM,149,aa476d5d-e6f7-4ed4-b911-d337ba9e8968,15,partially_filled
20260317094552003::29bcfb8a-2b93-4042-b8ab-ff393ba190ec,FILL,2026-03-17 13:45:52.003493+00:00,partial_fill,125.78,101,buy,ARM,48,aa476d5d-e6f7-4ed4-b911-d337ba9e8968,116,partially_filled
20260317094552391::7fd6f641-cd1d-49f1-9b8a-3645404bbd36,FILL,2026-03-17 13:45:52.391858+00:00,fill,125.78,48,buy,ARM,0,aa476d5d-e6f7-4ed4-b911-d337ba9e8968,164,filled
20260319093114398::973650e4-8bae-476d-80b7-fe5fc88e3b58,FILL,2026-03-19 13:31:14.398817+00:00,fill,18.19,619,sell,FNGU,0,e221f3e2-8700-4480-9b6b-70819c3c5673,619,filled
20260319093146689::f3fd67f5-86e9-4b22-aa91-4a3ee409fe27,FILL,2026-03-19 13:31:46.689488+00:00,partial_fill,8.38,757,sell,MARA,1173,99c39c3f-ce2b-4680-ac5e-63455c6d521d,757,partially_filled
20260319093235776::bb7eaba0-4d43-4b23-84bf-92e28c15cd10,FILL,2026-03-19 13:32:35.776643+00:00,partial_fill,9.15,1558,sell,CLSK,504,469ef8ad-e9f4-4a46-a641-35f38ba88ab1,1558,partially_filled
20260319093322235::07e5ac65-493d-4b8a-be25-afe0401a9589,FILL,2026-03-19 13:33:22.235954+00:00,fill,8.5,1173,sell,MARA,0,99c39c3f-ce2b-4680-ac5e-63455c6d521d,1930,filled
20260319093417434::4d87962a-b473-4572-9732-a3dd508f6b1c,FILL,2026-03-19 13:34:17.434191+00:00,fill,9.22,504,sell,CLSK,0,469ef8ad-e9f4-4a46-a641-35f38ba88ab1,2062,filled
20260319093707460::ec99a293-4092-4ad2-84b2-e9cb244e9c2a,FILL,2026-03-19 13:37:07.460467+00:00,fill,16.71,1093,buy,RIVN,0,b85c594f-bc89-4403-8030-e0a33504d11c,1093,filled
20260319123643977::c9341066-9604-42c8-807a-e3afd0dc84d8,FILL,2026-03-19 16:36:43.977277+00:00,fill,15.85,1093,sell,RIVN,0,71836894-a563-4a57-a6d5-1a794903d0b6,1093,filled
20260320094956474::abb5ea02-9e25-4f3b-ae4c-812b70540ed0,FILL,2026-03-20 13:49:56.474781+00:00,fill,54.62,352,buy,SOXL,0,9826804a-e237-48fc-a86d-b1772cfc61a5,352,filled
20260320102614155::0897f400-67c8-49c2-b80f-36bcedf4b776,FILL,2026-03-20 14:26:14.155831+00:00,partial_fill,51.79,305,sell,SOXL,47,70ef4e27-851c-4921-be86-dca951dbabeb,305,partially_filled
20260320102614625::0056bcd2-1745-4eec-90bc-f87b230e15d0,FILL,2026-03-20 14:26:14.625645+00:00,partial_fill,51.78,20,sell,SOXL,27,70ef4e27-851c-4921-be86-dca951dbabeb,325,partially_filled
20260320102615249::7a2cee13-010e-4be2-9833-3bfeba2ff862,FILL,2026-03-20 14:26:15.249841+00:00,partial_fill,51.79,15,sell,SOXL,12,70ef4e27-851c-4921-be86-dca951dbabeb,340,partially_filled
20260320102616239::c1d62ace-793e-45b2-9356-519f6fb91574,FILL,2026-03-20 14:26:16.239742+00:00,partial_fill,51.79,2,sell,SOXL,10,70ef4e27-851c-4921-be86-dca951dbabeb,342,partially_filled
20260320102617198::48f8cf16-9b9a-4210-b8bf-787623e1c9d8,FILL,2026-03-20 14:26:17.198121+00:00,partial_fill,51.77,8,sell,SOXL,2,70ef4e27-851c-4921-be86-dca951dbabeb,350,partially_filled
20260320102618388::e8a0c631-56c5-4f99-9b52-e8d7315238b1,FILL,2026-03-20 14:26:18.388307+00:00,partial_fill,51.79,1,sell,SOXL,1,70ef4e27-851c-4921-be86-dca951dbabeb,351,partially_filled
20260320102619428::6b56f932-d5b8-456d-b96e-f8c0406f0802,FILL,2026-03-20 14:26:19.428765+00:00,fill,51.77,1,sell,SOXL,0,70ef4e27-851c-4921-be86-dca951dbabeb,352,filled
20260320105139104::570341c0-232e-4d03-b15e-471f401509e0,FILL,2026-03-20 14:51:39.104281+00:00,partial_fill,60.83,200,buy,OXY,101,5a72f7fe-cf9c-4f59-b337-ee77c5cbed74,200,partially_filled
20260320105139561::6854ed83-c4eb-4298-919c-4cf299321272,FILL,2026-03-20 14:51:39.561492+00:00,partial_fill,60.83,11,buy,OXY,90,5a72f7fe-cf9c-4f59-b337-ee77c5cbed74,211,partially_filled
20260320105139966::cc1b63b7-f6a5-476b-a581-2bf96593389d,FILL,2026-03-20 14:51:39.966689+00:00,fill,60.83,90,buy,OXY,0,5a72f7fe-cf9c-4f59-b337-ee77c5cbed74,301,filled
20260320111036999::79dae6aa-6a9e-4905-b3d5-8f4488b79714,FILL,2026-03-20 15:10:36.999952+00:00,fill,89.49,204,buy,MRVL,0,8d97dd16-e95e-41e6-b372-6f50c8f7485e,204,filled
20260320132626625::f9f3641d-dee3-49e7-99ca-64ad912ce557,FILL,2026-03-20 17:26:26.625675+00:00,partial_fill,10.05,1295,sell,ONDS,620,b041439c-65dd-43ea-bc65-9a700b4422c9,1295,partially_filled
20260320132627218::d7c1dc41-a0cd-47ef-8a54-dd47732b8f55,FILL,2026-03-20 17:26:27.218086+00:00,partial_fill,10.05,465,sell,ONDS,155,b041439c-65dd-43ea-bc65-9a700b4422c9,1760,partially_filled
20260320132627771::67298f9a-27dd-4fb9-aee0-741dab549279,FILL,2026-03-20 17:26:27.771004+00:00,fill,10.05,155,sell,ONDS,0,b041439c-65dd-43ea-bc65-9a700b4422c9,1915,filled
20260320133644145::0a86caf0-14ba-4979-97e6-ace55b515e12,FILL,2026-03-20 17:36:44.145985+00:00,partial_fill,43.44,180,sell,TQQQ,80,e7c5ea79-2ffb-4d2a-b81a-38e3f6ea72a4,180,partially_filled
20260320133644517::ae88fca6-f874-45c3-a3a4-29368387c0b8,FILL,2026-03-20 17:36:44.517893+00:00,fill,43.44,80,sell,TQQQ,0,e7c5ea79-2ffb-4d2a-b81a-38e3f6ea72a4,260,filled
20260320135554285::bb899971-8f86-4896-bf74-ae4a68baa7cd,FILL,2026-03-20 17:55:54.285819+00:00,partial_fill,56.74,227,buy,RBLX,86,a6966fad-7798-47ca-847f-c3fe0925f72f,227,partially_filled
20260320135554825::7426ac2b-c2b4-4364-885d-5b3d59a9f378,FILL,2026-03-20 17:55:54.825435+00:00,partial_fill,56.74,76,buy,RBLX,10,a6966fad-7798-47ca-847f-c3fe0925f72f,303,partially_filled
20260320135555233::9029f2e2-a942-45ff-af56-b4a6bbcc0292,FILL,2026-03-20 17:55:55.233877+00:00,partial_fill,56.74,9,buy,RBLX,1,a6966fad-7798-47ca-847f-c3fe0925f72f,312,partially_filled
20260320135555718::57db85f5-3849-4908-ab60-cc0c09606cc2,FILL,2026-03-20 17:55:55.718223+00:00,fill,56.74,1,buy,RBLX,0,a6966fad-7798-47ca-847f-c3fe0925f72f,313,filled
20260320150909305::d2dd1751-615f-4c86-90ec-6dec5ae57940,FILL,2026-03-20 19:09:09.305829+00:00,fill,39.17,496,sell,IREN,0,41632fd5-c845-4e27-9031-3626505934ca,496,filled
20260323093043739::4cf5dad5-d730-4371-84ed-eca61f0c92b9,FILL,2026-03-23 13:30:43.739187+00:00,fill,66.57,516,sell,RKLB,0,56f18452-8ac0-4c68-8cc8-be7ce2cdcd87,516,filled
20260323094555633::f1c302ea-95b3-43b2-841e-2b6e4ad993e8,FILL,2026-03-23 13:45:55.633063+00:00,partial_fill,67.66,90,buy,RKLB,68,8c023a63-4ff9-4c75-aad7-a447ec43d2c1,90,partially_filled
20260323094556385::0b216cb5-1d32-4263-a1fc-19a2443d97d0,FILL,2026-03-23 13:45:56.385809+00:00,fill,67.66,68,buy,RKLB,0,8c023a63-4ff9-4c75-aad7-a447ec43d2c1,158,filled
20260323094627281::965b7200-f018-4a8a-abe0-3fea5c1c878f,FILL,2026-03-23 13:46:27.281373+00:00,fill,206.67,51,buy,AMD,0,378d729a-64a2-4b35-9d59-ba5a5d91ff94,51,filled
20260323132054353::c726c05e-3c32-4eb9-b88c-249f77122284,FILL,2026-03-23 17:20:54.353523+00:00,fill,8.75,1228,buy,MARA,0,6e7b3fa3-1e54-4d6f-b52a-9547e623b66f,1228,filled
20260323154738722::7fe42ef4-0f5c-475f-8d9c-3f7f26b37060,FILL,2026-03-23 19:47:38.722694+00:00,partial_fill,68.55,103,sell,RKLB,55,19ecff28-670a-4ab2-8321-f3b9d267fb6e,103,partially_filled
20260323154738727::54a06260-1f4a-4907-a067-0333df090ebc,FILL,2026-03-23 19:47:38.727008+00:00,fill,8.97,1228,sell,MARA,0,bf69cec3-97a5-4a68-96dc-d9e5673708fa,1228,filled
20260323154738843::4135e0ca-af39-49d6-a05c-dbd1207a99b0,FILL,2026-03-23 19:47:38.843795+00:00,partial_fill,203.8,8,sell,AMD,43,a94e6699-5a0a-480f-957b-0605330a2be1,8,partially_filled
20260323154739067::b55049b4-5447-4591-b983-2d074dd729bd,FILL,2026-03-23 19:47:39.067392+00:00,partial_fill,68.55,19,sell,RKLB,36,19ecff28-670a-4ab2-8321-f3b9d267fb6e,122,partially_filled
20260323154739172::ae5f58d5-8daa-4710-8e3d-c5bf98266fa2,FILL,2026-03-23 19:47:39.172535+00:00,partial_fill,203.78,37,sell,AMD,6,a94e6699-5a0a-480f-957b-0605330a2be1,45,partially_filled
20260323154739499::d0e14c49-bce5-4f58-aebd-420ff157b0b9,FILL,2026-03-23 19:47:39.499084+00:00,partial_fill,68.55,26,sell,RKLB,10,19ecff28-670a-4ab2-8321-f3b9d267fb6e,148,partially_filled
20260323154739604::284093d7-c296-457c-83e9-254f9a1ca66a,FILL,2026-03-23 19:47:39.604189+00:00,fill,203.76,6,sell,AMD,0,a94e6699-5a0a-480f-957b-0605330a2be1,51,filled
20260323154740223::ecf58b60-35fe-4c88-b43f-4e84756ac456,FILL,2026-03-23 19:47:40.223288+00:00,fill,68.55,10,sell,RKLB,0,19ecff28-670a-4ab2-8321-f3b9d267fb6e,158,filled
20260324094519241::e08db87c-beb8-4a59-a1d9-6d7343218ac3,FILL,2026-03-24 13:45:19.241655+00:00,partial_fill,11.04,253,buy,ONDS,1349,d28e3b18-4d03-44ec-a37c-c0bedf884af3,253,partially_filled
20260324094519869::1beeb55f-920e-4551-b38e-b8b2c223b7c2,FILL,2026-03-24 13:45:19.869291+00:00,fill,11.04,1349,buy,ONDS,0,d28e3b18-4d03-44ec-a37c-c0bedf884af3,1602,filled
20260324095131561::5726a197-3b90-497f-b604-ccde56ca097e,FILL,2026-03-24 13:51:31.561510+00:00,partial_fill,10.02,893,buy,CLSK,878,d07d637d-b4ae-4d65-a42b-3dff4e04e264,893,partially_filled
20260324095131737::a8c8fec6-67ed-4538-ae7e-2130d7b52603,FILL,2026-03-24 13:51:31.737692+00:00,partial_fill,16.09,775,buy,WULF,312,3f5c7515-c962-41c8-96f9-7ab9941bc032,775,partially_filled
20260324095131863::28bd1bbd-029f-4367-976e-eb2cef59be25,FILL,2026-03-24 13:51:31.863347+00:00,partial_fill,10.02,198,buy,CLSK,680,d07d637d-b4ae-4d65-a42b-3dff4e04e264,1091,partially_filled
20260324095132250::2d6838f2-7396-4986-9c9a-89b7e587bfb0,FILL,2026-03-24 13:51:32.250766+00:00,partial_fill,10.02,127,buy,CLSK,553,d07d637d-b4ae-4d65-a42b-3dff4e04e264,1218,partially_filled
20260324095132511::fde628a3-aaa7-47cd-8feb-64bcf01db974,FILL,2026-03-24 13:51:32.511112+00:00,partial_fill,16.08,176,buy,WULF,136,3f5c7515-c962-41c8-96f9-7ab9941bc032,951,partially_filled
20260324095132768::3be5b416-aece-481d-bedd-1689859362e0,FILL,2026-03-24 13:51:32.768460+00:00,fill,10.02,553,buy,CLSK,0,d07d637d-b4ae-4d65-a42b-3dff4e04e264,1771,filled
20260324095133008::ebac0531-337f-48c8-a484-7062a8e000a5,FILL,2026-03-24 13:51:33.008448+00:00,partial_fill,16.08,12,buy,WULF,124,3f5c7515-c962-41c8-96f9-7ab9941bc032,963,partially_filled
20260324095133342::473537d0-b4b8-4a77-bcba-0ab2615f8c1e,FILL,2026-03-24 13:51:33.342027+00:00,fill,16.07,124,buy,WULF,0,3f5c7515-c962-41c8-96f9-7ab9941bc032,1087,filled
20260324101637198::51217359-1560-499f-8521-3edb4f405d30,FILL,2026-03-24 14:16:37.198947+00:00,partial_fill,384.98,10,buy,TSLA,35,e9172d00-6aca-4299-ab77-efd3ec8672a7,10,partially_filled
20260324101637597::b6d4f5ec-1dae-467d-9847-d1ad8d7b16b0,FILL,2026-03-24 14:16:37.597592+00:00,partial_fill,384.98,5,buy,TSLA,30,e9172d00-6aca-4299-ab77-efd3ec8672a7,15,partially_filled
20260324101637924::d20f8fee-a1d7-4da7-80a2-7d11ebaf3aba,FILL,2026-03-24 14:16:37.924777+00:00,fill,384.98,30,buy,TSLA,0,e9172d00-6aca-4299-ab77-efd3ec8672a7,45,filled
20260324101640618::fe8dc56c-119c-47ba-88aa-24d2d4afe765,FILL,2026-03-24 14:16:40.618481+00:00,partial_fill,14.34,1114,buy,RIOT,89,5cbcf370-ffcd-41d4-82ff-f314bcf09985,1114,partially_filled
20260324101641063::d3f87174-34ef-4f33-afba-9b3342c4723a,FILL,2026-03-24 14:16:41.063551+00:00,fill,14.64,1165,buy,CIFR,0,b9c9feac-ed2d-44ff-a7fb-fea0ee3d29f3,1165,filled
20260324101641092::c583b8d8-4524-4271-8022-167a26f1618e,FILL,2026-03-24 14:16:41.092454+00:00,fill,14.34,89,buy,RIOT,0,5cbcf370-ffcd-41d4-82ff-f314bcf09985,1203,filled
20260324102253704::48e81dff-06dd-479a-aa90-5c12b0f6d5b1,FILL,2026-03-24 14:22:53.704337+00:00,partial_fill,188.59,46,sell,COIN,13,bb9fdfb8-3c10-4736-8d65-62d01edf6caa,46,partially_filled
20260324102254236::07805572-0a1b-4b3d-8b20-3a3a7cf1d1dd,FILL,2026-03-24 14:22:54.236982+00:00,partial_fill,188.42,5,sell,COIN,8,bb9fdfb8-3c10-4736-8d65-62d01edf6caa,51,partially_filled
20260324102255061::2ff4c5ee-3cab-4b22-a807-0b712aa1e1a0,FILL,2026-03-24 14:22:55.061171+00:00,partial_fill,188.36,1,sell,COIN,7,bb9fdfb8-3c10-4736-8d65-62d01edf6caa,52,partially_filled
20260324102255509::19084361-4cfe-4bab-881b-6c445e9f1cc2,FILL,2026-03-24 14:22:55.509881+00:00,partial_fill,188.36,1,sell,COIN,6,bb9fdfb8-3c10-4736-8d65-62d01edf6caa,53,partially_filled
20260324102256130::d5d02692-12d5-4ad4-9c55-eadfd8ac426b,FILL,2026-03-24 14:22:56.130269+00:00,partial_fill,188.34,4,sell,COIN,2,bb9fdfb8-3c10-4736-8d65-62d01edf6caa,57,partially_filled
20260324102256657::b1c4e7f2-8ffc-42c2-9aa4-08e88ab520dc,FILL,2026-03-24 14:22:56.657216+00:00,fill,188.31,2,sell,COIN,0,bb9fdfb8-3c10-4736-8d65-62d01edf6caa,59,filled
20260324130501485::b563740c-89db-400f-9668-b8a6ae0cf844,FILL,2026-03-24 17:05:01.485150+00:00,partial_fill,50.38,192,buy,SLB,157,f21734aa-f5d7-4c6b-9d86-c47a631bce91,192,partially_filled
20260324130503499::0fb72abb-69f1-4c7f-87bf-b8ce67bfeebd,FILL,2026-03-24 17:05:03.499934+00:00,partial_fill,50.38,117,buy,SLB,40,f21734aa-f5d7-4c6b-9d86-c47a631bce91,309,partially_filled
20260324130504499::18d21055-1b2c-4222-a7ea-07ba96160455,FILL,2026-03-24 17:05:04.499738+00:00,partial_fill,50.38,14,buy,SLB,26,f21734aa-f5d7-4c6b-9d86-c47a631bce91,323,partially_filled
20260324130505729::4e103b1b-9223-4411-95a5-4b18f1ac4f3d,FILL,2026-03-24 17:05:05.729785+00:00,partial_fill,50.38,3,buy,SLB,23,f21734aa-f5d7-4c6b-9d86-c47a631bce91,326,partially_filled
20260324130506928::d52404aa-e036-48f9-a45a-98344ed79797,FILL,2026-03-24 17:05:06.928733+00:00,fill,50.38,23,buy,SLB,0,f21734aa-f5d7-4c6b-9d86-c47a631bce91,349,filled
20260324131854057::ecf5ed56-1331-4f8e-ad59-ca0d1c425486,FILL,2026-03-24 17:18:54.057870+00:00,fill,9.46,1771,sell,CLSK,0,44b55a4b-bfef-4193-83c9-9f389a863109,1771,filled
20260325093042895::36e36211-6657-4f27-89bc-869da583e616,FILL,2026-03-25 13:30:42.895253+00:00,partial_fill,16.37,786,sell,CIFR,379,59c49522-982d-4700-a4eb-42ae5d1109ad,786,partially_filled
20260325093157852::556ed3b4-e9ee-408b-9d8c-d973454ff670,FILL,2026-03-25 13:31:57.852405+00:00,partial_fill,150.33,88,sell,ARM,76,1ff5d148-36ef-426c-98f1-34b5055029aa,88,partially_filled
20260325093207322::b21719ae-8f20-413b-9173-1b8a1622e32e,FILL,2026-03-25 13:32:07.322241+00:00,partial_fill,150.31,30,sell,ARM,46,1ff5d148-36ef-426c-98f1-34b5055029aa,118,partially_filled
20260325093226998::511fd34d-8f71-44c3-8d4a-ec48757303db,FILL,2026-03-25 13:32:26.998218+00:00,fill,16.47,379,sell,CIFR,0,59c49522-982d-4700-a4eb-42ae5d1109ad,1165,filled
20260325093310742::fff9d367-ed5c-448c-8973-8f4451d314c3,FILL,2026-03-25 13:33:10.742361+00:00,fill,151.22,46,sell,ARM,0,1ff5d148-36ef-426c-98f1-34b5055029aa,164,filled
20260325094545752::f02404ac-8690-450b-8a9d-66323a8d458c,FILL,2026-03-25 13:45:45.752882+00:00,fill,10.73,1791,buy,LCID,0,7d0aba37-e59f-43d3-a6d9-7ab50d687e9b,1791,filled
20260325094603747::dee94281-0a7b-46ab-8807-03e95d2a3d42,FILL,2026-03-25 13:46:03.747709+00:00,partial_fill,73.94,37,buy,HOOD,223,22cc5b58-ae52-46a9-aba6-c8da82c9b920,37,partially_filled
20260325094604396::a576ca14-3c5b-4edd-9148-e876737a56d8,FILL,2026-03-25 13:46:04.396400+00:00,fill,73.93,223,buy,HOOD,0,22cc5b58-ae52-46a9-aba6-c8da82c9b920,260,filled
20260325104910006::165c14cf-50ea-474a-88fb-62c81cbb1f59,FILL,2026-03-25 14:49:10.006536+00:00,fill,10.46,1602,sell,ONDS,0,9c0bb8e6-f9ff-4e16-bc3d-71f3f780a790,1602,filled
20260326070814348::4e469bdc-309d-4e9d-8b07-d9aed9a08780,FILL,2026-03-26 11:08:14.348145+00:00,partial_fill,158.0,26,buy,ARM,33,b15c3284-5efc-481e-ab71-e65fe3177ad7,26,partially_filled
20260326070814653::ee1a5624-a1d3-40d7-8db0-988b5e0dfd6a,FILL,2026-03-26 11:08:14.653051+00:00,partial_fill,158.0,30,buy,ARM,3,b15c3284-5efc-481e-ab71-e65fe3177ad7,56,partially_filled
20260326070814875::d0bead9c-536d-43f0-a141-c1916adf356e,FILL,2026-03-26 11:08:14.875833+00:00,partial_fill,158.0,2,buy,ARM,1,b15c3284-5efc-481e-ab71-e65fe3177ad7,58,partially_filled
20260326070815204::482420a2-efb4-443b-9bad-a2dd945d8d29,FILL,2026-03-26 11:08:15.204838+00:00,fill,158.0,1,buy,ARM,0,b15c3284-5efc-481e-ab71-e65fe3177ad7,59,filled
20260326095503481::24a00ea7-1f99-4a47-bcf8-557ffe770f82,FILL,2026-03-26 13:55:03.481644+00:00,partial_fill,9.07,1732,buy,MARA,329,2f83b006-f5d6-456e-b4dd-0ff25a58cf77,1732,partially_filled
20260326095504567::d2b05b1f-98b1-4719-af88-8651a93d5c72,FILL,2026-03-26 13:55:04.567320+00:00,partial_fill,9.07,308,buy,MARA,21,2f83b006-f5d6-456e-b4dd-0ff25a58cf77,2040,partially_filled
20260326095504873::c030032d-255c-4ef9-be39-5d0d73ad9dbf,FILL,2026-03-26 13:55:04.873115+00:00,partial_fill,9.07,9,buy,MARA,12,2f83b006-f5d6-456e-b4dd-0ff25a58cf77,2049,partially_filled
20260326095505630::029c9f93-9a42-42fa-bd68-9d7ffc438917,FILL,2026-03-26 13:55:05.630673+00:00,partial_fill,9.07,3,buy,MARA,9,2f83b006-f5d6-456e-b4dd-0ff25a58cf77,2052,partially_filled
20260326095506164::a11fc8a8-3f53-4cbf-bcb8-56b259e4e99b,FILL,2026-03-26 13:55:06.164333+00:00,fill,9.07,9,buy,MARA,0,2f83b006-f5d6-456e-b4dd-0ff25a58cf77,2061,filled
20260326100321484::c3d4c112-9516-4d75-bef1-542e0a74cd2a,FILL,2026-03-26 14:03:21.484011+00:00,fill,9.87,1902,buy,CLSK,0,c468e88d-8ffb-4528-9759-d3ca6cdd5b64,1902,filled
20260326103759796::14ad3f57-e4ad-45a7-b7b6-29d73a0b5029,FILL,2026-03-26 14:37:59.796733+00:00,partial_fill,3.2,3151,buy,RXRX,2725,c3cec054-0332-496b-9119-c9fd637b58e1,3151,partially_filled
20260326103759813::31aaed64-7ba7-4f46-ac5b-1c3ce9ba4f18,FILL,2026-03-26 14:37:59.813385+00:00,partial_fill,3.2,2776,buy,RXRX,3090,3e8a8c8c-eb4d-45d0-bf3c-2feca6af9f62,2776,partially_filled
20260326103800206::b8925f85-b524-49a4-9edc-944a69e0df87,FILL,2026-03-26 14:38:00.206602+00:00,fill,3.2,2725,buy,RXRX,0,c3cec054-0332-496b-9119-c9fd637b58e1,5876,filled
20260326103800223::69198d54-e7d4-4d2b-bccd-dfcf2f2f9edb,FILL,2026-03-26 14:38:00.223756+00:00,partial_fill,3.2,1510,buy,RXRX,1580,3e8a8c8c-eb4d-45d0-bf3c-2feca6af9f62,4286,partially_filled
20260326103801017::9194d350-db35-4460-86ce-f8b4d05d5cb4,FILL,2026-03-26 14:38:01.017922+00:00,partial_fill,3.2,207,buy,RXRX,1373,3e8a8c8c-eb4d-45d0-bf3c-2feca6af9f62,4493,partially_filled
20260326103801618::cc024978-3785-4cfa-a90e-2922152a1057,FILL,2026-03-26 14:38:01.618654+00:00,partial_fill,3.2,988,buy,RXRX,385,3e8a8c8c-eb4d-45d0-bf3c-2feca6af9f62,5481,partially_filled
20260326103802356::cfacaa37-84ca-49a6-a5a8-25e860f7a548,FILL,2026-03-26 14:38:02.356883+00:00,fill,3.2,385,buy,RXRX,0,3e8a8c8c-eb4d-45d0-bf3c-2feca6af9f62,5866,filled
20260326111710376::86980211-b0c0-4c3e-b264-f53a0337681b,FILL,2026-03-26 15:17:10.376829+00:00,partial_fill,10.18,394,sell,LCID,1397,44ed4808-40ef-4d8d-b808-2be8ca4df966,394,partially_filled
20260326111711199::f86331d8-8f7a-443f-938a-a11acf8aa317,FILL,2026-03-26 15:17:11.199634+00:00,fill,10.18,1397,sell,LCID,0,44ed4808-40ef-4d8d-b808-2be8ca4df966,1791,filled
20260326122344588::f87a918f-398f-48a3-85af-c740b1b0c206,FILL,2026-03-26 16:23:44.588901+00:00,fill,70.17,260,sell,HOOD,0,53a447d3-4569-4ebd-9836-c0f46ed871e3,260,filled
20260326123020152::66168bd2-b7ed-4b44-9740-99b90c70fcd9,FILL,2026-03-26 16:30:20.152671+00:00,fill,53.85,313,sell,RBLX,0,44ac942f-c597-4d57-bdad-ba5973555ea3,313,filled
20260326135047270::0b5f6d8d-3a05-4ed0-aba5-04bfd80734d3,FILL,2026-03-26 17:50:47.270137+00:00,fill,8.61,2061,sell,MARA,0,83b1b71a-87ae-40fe-b930-4b790bf73309,2061,filled
20260326135828032::e4cfb5f5-0ec3-431f-b892-320bc5d4846e,FILL,2026-03-26 17:58:28.032601+00:00,fill,9.36,1902,sell,CLSK,0,44566987-5254-44e1-86db-81d3e450e30b,1902,filled
20260326142726615::9e8fb330-12ed-41e4-a7a1-a70ecff7fe99,FILL,2026-03-26 18:27:26.615606+00:00,partial_fill,15.28,1030,sell,WULF,57,d78cacb8-566d-4ebe-ab1c-cdf8346ff6f8,1030,partially_filled
20260326142727345::b2bbdc8d-a5fd-4129-a810-d653b4149741,FILL,2026-03-26 18:27:27.345193+00:00,partial_fill,15.27,12,sell,WULF,45,d78cacb8-566d-4ebe-ab1c-cdf8346ff6f8,1042,partially_filled
20260326142727851::0d9ceac3-7547-4bb3-be3f-ae354c2dc74a,FILL,2026-03-26 18:27:27.851591+00:00,fill,15.27,45,sell,WULF,0,d78cacb8-566d-4ebe-ab1c-cdf8346ff6f8,1087,filled
20260326150829457::5179f402-70f8-4562-9f15-5fbcf750aa23,FILL,2026-03-26 19:08:29.457472+00:00,partial_fill,155.4,40,sell,ARM,19,650fb272-bec8-403d-b777-a6d8e199d33e,40,partially_filled
20260326150830063::7c8cf978-346e-4aad-aef9-e25384fedc8c,FILL,2026-03-26 19:08:30.063579+00:00,partial_fill,155.4,15,sell,ARM,4,650fb272-bec8-403d-b777-a6d8e199d33e,55,partially_filled
20260326150830396::08474ef5-7687-4180-a771-6bbdee929e1f,FILL,2026-03-26 19:08:30.396776+00:00,partial_fill,155.4,2,sell,ARM,2,650fb272-bec8-403d-b777-a6d8e199d33e,57,partially_filled
20260326150831042::c07e84e4-e597-49ac-966c-083d76a65718,FILL,2026-03-26 19:08:31.042892+00:00,partial_fill,155.4,1,sell,ARM,1,650fb272-bec8-403d-b777-a6d8e199d33e,58,partially_filled
20260326150831705::3608219e-7542-4e57-a357-634f4e8d100a,FILL,2026-03-26 19:08:31.705403+00:00,fill,155.4,1,sell,ARM,0,650fb272-bec8-403d-b777-a6d8e199d33e,59,filled
20260327081936009::d4c4b958-e968-4607-b572-56ea27f8d71f,FILL,2026-03-27 12:19:36.009413+00:00,fill,65.68,125,buy,RKLB,0,4699c5af-c266-4894-8607-cc6b60ae729b,125,filled
20260327093014707::229e4b97-11d8-4f29-a5a0-f8cd52f25acd,FILL,2026-03-27 13:30:14.707956+00:00,partial_fill,145.15,43,sell,PLTR,33,6250484d-f894-4669-acd8-140557dcdd4a,43,partially_filled
20260327093022671::96f4d048-7ffa-4e47-baae-5a6f5ac71a7d,FILL,2026-03-27 13:30:22.671833+00:00,partial_fill,13.55,227,sell,RIOT,976,21380ce0-9473-4099-bd09-da87e00ec982,227,partially_filled
20260327093022847::7b159d0c-3401-440a-ae6c-a1b1846612b9,FILL,2026-03-27 13:30:22.847556+00:00,partial_fill,130.16,19,sell,MSTR,68,8d57032a-6ac2-442d-a632-c31b381f7b89,19,partially_filled
20260327093057903::1cc2dfad-8337-443a-b108-21adde7e0058,FILL,2026-03-27 13:30:57.903143+00:00,partial_fill,145.59,28,sell,PLTR,5,6250484d-f894-4669-acd8-140557dcdd4a,71,partially_filled
20260327093059935::b0836c98-17a4-4925-a07f-5ac711f23c1f,FILL,2026-03-27 13:30:59.935766+00:00,partial_fill,13.55,892,sell,RIOT,84,21380ce0-9473-4099-bd09-da87e00ec982,1119,partially_filled
20260327093100072::52a872ee-1d16-40f8-9729-f324cde03cab,FILL,2026-03-27 13:31:00.072042+00:00,fill,129.78,68,sell,MSTR,0,8d57032a-6ac2-442d-a632-c31b381f7b89,87,filled
20260327093239920::d9fb28ca-fe8a-4b02-8d6d-5344f632a9d3,FILL,2026-03-27 13:32:39.920296+00:00,partial_fill,144.93,4,sell,PLTR,1,6250484d-f894-4669-acd8-140557dcdd4a,75,partially_filled
20260327093242089::39ac22f7-80e7-4c38-994a-3f77ac54352e,FILL,2026-03-27 13:32:42.089388+00:00,fill,13.36,84,sell,RIOT,0,21380ce0-9473-4099-bd09-da87e00ec982,1203,filled
20260327093317483::65b65168-58f3-4170-936b-2927197311e2,FILL,2026-03-27 13:33:17.483305+00:00,fill,144.88,1,sell,PLTR,0,6250484d-f894-4669-acd8-140557dcdd4a,76,filled
20260327093518165::fe5f95cd-1efa-4f17-b414-2580224e731d,FILL,2026-03-27 13:35:18.165426+00:00,fill,364.4,45,sell,TSLA,0,7a4d20bd-fb3d-4abc-adf6-c554e5544ea8,45,filled
20260327094233225::232e30f9-3a27-48ac-b099-ac7e54d8ced8,FILL,2026-03-27 13:42:33.225256+00:00,fill,3.02,11742,sell,RXRX,0,ca4471ae-213b-4807-a80a-ddeb0605f2fb,11742,filled
20260327094522786::e41403f0-c0e2-4a89-bb08-0af549740266,FILL,2026-03-27 13:45:22.786426+00:00,fill,21.75,460,buy,SMCI,0,7781e6dd-cff7-459d-8729-80b15e8b68e7,460,filled
20260327095158567::6b94fbf4-038e-43a2-a02b-fcd352261829,FILL,2026-03-27 13:51:58.567848+00:00,partial_fill,47.96,77,buy,SOXL,132,defb8fe0-3ea9-4448-a027-24c702998c8f,77,partially_filled
20260327095201150::b6dd1f15-5919-46ea-bd15-fa84a5c519a7,FILL,2026-03-27 13:52:01.150638+00:00,fill,47.96,132,buy,SOXL,0,defb8fe0-3ea9-4448-a027-24c702998c8f,209,filled
20260327100642453::9a6883bc-bbd2-4ff0-978e-6d31d211cdda,FILL,2026-03-27 14:06:42.453455+00:00,fill,62.32,125,sell,RKLB,0,bc699089-ed8a-4096-8c21-776795228670,125,filled
20260327100805665::e67dac71-8b7c-4070-8a95-42c94b3c6789,FILL,2026-03-27 14:08:05.665759+00:00,fill,359.39,46,buy,MU,0,27657797-d1e5-43ec-8539-d14a412991fc,46,filled
20260330093955795::e4b86eb0-a13e-4dba-9b29-cb6474f861f9,FILL,2026-03-30 13:39:55.795959+00:00,partial_fill,45.57,128,sell,SOXL,81,c90b9cc5-28a5-479c-ac83-7089739dfcaa,128,partially_filled
20260330093956651::c3f5f9b9-48d7-40a8-a69c-c67226199081,FILL,2026-03-30 13:39:56.651982+00:00,partial_fill,45.57,7,sell,SOXL,74,c90b9cc5-28a5-479c-ac83-7089739dfcaa,135,partially_filled
20260330093957069::23833707-51cb-486f-909b-65b0f93cd1e3,FILL,2026-03-30 13:39:57.069614+00:00,partial_fill,45.57,24,sell,SOXL,50,c90b9cc5-28a5-479c-ac83-7089739dfcaa,159,partially_filled
20260330093957597::d1d994e4-7dc3-4852-8b79-e399122924fe,FILL,2026-03-30 13:39:57.597403+00:00,partial_fill,45.61,10,sell,SOXL,40,c90b9cc5-28a5-479c-ac83-7089739dfcaa,169,partially_filled
20260330093957989::c6865dae-bdea-452d-9474-fda2e77b2462,FILL,2026-03-30 13:39:57.989484+00:00,fill,45.58,40,sell,SOXL,0,c90b9cc5-28a5-479c-ac83-7089739dfcaa,209,filled
20260330094607868::5c9b1c51-3f3a-421a-aca3-4e9e0cf2b827,FILL,2026-03-30 13:46:07.868203+00:00,partial_fill,45.09,202,buy,SOXL,6,e0d691da-6800-448a-8635-612e0f585f51,202,partially_filled
20260330094608582::a04f73e1-4df0-4846-90b8-4c4b39b60bf9,FILL,2026-03-30 13:46:08.582183+00:00,partial_fill,45.09,4,buy,SOXL,2,e0d691da-6800-448a-8635-612e0f585f51,206,partially_filled
20260330094609402::2a6cb3ca-3f00-4aba-b344-088c1159f7ce,FILL,2026-03-30 13:46:09.402976+00:00,partial_fill,45.07,1,buy,SOXL,1,e0d691da-6800-448a-8635-612e0f585f51,207,partially_filled
20260330094609882::d7283f86-dbca-4b8f-81e3-ed81a4c50631,FILL,2026-03-30 13:46:09.882690+00:00,fill,45.09,1,buy,SOXL,0,e0d691da-6800-448a-8635-612e0f585f51,208,filled
20260330095149231::ee25a93e-3d8d-407d-891d-102246eef562,FILL,2026-03-30 13:51:49.231299+00:00,partial_fill,15.3,50,buy,SOFI,1005,8bf5447f-62cc-495e-9286-d28f421222ad,50,partially_filled
20260330095149688::c699e6d6-a41e-4b83-bd53-73cf0704c2ca,FILL,2026-03-30 13:51:49.688275+00:00,partial_fill,15.31,45,buy,SOFI,960,8bf5447f-62cc-495e-9286-d28f421222ad,95,partially_filled
20260330095150089::20b152be-54c5-411e-95b7-24d834c633a1,FILL,2026-03-30 13:51:50.089963+00:00,partial_fill,15.31,806,buy,SOFI,154,8bf5447f-62cc-495e-9286-d28f421222ad,901,partially_filled
20260330095150493::b1121d4a-03c1-4604-9f47-1906f62f4ae1,FILL,2026-03-30 13:51:50.493336+00:00,fill,15.31,154,buy,SOFI,0,8bf5447f-62cc-495e-9286-d28f421222ad,1055,filled
20260330095805839::665a7f65-7bfe-466d-8a85-aa4a46ad1570,FILL,2026-03-30 13:58:05.839186+00:00,fill,341.27,46,sell,MU,0,44b4931a-5144-4b79-b65f-6d05f8f39dd1,46,filled
20260330100612778::b89243cb-c8d9-49f0-8664-ca8327144add,FILL,2026-03-30 14:06:12.778094+00:00,fill,202.72,47,buy,AMD,0,5d149f83-088a-44dc-b4eb-ff86348bf569,47,filled
20260330100743040::f86f940e-7c94-44bb-8d79-9b67fa37393e,FILL,2026-03-30 14:07:43.040524+00:00,partial_fill,4.04,3556,buy,SNAP,463,3ae1ab51-54be-468e-9126-7f8e56090b5e,3556,partially_filled
20260330100743510::ef55ab96-4a7e-4bc2-b029-d0bfd6afcf5d,FILL,2026-03-30 14:07:43.510341+00:00,fill,4.04,463,buy,SNAP,0,3ae1ab51-54be-468e-9126-7f8e56090b5e,4019,filled
20260330103607918::b4c11f2a-8088-4a08-94c7-28958613d346,FILL,2026-03-30 14:36:07.918880+00:00,partial_fill,42.65,57,sell,SOXL,151,c7a7f47a-bb6a-48e9-99c4-19b3b3ff7d67,57,partially_filled
20260330103608510::4601718b-3f56-4264-9c59-1dba3f8f50f0,FILL,2026-03-30 14:36:08.510635+00:00,partial_fill,42.63,119,sell,SOXL,32,c7a7f47a-bb6a-48e9-99c4-19b3b3ff7d67,176,partially_filled
20260330103609124::e2dc711c-da6e-45c6-96f8-946f67ba0886,FILL,2026-03-30 14:36:09.124733+00:00,fill,42.59,32,sell,SOXL,0,c7a7f47a-bb6a-48e9-99c4-19b3b3ff7d67,208,filled
20260330105312991::34d3eaab-1cc3-4f2d-8828-d728e9a22415,FILL,2026-03-30 14:53:12.991994+00:00,fill,4.02,4049,buy,SNAP,0,c756a69f-601e-47eb-87e2-f15a79d92c9e,4049,filled
20260330105313012::27880474-31ac-404e-9862-fd5701837c31,FILL,2026-03-30 14:53:13.012900+00:00,fill,4.02,4038,buy,SNAP,0,e5d50505-7b62-473c-b2fc-922cd94d2bb4,4038,filled
20260331085012402::7f6fa70a-3955-42e6-abb7-11dcee409b7d,FILL,2026-03-31 12:50:12.402854+00:00,partial_fill,60.34,63,buy,RKLB,72,788f01a6-98d0-42b4-94a2-4321127f44e1,63,partially_filled
20260331085012652::5d9a67f2-1abb-4c08-9fb5-15b6259140d1,FILL,2026-03-31 12:50:12.652573+00:00,fill,60.34,72,buy,RKLB,0,788f01a6-98d0-42b4-94a2-4321127f44e1,135,filled
20260331094539120::35667b1d-7489-4a4f-a8f6-197e750dcc7d,FILL,2026-03-31 13:45:39.120001+00:00,partial_fill,2.94,3662,buy,RXRX,1912,ca5a571a-1432-428f-a760-debe94e3018c,3662,partially_filled
20260331094539584::7217506d-13a8-4f9b-82e6-fcd8e289878c,FILL,2026-03-31 13:45:39.584573+00:00,partial_fill,2.94,1113,buy,RXRX,799,ca5a571a-1432-428f-a760-debe94e3018c,4775,partially_filled
20260331094540471::c462beb3-823d-4153-b558-ce581e9ecc58,FILL,2026-03-31 13:45:40.471763+00:00,partial_fill,2.94,196,buy,RXRX,603,ca5a571a-1432-428f-a760-debe94e3018c,4971,partially_filled
20260331094540604::32436730-42e3-45cf-9377-0cb522c2c7fa,FILL,2026-03-31 13:45:40.604429+00:00,partial_fill,32.69,378,buy,IREN,125,f9d03ec4-7f4b-44d4-90e1-48a341b60c05,378,partially_filled
20260331094540893::e7efa425-a5ac-4286-bdf8-6eaac6d16273,FILL,2026-03-31 13:45:40.893536+00:00,fill,44.18,371,buy,HUT,0,99468ce1-aa1e-48b6-b17f-6fd64d18affe,371,filled
20260331094541143::c5cae8ab-397b-4b7c-b248-55de8d3eb5b9,FILL,2026-03-31 13:45:41.143127+00:00,partial_fill,2.94,102,buy,RXRX,501,ca5a571a-1432-428f-a760-debe94e3018c,5073,partially_filled
20260331094541249::76da1751-7a2c-478d-afed-0aaf9598521c,FILL,2026-03-31 13:45:41.249333+00:00,partial_fill,32.7,85,buy,IREN,40,f9d03ec4-7f4b-44d4-90e1-48a341b60c05,463,partially_filled
20260331094541732::edf72a35-885c-4d8c-878f-012e70249769,FILL,2026-03-31 13:45:41.732876+00:00,partial_fill,2.94,283,buy,RXRX,218,ca5a571a-1432-428f-a760-debe94e3018c,5356,partially_filled
20260331094541852::64038ab3-48a8-4ba8-9fd8-176642935dc1,FILL,2026-03-31 13:45:41.852388+00:00,partial_fill,32.7,36,buy,IREN,4,f9d03ec4-7f4b-44d4-90e1-48a341b60c05,499,partially_filled
20260331094542254::723425b7-5d4c-4d61-9c5a-c756d7418659,FILL,2026-03-31 13:45:42.254814+00:00,fill,2.94,218,buy,RXRX,0,ca5a571a-1432-428f-a760-debe94e3018c,5574,filled
20260331094542355::21e84e57-3298-45f6-afd3-835b96acc525,FILL,2026-03-31 13:45:42.355180+00:00,fill,32.69,4,buy,IREN,0,f9d03ec4-7f4b-44d4-90e1-48a341b60c05,503,filled
20260331094543348::3a73b61b-bc69-4013-bbbe-c730bcb24fe7,FILL,2026-03-31 13:45:43.348120+00:00,partial_fill,53.7,286,buy,RBLX,19,701389c5-ae09-453f-acc4-51f7b4bc4dbf,286,partially_filled
20260331094543831::a1f4479d-9355-4618-b024-03cb9846ef00,FILL,2026-03-31 13:45:43.831491+00:00,partial_fill,53.7,7,buy,RBLX,12,701389c5-ae09-453f-acc4-51f7b4bc4dbf,293,partially_filled
20260331094544825::f735e086-57e1-4227-9f1b-986eab0aa29b,FILL,2026-03-31 13:45:44.825517+00:00,partial_fill,53.7,3,buy,RBLX,9,701389c5-ae09-453f-acc4-51f7b4bc4dbf,296,partially_filled
20260331094545519::6254681f-c7dc-42c3-9922-94f79af73cf9,FILL,2026-03-31 13:45:45.519839+00:00,partial_fill,53.7,7,buy,RBLX,2,701389c5-ae09-453f-acc4-51f7b4bc4dbf,303,partially_filled
20260331094546278::8fae97a8-0643-4db4-90f2-115c5ccc9621,FILL,2026-03-31 13:45:46.278643+00:00,fill,53.7,2,buy,RBLX,0,701389c5-ae09-453f-acc4-51f7b4bc4dbf,305,filled
20260331105123145::d84518b4-48f0-4b2f-b820-5904e82ab846,FILL,2026-03-31 14:51:23.145685+00:00,partial_fill,44.06,219,buy,HUT,156,dced86de-e758-4a9e-9385-59819ab928b3,219,partially_filled
20260331105123552::bb625e83-b0e7-47e7-af1e-2944b4a17260,FILL,2026-03-31 14:51:23.552101+00:00,partial_fill,44.06,148,buy,HUT,8,dced86de-e758-4a9e-9385-59819ab928b3,367,partially_filled
20260331105124374::25394bb5-6700-47e4-977e-df3a0a2592ff,FILL,2026-03-31 14:51:24.374959+00:00,fill,44.06,8,buy,HUT,0,dced86de-e758-4a9e-9385-59819ab928b3,375,filled
20260331105335328::bc81bffa-92b4-4cc2-8ba8-a5080ffd7955,FILL,2026-03-31 14:53:35.328042+00:00,partial_fill,2.42,5879,buy,SPCE,939,12d5e60d-2e3f-4b78-81f2-5d3fe920f880,5879,partially_filled
20260331105335695::8c14fb7c-6cd8-4780-96d5-f1d7a6bbaed7,FILL,2026-03-31 14:53:35.695828+00:00,partial_fill,2.42,90,buy,SPCE,849,12d5e60d-2e3f-4b78-81f2-5d3fe920f880,5969,partially_filled
20260331105337018::f6de134f-607c-40cc-ba54-d8d071fe7745,FILL,2026-03-31 14:53:37.018844+00:00,partial_fill,2.42,177,buy,SPCE,672,12d5e60d-2e3f-4b78-81f2-5d3fe920f880,6146,partially_filled
20260331105337547::96059262-63ff-4598-8434-4a70b6ea8167,FILL,2026-03-31 14:53:37.547563+00:00,partial_fill,2.42,592,buy,SPCE,80,12d5e60d-2e3f-4b78-81f2-5d3fe920f880,6738,partially_filled
20260331105338644::46864ebc-5414-4dfc-b789-207197594df0,FILL,2026-03-31 14:53:38.644398+00:00,partial_fill,2.42,52,buy,SPCE,28,12d5e60d-2e3f-4b78-81f2-5d3fe920f880,6790,partially_filled
20260331105339140::9d66069f-0663-4155-b608-01ab909ff977,FILL,2026-03-31 14:53:39.140698+00:00,fill,2.42,28,buy,SPCE,0,12d5e60d-2e3f-4b78-81f2-5d3fe920f880,6818,filled
20260331112415700::b368c3c6-b140-4c7a-8746-a87b18d92eae,FILL,2026-03-31 15:24:15.700466+00:00,partial_fill,4.59,126,sell,SNAP,11980,9051e8ae-cd14-4105-a970-80101fd57342,126,partially_filled
20260331112416568::85dea364-2e6a-4774-a2cb-41a469967183,FILL,2026-03-31 15:24:16.568443+00:00,fill,4.59,11980,sell,SNAP,0,9051e8ae-cd14-4105-a970-80101fd57342,12106,filled
20260401093129707::281ea39d-09d9-4372-a191-fb48c1f7a550,FILL,2026-04-01 13:31:29.707225+00:00,partial_fill,101.0,133,sell,MRVL,71,91c270c2-7548-42b3-8d46-7b0e466f6e73,133,partially_filled
20260401093302744::ba014a04-bacd-4fdf-8ec9-64fd986ad1de,FILL,2026-04-01 13:33:02.744103+00:00,fill,102.2,71,sell,MRVL,0,91c270c2-7548-42b3-8d46-7b0e466f6e73,204,filled
20260401095435872::6b1dd3e7-0570-4b98-be3c-1cddd3e6c247,FILL,2026-04-01 13:54:35.872930+00:00,partial_fill,157.01,34,buy,ARM,89,4aa0a3ea-f637-4576-b201-e9ad6fb5d8f6,34,partially_filled
20260401095505646::c3e690a4-7b22-49d5-8a11-f8e0573ae668,FILL,2026-04-01 13:55:05.646574+00:00,partial_fill,156.83,25,buy,ARM,64,4aa0a3ea-f637-4576-b201-e9ad6fb5d8f6,59,partially_filled
20260401095506585::5071df7d-fa36-47b1-a988-d7981ae41018,FILL,2026-04-01 13:55:06.585564+00:00,partial_fill,156.92,1,buy,ARM,63,4aa0a3ea-f637-4576-b201-e9ad6fb5d8f6,60,partially_filled
20260401095506934::b51ce01e-a782-4d3b-afc1-578a1d9e6a78,FILL,2026-04-01 13:55:06.934270+00:00,fill,156.92,63,buy,ARM,0,4aa0a3ea-f637-4576-b201-e9ad6fb5d8f6,123,filled
20260401095947982::7d197931-0e62-4a51-8099-ab3a14e242ee,FILL,2026-04-01 13:59:47.982770+00:00,partial_fill,15.39,1118,buy,CORZ,133,1621eb65-89fe-46e0-b8b6-6f6afa235fb4,1118,partially_filled
20260401095948535::be4755f0-1a90-4044-a88a-ea0812f3a471,FILL,2026-04-01 13:59:48.535646+00:00,partial_fill,15.39,48,buy,CORZ,85,1621eb65-89fe-46e0-b8b6-6f6afa235fb4,1166,partially_filled
20260401095949353::182c6010-9618-44bd-8566-2d6eed70433d,FILL,2026-04-01 13:59:49.353340+00:00,fill,15.39,85,buy,CORZ,0,1621eb65-89fe-46e0-b8b6-6f6afa235fb4,1251,filled
20260401100224934::4dbdda4b-e86e-4d97-be66-f8f8dd53eb4a,FILL,2026-04-01 14:02:24.934801+00:00,partial_fill,15.36,1083,buy,CORZ,177,8543a7b7-5d19-485e-9183-ed3e0665d0aa,1083,partially_filled
20260401100225844::812342fb-663e-44bf-8bfa-b9a0e63ead52,FILL,2026-04-01 14:02:25.844975+00:00,fill,15.36,177,buy,CORZ,0,8543a7b7-5d19-485e-9183-ed3e0665d0aa,1260,filled
20260401102802423::a86a3979-0b54-46bb-a1e8-05e1bc6c2af6,FILL,2026-04-01 14:28:02.423317+00:00,partial_fill,67.66,76,sell,RKLB,59,eb6f64f9-feae-401d-a48c-692a2ebe1a8f,76,partially_filled
20260401102803050::9e032152-0543-47fb-a24a-7734a25d03ba,FILL,2026-04-01 14:28:03.050763+00:00,fill,67.66,59,sell,RKLB,0,eb6f64f9-feae-401d-a48c-692a2ebe1a8f,135,filled
20260401115719001::35de8964-a8b5-418b-a8b6-d0fa50c55b6d,FILL,2026-04-01 15:57:19.001473+00:00,partial_fill,49.41,190,sell,HUT,556,18dde16f-54a7-4c35-ba00-f1ebc873e87e,190,partially_filled
20260401115719679::93733bbf-a461-4948-92ce-cfc152111995,FILL,2026-04-01 15:57:19.679147+00:00,fill,49.41,556,sell,HUT,0,18dde16f-54a7-4c35-ba00-f1ebc873e87e,746,filled
20260402093015570::6f4841fe-7a20-4c99-8dda-984990ef7cb5,FILL,2026-04-02 13:30:15.570668+00:00,partial_fill,14.74,1161,sell,CORZ,1350,cfca4139-bcc7-4a58-a850-c50d9f0faece,1161,partially_filled
20260402093147407::12708caf-63b9-4cea-bc6f-d68cdec14c22,FILL,2026-04-02 13:31:47.407700+00:00,fill,150.0,123,sell,ARM,0,d27b213c-e254-4e87-87e6-cab643348e8e,123,filled
20260402093207953::108022ff-b1e0-4269-85f9-72d6b10e3a31,FILL,2026-04-02 13:32:07.953647+00:00,partial_fill,14.69,157,sell,CORZ,1193,cfca4139-bcc7-4a58-a850-c50d9f0faece,1318,partially_filled
20260402093225938::e1d3d053-df95-425f-867d-3a0acec04be2,FILL,2026-04-02 13:32:25.938638+00:00,partial_fill,14.66,353,sell,CORZ,840,cfca4139-bcc7-4a58-a850-c50d9f0faece,1671,partially_filled
20260402093317778::d82a9422-3e25-4f56-a158-28ca603cf6b9,FILL,2026-04-02 13:33:17.778433+00:00,partial_fill,14.49,231,sell,CORZ,609,cfca4139-bcc7-4a58-a850-c50d9f0faece,1902,partially_filled
20260402093330916::0e8ac6dd-d7d3-4185-81ed-cbed40ef5e76,FILL,2026-04-02 13:33:30.916295+00:00,partial_fill,14.4,597,sell,CORZ,12,cfca4139-bcc7-4a58-a850-c50d9f0faece,2499,partially_filled
20260402093347115::43225e07-9b55-425c-9219-fcf29e655875,FILL,2026-04-02 13:33:47.115831+00:00,partial_fill,14.5,4,sell,CORZ,8,cfca4139-bcc7-4a58-a850-c50d9f0faece,2503,partially_filled
20260402093359655::d5f29632-eba3-4c88-b7af-ece3eea02683,FILL,2026-04-02 13:33:59.655346+00:00,fill,14.48,8,sell,CORZ,0,cfca4139-bcc7-4a58-a850-c50d9f0faece,2511,filled
20260402093628017::da2971c5-9dc9-4f80-8bde-2dc6e1e74e44,FILL,2026-04-02 13:36:28.017710+00:00,partial_fill,2.29,6604,sell,SPCE,214,a814b16f-2c6a-4f2c-a26c-4d0879e0cd1e,6604,partially_filled
20260402093628732::0157054a-e74f-4a24-8443-b58c18b24bd9,FILL,2026-04-02 13:36:28.732519+00:00,fill,2.29,214,sell,SPCE,0,a814b16f-2c6a-4f2c-a26c-4d0879e0cd1e,6818,filled
20260402094209435::d09e7c9b-0d36-41f2-8129-c770c11b2ffd,FILL,2026-04-02 13:42:09.435092+00:00,partial_fill,14.88,361,buy,RIVN,845,5404becf-7032-48e9-b844-cf41df9c0602,361,partially_filled
20260402094209820::50356f19-f244-4892-aaf6-eb880f7f8739,FILL,2026-04-02 13:42:09.820666+00:00,partial_fill,14.88,345,buy,RIVN,500,5404becf-7032-48e9-b844-cf41df9c0602,706,partially_filled
20260402094210621::236454a7-b9bf-4134-9e94-61df9f1d91ac,FILL,2026-04-02 13:42:10.621651+00:00,partial_fill,14.88,111,buy,RIVN,389,5404becf-7032-48e9-b844-cf41df9c0602,817,partially_filled
20260402094211176::b5c3778a-f58e-4c9b-bdc1-8c26f7f8b1c0,FILL,2026-04-02 13:42:11.176233+00:00,partial_fill,14.88,377,buy,RIVN,12,5404becf-7032-48e9-b844-cf41df9c0602,1194,partially_filled
20260402094211575::3d279c4e-2500-4748-a952-521b9b640dd9,FILL,2026-04-02 13:42:11.575317+00:00,partial_fill,14.88,2,buy,RIVN,10,5404becf-7032-48e9-b844-cf41df9c0602,1196,partially_filled
20260402094212111::06182c1c-788f-4e6b-a3e2-db64a5b2101d,FILL,2026-04-02 13:42:12.111391+00:00,partial_fill,14.88,3,buy,RIVN,7,5404becf-7032-48e9-b844-cf41df9c0602,1199,partially_filled
20260402094213420::2a3db823-6dd2-44ef-a845-2e3b1e54017c,FILL,2026-04-02 13:42:13.420930+00:00,partial_fill,14.87,3,buy,RIVN,4,5404becf-7032-48e9-b844-cf41df9c0602,1202,partially_filled
20260402094213900::3396e9b5-8be0-421b-a841-11d31c78d07b,FILL,2026-04-02 13:42:13.900293+00:00,partial_fill,14.87,3,buy,RIVN,1,5404becf-7032-48e9-b844-cf41df9c0602,1205,partially_filled
20260402094214264::ae890914-5ada-4a5b-804d-2c681b55693a,FILL,2026-04-02 13:42:14.264637+00:00,fill,14.87,1,buy,RIVN,0,5404becf-7032-48e9-b844-cf41df9c0602,1206,filled
20260406094758948::340a1cce-427b-4ff8-a4d4-78a73f72ad71,FILL,2026-04-06 13:47:58.948614+00:00,fill,109.27,173,buy,MRVL,0,a58a7dce-9b8c-41b9-96f9-091e0c7fd9da,173,filled
20260406094937759::188696bb-9ddc-4dc4-b444-d07c09118017,FILL,2026-04-06 13:49:37.759468+00:00,partial_fill,2.86,1555,buy,SPCE,5193,d9cf1ab7-78c2-4ec6-a6fa-36b98467abcd,1555,partially_filled
20260406094938516::62df5bba-b3c9-46cd-9f1b-d31d00b4471e,FILL,2026-04-06 13:49:38.516122+00:00,partial_fill,2.86,3446,buy,SPCE,1747,d9cf1ab7-78c2-4ec6-a6fa-36b98467abcd,5001,partially_filled
20260406094938897::4503bacf-a7ab-4fe8-95ef-0760ec8299ae,FILL,2026-04-06 13:49:38.897472+00:00,partial_fill,2.86,783,buy,SPCE,964,d9cf1ab7-78c2-4ec6-a6fa-36b98467abcd,5784,partially_filled
20260406094939611::94f7d7b5-c2d5-462c-a7eb-db777fc6d3f6,FILL,2026-04-06 13:49:39.611201+00:00,partial_fill,2.86,841,buy,SPCE,123,d9cf1ab7-78c2-4ec6-a6fa-36b98467abcd,6625,partially_filled
20260406094940225::5c2761cf-9bab-40d7-b284-cd97cc02595f,FILL,2026-04-06 13:49:40.225511+00:00,fill,2.86,123,buy,SPCE,0,d9cf1ab7-78c2-4ec6-a6fa-36b98467abcd,6748,filled
20260406095102805::7743f0ad-8888-45d1-8e96-063266b8c358,FILL,2026-04-06 13:51:02.805808+00:00,partial_fill,30.05,235,buy,IONQ,404,d15e1a1e-700b-4d96-bd9f-9b88256581cc,235,partially_filled
20260406095103739::a16b3a10-bed8-443e-8ee2-ec2077abf9cf,FILL,2026-04-06 13:51:03.739487+00:00,fill,30.04,404,buy,IONQ,0,d15e1a1e-700b-4d96-bd9f-9b88256581cc,639,filled
20260406095104859::9592134d-f76d-445e-8a44-d58a44ac08d8,FILL,2026-04-06 13:51:04.859406+00:00,partial_fill,8.92,762,buy,MARA,1364,6dad995e-379b-4046-b46f-7702802ee734,762,partially_filled
20260406095105528::4f5743d6-f8a9-4a6c-a30c-93381d2f4321,FILL,2026-04-06 13:51:05.528827+00:00,partial_fill,8.92,827,buy,MARA,537,6dad995e-379b-4046-b46f-7702802ee734,1589,partially_filled
20260406095105860::15b0e1c0-0275-4e56-abdf-2cbb2d364619,FILL,2026-04-06 13:51:05.860589+00:00,partial_fill,13.48,810,buy,CIFR,621,5de1be5f-942f-4fa8-8ccf-5750aaa285d7,810,partially_filled
20260406095106165::1c8e2cc1-cf56-4c79-bad7-1e452bcfbe23,FILL,2026-04-06 13:51:06.165063+00:00,partial_fill,13.48,62,buy,CIFR,559,5de1be5f-942f-4fa8-8ccf-5750aaa285d7,872,partially_filled
20260406095106435::2ca3b020-50a1-4ce2-8efb-082fe879604f,FILL,2026-04-06 13:51:06.435053+00:00,fill,8.92,537,buy,MARA,0,6dad995e-379b-4046-b46f-7702802ee734,2126,filled
20260406095107428::bed23c57-a961-4412-b187-a2da496bf3b0,FILL,2026-04-06 13:51:07.428642+00:00,partial_fill,13.48,407,buy,CIFR,152,5de1be5f-942f-4fa8-8ccf-5750aaa285d7,1279,partially_filled
20260406095107787::971e94c8-eca5-47dd-9812-ca00035a9094,FILL,2026-04-06 13:51:07.787691+00:00,partial_fill,13.48,43,buy,CIFR,109,5de1be5f-942f-4fa8-8ccf-5750aaa285d7,1322,partially_filled
20260406095108397::df6a6030-5a53-4bdc-a57e-d7325c8ab5ed,FILL,2026-04-06 13:51:08.397987+00:00,fill,13.48,109,buy,CIFR,0,5de1be5f-942f-4fa8-8ccf-5750aaa285d7,1431,filled
20260406095108579::56c3706c-9e1c-46ee-9d23-5ba65f8a1a98,FILL,2026-04-06 13:51:08.579458+00:00,partial_fill,9.85,1616,buy,ONDS,336,23376990-ab00-4078-bfe0-4f82d0989990,1616,partially_filled
20260406095109425::8d02be8a-8370-4e60-aac4-6d1ee2868050,FILL,2026-04-06 13:51:09.425893+00:00,partial_fill,9.85,162,buy,ONDS,174,23376990-ab00-4078-bfe0-4f82d0989990,1778,partially_filled
20260406095110085::8182a288-0c14-44bf-828c-2cfe39c50694,FILL,2026-04-06 13:51:10.085266+00:00,partial_fill,9.85,113,buy,ONDS,61,23376990-ab00-4078-bfe0-4f82d0989990,1891,partially_filled
20260406095111141::6ed3326a-2f64-4f54-be6b-cc2c1e433a5d,FILL,2026-04-06 13:51:11.141611+00:00,fill,9.85,61,buy,ONDS,0,23376990-ab00-4078-bfe0-4f82d0989990,1952,filled
20260406100111405::863a63b1-352b-4a66-a8ee-75d6e32f448b,FILL,2026-04-06 14:01:11.405843+00:00,partial_fill,9.17,1547,buy,CLSK,562,15181aaa-bf14-4664-903f-9b88be52d2fc,1547,partially_filled
20260406100112058::827f1a81-3eea-46f9-9b56-dd13f1c8f0fb,FILL,2026-04-06 14:01:12.058266+00:00,partial_fill,9.17,449,buy,CLSK,113,15181aaa-bf14-4664-903f-9b88be52d2fc,1996,partially_filled
20260406100112890::4e20e990-8885-4410-90f0-484d2597cd1e,FILL,2026-04-06 14:01:12.890004+00:00,partial_fill,9.17,20,buy,CLSK,93,15181aaa-bf14-4664-903f-9b88be52d2fc,2016,partially_filled
20260406100113255::5bf910bd-02b4-4bd9-aeff-32956e76bd55,FILL,2026-04-06 14:01:13.255655+00:00,partial_fill,9.17,78,buy,CLSK,15,15181aaa-bf14-4664-903f-9b88be52d2fc,2094,partially_filled
20260406100117651::ec6091a8-7534-4e71-9af8-8bc178a41948,FILL,2026-04-06 14:01:17.651051+00:00,partial_fill,9.17,4,buy,CLSK,11,15181aaa-bf14-4664-903f-9b88be52d2fc,2098,partially_filled
20260406100149751::c398fdb4-88ee-4677-9d87-20592459a240,FILL,2026-04-06 14:01:49.751204+00:00,fill,9.17,11,buy,CLSK,0,15181aaa-bf14-4664-903f-9b88be52d2fc,2109,filled
20260407093047026::f376893c-3135-4fa6-83c0-b9880a7ce127,FILL,2026-04-07 13:30:47.026072+00:00,partial_fill,2.96,720,sell,SPCE,6028,c55e32b7-e4e1-4481-9c2c-5550a9d1bb55,720,partially_filled
20260407093201954::d5f401e9-9d2c-4ab4-9887-35ffbffcaef7,FILL,2026-04-07 13:32:01.954140+00:00,partial_fill,9.45,1087,sell,ONDS,865,88fc6964-992b-4f88-9193-227a6253c731,1087,partially_filled
20260407093231944::8ba98e41-033f-4b25-b895-93a1073140f2,FILL,2026-04-07 13:32:31.944048+00:00,partial_fill,9.5,202,sell,ONDS,663,88fc6964-992b-4f88-9193-227a6253c731,1289,partially_filled
20260407093254782::73d1a767-9a6e-4b7a-8263-0a90429931d5,FILL,2026-04-07 13:32:54.782499+00:00,partial_fill,3.03,3336,sell,SPCE,2692,c55e32b7-e4e1-4481-9c2c-5550a9d1bb55,4056,partially_filled
20260407093317480::2f7b1730-db4a-4932-8311-eeef089d57cf,FILL,2026-04-07 13:33:17.480059+00:00,partial_fill,3.0,1710,sell,SPCE,982,c55e32b7-e4e1-4481-9c2c-5550a9d1bb55,5766,partially_filled
20260407093341289::842b009a-7dc6-4f28-8dca-cea3630468d3,FILL,2026-04-07 13:33:41.289781+00:00,fill,9.49,663,sell,ONDS,0,88fc6964-992b-4f88-9193-227a6253c731,1952,filled
20260407093353661::e4b5d240-c2a8-4e41-b1de-161308c0e337,FILL,2026-04-07 13:33:53.661554+00:00,partial_fill,3.03,12,sell,SPCE,970,c55e32b7-e4e1-4481-9c2c-5550a9d1bb55,5778,partially_filled
20260407093426024::ddb808db-b946-46ff-a2a7-4eea88950d03,FILL,2026-04-07 13:34:26.024813+00:00,partial_fill,3.03,858,sell,SPCE,112,c55e32b7-e4e1-4481-9c2c-5550a9d1bb55,6636,partially_filled
20260407093428642::3514cc78-a5ab-419a-b0c5-0a620da295c4,FILL,2026-04-07 13:34:28.642101+00:00,partial_fill,3.03,99,sell,SPCE,13,c55e32b7-e4e1-4481-9c2c-5550a9d1bb55,6735,partially_filled
20260407093437574::c79fe5ca-2f2f-425c-9fe5-06c62ae94a26,FILL,2026-04-07 13:34:37.574150+00:00,partial_fill,3.02,2,sell,SPCE,11,c55e32b7-e4e1-4481-9c2c-5550a9d1bb55,6737,partially_filled
20260407093444242::270b5f22-ca98-445e-9d2e-f7599b28156c,FILL,2026-04-07 13:34:44.242987+00:00,partial_fill,3.02,1,sell,SPCE,10,c55e32b7-e4e1-4481-9c2c-5550a9d1bb55,6738,partially_filled
20260407093446786::d8ebbfce-170e-4728-b3ac-b4c62eac3873,FILL,2026-04-07 13:34:46.786483+00:00,fill,3.02,10,sell,SPCE,0,c55e32b7-e4e1-4481-9c2c-5550a9d1bb55,6748,filled
20260407093548571::570d9d68-f1ae-47ac-89a7-1d39f2e2348f,FILL,2026-04-07 13:35:48.571682+00:00,partial_fill,28.3,104,sell,IONQ,535,f3d35f84-6167-4a24-a464-235f90c695b6,104,partially_filled
20260407093549412::4613dfa7-3c00-4fce-8f18-fb7530686157,FILL,2026-04-07 13:35:49.412485+00:00,fill,28.31,535,sell,IONQ,0,f3d35f84-6167-4a24-a464-235f90c695b6,639,filled
20260407100039443::8d34fe63-7cee-4c44-ad8f-fdb998ccbbbd,FILL,2026-04-07 14:00:39.443092+00:00,partial_fill,8.46,1137,sell,MARA,989,c9e2180e-5837-4dda-b8fe-92adce8d2762,1137,partially_filled
20260407100040910::e1d58fa4-bdc9-4276-b20b-563f73ad43b0,FILL,2026-04-07 14:00:40.910461+00:00,partial_fill,8.46,816,sell,MARA,173,c9e2180e-5837-4dda-b8fe-92adce8d2762,1953,partially_filled
20260407100041861::de02729e-cbca-4cea-aea5-6bd0b43fb148,FILL,2026-04-07 14:00:41.861453+00:00,partial_fill,8.46,149,sell,MARA,24,c9e2180e-5837-4dda-b8fe-92adce8d2762,2102,partially_filled
20260407100042978::931abcf3-9b77-4888-969f-c39b6a85ef57,FILL,2026-04-07 14:00:42.978547+00:00,partial_fill,8.45,23,sell,MARA,1,c9e2180e-5837-4dda-b8fe-92adce8d2762,2125,partially_filled
20260407100043543::8b8359d8-b624-4197-ae7e-333f8455bf9a,FILL,2026-04-07 14:00:43.543819+00:00,fill,8.45,1,sell,MARA,0,c9e2180e-5837-4dda-b8fe-92adce8d2762,2126,filled
20260407100348243::e440af36-e9b4-4817-b025-14bd6483e81e,FILL,2026-04-07 14:03:48.243780+00:00,partial_fill,8.65,626,sell,CLSK,1483,21391fde-67f5-4bae-94a2-c9d19a0d60f4,626,partially_filled
20260407100348420::cdd07e10-3b84-4d50-a30e-0777a7a51355,FILL,2026-04-07 14:03:48.420549+00:00,partial_fill,8.66,768,sell,CLSK,715,21391fde-67f5-4bae-94a2-c9d19a0d60f4,1394,partially_filled
20260407100349379::31c7b807-c82f-45fc-848b-9fcb7beb37af,FILL,2026-04-07 14:03:49.379323+00:00,partial_fill,8.66,158,sell,CLSK,557,21391fde-67f5-4bae-94a2-c9d19a0d60f4,1552,partially_filled
20260407100349599::c8496784-dc19-4c36-bd04-dee66535e763,FILL,2026-04-07 14:03:49.599511+00:00,partial_fill,8.66,482,sell,CLSK,75,21391fde-67f5-4bae-94a2-c9d19a0d60f4,2034,partially_filled
20260407100350407::23b6bcc2-ba89-4d89-8ba3-01d416203958,FILL,2026-04-07 14:03:50.407925+00:00,fill,8.66,75,sell,CLSK,0,21391fde-67f5-4bae-94a2-c9d19a0d60f4,2109,filled
20260407100614068::d949d1a5-8660-4226-993a-33faa7accb23,FILL,2026-04-07 14:06:14.068699+00:00,partial_fill,12.78,1022,sell,CIFR,409,3da87789-e8b1-44af-8308-26e156db575b,1022,partially_filled
20260407100614695::1e65050e-85d1-440b-9a9a-44dddfc21dfe,FILL,2026-04-07 14:06:14.695629+00:00,partial_fill,12.78,188,sell,CIFR,221,3da87789-e8b1-44af-8308-26e156db575b,1210,partially_filled
20260407100616157::874ba168-35cc-49b9-ba6d-0ddb6f84917d,FILL,2026-04-07 14:06:16.157620+00:00,partial_fill,12.78,2,sell,CIFR,219,3da87789-e8b1-44af-8308-26e156db575b,1212,partially_filled
20260407100617295::7a40a982-613e-450a-b1a2-a1d87fd740ca,FILL,2026-04-07 14:06:17.295176+00:00,partial_fill,12.78,57,sell,CIFR,162,3da87789-e8b1-44af-8308-26e156db575b,1269,partially_filled
20260407100618006::3ad16196-76eb-45d6-8da3-ad8f83255f75,FILL,2026-04-07 14:06:18.006534+00:00,partial_fill,12.78,87,sell,CIFR,75,3da87789-e8b1-44af-8308-26e156db575b,1356,partially_filled
20260407100619357::ff022216-ce7b-41d8-9b37-cbb0f710fe87,FILL,2026-04-07 14:06:19.357106+00:00,partial_fill,12.78,18,sell,CIFR,57,3da87789-e8b1-44af-8308-26e156db575b,1374,partially_filled
20260407100620349::fb986028-bf03-43ee-97e6-1863c33de3f4,FILL,2026-04-07 14:06:20.349481+00:00,fill,12.79,57,sell,CIFR,0,3da87789-e8b1-44af-8308-26e156db575b,1431,filled
20260408093013827::460227ae-2029-4ef7-9006-30389050b4b8,FILL,2026-04-08 13:30:13.827399+00:00,partial_fill,3.38,1509,sell,RXRX,4065,f58a99b8-6447-40e7-9b90-8564d7a1ed1f,1509,partially_filled
20260408093041589::cc5ca0b9-9581-49e9-8ff3-156fe8355831,FILL,2026-04-08 13:30:41.589566+00:00,partial_fill,38.21,357,sell,IREN,146,3cf6ec5b-8bd6-4c31-bf55-25813d9cac4a,357,partially_filled
20260408093043150::e450c6e9-4e49-42e7-bce2-71029a5e32be,FILL,2026-04-08 13:30:43.150096+00:00,partial_fill,56.92,36,sell,OXY,265,48f26536-c6a7-4e5d-a5ec-ffa0c1aef79a,36,partially_filled
20260408093307659::37da6df1-6033-4346-a8e1-b96938216944,FILL,2026-04-08 13:33:07.659360+00:00,fill,17.54,1055,sell,SOFI,0,4ab21f58-23a7-4e7c-9894-d4b1b071da25,1055,filled
20260408093324741::c1c74a35-39a9-468f-a0f8-153dfe580b22,FILL,2026-04-08 13:33:24.741302+00:00,partial_fill,229.22,43,sell,AMD,4,9457f12c-69f5-4546-b5ee-54fce118bf41,43,partially_filled
20260408093331935::e16433c6-3724-4e3d-af68-7923b0c33d4e,FILL,2026-04-08 13:33:31.935422+00:00,fill,3.3,4065,sell,RXRX,0,f58a99b8-6447-40e7-9b90-8564d7a1ed1f,5574,filled
20260408093345453::6fbf47c6-62d9-4d3b-9650-31b77d1acdcb,FILL,2026-04-08 13:33:45.453728+00:00,partial_fill,37.99,107,sell,IREN,39,3cf6ec5b-8bd6-4c31-bf55-25813d9cac4a,464,partially_filled
20260408093346737::2fca5075-08d1-4204-b65f-e519d0d653f8,FILL,2026-04-08 13:33:46.737084+00:00,partial_fill,56.3,90,sell,OXY,175,48f26536-c6a7-4e5d-a5ec-ffa0c1aef79a,126,partially_filled
20260408093437602::6b691514-c515-41e8-9419-9fb35cdd7cac,FILL,2026-04-08 13:34:37.602474+00:00,partial_fill,38.02,15,sell,IREN,24,3cf6ec5b-8bd6-4c31-bf55-25813d9cac4a,479,partially_filled
20260408093438162::82de193c-a0ad-4208-949c-a330c23cff5c,FILL,2026-04-08 13:34:38.162480+00:00,partial_fill,56.32,72,sell,OXY,103,48f26536-c6a7-4e5d-a5ec-ffa0c1aef79a,198,partially_filled
20260408093537316::6c7659fe-3722-455b-82f1-1447fe5e5f7e,FILL,2026-04-08 13:35:37.316795+00:00,partial_fill,230.37,2,sell,AMD,2,9457f12c-69f5-4546-b5ee-54fce118bf41,45,partially_filled
20260408093555154::8e8328f7-2c65-4b0f-a6b7-87107b3ee133,FILL,2026-04-08 13:35:55.154064+00:00,fill,37.8,24,sell,IREN,0,3cf6ec5b-8bd6-4c31-bf55-25813d9cac4a,503,filled
20260408093555539::53e0b8a6-0eb8-451b-a2a1-7e8b836eeab3,FILL,2026-04-08 13:35:55.539076+00:00,partial_fill,56.82,60,sell,OXY,43,48f26536-c6a7-4e5d-a5ec-ffa0c1aef79a,258,partially_filled
20260408093640174::b0e90da5-949e-405b-ae2e-0c30afbb316b,FILL,2026-04-08 13:36:40.174672+00:00,fill,230.47,2,sell,AMD,0,9457f12c-69f5-4546-b5ee-54fce118bf41,47,filled
20260408093719657::7eb8dff1-0aaf-4dd0-a4cc-b732ec9407e9,FILL,2026-04-08 13:37:19.657794+00:00,fill,57.03,43,sell,OXY,0,48f26536-c6a7-4e5d-a5ec-ffa0c1aef79a,301,filled
20260408094512819::0244adc9-3038-4346-b9eb-272200e14a90,FILL,2026-04-08 13:45:12.819708+00:00,fill,150.83,75,buy,ARM,0,1daf94d4-c7d8-42aa-9b4f-e83a185dd2b7,75,filled
20260408094512886::bf192197-aacd-492c-a3e7-aa37b1913317,FILL,2026-04-08 13:45:12.886434+00:00,fill,183.64,61,buy,COIN,0,2d6f76e7-dff2-4d61-be1f-fa6066f64f86,61,filled
20260408094514127::1c5a18f7-c8d4-4daa-94d7-bd7a3138ceec,FILL,2026-04-08 13:45:14.127746+00:00,partial_fill,75.4,81,buy,HOOD,69,9489bb5f-9ff5-45ba-9986-122244aeddd3,81,partially_filled
20260408094514923::ec8b57a6-4c7a-4115-a021-967bd4dd9b11,FILL,2026-04-08 13:45:14.923066+00:00,partial_fill,75.42,58,buy,HOOD,11,9489bb5f-9ff5-45ba-9986-122244aeddd3,139,partially_filled
20260408094515945::066823dd-49df-4d9a-bffb-5ad8e85f5a45,FILL,2026-04-08 13:45:15.945494+00:00,partial_fill,75.43,8,buy,HOOD,3,9489bb5f-9ff5-45ba-9986-122244aeddd3,147,partially_filled
20260408094517337::b17c1c77-716f-40f1-884e-db9d1638c570,FILL,2026-04-08 13:45:17.337428+00:00,fill,75.37,3,buy,HOOD,0,9489bb5f-9ff5-45ba-9986-122244aeddd3,150,filled
20260408094534263::74f1a152-4fec-44cf-9577-ce5080e7bc82,FILL,2026-04-08 13:45:34.263600+00:00,partial_fill,3.1,1552,buy,SPCE,4348,4fbca4e1-a2fa-42f9-ab2d-1970786b61e3,1552,partially_filled
20260408094535253::ef61e892-e45a-47eb-9aff-3aeb05131d5e,FILL,2026-04-08 13:45:35.253272+00:00,partial_fill,3.1,3758,buy,SPCE,590,4fbca4e1-a2fa-42f9-ab2d-1970786b61e3,5310,partially_filled
20260408094537026::f2fd4928-2e2b-4f5b-996a-77406eb99b6c,FILL,2026-04-08 13:45:37.026355+00:00,partial_fill,3.1,17,buy,SPCE,573,4fbca4e1-a2fa-42f9-ab2d-1970786b61e3,5327,partially_filled
20260408094539193::9e51563a-598a-43ee-be95-0479c19ce97b,FILL,2026-04-08 13:45:39.193279+00:00,fill,3.1,573,buy,SPCE,0,4fbca4e1-a2fa-42f9-ab2d-1970786b61e3,5900,filled
20260408095146602::469ae990-5210-49de-87d9-cadf76c2f3d8,FILL,2026-04-08 13:51:46.602076+00:00,partial_fill,58.73,212,buy,HUT,110,ab2c8de1-3374-40e9-9620-4b41d2cbe73e,212,partially_filled
20260408095146865::203b6bc4-001e-46bd-943e-2f09829b7f79,FILL,2026-04-08 13:51:46.865241+00:00,partial_fill,58.73,18,buy,HUT,92,ab2c8de1-3374-40e9-9620-4b41d2cbe73e,230,partially_filled
20260408095147422::93d17197-4f16-4087-a451-6a3f5569f1d6,FILL,2026-04-08 13:51:47.422350+00:00,fill,58.73,92,buy,HUT,0,ab2c8de1-3374-40e9-9620-4b41d2cbe73e,322,filled
20260408145013586::9b078b64-455e-4b69-bd8e-ec63948d9a7e,FILL,2026-04-08 18:50:13.586135+00:00,fill,71.65,150,sell,HOOD,0,dcf370a3-a349-490e-9767-17120714ad9b,150,filled
20260408145647576::ea473739-618b-45da-85fe-7a536187b5a0,FILL,2026-04-08 18:56:47.576024+00:00,partial_fill,173.97,25,sell,COIN,36,71f42332-a078-4149-85a1-cadc1ee50bab,25,partially_filled
20260408145648148::3ef8c64a-a545-4945-9005-517cb57e0648,FILL,2026-04-08 18:56:48.148930+00:00,partial_fill,173.97,27,sell,COIN,9,71f42332-a078-4149-85a1-cadc1ee50bab,52,partially_filled
20260408145648647::f1b17496-67d7-46c1-ba4e-34b188ccb56f,FILL,2026-04-08 18:56:48.647677+00:00,partial_fill,173.97,5,sell,COIN,4,71f42332-a078-4149-85a1-cadc1ee50bab,57,partially_filled
20260408145649097::84b32596-26a6-4aa9-88de-a653e0707ed4,FILL,2026-04-08 18:56:49.097160+00:00,partial_fill,173.97,3,sell,COIN,1,71f42332-a078-4149-85a1-cadc1ee50bab,60,partially_filled
20260408145649923::93ab09f5-de48-4920-a8f8-e51245aff631,FILL,2026-04-08 18:56:49.923114+00:00,fill,174.0,1,sell,COIN,0,71f42332-a078-4149-85a1-cadc1ee50bab,61,filled
20260409093141762::584396dd-df11-4c80-b968-894bfe52d581,FILL,2026-04-09 13:31:41.762153+00:00,partial_fill,2.9,2947,sell,SPCE,2953,7b709506-2df1-43a0-9d47-c349016c2ad7,2947,partially_filled
20260409093233178::af52d3da-029e-4fbc-bebf-5f88ae1bf2ac,FILL,2026-04-09 13:32:33.178810+00:00,partial_fill,2.88,1893,sell,SPCE,1060,7b709506-2df1-43a0-9d47-c349016c2ad7,4840,partially_filled
20260409093328471::2f616d38-48cf-47d9-b7ce-4a8c799d27e6,FILL,2026-04-09 13:33:28.471018+00:00,partial_fill,2.88,500,sell,SPCE,560,7b709506-2df1-43a0-9d47-c349016c2ad7,5340,partially_filled
20260409093358967::cf8ef184-f446-4cda-9253-086c13b8fc39,FILL,2026-04-09 13:33:58.967358+00:00,partial_fill,2.88,369,sell,SPCE,191,7b709506-2df1-43a0-9d47-c349016c2ad7,5709,partially_filled
20260409093418936::454125e1-22af-46f7-beab-7c0e1dd58239,FILL,2026-04-09 13:34:18.936939+00:00,partial_fill,2.87,127,sell,SPCE,64,7b709506-2df1-43a0-9d47-c349016c2ad7,5836,partially_filled
20260409093438305::89982439-4421-4feb-9b7f-edfcf34eb442,FILL,2026-04-09 13:34:38.305568+00:00,fill,2.87,64,sell,SPCE,0,7b709506-2df1-43a0-9d47-c349016c2ad7,5900,filled
20260409095156253::1b960f9f-7dbd-4bbd-9c22-d9ad1932770d,FILL,2026-04-09 13:51:56.253678+00:00,fill,9.85,1904,buy,CLSK,0,ee1dc70d-d6d8-46df-8c2e-3700ed38c963,1904,filled
20260409095541443::d5476dff-8cee-4c06-b1cf-b7456b83c8ff,FILL,2026-04-09 13:55:41.443517+00:00,partial_fill,65.99,47,sell,HUT,275,cd6cb76f-a28a-4293-9597-d69ffc7fd2a9,47,partially_filled
20260409095541976::f7d5c764-b559-493c-9db6-fdbf427e9d30,FILL,2026-04-09 13:55:41.976484+00:00,partial_fill,65.99,247,sell,HUT,28,cd6cb76f-a28a-4293-9597-d69ffc7fd2a9,294,partially_filled
20260409095542371::a5285b3a-5ed1-40a5-b2fb-cf87b26e0f4e,FILL,2026-04-09 13:55:42.371900+00:00,fill,65.99,28,sell,HUT,0,cd6cb76f-a28a-4293-9597-d69ffc7fd2a9,322,filled
20260409095717193::5bc04fd4-1f02-4648-99be-1f1be1c91e9f,FILL,2026-04-09 13:57:17.193142+00:00,partial_fill,233.32,45,buy,AMD,3,aa41d6eb-9a4f-4c3c-8719-9e9849577eb0,45,partially_filled
20260409095717524::cf7ae0dd-17ba-47fd-a34d-44df0bbeb112,FILL,2026-04-09 13:57:17.524797+00:00,partial_fill,126.85,70,buy,MSTR,18,8aecbc0d-56d9-4f50-b551-c809a84c7586,70,partially_filled
20260409095717810::b61752bd-926c-474a-9d7d-6bf2b861177f,FILL,2026-04-09 13:57:17.810717+00:00,partial_fill,233.28,1,buy,AMD,2,aa41d6eb-9a4f-4c3c-8719-9e9849577eb0,46,partially_filled
20260409095718284::5c004375-3234-4732-bb67-cc7fd399c863,FILL,2026-04-09 13:57:18.284694+00:00,partial_fill,126.83,5,buy,MSTR,13,8aecbc0d-56d9-4f50-b551-c809a84c7586,75,partially_filled
20260409095718455::b0f0cb97-6086-4fd5-a709-62f004866d9e,FILL,2026-04-09 13:57:18.455231+00:00,fill,9.47,1208,buy,MARA,0,deccd583-da27-435f-bafd-651c4b435b64,1208,filled
20260409095718566::8060c28d-15d4-46b7-999e-199254c98913,FILL,2026-04-09 13:57:18.566120+00:00,partial_fill,233.28,1,buy,AMD,1,aa41d6eb-9a4f-4c3c-8719-9e9849577eb0,47,partially_filled
20260409095718873::148e3b70-aea3-4463-8a32-0009cc6c9a9f,FILL,2026-04-09 13:57:18.873585+00:00,fill,233.28,1,buy,AMD,0,aa41d6eb-9a4f-4c3c-8719-9e9849577eb0,48,filled
20260409095719078::14963dad-4d17-4413-b1ab-22c08afafe71,FILL,2026-04-09 13:57:19.078281+00:00,fill,126.81,13,buy,MSTR,0,8aecbc0d-56d9-4f50-b551-c809a84c7586,88,filled
20260409100126828::8b7c301a-3a3f-43bc-93c3-2963d42a1b27,FILL,2026-04-09 14:01:26.828581+00:00,partial_fill,15.68,938,buy,CIFR,278,3f1b3053-0687-4610-a10d-99f301614c4b,938,partially_filled
20260409100127284::bf3e71c3-b57d-470b-937f-a3efe1c9769b,FILL,2026-04-09 14:01:27.284794+00:00,partial_fill,15.67,63,buy,CIFR,215,3f1b3053-0687-4610-a10d-99f301614c4b,1001,partially_filled
20260409100128353::7ce1f867-6aea-43a7-8de1-68644538c6b8,FILL,2026-04-09 14:01:28.353250+00:00,fill,15.67,215,buy,CIFR,0,3f1b3053-0687-4610-a10d-99f301614c4b,1216,filled
20260410093120245::18c78f2e-722c-4e64-ab3e-6227e9389b9b,FILL,2026-04-10 13:31:20.245037+00:00,fill,126.3,173,sell,MRVL,0,6b0f1aba-f064-4df4-b17e-cf02d0e17eca,173,filled
20260410094644540::c6ad2825-9476-4787-a58f-aebcc5644729,FILL,2026-04-10 13:46:44.540203+00:00,partial_fill,24.4,224,sell,SMCI,236,4f47cc03-67dd-4be8-981b-a80506134eba,224,partially_filled
20260410094645245::3619dcb8-91a3-44df-a77c-a665f2a8225e,FILL,2026-04-10 13:46:45.245854+00:00,partial_fill,24.4,201,sell,SMCI,35,4f47cc03-67dd-4be8-981b-a80506134eba,425,partially_filled
20260410094645955::22cb7e06-5570-42cd-8532-bd334fee05f7,FILL,2026-04-10 13:46:45.955610+00:00,fill,24.4,35,sell,SMCI,0,4f47cc03-67dd-4be8-981b-a80506134eba,460,filled
20260410094801994::8ccab40f-421b-4a6c-83f2-82c2c45dd594,FILL,2026-04-10 13:48:01.994993+00:00,partial_fill,5.47,3490,buy,ACHR,231,76a55b92-327b-4524-8244-e648be0df0df,3490,partially_filled
20260410094803432::187a68dc-8af2-4e07-9100-064ed3be81d8,FILL,2026-04-10 13:48:03.432461+00:00,partial_fill,5.47,158,buy,ACHR,73,76a55b92-327b-4524-8244-e648be0df0df,3648,partially_filled
20260410094803977::2491db77-2131-452b-a4d0-04b9ff7ff117,FILL,2026-04-10 13:48:03.977355+00:00,partial_fill,126.15,132,buy,MRVL,28,af9bc849-20bc-46da-ad7e-77321c7ff158,132,partially_filled
20260410094803983::f89ced35-6f33-41d2-8c75-281ca404c376,FILL,2026-04-10 13:48:03.983765+00:00,partial_fill,4.96,3912,buy,SNAP,114,981014bb-1bb6-4a8d-bbef-b00caa7855bf,3912,partially_filled
20260410094804500::d14d86bf-2d11-43ed-bc5b-5ef832394848,FILL,2026-04-10 13:48:04.500211+00:00,partial_fill,5.47,46,buy,ACHR,27,76a55b92-327b-4524-8244-e648be0df0df,3694,partially_filled
20260410094805373::902b970e-f5d2-4a3b-8740-f45b6adb57d9,FILL,2026-04-10 13:48:05.373098+00:00,partial_fill,5.47,24,buy,ACHR,3,76a55b92-327b-4524-8244-e648be0df0df,3718,partially_filled
20260410094805797::17246758-2f29-41c1-8f0c-26f80dcbc6e7,FILL,2026-04-10 13:48:05.797306+00:00,partial_fill,126.18,9,buy,MRVL,19,af9bc849-20bc-46da-ad7e-77321c7ff158,141,partially_filled
20260410094805807::a08e9f5c-3c43-4e92-a922-4154f01524a1,FILL,2026-04-10 13:48:05.807685+00:00,fill,4.96,114,buy,SNAP,0,981014bb-1bb6-4a8d-bbef-b00caa7855bf,4026,filled
20260410094806217::a6b8a46f-638d-4708-81b3-a897c1807461,FILL,2026-04-10 13:48:06.217382+00:00,partial_fill,5.47,1,buy,ACHR,2,76a55b92-327b-4524-8244-e648be0df0df,3719,partially_filled
20260410094806660::bb3be5c5-e4ac-4492-9534-78a05a59919a,FILL,2026-04-10 13:48:06.660301+00:00,partial_fill,126.11,12,buy,MRVL,7,af9bc849-20bc-46da-ad7e-77321c7ff158,153,partially_filled
20260410094807315::6087bc16-bd9d-4c5e-8e61-e48c13949683,FILL,2026-04-10 13:48:07.315650+00:00,partial_fill,126.23,2,buy,MRVL,5,af9bc849-20bc-46da-ad7e-77321c7ff158,155,partially_filled
20260410094807746::5c5242e8-fd03-47bc-a0b0-3ebc718db458,FILL,2026-04-10 13:48:07.746340+00:00,partial_fill,5.47,1,buy,ACHR,1,76a55b92-327b-4524-8244-e648be0df0df,3720,partially_filled
20260410094808170::389e8d9f-67fb-4bd1-b2e0-c77d8e86787b,FILL,2026-04-10 13:48:08.170238+00:00,partial_fill,126.23,2,buy,MRVL,3,af9bc849-20bc-46da-ad7e-77321c7ff158,157,partially_filled
20260410094808533::81e7f4fe-adfa-474b-be25-d88318e7db8d,FILL,2026-04-10 13:48:08.533335+00:00,fill,5.47,1,buy,ACHR,0,76a55b92-327b-4524-8244-e648be0df0df,3721,filled
20260410094809668::4690efe5-7292-4143-b6eb-b3f6010c478b,FILL,2026-04-10 13:48:09.668206+00:00,partial_fill,126.14,1,buy,MRVL,2,af9bc849-20bc-46da-ad7e-77321c7ff158,158,partially_filled
20260410094810648::e55e4ec1-511f-43ef-a95a-906a8cc304e9,FILL,2026-04-10 13:48:10.648429+00:00,partial_fill,126.18,1,buy,MRVL,1,af9bc849-20bc-46da-ad7e-77321c7ff158,159,partially_filled
20260410094812494::5bd1800d-7bc6-413d-b93b-22db089defb6,FILL,2026-04-10 13:48:12.494305+00:00,fill,126.15,1,buy,MRVL,0,af9bc849-20bc-46da-ad7e-77321c7ff158,160,filled
20260410111739837::c3972009-e2bd-43f6-b322-5e04b4e02410,FILL,2026-04-10 15:17:39.837451+00:00,fill,3.07,6639,buy,SPCE,0,d12e3fea-3e8e-48b4-9ae4-0785787c2ddf,6639,filled
20260410123905728::53fd6856-cb5b-41ca-bf40-af5f2e1ac906,FILL,2026-04-10 16:39:05.728304+00:00,fill,65.64,308,buy,HUT,0,a06aaf3f-954e-42dc-a46a-c7f81d71d0e8,308,filled
20260410130833852::400b4e04-ab46-4ea7-9aaa-5b565e1b28b4,FILL,2026-04-10 17:08:33.852670+00:00,partial_fill,65.42,113,buy,HUT,198,bd50bcd6-07eb-4770-a011-f584dc6022f1,113,partially_filled
20260410130834663::bba51d08-508b-4c78-8914-369dd8044234,FILL,2026-04-10 17:08:34.663889+00:00,fill,65.42,198,buy,HUT,0,bd50bcd6-07eb-4770-a011-f584dc6022f1,311,filled
20260413093026132::01614abb-3f4f-4d0d-8329-2a23f39b0306,FILL,2026-04-13 13:30:26.132701+00:00,partial_fill,4.75,1676,sell,SNAP,2350,ed6168b3-fb13-479b-af95-f5d174491f27,1676,partially_filled
20260413093210111::4a36d90a-5008-4a5e-9708-d6a5c2428d18,FILL,2026-04-13 13:32:10.111881+00:00,fill,4.82,2350,sell,SNAP,0,ed6168b3-fb13-479b-af95-f5d174491f27,4026,filled
20260413093614607::485ab529-70cb-493c-9a17-138d4015cac8,FILL,2026-04-13 13:36:14.607356+00:00,partial_fill,2.85,2501,sell,SPCE,4138,527984a9-3233-4219-8d20-069e8b2fabca,2501,partially_filled
20260413093636772::0e28a0dd-88b5-4a3b-a14d-e9d9806fdeed,FILL,2026-04-13 13:36:36.772843+00:00,partial_fill,2.85,1779,sell,SPCE,2359,527984a9-3233-4219-8d20-069e8b2fabca,4280,partially_filled
20260413093652872::dc474915-1e6d-4437-ae0a-90277f0dabf0,FILL,2026-04-13 13:36:52.872644+00:00,partial_fill,2.85,16,sell,SPCE,2343,527984a9-3233-4219-8d20-069e8b2fabca,4296,partially_filled
20260413093659080::ef3bcfa3-ea3f-41a7-a164-41ca2ac4a2f4,FILL,2026-04-13 13:36:59.080303+00:00,partial_fill,2.85,2061,sell,SPCE,282,527984a9-3233-4219-8d20-069e8b2fabca,6357,partially_filled
20260413093707619::a53f19cd-06c1-4c3c-8af4-f8a29b5502e7,FILL,2026-04-13 13:37:07.619000+00:00,partial_fill,2.84,83,sell,SPCE,199,527984a9-3233-4219-8d20-069e8b2fabca,6440,partially_filled
20260413093713064::a427fbc8-662d-4c4c-878d-51a565ab9038,FILL,2026-04-13 13:37:13.064686+00:00,partial_fill,2.83,100,sell,SPCE,99,527984a9-3233-4219-8d20-069e8b2fabca,6540,partially_filled
20260413093715112::3ea281af-abca-438a-8b88-2da666e50b4e,FILL,2026-04-13 13:37:15.112859+00:00,fill,2.83,99,sell,SPCE,0,527984a9-3233-4219-8d20-069e8b2fabca,6639,filled
20260413151927886::99a3d1ca-ea52-43b3-adf1-421ba599ac8f,FILL,2026-04-13 19:19:27.886740+00:00,partial_fill,17.71,881,sell,CIFR,335,c5234378-e32b-47c8-9159-a9dbc4c43b8d,881,partially_filled
20260413151928208::45085c90-4101-40df-9e12-e7ee74a372a1,FILL,2026-04-13 19:19:28.208388+00:00,fill,17.71,335,sell,CIFR,0,c5234378-e32b-47c8-9159-a9dbc4c43b8d,1216,filled
20260414110126492::dc0091e5-ada5-4bd2-8dc4-ab33c2f65616,FILL,2026-04-14 15:01:26.492675+00:00,partial_fill,11.56,14,sell,CLSK,1890,53373c63-f6e3-4540-82f3-81ee2136156a,14,partially_filled
20260414110126996::3bbcf3a2-7d2a-4da3-8458-61a10ad37703,FILL,2026-04-14 15:01:26.996008+00:00,partial_fill,11.56,1863,sell,CLSK,27,53373c63-f6e3-4540-82f3-81ee2136156a,1877,partially_filled
20260414110127515::45f81160-525f-49a0-8841-7d5696f282a2,FILL,2026-04-14 15:01:27.515970+00:00,partial_fill,11.56,19,sell,CLSK,8,53373c63-f6e3-4540-82f3-81ee2136156a,1896,partially_filled
20260414110127549::dd173f5c-b071-4f1d-a69f-f456483a88cd,FILL,2026-04-14 15:01:27.549920+00:00,fill,10.78,1208,sell,MARA,0,d2a8b655-c69d-4b7c-82c4-75fa3aff2da2,1208,filled
20260414110128045::5d521866-cdfb-4d65-8bc5-4cf334a0e0cd,FILL,2026-04-14 15:01:28.045250+00:00,fill,11.56,8,sell,CLSK,0,53373c63-f6e3-4540-82f3-81ee2136156a,1904,filled
20260414140052142::3eb229f7-5763-4b9b-b2c8-2dee2df5f80f,FILL,2026-04-14 18:00:52.142266+00:00,fill,27.23,817,buy,SMCI,0,e323d739-1e97-465b-b9e9-c9a6399673e4,817,filled
20260414140105042::3ef4d26d-cc71-4b4f-815f-64160855d19a,FILL,2026-04-14 18:01:05.042657+00:00,fill,184.38,121,buy,COIN,0,84c317f6-ed5c-4b1a-b10e-a70fafb1bfe0,121,filled
20260414144240054::717fb68f-18a2-4b6a-ae7d-f8ca810bdbfc,FILL,2026-04-14 18:42:40.054173+00:00,partial_fill,378.98,7,buy,AVGO,52,e1e73331-68dc-474d-905d-0f160435bb43,7,partially_filled
20260414144240123::226cb72d-e327-4290-9b0f-377fbcf8beb1,FILL,2026-04-14 18:42:40.123253+00:00,fill,378.98,59,buy,AVGO,0,ee82dda4-c304-4585-bc8c-ea9032beceee,59,filled
20260414144247669::809fef90-d8dc-4b11-86fd-a8c10672ca23,FILL,2026-04-14 18:42:47.669052+00:00,fill,378.95,52,buy,AVGO,0,e1e73331-68dc-474d-905d-0f160435bb43,59,filled
20260415141409130::b27a23db-32ac-4ad1-96a7-1647ba3e4ece,FILL,2026-04-15 18:14:09.130568+00:00,partial_fill,27.16,1,sell,SMCI,816,40bb638f-2d11-45a5-b7df-cbab3c9084c1,1,partially_filled
20260415141409554::aae564e1-3d5f-4595-91e5-75ae58b29ea2,FILL,2026-04-15 18:14:09.554536+00:00,fill,27.16,816,sell,SMCI,0,40bb638f-2d11-45a5-b7df-cbab3c9084c1,817,filled
20260415141410662::3bac7e7b-2b49-4df9-8780-6c0163622ce9,FILL,2026-04-15 18:14:10.662216+00:00,partial_fill,191.29,3,sell,COIN,118,b203d01a-18fd-4730-a001-5c19ac7c6bd0,3,partially_filled
20260415141411101::ffe73373-1ef7-4095-97f1-8d66bfc3c194,FILL,2026-04-15 18:14:11.101224+00:00,partial_fill,191.29,117,sell,COIN,1,b203d01a-18fd-4730-a001-5c19ac7c6bd0,120,partially_filled
20260415141411632::d0b68209-50c9-48a0-80c1-afeedd2cc793,FILL,2026-04-15 18:14:11.632487+00:00,fill,191.29,1,sell,COIN,0,b203d01a-18fd-4730-a001-5c19ac7c6bd0,121,filled
20260415141635183::c37c34b7-09f6-43a9-a393-724ec2ef14a1,FILL,2026-04-15 18:16:35.183714+00:00,partial_fill,60.3,248,sell,RBLX,57,d40dbeed-4127-4fa2-98da-a28bb7cc1812,248,partially_filled
20260415141635929::b7c84a62-65a6-4d14-a7fa-9be2cafba762,FILL,2026-04-15 18:16:35.929097+00:00,fill,60.3,57,sell,RBLX,0,d40dbeed-4127-4fa2-98da-a28bb7cc1812,305,filled
20260420093007046::b67eebc5-8f81-420f-8f23-18d9d6678d2a,FILL,2026-04-20 13:30:07.046585+00:00,partial_fill,283.33,16,sell,AMD,32,dda35d6b-c194-4937-b51a-f81463b65c61,16,partially_filled
20260420093049354::8f8f5218-877e-43d8-90de-1fabd0c0f322,FILL,2026-04-20 13:30:49.354046+00:00,partial_fill,163.29,73,sell,MSTR,15,9a00e0dc-8c64-4880-9085-e9f0c7c88b3e,73,partially_filled
20260420093232382::59f7e4ae-898b-4199-be80-7284020fe89d,FILL,2026-04-20 13:32:32.382648+00:00,partial_fill,285.67,12,sell,AMD,20,dda35d6b-c194-4937-b51a-f81463b65c61,28,partially_filled
20260420093247641::009429ef-ce10-46b0-b1be-8ae815beef0e,FILL,2026-04-20 13:32:47.641435+00:00,fill,163.28,15,sell,MSTR,0,9a00e0dc-8c64-4880-9085-e9f0c7c88b3e,88,filled
20260420093326531::26874182-e25e-48ae-a719-4b5f8f3f31fc,FILL,2026-04-20 13:33:26.531711+00:00,partial_fill,75.04,327,sell,HUT,292,cd2ff443-b521-4ac8-9996-ceede7d5752f,327,partially_filled
20260420093326729::106e72a4-71b6-48e7-8a12-65b286f94bfc,FILL,2026-04-20 13:33:26.729672+00:00,fill,16.96,1206,sell,RIVN,0,30e7d130-f3ad-47a2-a04a-4a5a594f1e2c,1206,filled
20260420093408457::b092023c-8563-4a7a-8c70-7298f160cfa3,FILL,2026-04-20 13:34:08.457666+00:00,partial_fill,284.54,10,sell,AMD,10,dda35d6b-c194-4937-b51a-f81463b65c61,38,partially_filled
20260420093442090::d9b6e743-ae76-4245-bfde-af7919da20eb,FILL,2026-04-20 13:34:42.090529+00:00,partial_fill,75.05,133,sell,HUT,159,cd2ff443-b521-4ac8-9996-ceede7d5752f,460,partially_filled
20260420093512072::b522bf9b-cd48-4144-8512-fec5194e0ce6,FILL,2026-04-20 13:35:12.072393+00:00,partial_fill,75.22,9,sell,HUT,150,cd2ff443-b521-4ac8-9996-ceede7d5752f,469,partially_filled
20260420093528488::77148812-019a-464c-84c6-00b6157cfb14,FILL,2026-04-20 13:35:28.488334+00:00,partial_fill,284.72,6,sell,AMD,4,dda35d6b-c194-4937-b51a-f81463b65c61,44,partially_filled
20260420093539875::646a34b9-c79b-47e0-b3b8-9ea1919a7656,FILL,2026-04-20 13:35:39.875517+00:00,partial_fill,74.61,129,sell,HUT,21,cd2ff443-b521-4ac8-9996-ceede7d5752f,598,partially_filled
20260420093549810::0c803512-bdda-480d-9b5e-a7fd27cf1e8b,FILL,2026-04-20 13:35:49.810000+00:00,partial_fill,283.9,3,sell,AMD,1,dda35d6b-c194-4937-b51a-f81463b65c61,47,partially_filled
20260420093604172::0f8de227-ccec-49a1-b630-4afb40753a66,FILL,2026-04-20 13:36:04.172651+00:00,fill,285.28,1,sell,AMD,0,dda35d6b-c194-4937-b51a-f81463b65c61,48,filled
20260420093611759::c8be1167-28a7-4404-afd8-d31378890e42,FILL,2026-04-20 13:36:11.759080+00:00,partial_fill,74.82,4,sell,HUT,17,cd2ff443-b521-4ac8-9996-ceede7d5752f,602,partially_filled
20260420093619903::6e7ef426-cf69-470b-a716-97cc6a9ccd93,FILL,2026-04-20 13:36:19.903539+00:00,partial_fill,75.23,10,sell,HUT,7,cd2ff443-b521-4ac8-9996-ceede7d5752f,612,partially_filled
20260420093627375::892806e2-2680-462f-8fe7-d59299af39d0,FILL,2026-04-20 13:36:27.375821+00:00,fill,75.23,7,sell,HUT,0,cd2ff443-b521-4ac8-9996-ceede7d5752f,619,filled
20260420142230390::df3a1cc4-a78a-4df4-8cde-3a16300303b4,FILL,2026-04-20 18:22:30.390787+00:00,partial_fill,173.28,52,sell,ARM,23,992bf24d-7bf4-4a81-a9a7-4228fb268ce8,52,partially_filled
20260420142230560::04624b85-622a-4672-a52f-ce604e14bd4c,FILL,2026-04-20 18:22:30.560527+00:00,fill,148.26,160,sell,MRVL,0,7726665a-6599-4897-a0b3-abd1e3a18abc,160,filled
20260420142231107::93260f14-626a-4f0a-9c3c-7b0965c7f5c4,FILL,2026-04-20 18:22:31.107524+00:00,fill,173.28,23,sell,ARM,0,992bf24d-7bf4-4a81-a9a7-4228fb268ce8,75,filled
20260420142232252::742e869d-e856-4327-9725-fa60a76c5bd7,FILL,2026-04-20 18:22:32.252674+00:00,partial_fill,88.4,138,buy,RKLB,34,92cb50b4-dcff-4cb1-8252-8c606ea21658,138,partially_filled
20260420142232863::e5ed4d84-9c7e-43b9-8764-8e5ed04929bd,FILL,2026-04-20 18:22:32.863147+00:00,partial_fill,88.4,2,buy,RKLB,32,92cb50b4-dcff-4cb1-8252-8c606ea21658,140,partially_filled
20260420142233486::8f8aabdb-a251-4a19-89c3-5aea46535263,FILL,2026-04-20 18:22:33.486388+00:00,partial_fill,88.4,30,buy,RKLB,2,92cb50b4-dcff-4cb1-8252-8c606ea21658,170,partially_filled
20260420142233944::fbd8b517-2ff3-4c21-9f06-9ce6cc81885a,FILL,2026-04-20 18:22:33.944623+00:00,partial_fill,88.4,1,buy,RKLB,1,92cb50b4-dcff-4cb1-8252-8c606ea21658,171,partially_filled
20260420142234634::60514cd0-f678-4a69-ad2f-ae35be270120,FILL,2026-04-20 18:22:34.634117+00:00,fill,88.39,1,buy,RKLB,0,92cb50b4-dcff-4cb1-8252-8c606ea21658,172,filled
20260421142437099::7c54575f-5d96-4973-8498-8919a0de262c,FILL,2026-04-21 18:24:37.099683+00:00,fill,87.36,172,sell,RKLB,0,d486ddcb-4709-4d28-b23d-bdad1f5b0d8e,172,filled
20260421145134995::412ef06e-5058-4647-9335-cbd9b29ae104,FILL,2026-04-21 18:51:34.995620+00:00,partial_fill,7.1,934,buy,LCID,2462,301cd8a1-1d3d-409f-8407-f54367bda2af,934,partially_filled
20260421145135805::defcbc85-7f27-408e-91eb-a01fe86aa4fa,FILL,2026-04-21 18:51:35.805350+00:00,partial_fill,7.1,1505,buy,LCID,957,301cd8a1-1d3d-409f-8407-f54367bda2af,2439,partially_filled
20260421145136101::613b7b7b-4b01-46a8-89e8-773212a0d5b2,FILL,2026-04-21 18:51:36.101243+00:00,partial_fill,7.1,597,buy,LCID,360,301cd8a1-1d3d-409f-8407-f54367bda2af,3036,partially_filled
20260421145136694::2cf3a576-05cf-43d8-bfd2-4e0db8601aed,FILL,2026-04-21 18:51:36.694629+00:00,fill,7.1,360,buy,LCID,0,301cd8a1-1d3d-409f-8407-f54367bda2af,3396,filled
20260422113101623::f3a0676b-91f5-4827-a596-afb498626711,FILL,2026-04-22 15:31:01.623208+00:00,fill,208.11,75,buy,COIN,0,58f78a46-d734-4a7d-91af-26161c7c7da6,75,filled
20260422122624957::e6ae5362-8c30-4fd0-9d20-1e3038df067a,FILL,2026-04-22 16:26:24.957884+00:00,partial_fill,11.96,226,buy,MARA,1087,fd46a8f5-38f3-4cd1-a305-6fa18ac846c0,226,partially_filled
20260422122625534::732dfa64-7255-497d-b4d8-c6c8bc825f42,FILL,2026-04-22 16:26:25.534346+00:00,fill,11.96,1087,buy,MARA,0,fd46a8f5-38f3-4cd1-a305-6fa18ac846c0,1313,filled
20260424102753892::dde775e7-ed18-4698-8bf6-5819ee743c15,FILL,2026-04-24 14:27:53.892154+00:00,partial_fill,197.26,17,sell,COIN,58,249f5a50-0e79-42c6-8680-c96e12aa456e,17,partially_filled
20260424102754077::7818aa23-08ce-464c-8b93-bf86430313a2,FILL,2026-04-24 14:27:54.077224+00:00,partial_fill,6.21,28,sell,LCID,3368,4bb114e5-5643-44e4-8d3f-e4560409181b,28,partially_filled
20260424102754484::9514470c-11b0-4c3f-be16-ffff7c12d8d8,FILL,2026-04-24 14:27:54.484151+00:00,partial_fill,6.21,183,sell,LCID,3185,4bb114e5-5643-44e4-8d3f-e4560409181b,211,partially_filled
20260424102754668::5a7f2eca-02b2-4b1d-88b0-77c839d8701c,FILL,2026-04-24 14:27:54.668723+00:00,fill,197.12,58,sell,COIN,0,249f5a50-0e79-42c6-8680-c96e12aa456e,75,filled
20260424102754818::78f13bb6-9523-4ee8-bd6a-8c426e09443e,FILL,2026-04-24 14:27:54.818482+00:00,partial_fill,6.21,2824,sell,LCID,361,4bb114e5-5643-44e4-8d3f-e4560409181b,3035,partially_filled
20260424102755394::92d559cc-adfe-4dc8-8dd4-0ea6c5fe3804,FILL,2026-04-24 14:27:55.394394+00:00,partial_fill,6.21,79,sell,LCID,282,4bb114e5-5643-44e4-8d3f-e4560409181b,3114,partially_filled
20260424102755979::beb5f162-2eb2-4bc1-9e37-8013093ef64c,FILL,2026-04-24 14:27:55.979038+00:00,partial_fill,6.21,120,sell,LCID,162,4bb114e5-5643-44e4-8d3f-e4560409181b,3234,partially_filled
20260424102756451::ef614537-e5a5-49cf-927a-eba9e6a7431e,FILL,2026-04-24 14:27:56.451500+00:00,partial_fill,6.21,30,sell,LCID,132,4bb114e5-5643-44e4-8d3f-e4560409181b,3264,partially_filled
20260424102756813::eb1ff678-7f27-41bb-bae4-bf36ba469d48,FILL,2026-04-24 14:27:56.813588+00:00,fill,6.22,132,sell,LCID,0,4bb114e5-5643-44e4-8d3f-e4560409181b,3396,filled
20260424102759520::e7234c9e-2132-4a85-8616-c0ba527ecc16,FILL,2026-04-24 14:27:59.520355+00:00,fill,346.48,43,buy,AMD,0,751b1df2-a4fa-4173-aede-40be8073ecbb,43,filled
20260424102801741::65dd13b1-b007-4e1e-8f05-a9d29f25f065,FILL,2026-04-24 14:28:01.741823+00:00,fill,227.81,65,buy,ARM,0,15b2d870-b028-41e2-a324-b8de61ffa0ff,65,filled
20260427134047776::5d635793-cd7c-44d6-a77d-468aba72c237,FILL,2026-04-27 17:40:47.776053+00:00,fill,170.95,85,buy,MSTR,0,38371d4f-3665-418f-8379-67440907452f,85,filled
20260427134731676::916e17a3-361e-4661-9cd4-c24f14344076,FILL,2026-04-27 17:47:31.676158+00:00,partial_fill,336.5,22,sell,AMD,21,807f9760-d248-4253-ac0e-8cc563e26423,22,partially_filled
20260427134732060::66a86044-a7d4-4332-b8e1-f4d79bcc86c0,FILL,2026-04-27 17:47:32.060818+00:00,partial_fill,216.95,51,sell,ARM,14,47fb3624-f494-4872-9235-c23e196589a1,51,partially_filled
20260427134732535::f63a92de-d707-4c3b-8995-e25f4a414d01,FILL,2026-04-27 17:47:32.535517+00:00,partial_fill,216.95,1,sell,ARM,13,47fb3624-f494-4872-9235-c23e196589a1,52,partially_filled
20260427134732719::cb89f8a2-276b-4fb5-aef3-49c594a454e6,FILL,2026-04-27 17:47:32.719717+00:00,partial_fill,336.53,1,sell,AMD,20,807f9760-d248-4253-ac0e-8cc563e26423,23,partially_filled
20260427134732937::a195783c-0607-470b-b5dd-d4629856f6d2,FILL,2026-04-27 17:47:32.937430+00:00,fill,216.95,13,sell,ARM,0,47fb3624-f494-4872-9235-c23e196589a1,65,filled
20260427134733111::ec65802e-b824-4507-897e-af2af0e2c826,FILL,2026-04-27 17:47:33.111274+00:00,partial_fill,336.51,12,sell,AMD,8,807f9760-d248-4253-ac0e-8cc563e26423,35,partially_filled
20260427134733554::8887e143-c6ce-454a-b4ab-4557b09802e9,FILL,2026-04-27 17:47:33.554917+00:00,fill,336.51,8,sell,AMD,0,807f9760-d248-4253-ac0e-8cc563e26423,43,filled
20260427135052200::637e62b7-5dc8-4d78-b106-dc9792945ee2,FILL,2026-04-27 17:50:52.200764+00:00,partial_fill,11.25,291,sell,MARA,1022,74eafddf-9922-4bc2-bf1a-d00cdfeac813,291,partially_filled
20260427135052833::ab24f099-0b25-45a3-a078-c0f7936a5702,FILL,2026-04-27 17:50:52.833899+00:00,fill,11.25,1022,sell,MARA,0,74eafddf-9922-4bc2-bf1a-d00cdfeac813,1313,filled
20260428104516437::de367e8a-78a7-4283-8227-d12b8a15e6c1,FILL,2026-04-28 14:45:16.437836+00:00,partial_fill,320.07,6,buy,AMD,39,dce8541f-9de7-42ae-b380-537c2c2be869,6,partially_filled
20260428104516681::2ab3f9ee-5e1d-44a4-99c5-946d2a78eaee,FILL,2026-04-28 14:45:16.681862+00:00,partial_fill,43.67,49,buy,IONQ,285,34e37472-69e6-4ac1-99d5-52f2d46dc884,49,partially_filled
20260428104516896::6bd8ca7e-56a0-4437-8adb-817c711b73a3,FILL,2026-04-28 14:45:16.896823+00:00,partial_fill,320.0,10,buy,AMD,29,dce8541f-9de7-42ae-b380-537c2c2be869,16,partially_filled
20260428104517274::9484aef9-569b-4be5-89fe-259c6d4e9e0f,FILL,2026-04-28 14:45:17.274124+00:00,partial_fill,43.67,284,buy,IONQ,1,34e37472-69e6-4ac1-99d5-52f2d46dc884,333,partially_filled
20260428104517478::2818b072-2a72-4c05-bcb3-a0f88939675a,FILL,2026-04-28 14:45:17.478800+00:00,partial_fill,320.12,3,buy,AMD,26,dce8541f-9de7-42ae-b380-537c2c2be869,19,partially_filled
20260428104517905::8f4f1f96-8a58-4135-9361-8c4a0121d0e8,FILL,2026-04-28 14:45:17.905707+00:00,fill,43.68,1,buy,IONQ,0,34e37472-69e6-4ac1-99d5-52f2d46dc884,334,filled
20260428104518084::ae3e1a79-8282-4dfe-83ac-53c3c2e9737c,FILL,2026-04-28 14:45:18.084486+00:00,fill,320.12,26,buy,AMD,0,dce8541f-9de7-42ae-b380-537c2c2be869,45,filled
20260428134036487::86004851-7406-4a66-8369-e47f9c985534,FILL,2026-04-28 17:40:36.487556+00:00,fill,165.88,85,sell,MSTR,0,c3ac2020-8204-41ff-ae70-ed602af8ed4b,85,filled
20260429134050571::44331a25-2352-43ac-ab79-637876dd0a2a,FILL,2026-04-29 17:40:50.571255+00:00,partial_fill,41.07,227,sell,IONQ,107,2f1e9f8a-d7b2-4452-a52a-09588c6a8b06,227,partially_filled
20260429134051019::d940b473-2625-4fd7-bd67-397f6ea45c28,FILL,2026-04-29 17:40:51.019730+00:00,fill,41.07,107,sell,IONQ,0,2f1e9f8a-d7b2-4452-a52a-09588c6a8b06,334,filled
20260429134058370::d40a5e57-d985-40a9-80de-caefccc7f50b,FILL,2026-04-29 17:40:58.370730+00:00,partial_fill,114.59,121,buy,SOXL,2,39a285f7-73de-4781-b243-617c08d11ba9,121,partially_filled
20260429134058565::d70d1309-368b-482a-94cb-2c9d16497e07,FILL,2026-04-29 17:40:58.565524+00:00,partial_fill,114.59,1,buy,SOXL,1,39a285f7-73de-4781-b243-617c08d11ba9,122,partially_filled
20260429134059402::baa0c186-bf95-45b9-989d-0342dceda22f,FILL,2026-04-29 17:40:59.402961+00:00,fill,114.58,1,buy,SOXL,0,39a285f7-73de-4781-b243-617c08d11ba9,123,filled
20260430104448604::295f752e-ba58-4dc9-90a9-02586536c127,FILL,2026-04-30 14:44:48.604793+00:00,fill,81.96,180,buy,RKLB,0,ccc0a5f6-2e47-4bcc-835e-0b8b1d8aaa18,180,filled
20260430134103892::d63d96a8-de2d-4975-9b9b-054b2e4de85d,FILL,2026-04-30 17:41:03.892581+00:00,partial_fill,126.19,83,sell,SOXL,40,ade9b736-02bc-4d2e-b32d-8d96cc720d7e,83,partially_filled
20260430134104034::a83c5411-672a-48a3-9ffd-129e6155702f,FILL,2026-04-30 17:41:04.034853+00:00,partial_fill,56.62,228,sell,SLB,121,63e57b91-6695-43a9-b88f-bf247227a794,228,partially_filled
20260430134104345::8d0ec941-c689-48a8-8601-c3d0fc84a6f2,FILL,2026-04-30 17:41:04.345361+00:00,partial_fill,126.19,38,sell,SOXL,2,ade9b736-02bc-4d2e-b32d-8d96cc720d7e,121,partially_filled
20260430134104499::a54134e2-38f5-4848-9edd-6215f60c573f,FILL,2026-04-30 17:41:04.499485+00:00,partial_fill,56.62,117,sell,SLB,4,63e57b91-6695-43a9-b88f-bf247227a794,345,partially_filled
20260430134104896::1c0f462b-7436-4a81-9892-c0316bd850f2,FILL,2026-04-30 17:41:04.896961+00:00,partial_fill,126.2,1,sell,SOXL,1,ade9b736-02bc-4d2e-b32d-8d96cc720d7e,122,partially_filled
20260430134105049::6e35963c-0b9c-46ab-b339-6b1e0fc44488,FILL,2026-04-30 17:41:05.049573+00:00,fill,56.62,4,sell,SLB,0,63e57b91-6695-43a9-b88f-bf247227a794,349,filled
20260430134105308::ca66c87e-142c-4632-ac9a-4dc65d676a3a,FILL,2026-04-30 17:41:05.308864+00:00,fill,126.2,1,sell,SOXL,0,ade9b736-02bc-4d2e-b32d-8d96cc720d7e,123,filled
20260501104610033::8a3382d7-ee1b-4513-8bec-36ca31d25423,FILL,2026-05-01 14:46:10.033943+00:00,partial_fill,282.18,28,buy,AAPL,25,45b0642b-f566-460e-933c-90cdf15dbce3,28,partially_filled
20260501104610689::d8228fec-500f-4efb-8ccb-fc5ccab378c2,FILL,2026-05-01 14:46:10.689566+00:00,partial_fill,282.12,20,buy,AAPL,5,45b0642b-f566-460e-933c-90cdf15dbce3,48,partially_filled
20260501104611283::7796f9ec-b365-430c-a1d3-a03a55b54ca0,FILL,2026-05-01 14:46:11.283417+00:00,partial_fill,282.14,1,buy,AAPL,4,45b0642b-f566-460e-933c-90cdf15dbce3,49,partially_filled
20260501104611617::346f4dcc-bb0e-4269-8e90-9ee1eeaa65be,FILL,2026-05-01 14:46:11.617072+00:00,fill,270.81,55,buy,AMZN,0,b805bcb9-d8a1-40d9-accf-2269ddcd990f,55,filled
20260501104611663::fd1cec98-8197-40ae-b563-f5cbe1b240d7,FILL,2026-05-01 14:46:11.663970+00:00,fill,282.14,4,buy,AAPL,0,45b0642b-f566-460e-933c-90cdf15dbce3,53,filled
20260501104904871::54ef7234-c63d-48db-ac39-28b66e32ed2e,FILL,2026-05-01 14:49:04.871959+00:00,partial_fill,212.75,68,buy,ARM,3,248db4ed-8331-4646-a159-b1dc51112483,68,partially_filled
20260501104905834::50248c1d-e924-42b8-9f42-08fef20aa428,FILL,2026-05-01 14:49:05.834336+00:00,partial_fill,212.75,1,buy,ARM,2,248db4ed-8331-4646-a159-b1dc51112483,69,partially_filled
20260501104906763::474b6d5e-a69a-410f-b097-e17b27fb6208,FILL,2026-05-01 14:49:06.763414+00:00,fill,212.75,2,buy,ARM,0,248db4ed-8331-4646-a159-b1dc51112483,71,filled
20260501105012850::3c85efe7-a298-420e-a002-5fdfc004f520,FILL,2026-05-01 14:50:12.850741+00:00,partial_fill,125.95,111,buy,SOXL,9,655ab69d-0f3d-44fb-b2c5-e8e7d935316b,111,partially_filled
20260501105013369::b8aaff5e-56de-4201-a20c-17e1b7f51d48,FILL,2026-05-01 14:50:13.369397+00:00,fill,25.3,599,buy,FNGU,0,e3b01c13-7357-42fa-8288-f1641330fcf8,599,filled
20260501105013856::c09b7ede-b910-40f9-a5d6-486c60129a6e,FILL,2026-05-01 14:50:13.856874+00:00,partial_fill,125.9,3,buy,SOXL,6,655ab69d-0f3d-44fb-b2c5-e8e7d935316b,114,partially_filled
20260501105014201::8b76e417-1b2f-4e96-a54c-56de4a877155,FILL,2026-05-01 14:50:14.201591+00:00,partial_fill,125.89,5,buy,SOXL,1,655ab69d-0f3d-44fb-b2c5-e8e7d935316b,119,partially_filled
20260501105015043::352e29d6-e902-47ea-80c8-628baac49df3,FILL,2026-05-01 14:50:15.043270+00:00,fill,125.92,1,buy,SOXL,0,655ab69d-0f3d-44fb-b2c5-e8e7d935316b,120,filled
20260501140701500::641530af-6ea0-4f68-8a50-c0d253138323,FILL,2026-05-01 18:07:01.500340+00:00,fill,361.59,45,sell,AMD,0,ea3f4f4b-7189-45f5-b1ab-277893531858,45,filled
20260504130515178::69f652ef-a497-4eaf-9dce-eac3c89a9971,FILL,2026-05-04 17:05:15.178932+00:00,fill,27.96,887,buy,SMCI,0,99b9b620-5a00-4553-a07c-fde1ab3ff52a,887,filled
20260504130521982::2d04e67d-f231-4f0d-b2cb-3ddb7d5ff862,FILL,2026-05-04 17:05:21.982251+00:00,fill,203.89,122,buy,COIN,0,513f89b5-765e-4c81-a5d9-db5343e752f1,122,filled
20260504130733901::6fc16ee4-58a3-4af5-a3c3-000041a9d5cd,FILL,2026-05-04 17:07:33.901701+00:00,fill,21.85,1148,buy,WULF,0,e20cc785-993c-4676-ba52-a11fa0d71085,1148,filled
20260504134817878::68c6f3f7-4a97-4644-815f-3bc297e4b9c6,FILL,2026-05-04 17:48:17.878736+00:00,partial_fill,46.62,110,buy,IONQ,411,632a2c9d-7a39-4ea5-b692-39a82067f3ba,110,partially_filled
20260504134818247::a0a8f5fb-790d-4940-83f3-4f3d9695d512,FILL,2026-05-04 17:48:18.247664+00:00,partial_fill,46.62,136,buy,IONQ,275,632a2c9d-7a39-4ea5-b692-39a82067f3ba,246,partially_filled
20260504134818964::32399dda-1856-4b36-be96-0c58d879576a,FILL,2026-05-04 17:48:18.964072+00:00,partial_fill,46.62,50,buy,IONQ,225,632a2c9d-7a39-4ea5-b692-39a82067f3ba,296,partially_filled
20260504134819283::d00adf93-5353-444c-924b-22cb57c9f802,FILL,2026-05-04 17:48:19.283001+00:00,partial_fill,46.62,126,buy,IONQ,99,632a2c9d-7a39-4ea5-b692-39a82067f3ba,422,partially_filled
20260504134819968::1ad59f6f-2b52-4988-96e9-405b2cd51af2,FILL,2026-05-04 17:48:19.968051+00:00,fill,46.63,99,buy,IONQ,0,632a2c9d-7a39-4ea5-b692-39a82067f3ba,521,filled
20260504141832235::62489650-bacf-4aad-9f4e-523726a806b5,FILL,2026-05-04 18:18:32.235469+00:00,partial_fill,50.35,92,buy,IREN,408,d1711ea6-b446-4464-96bf-6626116ecd34,92,partially_filled
20260504141832848::53204b8a-dec3-4025-912a-ed706399cd88,FILL,2026-05-04 18:18:32.848104+00:00,fill,50.35,408,buy,IREN,0,d1711ea6-b446-4464-96bf-6626116ecd34,500,filled
20260504144749030::f9d756f7-a1bc-4aaa-9f23-9a8eea1b2f29,FILL,2026-05-04 18:47:49.030694+00:00,fill,201.95,71,sell,ARM,0,9b307010-6eb2-4221-9951-03237e0c3939,71,filled
20260504180242710::d67925d5-e4e8-414c-b48b-f494cf21e9c1,FILL,2026-05-04 22:02:42.710638+00:00,fill,76.83,161,buy,HOOD,0,190fcbf0-35c0-4585-ac2f-6246c2e5c5ba,161,filled
20260504185345952::1a69563a-b0e6-4f62-9fa9-b3751ab4e396,FILL,2026-05-04 22:53:45.952278+00:00,partial_fill,412.9,22,buy,MSFT,7,ce2ca6ac-68b4-457b-adb1-83f34ef16176,22,partially_filled
20260504185346250::7f85f089-ef98-4647-9386-30da66dc369c,FILL,2026-05-04 22:53:46.250096+00:00,partial_fill,412.9,2,buy,MSFT,5,ce2ca6ac-68b4-457b-adb1-83f34ef16176,24,partially_filled
20260504185346480::43ef7f77-7f6e-4165-84bd-3892086a5307,FILL,2026-05-04 22:53:46.480311+00:00,partial_fill,412.9,4,buy,MSFT,1,ce2ca6ac-68b4-457b-adb1-83f34ef16176,28,partially_filled
20260504185346673::efb256fe-88c1-46cd-b843-1e69c9b8fc7a,FILL,2026-05-04 22:53:46.673712+00:00,fill,412.9,1,buy,MSFT,0,ce2ca6ac-68b4-457b-adb1-83f34ef16176,29,filled
20260505094900846::deb4611d-cf60-48b7-8e17-6db163040479,FILL,2026-05-05 13:49:00.846668+00:00,partial_fill,425.36,113,sell,AVGO,5,d4c4ac57-1c67-407e-8c4e-8502a23c6f90,113,partially_filled
20260505094901602::18ce3319-7024-4f13-b28a-a88527a8632f,FILL,2026-05-05 13:49:01.602397+00:00,fill,425.29,5,sell,AVGO,0,d4c4ac57-1c67-407e-8c4e-8502a23c6f90,118,filled
20260505095945098::03f43e6b-44f2-4108-a6a2-c65e5c9f1f20,FILL,2026-05-05 13:59:45.098617+00:00,partial_fill,13.28,872,buy,CLSK,1081,8832ed0a-29be-450e-9fc3-75ffc9fa96f7,872,partially_filled
20260505095945772::3d7fb672-f545-4e28-af92-8e61ea0c85b3,FILL,2026-05-05 13:59:45.772047+00:00,partial_fill,13.27,54,buy,CLSK,1027,8832ed0a-29be-450e-9fc3-75ffc9fa96f7,926,partially_filled
20260505095946093::52fc0bdc-5e3b-434d-a6b7-752673ea1403,FILL,2026-05-05 13:59:46.093953+00:00,partial_fill,13.27,761,buy,CLSK,266,8832ed0a-29be-450e-9fc3-75ffc9fa96f7,1687,partially_filled
20260505095946866::d99d5500-9336-4ce7-bcd2-e6f1fbf60df9,FILL,2026-05-05 13:59:46.866066+00:00,fill,13.27,266,buy,CLSK,0,8832ed0a-29be-450e-9fc3-75ffc9fa96f7,1953,filled
20260505101524138::72c81bf2-7e31-486d-99dc-3c58d9193b10,FILL,2026-05-05 14:15:24.138828+00:00,partial_fill,18.92,144,buy,CIFR,1225,e4237cc4-bb48-4360-a6be-19225cdd22f7,144,partially_filled
20260505101524858::d8a9469c-7fa9-488e-a303-b88675b0b5b4,FILL,2026-05-05 14:15:24.858106+00:00,partial_fill,18.92,1088,buy,CIFR,137,e4237cc4-bb48-4360-a6be-19225cdd22f7,1232,partially_filled
20260505101525475::ad242da0-5589-4dcc-97e8-cefa203bbbbb,FILL,2026-05-05 14:15:25.475093+00:00,fill,18.93,137,buy,CIFR,0,e4237cc4-bb48-4360-a6be-19225cdd22f7,1369,filled
20260505101625543::cda22251-997c-41fb-b571-39f2a03996f4,FILL,2026-05-05 14:16:25.543617+00:00,partial_fill,77.37,80,sell,RKLB,100,1932ec94-cb1f-4461-b1d0-83e617e2222f,80,partially_filled
20260505101625921::2ca60837-0c48-4503-802b-ed21e2bfe4c2,FILL,2026-05-05 14:16:25.921494+00:00,partial_fill,77.37,24,sell,RKLB,76,1932ec94-cb1f-4461-b1d0-83e617e2222f,104,partially_filled
20260505101626547::5fa86897-8040-4040-9e08-7ed07b1d3a58,FILL,2026-05-05 14:16:26.547486+00:00,fill,77.38,76,sell,RKLB,0,1932ec94-cb1f-4461-b1d0-83e617e2222f,180,filled
20260505102939902::52a86cf2-0d32-4080-be4a-edfde001c800,FILL,2026-05-05 14:29:39.902029+00:00,partial_fill,142.25,113,sell,SOXL,7,6fc0b8d2-c614-4179-8ab2-dce588782d7a,113,partially_filled
20260505102940555::e9456ac9-721b-4845-a7b3-ad842fd8315d,FILL,2026-05-05 14:29:40.555364+00:00,fill,142.24,7,sell,SOXL,0,6fc0b8d2-c614-4179-8ab2-dce588782d7a,120,filled
20260505143043045::81810b44-d67d-4732-8947-62434b9e73f5,FILL,2026-05-05 18:30:43.045432+00:00,fill,21.22,1369,sell,CIFR,0,c4d9d77a-7a46-4767-bc30-4d4460c2e5b4,1369,filled
20260505144055368::8d8bca19-c8cc-462b-aa94-cebe290c69af,FILL,2026-05-05 18:40:55.368269+00:00,partial_fill,182.75,143,buy,QCOM,6,5f438c0d-bb0a-422e-a466-fdc70b8de83f,143,partially_filled
20260505144055970::54299627-dd76-4051-b355-3dce545135ef,FILL,2026-05-05 18:40:55.970355+00:00,partial_fill,182.75,3,buy,QCOM,3,5f438c0d-bb0a-422e-a466-fdc70b8de83f,146,partially_filled
20260505144056493::359ee318-533e-4638-bf75-ccbfea659125,FILL,2026-05-05 18:40:56.493266+00:00,fill,182.75,3,buy,QCOM,0,5f438c0d-bb0a-422e-a466-fdc70b8de83f,149,filled
20260506065806262::988ecc48-8043-429a-b51a-b01c9afb1aeb,FILL,2026-05-06 10:58:06.262316+00:00,fill,426.07,34,buy,AMD,0,1afb5172-333b-40d6-b833-fa213f85c114,34,filled
20260506072311037::8a82ef83-4e8c-46eb-9197-ce54b460a9b5,FILL,2026-05-06 11:23:11.037170+00:00,fill,235.3,63,buy,ARM,0,49aed499-f4b6-441a-af7c-613344e41ef2,63,filled
20260506073228894::4960713c-207c-4b61-9bc2-de9ff38183fb,FILL,2026-05-06 11:32:28.894862+00:00,partial_fill,423.9,9,buy,AMD,25,ef95b810-a818-4d06-a555-27ccb778f412,9,partially_filled
20260506073229073::6aa21dd3-10bd-46fa-bbe7-513182a544f3,FILL,2026-05-06 11:32:29.073757+00:00,partial_fill,423.9,1,buy,AMD,24,ef95b810-a818-4d06-a555-27ccb778f412,10,partially_filled
20260506073229341::b4b632f0-0e24-47e0-a86a-a8f3964e2eff,FILL,2026-05-06 11:32:29.341183+00:00,partial_fill,423.9,19,buy,AMD,5,ef95b810-a818-4d06-a555-27ccb778f412,29,partially_filled
20260506073229721::e4c81805-3e95-4922-a6ae-7374ca847575,FILL,2026-05-06 11:32:29.721686+00:00,partial_fill,423.89,2,buy,AMD,3,ef95b810-a818-4d06-a555-27ccb778f412,31,partially_filled
20260506073235256::24000cf6-42db-49b4-a5ac-3b1377adb8f0,FILL,2026-05-06 11:32:35.256454+00:00,partial_fill,423.8,2,buy,AMD,1,ef95b810-a818-4d06-a555-27ccb778f412,33,partially_filled
20260506073235712::2b4db64a-7d16-4f98-80e3-a62aaaad4139,FILL,2026-05-06 11:32:35.712734+00:00,fill,423.8,1,buy,AMD,0,ef95b810-a818-4d06-a555-27ccb778f412,34,filled
20260506073851846::c9c77b92-eed1-49ba-94d5-db7226713c76,FILL,2026-05-06 11:38:51.846279+00:00,fill,6.05,2478,buy,LCID,0,fd1e2d07-898b-4fd2-bad3-c0f7070f71e4,2478,filled
20260506073903643::752f82b6-f498-40c2-ada1-3baa6e16ff1e,FILL,2026-05-06 11:39:03.643464+00:00,partial_fill,6.04,1250,buy,LCID,1238,cab6842f-ff94-4241-8335-3bca8add2374,1250,partially_filled
20260506073903962::41ac18f2-11ea-429b-bc6f-955cfdb24b42,FILL,2026-05-06 11:39:03.962838+00:00,partial_fill,6.04,299,buy,LCID,939,cab6842f-ff94-4241-8335-3bca8add2374,1549,partially_filled
20260506073904146::a810eb5a-9a31-44e5-8e3a-61c3dd06f0c0,FILL,2026-05-06 11:39:04.146715+00:00,partial_fill,6.04,580,buy,LCID,359,cab6842f-ff94-4241-8335-3bca8add2374,2129,partially_filled
20260506073904427::2d4dd05e-ca0e-47ad-883a-0a85b0244fa6,FILL,2026-05-06 11:39:04.427092+00:00,partial_fill,6.04,51,buy,LCID,308,cab6842f-ff94-4241-8335-3bca8add2374,2180,partially_filled
20260506073904752::92e775bf-fe01-4ebe-8443-64c707a0494d,FILL,2026-05-06 11:39:04.752391+00:00,fill,6.04,308,buy,LCID,0,cab6842f-ff94-4241-8335-3bca8add2374,2488,filled
20260506093013441::01b3ae56-bbaa-4149-bfb3-1105bb99fde2,FILL,2026-05-06 13:30:13.441550+00:00,fill,32.02,887,sell,SMCI,0,9b9e8da9-77d8-4800-9c62-1872e2de4099,887,filled
20260506093111236::7bf4ecb4-add9-4edf-9b4a-9fcace3b9bea,FILL,2026-05-06 13:31:11.236334+00:00,fill,24.67,1148,sell,WULF,0,c685ebfe-727f-4bd2-8e65-ddf2c6c3d459,1148,filled
20260506093116911::fa4813f9-6b06-4750-81fc-4202a805736b,FILL,2026-05-06 13:31:16.911926+00:00,fill,57.34,500,sell,IREN,0,8252e81e-3bfb-4dcc-b7c3-ae7b8828f9c3,500,filled
20260506094542021::d76ffa30-44f5-4c24-8258-289365fcd010,FILL,2026-05-06 13:45:42.021849+00:00,partial_fill,240.96,73,buy,VLO,49,ab4c6745-d4a9-4e79-b1f3-5b1338c0373b,73,partially_filled
20260506094543413::c644e751-0c69-4229-b83a-00ff1360822e,FILL,2026-05-06 13:45:43.413025+00:00,fill,240.96,49,buy,VLO,0,ab4c6745-d4a9-4e79-b1f3-5b1338c0373b,122,filled
20260506094543771::e044f9b8-396e-4b5a-9494-b398ab5505f3,FILL,2026-05-06 13:45:43.771118+00:00,fill,196.66,149,buy,FANG,0,2aaf4578-e00e-428b-bcc3-7fc50cfecbce,149,filled
20260506094810049::377cfff3-2428-4373-81d9-f504c3975ad4,FILL,2026-05-06 13:48:10.049879+00:00,partial_fill,56.34,496,buy,OXY,31,8b03a1f0-26c0-4450-a476-1bebdb9018a9,496,partially_filled
20260506094810574::a1ebd517-052f-409a-a650-4ef5da939dd5,FILL,2026-05-06 13:48:10.574793+00:00,fill,56.34,31,buy,OXY,0,8b03a1f0-26c0-4450-a476-1bebdb9018a9,527,filled
20260506095233195::dacace97-2d5f-4d3b-ba5a-0c87bf44caea,FILL,2026-05-06 13:52:33.195770+00:00,partial_fill,119.02,238,buy,COP,8,d06817e2-e6ec-4179-b789-9cd238deca5c,238,partially_filled
20260506095234593::0a78e017-48d6-4ec0-9626-a2e79eab60cd,FILL,2026-05-06 13:52:34.593942+00:00,partial_fill,119.02,7,buy,COP,1,d06817e2-e6ec-4179-b789-9cd238deca5c,245,partially_filled
20260506095235121::0d61be20-8d03-4652-93be-9eae592d3ac3,FILL,2026-05-06 13:52:35.121961+00:00,fill,119.02,1,buy,COP,0,d06817e2-e6ec-4179-b789-9cd238deca5c,246,filled
20260506095615206::026fbca5-0581-4034-b472-ae19749da5ae,FILL,2026-05-06 13:56:15.206131+00:00,partial_fill,6.17,1768,sell,ACHR,1953,b1d74ad0-945b-420a-88b8-18a6fbd781a4,1768,partially_filled
20260506095615570::3401f8bb-a5cb-456b-9503-915bae55c564,FILL,2026-05-06 13:56:15.570993+00:00,partial_fill,6.17,1244,sell,ACHR,709,b1d74ad0-945b-420a-88b8-18a6fbd781a4,3012,partially_filled
20260506095616071::75ef869a-1725-4c01-9b29-7706e9d5fddc,FILL,2026-05-06 13:56:16.071956+00:00,partial_fill,6.17,125,sell,ACHR,584,b1d74ad0-945b-420a-88b8-18a6fbd781a4,3137,partially_filled
20260506095617019::021aa0fb-b552-4609-b66c-7025d241ec40,FILL,2026-05-06 13:56:17.019697+00:00,fill,6.16,584,sell,ACHR,0,b1d74ad0-945b-420a-88b8-18a6fbd781a4,3721,filled
20260506100618334::bf3ab008-ff11-4042-8ee5-fc4e7596eb33,FILL,2026-05-06 14:06:18.334950+00:00,partial_fill,193.6,37,sell,COIN,85,7a9c8368-cffb-4c74-94f5-40b148ffcbaa,37,partially_filled
20260506100618908::8dc083c5-ea4f-489c-8c9c-a56a6aa025b8,FILL,2026-05-06 14:06:18.908471+00:00,partial_fill,193.6,17,sell,COIN,68,7a9c8368-cffb-4c74-94f5-40b148ffcbaa,54,partially_filled
20260506100619386::fded672e-00d0-4aea-818f-415dfa74900d,FILL,2026-05-06 14:06:19.386828+00:00,partial_fill,193.61,23,sell,COIN,45,7a9c8368-cffb-4c74-94f5-40b148ffcbaa,77,partially_filled
20260506100620567::04eb9686-2653-4f2f-b046-8055774ee32a,FILL,2026-05-06 14:06:20.567457+00:00,partial_fill,193.61,31,sell,COIN,14,7a9c8368-cffb-4c74-94f5-40b148ffcbaa,108,partially_filled
20260506100621159::b565396f-d719-478d-bb33-a17ee75c8a52,FILL,2026-05-06 14:06:21.159865+00:00,partial_fill,193.69,7,sell,COIN,7,7a9c8368-cffb-4c74-94f5-40b148ffcbaa,115,partially_filled
20260506100621679::c5f9e2f9-5a22-4f02-9bcc-2e15c941fabd,FILL,2026-05-06 14:06:21.679704+00:00,partial_fill,193.69,5,sell,COIN,2,7a9c8368-cffb-4c74-94f5-40b148ffcbaa,120,partially_filled
20260506100622335::b8699adc-6a40-4e21-8b9d-15ca84fcd1dd,FILL,2026-05-06 14:06:22.335400+00:00,partial_fill,193.69,1,sell,COIN,1,7a9c8368-cffb-4c74-94f5-40b148ffcbaa,121,partially_filled
20260506100622810::eaabcc67-c05d-4181-9a9f-5d2cf1cda1e0,FILL,2026-05-06 14:06:22.810165+00:00,fill,193.61,1,sell,COIN,0,7a9c8368-cffb-4c74-94f5-40b148ffcbaa,122,filled
20260506102013968::eca5ed13-e72e-49a7-afe0-76ea31183258,FILL,2026-05-06 14:20:13.968381+00:00,fill,221.57,63,sell,ARM,0,447e47fc-3919-42fc-ab9e-7a2511b6da06,63,filled
20260506102324065::e89aebaf-82b5-4ee7-b9de-8252729d45be,FILL,2026-05-06 14:23:24.065955+00:00,fill,403.62,68,sell,AMD,0,761999c1-a690-4f4d-9432-831676957023,68,filled
20260506102632162::95606cae-622c-435f-94f6-c5ba74bc428d,FILL,2026-05-06 14:26:32.162625+00:00,fill,204.48,140,buy,NVDA,0,fac2e6eb-d89f-47d1-9376-80a7080305d8,140,filled
20260506132721606::677164d2-8fbb-4483-bd24-5a04cb886ae0,FILL,2026-05-06 17:27:21.606977+00:00,partial_fill,52.52,464,sell,IONQ,57,ff542062-014b-4bf6-9b48-c00c2c09907b,464,partially_filled
20260506132722277::f5abf76b-7248-43f8-9e25-3e202af5a8b5,FILL,2026-05-06 17:27:22.277294+00:00,fill,52.51,57,sell,IONQ,0,ff542062-014b-4bf6-9b48-c00c2c09907b,521,filled
20260507094217322::eeca4e91-126a-4623-820b-81afcb635cc0,FILL,2026-05-07 13:42:17.322479+00:00,partial_fill,51.45,230,buy,MRNA,329,234cc249-c996-4c4c-ad93-3757bcc85987,230,partially_filled
20260507094217652::53690c8e-f018-45ea-b1f8-d11b27bb0bd5,FILL,2026-05-07 13:42:17.652891+00:00,partial_fill,51.4,118,buy,MRNA,211,234cc249-c996-4c4c-ad93-3757bcc85987,348,partially_filled
20260507094218275::b2ed5cff-abb2-4e04-837a-e5acbc37dc5c,FILL,2026-05-07 13:42:18.275002+00:00,partial_fill,51.4,169,buy,MRNA,42,234cc249-c996-4c4c-ad93-3757bcc85987,517,partially_filled
20260507094219215::0b2e6a3f-238e-48b0-8bd4-7133e00c1b66,FILL,2026-05-07 13:42:19.215551+00:00,partial_fill,51.4,23,buy,MRNA,19,234cc249-c996-4c4c-ad93-3757bcc85987,540,partially_filled
20260507094219433::e7707ef9-9f82-4957-9e2b-2ed51a96e1dc,FILL,2026-05-07 13:42:19.433383+00:00,fill,51.4,19,buy,MRNA,0,234cc249-c996-4c4c-ad93-3757bcc85987,559,filled
20260507094530122::091b6b56-3ece-4476-b25a-be18e8ab1e25,FILL,2026-05-07 13:45:30.122330+00:00,fill,23.13,1209,buy,RIOT,0,cc70e016-0af2-4cf2-9f9f-04e2eb41ccec,1209,filled
20260507095147188::42bf3c5c-6e88-45c5-9e56-a87fb5878bf3,FILL,2026-05-07 13:51:47.188536+00:00,partial_fill,413.17,46,buy,AMD,22,c7af2ac5-f948-430f-8bfa-e5852a4cd7ff,46,partially_filled
20260507095147540::ab93c587-b80e-4469-a380-4084d7c43cc6,FILL,2026-05-07 13:51:47.540526+00:00,partial_fill,221.24,36,buy,ARM,91,391fddc1-7b5f-49e0-af72-dd78f5929074,36,partially_filled
20260507095148043::5ad40470-a46b-4348-a42e-316c13774fde,FILL,2026-05-07 13:51:48.043497+00:00,fill,413.17,22,buy,AMD,0,c7af2ac5-f948-430f-8bfa-e5852a4cd7ff,68,filled
20260507095148391::3c946b8f-8fbe-483d-8dc8-449447ac8f29,FILL,2026-05-07 13:51:48.391195+00:00,fill,221.17,91,buy,ARM,0,391fddc1-7b5f-49e0-af72-dd78f5929074,127,filled
20260507100428875::0577faee-f2f5-477d-bfb2-9b573f003430,FILL,2026-05-07 14:04:28.875460+00:00,fill,228.13,122,sell,VLO,0,3021cc15-41e0-422e-a674-952b992597df,122,filled
20260507101047702::0619e35f-bb78-4811-a7a1-df494080e916,FILL,2026-05-07 14:10:47.702206+00:00,partial_fill,53.51,58,sell,OXY,469,32f7b153-7e77-4f6c-aeae-1785120d2cca,58,partially_filled
20260507101048313::14e5425d-6cb5-459d-9bbb-202e3ef3b1e7,FILL,2026-05-07 14:10:48.313792+00:00,partial_fill,53.51,187,sell,OXY,282,32f7b153-7e77-4f6c-aeae-1785120d2cca,245,partially_filled
20260507101048723::ff09bd00-b71a-4683-8bcf-052ef1577c8e,FILL,2026-05-07 14:10:48.723726+00:00,fill,53.51,282,sell,OXY,0,32f7b153-7e77-4f6c-aeae-1785120d2cca,527,filled
20260507102454157::fe410cd3-ded2-48c7-b646-3706b6553e09,FILL,2026-05-07 14:24:54.157164+00:00,fill,50.17,574,buy,IONQ,0,c105c1fe-0fcc-4ea5-a4ce-0158d3c9940c,574,filled
20260507102633930::54619923-eb56-4f74-9c98-9ba4439aa570,FILL,2026-05-07 14:26:33.930300+00:00,partial_fill,48.72,296,sell,MRNA,263,bb791ea2-f828-4371-bacb-2fe48b8af58e,296,partially_filled
20260507102634512::17472eff-c90e-4fb8-a410-3c9ae45841f7,FILL,2026-05-07 14:26:34.512423+00:00,partial_fill,48.72,154,sell,MRNA,109,bb791ea2-f828-4371-bacb-2fe48b8af58e,450,partially_filled
20260507102635036::bbefa5f2-daea-4abc-9eb5-f014b0e692dd,FILL,2026-05-07 14:26:35.036484+00:00,partial_fill,48.72,76,sell,MRNA,33,bb791ea2-f828-4371-bacb-2fe48b8af58e,526,partially_filled
20260507102635559::7b3d3e0a-69bb-451a-a104-0ca915493eac,FILL,2026-05-07 14:26:35.559416+00:00,partial_fill,48.72,11,sell,MRNA,22,bb791ea2-f828-4371-bacb-2fe48b8af58e,537,partially_filled
20260507102636150::127a98ed-188f-484b-8dca-bab32ade40c4,FILL,2026-05-07 14:26:36.150782+00:00,partial_fill,48.72,5,sell,MRNA,17,bb791ea2-f828-4371-bacb-2fe48b8af58e,542,partially_filled
20260507102637041::d1f397da-e974-4656-8797-2ab1d242b082,FILL,2026-05-07 14:26:37.041199+00:00,partial_fill,48.72,3,sell,MRNA,14,bb791ea2-f828-4371-bacb-2fe48b8af58e,545,partially_filled
20260507102637686::a835731e-be37-4b28-adba-a2fb448d1451,FILL,2026-05-07 14:26:37.686358+00:00,fill,48.72,14,sell,MRNA,0,bb791ea2-f828-4371-bacb-2fe48b8af58e,559,filled
20260507102826299::adb554b3-72af-469a-930e-7d582b36be07,FILL,2026-05-07 14:28:26.299217+00:00,fill,28.39,599,sell,FNGU,0,a5153adf-5c46-4b46-953f-b639f2536881,599,filled
20260507103254538::6d910758-3cc8-4a8b-9ad4-9ded1386e658,FILL,2026-05-07 14:32:54.538362+00:00,partial_fill,12.94,1199,buy,MARA,1010,c13de743-0f9a-480b-b10d-73995bf70cec,1199,partially_filled
20260507103255766::0aaccff9-a638-4986-8cbc-941e6b66af0d,FILL,2026-05-07 14:32:55.766121+00:00,fill,12.94,1010,buy,MARA,0,c13de743-0f9a-480b-b10d-73995bf70cec,2209,filled
20260507111844341::b2e4c261-c320-4efb-b7c9-098fa6629877,FILL,2026-05-07 15:18:44.341527+00:00,fill,206.85,149,sell,QCOM,0,4888a12c-8a4d-4de8-b9bc-dfd85c65dfc7,149,filled
20260507120727234::d23a07aa-6da2-4ac8-a86f-2d05813c7d2c,FILL,2026-05-07 16:07:27.234329+00:00,partial_fill,47.64,562,sell,IONQ,12,c077e99b-070a-405a-bccc-b0a3a4608d9f,562,partially_filled
20260507120727909::dccc8210-b541-483f-be74-7895687dab66,FILL,2026-05-07 16:07:27.909850+00:00,partial_fill,47.64,3,sell,IONQ,9,c077e99b-070a-405a-bccc-b0a3a4608d9f,565,partially_filled
20260507120728836::429bec90-94a5-4258-ad7a-5f626f562784,FILL,2026-05-07 16:07:28.836132+00:00,partial_fill,47.64,6,sell,IONQ,3,c077e99b-070a-405a-bccc-b0a3a4608d9f,571,partially_filled
20260507120729384::5d1763e8-5131-46a6-b845-d65e4c02cee3,FILL,2026-05-07 16:07:29.384259+00:00,partial_fill,47.61,1,sell,IONQ,2,c077e99b-070a-405a-bccc-b0a3a4608d9f,572,partially_filled
20260507120730023::7664eb76-6b24-4041-8507-8a5624d1c942,FILL,2026-05-07 16:07:30.023070+00:00,partial_fill,47.61,1,sell,IONQ,1,c077e99b-070a-405a-bccc-b0a3a4608d9f,573,partially_filled
20260507120730370::c7335720-6cfc-435c-b25f-6a21e961b6dc,FILL,2026-05-07 16:07:30.370588+00:00,fill,47.61,1,sell,IONQ,0,c077e99b-070a-405a-bccc-b0a3a4608d9f,574,filled
20260507121041291::a6aac530-1c63-47f3-a23b-4a6b948b8ad9,FILL,2026-05-07 16:10:41.291455+00:00,partial_fill,406.31,61,buy,TSLA,7,2ece859f-ee02-4fb5-ada0-0d59872b777d,61,partially_filled
20260507121042516::1af072f1-86d2-4574-84a0-200b157d0e16,FILL,2026-05-07 16:10:42.516775+00:00,partial_fill,406.31,1,buy,TSLA,6,2ece859f-ee02-4fb5-ada0-0d59872b777d,62,partially_filled
20260507121042897::4d38495d-d6fb-4848-b199-596d1c0a689e,FILL,2026-05-07 16:10:42.897190+00:00,partial_fill,406.31,1,buy,TSLA,5,2ece859f-ee02-4fb5-ada0-0d59872b777d,63,partially_filled
20260507121043269::60385ec0-bc43-4b6b-a01f-73d0475a79d0,FILL,2026-05-07 16:10:43.269406+00:00,fill,406.34,5,buy,TSLA,0,2ece859f-ee02-4fb5-ada0-0d59872b777d,68,filled
20260507132633965::27e62f35-9af6-44f2-b537-9e28ff72c4a1,FILL,2026-05-07 17:26:33.965361+00:00,fill,12.28,2209,sell,MARA,0,8dc01ad0-94db-49ae-b7b7-ddcb6b5ad1ae,2209,filled
20260507132943371::949f3e2d-00da-4987-8982-8c2e4f08dfe2,FILL,2026-05-07 17:29:43.371982+00:00,partial_fill,33.06,519,buy,SMCI,270,683277d0-75f7-4f89-9488-b75b58b54dbf,519,partially_filled
20260507132943897::50cacd3c-b180-43ea-a44c-8690044df68e,FILL,2026-05-07 17:29:43.897511+00:00,partial_fill,33.06,3,buy,SMCI,267,683277d0-75f7-4f89-9488-b75b58b54dbf,522,partially_filled
20260507132944319::a586f265-38f0-4dc2-891f-ce59d8fe7ac5,FILL,2026-05-07 17:29:44.319187+00:00,fill,33.05,267,buy,SMCI,0,683277d0-75f7-4f89-9488-b75b58b54dbf,789,filled
20260508075859005::8d6f1aab-3215-4bf6-b6d9-988f42cb8203,FILL,2026-05-08 11:58:59.005214+00:00,partial_fill,84.9,161,buy,RKLB,7,aa115923-c7d5-4310-bb5d-22d29fff1728,161,partially_filled
20260508075859266::7b30b0ac-e678-4c7d-9c18-d3adbff2235c,FILL,2026-05-08 11:58:59.266264+00:00,partial_fill,84.9,6,buy,RKLB,1,aa115923-c7d5-4310-bb5d-22d29fff1728,167,partially_filled
20260508075859526::f07b3ffb-0dcb-4d92-a175-1072b6593088,FILL,2026-05-08 11:58:59.526887+00:00,fill,84.9,1,buy,RKLB,0,aa115923-c7d5-4310-bb5d-22d29fff1728,168,filled
20260508093549047::38fc9d58-fb36-4bf8-8cd4-3264222f3ed8,FILL,2026-05-08 13:35:49.047771+00:00,partial_fill,62.79,192,buy,IREN,252,ee9000d9-ae05-47da-be33-292882103473,192,partially_filled
20260508093549283::345c67d5-34de-4e8d-bfac-0292840e57f7,FILL,2026-05-08 13:35:49.283629+00:00,fill,62.65,252,buy,IREN,0,ee9000d9-ae05-47da-be33-292882103473,444,filled
20260508095122980::a13feba0-6b52-4ab0-90fb-f928977d7ab0,FILL,2026-05-08 13:51:22.980426+00:00,partial_fill,59.21,347,sell,IREN,97,19fbfe27-c2bf-46e8-a2f8-7c238ae3694a,347,partially_filled
20260508095123622::2c70adcf-2f9d-48c0-ab7e-22adcd7ebc34,FILL,2026-05-08 13:51:23.622026+00:00,fill,59.21,97,sell,IREN,0,19fbfe27-c2bf-46e8-a2f8-7c238ae3694a,444,filled
20260508100521745::9c63b0ab-3706-4843-b929-515986a90e37,FILL,2026-05-08 14:05:21.745361+00:00,fill,97.15,168,sell,RKLB,0,4f6026e6-b2d2-49f7-bfd2-8c64a6d1a63a,168,filled
20260511093025273::2d460e4c-115f-4b4f-9ad9-c4a7a4ce36ab,FILL,2026-05-11 13:30:25.273378+00:00,partial_fill,460.76,48,sell,AMD,20,c9f4d2e3-dcda-4dfe-9a3a-69021a4bdc85,48,partially_filled
20260511093031746::23a359b6-bc6c-44ed-a04d-4aa8d07dacd3,FILL,2026-05-11 13:30:31.746868+00:00,partial_fill,207.0,110,sell,ARM,17,3d80f3a2-ed51-4419-92b0-03de3d519619,110,partially_filled
20260511093306426::67bbedb6-676a-4458-8ec7-86c7d4881832,FILL,2026-05-11 13:33:06.426600+00:00,partial_fill,464.35,16,sell,AMD,4,c9f4d2e3-dcda-4dfe-9a3a-69021a4bdc85,64,partially_filled
20260511093309953::1b069431-7fb4-4c29-96e1-9007e53b9c30,FILL,2026-05-11 13:33:09.953955+00:00,partial_fill,214.43,9,sell,ARM,8,3d80f3a2-ed51-4419-92b0-03de3d519619,119,partially_filled
20260511093431235::6d1aab41-d308-48da-9401-cb83ed8524ad,FILL,2026-05-11 13:34:31.235461+00:00,fill,467.03,4,sell,AMD,0,c9f4d2e3-dcda-4dfe-9a3a-69021a4bdc85,68,filled
20260511093433118::cc284761-b476-4755-8790-981c7157eb9a,FILL,2026-05-11 13:34:33.118409+00:00,partial_fill,213.15,3,sell,ARM,5,3d80f3a2-ed51-4419-92b0-03de3d519619,122,partially_filled
20260511093536271::a2cc9fd0-bdd5-4060-9d7a-68cb8c294f79,FILL,2026-05-11 13:35:36.271455+00:00,partial_fill,212.37,2,sell,ARM,3,3d80f3a2-ed51-4419-92b0-03de3d519619,124,partially_filled
20260511093614349::6cad6419-e76a-4057-a690-6ac71465049b,FILL,2026-05-11 13:36:14.349878+00:00,fill,211.0,3,sell,ARM,0,3d80f3a2-ed51-4419-92b0-03de3d519619,127,filled
20260511094215747::88007e59-bfd6-4677-a803-d9679f40244b,FILL,2026-05-11 13:42:15.747948+00:00,partial_fill,783.75,7,buy,MU,30,e7f7cd30-576f-411c-8223-e354203b20ed,7,partially_filled
20260511094216383::47900615-9fda-4e6e-936e-b4198f4a6b67,FILL,2026-05-11 13:42:16.383584+00:00,partial_fill,783.74,25,buy,MU,5,e7f7cd30-576f-411c-8223-e354203b20ed,32,partially_filled
20260511094216953::e8cac6b7-46cb-4e3f-91e6-2f2d6a50ef27,FILL,2026-05-11 13:42:16.953136+00:00,fill,783.74,5,buy,MU,0,e7f7cd30-576f-411c-8223-e354203b20ed,37,filled
20260511094837581::f0d95057-d8f9-46f3-8fbc-59bf3c4bad31,FILL,2026-05-11 13:48:37.581220+00:00,partial_fill,49.18,218,buy,WOLF,391,1666b998-96bc-4222-84cd-6c4df242f12d,218,partially_filled
20260511094839522::64b40c13-13fa-418f-a5db-ba1c7f050a0f,FILL,2026-05-11 13:48:39.522169+00:00,partial_fill,49.06,55,buy,WOLF,336,1666b998-96bc-4222-84cd-6c4df242f12d,273,partially_filled
20260511094903988::d2a90c08-df34-47e5-98f0-972d1b451324,FILL,2026-05-11 13:49:03.988919+00:00,fill,49.0,336,buy,WOLF,0,1666b998-96bc-4222-84cd-6c4df242f12d,609,filled
20260511112942528::3abc19e1-a0c4-4341-adba-51a61cc5a890,FILL,2026-05-11 15:29:42.528900+00:00,partial_fill,14.9,1072,sell,CLSK,881,60b59ccd-e417-4cd4-afb5-3e11524cca09,1072,partially_filled
20260511112943229::ba575ed3-6511-40a3-aefa-8629ae57cf82,FILL,2026-05-11 15:29:43.229709+00:00,partial_fill,14.9,711,sell,CLSK,170,60b59ccd-e417-4cd4-afb5-3e11524cca09,1783,partially_filled
20260511112943628::ca71c84c-1cba-4e36-8c67-ae702424f25a,FILL,2026-05-11 15:29:43.628028+00:00,partial_fill,14.9,11,sell,CLSK,159,60b59ccd-e417-4cd4-afb5-3e11524cca09,1794,partially_filled
20260511112944044::cd13c71d-da76-4c27-a5f8-5298e7547d17,FILL,2026-05-11 15:29:44.044256+00:00,partial_fill,14.9,14,sell,CLSK,145,60b59ccd-e417-4cd4-afb5-3e11524cca09,1808,partially_filled
20260511112944709::5f826961-606e-45ee-a7cd-8cb058ba2ea0,FILL,2026-05-11 15:29:44.709487+00:00,partial_fill,14.9,22,sell,CLSK,123,60b59ccd-e417-4cd4-afb5-3e11524cca09,1830,partially_filled
20260511112945139::a76b2707-dafa-44aa-afba-a4d38d40158a,FILL,2026-05-11 15:29:45.139989+00:00,partial_fill,14.9,65,sell,CLSK,58,60b59ccd-e417-4cd4-afb5-3e11524cca09,1895,partially_filled
20260511112945702::53315e61-1081-487f-8eba-8f9b0b933d83,FILL,2026-05-11 15:29:45.702953+00:00,fill,14.9,58,sell,CLSK,0,60b59ccd-e417-4cd4-afb5-3e11524cca09,1953,filled
20260511162308114::08cd0648-e902-4a59-9f24-850a4d017195,FILL,2026-05-11 20:23:08.114885+00:00,partial_fill,117.49,18,buy,RKLB,112,efa7d197-d2f5-4bdc-9996-576b45b02855,18,partially_filled
20260511162308336::7efec318-3ed7-4a1e-ae5f-bb65bd81ce21,FILL,2026-05-11 20:23:08.336853+00:00,partial_fill,117.49,38,buy,RKLB,74,efa7d197-d2f5-4bdc-9996-576b45b02855,56,partially_filled
20260511162308603::d7ad7d1b-cdcf-4bc7-9dc1-e6f1b7e6e54b,FILL,2026-05-11 20:23:08.603189+00:00,partial_fill,117.49,61,buy,RKLB,13,efa7d197-d2f5-4bdc-9996-576b45b02855,117,partially_filled
20260511162308787::b9d2934d-314b-4e24-b576-b38072af349e,FILL,2026-05-11 20:23:08.787220+00:00,fill,117.49,13,buy,RKLB,0,efa7d197-d2f5-4bdc-9996-576b45b02855,130,filled
20260512091631911::a6980065-28aa-40fa-bd58-2d19169e4b65,FILL,2026-05-12 13:16:31.911598+00:00,fill,54.97,275,buy,IREN,0,3af8d338-4bf0-451c-bb08-9db88423e1f1,275,filled
20260512094513843::0bf2f86c-dea9-40f1-846d-b5666a9dbe17,FILL,2026-05-12 13:45:13.843800+00:00,fill,456.62,67,buy,AMD,0,83bdcbc3-f829-419e-a76d-19f5d385a78e,67,filled
20260512095732570::8107202c-5697-4a0e-ba68-dff90a180660,FILL,2026-05-12 13:57:32.570227+00:00,partial_fill,211.59,68,buy,ARM,77,be27dc5f-66b3-481a-bd4f-effab231e82d,68,partially_filled
20260512095733868::7876f447-b0ba-4508-99fc-22489cf881b4,FILL,2026-05-12 13:57:33.868030+00:00,partial_fill,211.59,73,buy,ARM,4,be27dc5f-66b3-481a-bd4f-effab231e82d,141,partially_filled
20260512095734449::aeb51bbd-b9ff-4d02-a905-551834c8304c,FILL,2026-05-12 13:57:34.449873+00:00,fill,211.59,4,buy,ARM,0,be27dc5f-66b3-481a-bd4f-effab231e82d,145,filled
20260512105047997::9f498805-e1f3-4add-871b-8c6cc317287f,FILL,2026-05-12 14:50:47.997120+00:00,partial_fill,46.28,113,sell,WOLF,496,b924cc00-2138-467d-8193-acc6d22c362d,113,partially_filled
20260512105048499::d8dfac5b-c5a6-4f35-9dd2-3cb3351864b1,FILL,2026-05-12 14:50:48.499373+00:00,partial_fill,46.28,487,sell,WOLF,9,b924cc00-2138-467d-8193-acc6d22c362d,600,partially_filled
20260512105048838::1285bd27-0d51-439d-b067-e0e39c4307dd,FILL,2026-05-12 14:50:48.838549+00:00,partial_fill,46.28,3,sell,WOLF,6,b924cc00-2138-467d-8193-acc6d22c362d,603,partially_filled
20260512105049349::6ed90569-3aa6-4222-9e4d-1f0452b5b6fe,FILL,2026-05-12 14:50:49.349822+00:00,fill,46.28,6,sell,WOLF,0,b924cc00-2138-467d-8193-acc6d22c362d,609,filled
20260512111246884::19382659-38a8-4370-9e08-92471a956b6e,FILL,2026-05-12 15:12:46.884016+00:00,partial_fill,742.2,27,sell,MU,10,4c71ccbf-4308-40e1-a718-d5a69696b68b,27,partially_filled
20260512111248031::86b77559-bddb-4509-8c48-51424cb648cb,FILL,2026-05-12 15:12:48.031863+00:00,partial_fill,742.11,8,sell,MU,2,4c71ccbf-4308-40e1-a718-d5a69696b68b,35,partially_filled
20260512111248800::4d8a65e9-3d13-4aaa-a1c5-bddb0ea7cdd0,FILL,2026-05-12 15:12:48.800686+00:00,fill,742.11,2,sell,MU,0,4c71ccbf-4308-40e1-a718-d5a69696b68b,37,filled
20260512115934287::705ff1b3-bf58-4a58-85bb-078a8a3e6bd2,FILL,2026-05-12 15:59:34.287957+00:00,fill,432.51,67,sell,AMD,0,7449ffc2-394f-4adc-9a6d-59977ac0f118,67,filled
20260512115934406::a3855e3b-14ff-4e0d-8607-7ac8027d4f53,FILL,2026-05-12 15:59:34.406683+00:00,partial_fill,31.29,225,sell,SMCI,564,e672e56e-1a29-48cd-9c98-86d496a56f6b,225,partially_filled
20260512115935024::e3eeb1d8-20aa-44d2-8514-fd289ca7c758,FILL,2026-05-12 15:59:35.024951+00:00,fill,31.29,564,sell,SMCI,0,e672e56e-1a29-48cd-9c98-86d496a56f6b,789,filled
20260512133001556::0ac2ca13-59cc-47f6-ad6e-c0517453ecb8,FILL,2026-05-12 17:30:01.556989+00:00,partial_fill,36.51,634,buy,ENPH,147,1b024899-9a5b-4b1c-92de-e5da3944835e,634,partially_filled
20260512133002277::f140316e-5d11-43f0-9875-91a533533e35,FILL,2026-05-12 17:30:02.277203+00:00,partial_fill,36.51,130,buy,ENPH,17,1b024899-9a5b-4b1c-92de-e5da3944835e,764,partially_filled
20260512133002667::52e0a06d-c4f9-4445-a6f2-5a78e7e1d887,FILL,2026-05-12 17:30:02.667710+00:00,fill,36.51,17,buy,ENPH,0,1b024899-9a5b-4b1c-92de-e5da3944835e,781,filled
20260513094302817::0c7d9b38-c061-4230-9d4e-8778041e1bd7,FILL,2026-05-13 13:43:02.817381+00:00,fill,23.43,1221,buy,CORZ,0,7c6b82d9-2c51-4b05-a6df-329e559aaf4d,1221,filled
20260513102626886::3f73843f-7cb0-4150-9bc1-52ac21ed41ec,FILL,2026-05-13 14:26:26.886369+00:00,fill,41.26,781,sell,ENPH,0,4ba8d953-52b3-4a4d-96b3-bc12e5378093,781,filled
20260514093751218::3865972d-8a42-4d6d-acda-2f146449e6cd,FILL,2026-05-14 13:37:51.218704+00:00,fill,231.07,140,sell,NVDA,0,672a289c-ef7f-489d-b82f-d0f38c28be87,140,filled
20260514095335774::5e17d6ad-292a-480d-a5ab-88c6785e16e9,FILL,2026-05-14 13:53:35.774362+00:00,fill,54.95,563,buy,IONQ,0,818f789f-92cf-4b72-bea8-101d960ade25,563,filled
20260514095507999::873ce505-0c70-4395-8cd2-09d1f9369775,FILL,2026-05-14 13:55:07.999931+00:00,partial_fill,802.35,15,buy,MU,23,59da32dc-433b-4221-85c5-290ae670635c,15,partially_filled
20260514095508141::0d9c6a3c-db14-41c2-bd82-469e90fe1c35,FILL,2026-05-14 13:55:08.141436+00:00,fill,802.07,38,buy,MU,0,22b642b4-3661-48a6-a748-9774754ba930,38,filled
20260514095508983::29b9f8a4-41ca-4a77-83e2-15cd02dbf0e4,FILL,2026-05-14 13:55:08.983283+00:00,fill,802.03,23,buy,MU,0,59da32dc-433b-4221-85c5-290ae670635c,38,filled
20260514122837235::38d7ad8b-f925-42b6-b57f-372dd59bafdb,FILL,2026-05-14 16:28:37.235526+00:00,partial_fill,131.56,88,sell,RKLB,42,beab6a85-7cc9-4bdc-be5c-54445481b148,88,partially_filled
20260514122837922::098d55f6-c0be-4e1b-9ecd-0d2e20ed0dde,FILL,2026-05-14 16:28:37.922875+00:00,partial_fill,131.56,30,sell,RKLB,12,beab6a85-7cc9-4bdc-be5c-54445481b148,118,partially_filled
20260514122838332::047c993f-7d9c-4112-9fe2-b21f95e340da,FILL,2026-05-14 16:28:38.332867+00:00,fill,131.56,12,sell,RKLB,0,beab6a85-7cc9-4bdc-be5c-54445481b148,130,filled
20260514162219391::6ab7c6ae-4971-4197-9529-24805671d6d4,FILL,2026-05-14 20:22:19.391248+00:00,fill,33.02,477,buy,SMCI,0,3aea425b-402c-48ed-83db-58524281ba70,477,filled
20260515070416599::dc1ba80c-8ede-4bc8-a403-a2b51994e43c,FILL,2026-05-15 11:04:16.599308+00:00,partial_fill,10.95,1090,buy,ONDS,308,9f71723e-1da4-4ca4-830d-607a63f00eae,1090,partially_filled
20260515070416848::5fee71c7-f521-4005-b152-38d32f7d3878,FILL,2026-05-15 11:04:16.848655+00:00,partial_fill,10.95,34,buy,ONDS,274,9f71723e-1da4-4ca4-830d-607a63f00eae,1124,partially_filled
20260515070417172::235801f0-aec5-40c2-9a79-d0c3a01207bb,FILL,2026-05-15 11:04:17.172515+00:00,fill,10.95,274,buy,ONDS,0,9f71723e-1da4-4ca4-830d-607a63f00eae,1398,filled
20260515093033155::dfbc7be0-e5a5-40ce-90f7-4d06a20f8a0b,FILL,2026-05-15 13:30:33.155575+00:00,fill,740.34,76,sell,MU,0,2afd620d-5976-4f89-bef6-c29a816b2d8b,76,filled
20260515093939980::f4aaa225-2864-460a-9727-06c97016c8d5,FILL,2026-05-15 13:39:39.980355+00:00,fill,31.29,477,sell,SMCI,0,4ef73a87-d5bc-41a8-8240-03a313036c01,477,filled
20260515094011257::fa7d10cf-7a6d-4eb6-9136-1d7f2d463474,FILL,2026-05-15 13:40:11.257190+00:00,partial_fill,52.09,96,sell,IONQ,467,1ee1018c-7516-4f59-81db-babe7747b6a4,96,partially_filled
20260515094011775::03e1abf7-060b-4b25-933f-2241a1231096,FILL,2026-05-15 13:40:11.775164+00:00,fill,52.12,467,sell,IONQ,0,1ee1018c-7516-4f59-81db-babe7747b6a4,563,filled
20260515094630471::646823e3-1bf5-4951-af09-c5ee9e27cc33,FILL,2026-05-15 13:46:30.471487+00:00,partial_fill,2.98,6302,buy,SPCE,3446,fcfb7309-ca83-4c55-8747-855bf61ec5c5,6302,partially_filled
20260515094630846::135e6904-b048-450b-a8cc-9e366689fc31,FILL,2026-05-15 13:46:30.846196+00:00,fill,2.98,3446,buy,SPCE,0,fcfb7309-ca83-4c55-8747-855bf61ec5c5,9748,filled
20260515094942123::ada0db9a-e238-494e-9cbd-8b272adfc62f,FILL,2026-05-15 13:49:42.123460+00:00,fill,2.81,9748,sell,SPCE,0,f209d308-6f61-4de1-90a2-9da0cbc122ab,9748,filled
20260515095750943::7b579e65-2189-48d9-ad63-e0ab1dbe1468,FILL,2026-05-15 13:57:50.943841+00:00,partial_fill,203.52,71,buy,QCOM,71,6e0d771e-9303-48fa-9822-c765fe69534a,71,partially_filled
20260515095751104::7834f387-394b-4c71-8ecf-4bfa5392424a,FILL,2026-05-15 13:57:51.104237+00:00,partial_fill,203.52,11,buy,QCOM,60,6e0d771e-9303-48fa-9822-c765fe69534a,82,partially_filled
20260515095752172::bd0f7254-8cbe-4ce5-9771-5ed23016148b,FILL,2026-05-15 13:57:52.172034+00:00,partial_fill,203.52,30,buy,QCOM,30,6e0d771e-9303-48fa-9822-c765fe69534a,112,partially_filled
20260515095806081::313b0ead-c565-4a73-86fa-d1c5fdae3de7,FILL,2026-05-15 13:58:06.081718+00:00,partial_fill,203.49,16,buy,QCOM,14,6e0d771e-9303-48fa-9822-c765fe69534a,128,partially_filled
20260515095807503::6a12f54a-f847-4b58-ae5f-29c128ad367b,FILL,2026-05-15 13:58:07.503748+00:00,fill,203.49,14,buy,QCOM,0,6e0d771e-9303-48fa-9822-c765fe69534a,142,filled
20260518090014153::ec31e392-a445-4c75-a891-57a6b90866f6,FILL,2026-05-18 13:00:14.153717+00:00,partial_fill,183.68,24,buy,MRVL,54,23b4f485-0293-49fd-8e19-463b498a848e,24,partially_filled
20260518090014403::afde8527-450f-4d58-b672-948c86bd5cf2,FILL,2026-05-18 13:00:14.403637+00:00,partial_fill,183.68,23,buy,MRVL,31,23b4f485-0293-49fd-8e19-463b498a848e,47,partially_filled
20260518090015030::876b1761-1ce2-475e-ba0f-d2e36a3bb328,FILL,2026-05-18 13:00:15.030712+00:00,fill,183.68,31,buy,MRVL,0,23b4f485-0293-49fd-8e19-463b498a848e,78,filled
20260518092545644::cb7c4604-04d5-49d7-8d35-96cf7c02ffe2,FILL,2026-05-18 13:25:45.644792+00:00,partial_fill,182.13,8,buy,MRVL,71,7a4e2ae9-c30f-4d9c-9be4-8dcb57f48054,8,partially_filled
20260518092546332::ad0b9a61-b64f-41db-ba8f-c911aac3c37d,FILL,2026-05-18 13:25:46.332164+00:00,fill,182.13,71,buy,MRVL,0,7a4e2ae9-c30f-4d9c-9be4-8dcb57f48054,79,filled
20260518093150294::bf1acd42-6ba5-4393-bdd2-4f5ff5dc4121,FILL,2026-05-18 13:31:50.294816+00:00,partial_fill,52.88,29,sell,IREN,246,31de5f30-e164-4c7b-a9dd-fd771874d915,29,partially_filled
20260518093521499::cc296cd9-20a8-473f-93fa-88706caa8a9f,FILL,2026-05-18 13:35:21.499328+00:00,partial_fill,52.24,166,sell,IREN,80,31de5f30-e164-4c7b-a9dd-fd771874d915,195,partially_filled
20260518093651232::f5968728-2e4a-4cc3-bd05-6780cc47d377,FILL,2026-05-18 13:36:51.232451+00:00,partial_fill,52.02,16,sell,IREN,64,31de5f30-e164-4c7b-a9dd-fd771874d915,211,partially_filled
20260518093744564::27400de0-d7c5-465e-be06-b1938940aa07,FILL,2026-05-18 13:37:44.564400+00:00,fill,52.16,64,sell,IREN,0,31de5f30-e164-4c7b-a9dd-fd771874d915,275,filled
20260518093905331::b838cb0b-2d7b-4267-be90-f9bbe90ab403,FILL,2026-05-18 13:39:05.331927+00:00,fill,10.24,1398,sell,ONDS,0,b4257d12-67c1-4d12-93a9-f367879ad850,1398,filled
20260518094217664::151f5a91-15cf-4936-970a-9b7b6ee1f94e,FILL,2026-05-18 13:42:17.664017+00:00,fill,734.85,36,buy,MU,0,80fc2a25-2174-4f7f-9273-2e11dcdf3bd7,36,filled
20260518094524544::888111e6-2871-4fca-8cd1-a948893dd72b,FILL,2026-05-18 13:45:24.544444+00:00,partial_fill,385.0,50,buy,UNH,20,2ea8e3ce-4bba-488e-a002-3d5b84639aae,50,partially_filled
20260518094525028::b3737a1b-6452-48d0-988e-02584ff9b4c9,FILL,2026-05-18 13:45:25.028119+00:00,partial_fill,385.0,14,buy,UNH,6,2ea8e3ce-4bba-488e-a002-3d5b84639aae,64,partially_filled
20260518094526979::3f7aa7f8-d163-4112-9ad1-0921dc0fb7df,FILL,2026-05-18 13:45:26.979765+00:00,partial_fill,385.0,1,buy,UNH,5,2ea8e3ce-4bba-488e-a002-3d5b84639aae,65,partially_filled
20260518094527447::8d261506-d241-458d-b96f-08a9122435c8,FILL,2026-05-18 13:45:27.447002+00:00,partial_fill,385.0,1,buy,UNH,4,2ea8e3ce-4bba-488e-a002-3d5b84639aae,66,partially_filled
20260518094528501::6703fc5f-ed06-49d1-bbac-3eb78ab33a13,FILL,2026-05-18 13:45:28.501474+00:00,partial_fill,385.0,2,buy,UNH,2,2ea8e3ce-4bba-488e-a002-3d5b84639aae,68,partially_filled
20260518094529392::55060193-5c31-455f-ace5-caa010400abc,FILL,2026-05-18 13:45:29.392487+00:00,fill,384.99,2,buy,UNH,0,2ea8e3ce-4bba-488e-a002-3d5b84639aae,70,filled
20260518094829910::b44cee4f-5ae6-4088-8446-8399d2dddc55,FILL,2026-05-18 13:48:29.910606+00:00,partial_fill,173.55,91,sell,MRVL,66,636102d7-ab0f-4c6c-ba32-4d917f862de4,91,partially_filled
20260518094830498::9ef4941c-95dc-4d9c-bd8b-35c6e87a8600,FILL,2026-05-18 13:48:30.498295+00:00,fill,173.55,66,sell,MRVL,0,636102d7-ab0f-4c6c-ba32-4d917f862de4,157,filled
20260518095141597::b06b6146-8256-45cb-9cfd-feac676b3e82,FILL,2026-05-18 13:51:41.597478+00:00,fill,63.0,424,buy,WOLF,0,c7f4b406-2304-4eb1-9f12-170d3b8ac91e,424,filled
20260518100100025::a9e8f181-153c-41b3-9ef5-d6a59e3df172,FILL,2026-05-18 14:01:00.025375+00:00,partial_fill,5.73,3558,sell,LCID,1408,6913759c-f33d-419a-b424-adf8138a7f34,3558,partially_filled
20260518100100377::71786108-4dc1-400d-bca8-d4088aa75fc0,FILL,2026-05-18 14:01:00.377777+00:00,partial_fill,5.73,818,sell,LCID,590,6913759c-f33d-419a-b424-adf8138a7f34,4376,partially_filled
20260518100101137::cc5cc450-fbc0-4483-8d78-8ba9725ff72e,FILL,2026-05-18 14:01:01.137680+00:00,partial_fill,5.73,134,sell,LCID,456,6913759c-f33d-419a-b424-adf8138a7f34,4510,partially_filled
20260518100102128::e0c6301d-ff85-4260-90b4-486cbd91f6e4,FILL,2026-05-18 14:01:02.128140+00:00,partial_fill,5.73,224,sell,LCID,232,6913759c-f33d-419a-b424-adf8138a7f34,4734,partially_filled
20260518100103353::ea7e4e19-1190-4814-aaa1-64a96c1d4ea1,FILL,2026-05-18 14:01:03.353845+00:00,partial_fill,5.73,25,sell,LCID,207,6913759c-f33d-419a-b424-adf8138a7f34,4759,partially_filled
20260518100103830::782ea865-6570-41c0-9f2d-6db823669a3f,FILL,2026-05-18 14:01:03.830367+00:00,partial_fill,5.73,50,sell,LCID,157,6913759c-f33d-419a-b424-adf8138a7f34,4809,partially_filled
20260518100105177::f90091bc-f9ea-4d4d-bb1e-46b398b26b6b,FILL,2026-05-18 14:01:05.177199+00:00,partial_fill,5.73,104,sell,LCID,53,6913759c-f33d-419a-b424-adf8138a7f34,4913,partially_filled
20260518100106083::eab9483d-277b-4615-b83e-5dacb7ebdf87,FILL,2026-05-18 14:01:06.083267+00:00,partial_fill,5.73,11,sell,LCID,42,6913759c-f33d-419a-b424-adf8138a7f34,4924,partially_filled
20260518100107071::7076ecb4-fb7e-4f31-b006-27566ffd424e,FILL,2026-05-18 14:01:07.071406+00:00,fill,5.73,42,sell,LCID,0,6913759c-f33d-419a-b424-adf8138a7f34,4966,filled
20260518102917317::c43d308c-9ad6-4438-bfdd-241178ca3206,FILL,2026-05-18 14:29:17.317805+00:00,fill,59.4,424,sell,WOLF,0,c8ae5e99-b94b-45c0-ba6b-3ed40aab3bc0,424,filled
20260518103012365::76e402a3-89b5-49b9-9d7c-8509714f0af2,FILL,2026-05-18 14:30:12.365188+00:00,partial_fill,16.07,1091,buy,SOFI,570,d4206525-6c14-412a-a37e-6eafbe0a4f2f,1091,partially_filled
20260518103012776::85dbfc48-5c38-4e8c-a3c7-44f669fc133e,FILL,2026-05-18 14:30:12.776603+00:00,fill,16.07,570,buy,SOFI,0,d4206525-6c14-412a-a37e-6eafbe0a4f2f,1661,filled
20260518104550115::2186d2cb-185a-44d5-b4e4-d147900ef541,FILL,2026-05-18 14:45:50.115525+00:00,fill,696.05,36,sell,MU,0,39f1a302-9ac0-49c9-9529-146a486b56b0,36,filled
20260519094203515::b88cb2a1-e66d-42c3-9627-7e66f461e416,FILL,2026-05-19 13:42:03.515095+00:00,partial_fill,15.23,1110,sell,SOFI,551,81050565-2b96-4aa5-9c8d-a9485211fa41,1110,partially_filled
20260519094203982::b17d47d0-3590-4f64-803d-ae079c4ead2a,FILL,2026-05-19 13:42:03.982249+00:00,fill,15.23,551,sell,SOFI,0,81050565-2b96-4aa5-9c8d-a9485211fa41,1661,filled
20260519094606537::fa0b4538-2251-43a0-a3f9-bf6afc165e87,FILL,2026-05-19 13:46:06.537012+00:00,fill,13.39,1978,buy,CLSK,0,d63bef89-c05a-4321-9900-159ce10f6570,1978,filled
20260519094635437::4e4c54c8-19d5-4f37-ba9c-3ec17c6309ca,FILL,2026-05-19 13:46:35.437226+00:00,fill,169.28,156,buy,MRVL,0,a377dd81-a2e3-4856-b051-7b36f3269908,156,filled
20260519101028959::7606206d-fe41-4132-b7ca-c17646291f35,FILL,2026-05-19 14:10:28.959203+00:00,partial_fill,22.19,25,sell,CORZ,1196,7e7d1bd8-cd96-4f92-b13c-1fc947313974,25,partially_filled
20260519101029193::1ba0a8c5-00d2-409d-8267-c7234a6c0aa0,FILL,2026-05-19 14:10:29.193751+00:00,partial_fill,192.37,12,sell,QCOM,130,277fcaa3-48f5-4a57-a7a5-a20b0f4f74cd,12,partially_filled
20260519101029540::ce081094-5c7e-4f17-a7f5-2b154507a903,FILL,2026-05-19 14:10:29.540520+00:00,partial_fill,22.19,197,sell,CORZ,999,7e7d1bd8-cd96-4f92-b13c-1fc947313974,222,partially_filled
20260519101029791::7479cfe3-3f9a-4fdf-968a-fcbacd42491a,FILL,2026-05-19 14:10:29.791449+00:00,partial_fill,192.52,120,sell,QCOM,10,277fcaa3-48f5-4a57-a7a5-a20b0f4f74cd,132,partially_filled
20260519101030294::af9e36fe-d1b5-4bd2-8c11-18aa5e7d4204,FILL,2026-05-19 14:10:30.294616+00:00,fill,22.19,999,sell,CORZ,0,7e7d1bd8-cd96-4f92-b13c-1fc947313974,1221,filled
20260519101030533::544fdcf6-b108-485d-848b-73309c4f8a29,FILL,2026-05-19 14:10:30.533194+00:00,partial_fill,192.52,6,sell,QCOM,4,277fcaa3-48f5-4a57-a7a5-a20b0f4f74cd,138,partially_filled
20260519101030964::856e60be-97c8-4a83-a5a0-168f775668d9,FILL,2026-05-19 14:10:30.964860+00:00,partial_fill,192.52,2,sell,QCOM,2,277fcaa3-48f5-4a57-a7a5-a20b0f4f74cd,140,partially_filled
20260519101031627::8a92dd21-4d26-4df0-b4d4-f90c1ffc4b1b,FILL,2026-05-19 14:10:31.627832+00:00,fill,192.58,2,sell,QCOM,0,277fcaa3-48f5-4a57-a7a5-a20b0f4f74cd,142,filled
20260519101715439::669ea5fb-e409-4d09-af3f-c4763ccb3094,FILL,2026-05-19 14:17:15.439945+00:00,fill,21.91,1209,sell,RIOT,0,c47fbba2-95c5-46b9-85d7-fc2cae4bc6f3,1209,filled
20260519102351375::16741ce9-56de-414b-857e-30b1906cdd16,FILL,2026-05-19 14:23:51.375190+00:00,fill,257.17,55,sell,AMZN,0,8a775817-9dde-47e9-a24c-6ad363664de9,55,filled
20260520093805770::b96a125f-55a2-4e65-b078-576cda71d83f,FILL,2026-05-20 13:38:05.770711+00:00,partial_fill,242.27,39,sell,ARM,106,7392176b-eef2-4abc-a5cc-033d17976ae3,39,partially_filled
20260520093806080::6a5ddbf2-1a3e-4303-be44-d8ddf353daf1,FILL,2026-05-20 13:38:06.080540+00:00,partial_fill,15.27,1955,sell,CLSK,23,80254983-5e81-493b-a3c1-881aaf043185,1955,partially_filled
20260520093806359::4f29561e-c079-4510-8921-05900e215c6e,FILL,2026-05-20 13:38:06.359482+00:00,partial_fill,15.27,16,sell,CLSK,7,80254983-5e81-493b-a3c1-881aaf043185,1971,partially_filled
20260520093806737::a9bddb5d-20f4-4fa2-b265-22e5199fd401,FILL,2026-05-20 13:38:06.737762+00:00,partial_fill,242.41,62,sell,ARM,44,7392176b-eef2-4abc-a5cc-033d17976ae3,101,partially_filled
20260520093807311::968c3d6d-1c0c-4fdc-a571-7bc21c4cf816,FILL,2026-05-20 13:38:07.311686+00:00,partial_fill,15.26,3,sell,CLSK,4,80254983-5e81-493b-a3c1-881aaf043185,1974,partially_filled
20260520093807732::1adc0234-65b7-4472-8040-3a16390be8e6,FILL,2026-05-20 13:38:07.732779+00:00,fill,242.41,44,sell,ARM,0,7392176b-eef2-4abc-a5cc-033d17976ae3,145,filled
20260520093808201::131a890f-4d30-4246-8edd-756f241ab57c,FILL,2026-05-20 13:38:08.201006+00:00,partial_fill,15.27,3,sell,CLSK,1,80254983-5e81-493b-a3c1-881aaf043185,1977,partially_filled
20260520093809336::edc74c24-79d4-4b89-9578-42b7865680bc,FILL,2026-05-20 13:38:09.336874+00:00,fill,15.25,1,sell,CLSK,0,80254983-5e81-493b-a3c1-881aaf043185,1978,filled
20260520094517242::51fb8ea4-d281-4b79-b644-acd7e8c82254,FILL,2026-05-20 13:45:17.242061+00:00,partial_fill,96.89,7,buy,HUT,286,91770802-428d-4c98-be82-942e32d322ee,7,partially_filled
20260520094713663::8d884a9a-dd58-4672-bae0-f34af617e706,FILL,2026-05-20 13:47:13.663425+00:00,partial_fill,96.87,74,buy,HUT,212,91770802-428d-4c98-be82-942e32d322ee,81,partially_filled
20260520094714914::be4efd54-4284-4e89-8d3d-2ca17decd70b,FILL,2026-05-20 13:47:14.914002+00:00,partial_fill,96.86,127,buy,HUT,85,91770802-428d-4c98-be82-942e32d322ee,208,partially_filled
20260520094715638::74dbf63b-6995-4d6c-a65b-7091d3d62da4,FILL,2026-05-20 13:47:15.638128+00:00,partial_fill,96.86,71,buy,HUT,14,91770802-428d-4c98-be82-942e32d322ee,279,partially_filled
20260520094716216::f992a6a6-2d0b-46ff-a2c9-b5315a3a6e77,FILL,2026-05-20 13:47:16.216718+00:00,partial_fill,96.86,4,buy,HUT,10,91770802-428d-4c98-be82-942e32d322ee,283,partially_filled
20260520094717185::9497bd97-5e52-4226-bd3f-c0503868f97b,FILL,2026-05-20 13:47:17.185554+00:00,partial_fill,96.86,3,buy,HUT,7,91770802-428d-4c98-be82-942e32d322ee,286,partially_filled
20260520094717864::cf96b844-21a2-497e-b336-2dda07e81f9b,FILL,2026-05-20 13:47:17.864889+00:00,partial_fill,96.86,2,buy,HUT,5,91770802-428d-4c98-be82-942e32d322ee,288,partially_filled
20260520094718611::c945d7f8-6b9f-4dc3-bd1b-4a9712f28007,FILL,2026-05-20 13:47:18.611710+00:00,partial_fill,96.86,4,buy,HUT,1,91770802-428d-4c98-be82-942e32d322ee,292,partially_filled
20260520094718913::565b6448-3f66-41f2-81cb-4fbd9929e1b0,FILL,2026-05-20 13:47:18.913632+00:00,fill,96.86,1,buy,HUT,0,91770802-428d-4c98-be82-942e32d322ee,293,filled
20260520094807257::dceb0bc1-0e66-461b-8020-7b1f945f357e,FILL,2026-05-20 13:48:07.257957+00:00,partial_fill,189.84,123,sell,MRVL,33,de5caf82-96a3-448b-bb44-59cdc59b205e,123,partially_filled
20260520094808064::bed9821f-4dee-4d89-9a15-3b930ecaebe4,FILL,2026-05-20 13:48:08.064275+00:00,partial_fill,189.92,12,sell,MRVL,21,de5caf82-96a3-448b-bb44-59cdc59b205e,135,partially_filled
20260520094808798::a7f3c032-fab0-4c9a-8723-854460b50e5f,FILL,2026-05-20 13:48:08.798394+00:00,partial_fill,189.92,14,sell,MRVL,7,de5caf82-96a3-448b-bb44-59cdc59b205e,149,partially_filled
20260520094809518::36f29a1b-6988-463b-9ea3-bc41e229114f,FILL,2026-05-20 13:48:09.518886+00:00,partial_fill,189.92,4,sell,MRVL,3,de5caf82-96a3-448b-bb44-59cdc59b205e,153,partially_filled
20260520094810010::5d308f2d-7a0c-4fa8-bdec-576ce8ab2f99,FILL,2026-05-20 13:48:10.010478+00:00,fill,189.92,3,sell,MRVL,0,de5caf82-96a3-448b-bb44-59cdc59b205e,156,filled
20260520095104680::1067f61c-ea48-4f90-af6e-9c00239086a0,FILL,2026-05-20 13:51:04.680038+00:00,partial_fill,189.18,12,buy,MRVL,137,140c2019-3066-4669-9fb2-87d4d9b19770,12,partially_filled
20260520095106099::49e579ed-e8d4-4aea-9bf2-367992b312c2,FILL,2026-05-20 13:51:06.099790+00:00,partial_fill,189.16,104,buy,MRVL,33,140c2019-3066-4669-9fb2-87d4d9b19770,116,partially_filled
20260520095113832::059937c5-c88b-4aae-8947-933eb0881722,FILL,2026-05-20 13:51:13.832455+00:00,fill,188.94,33,buy,MRVL,0,140c2019-3066-4669-9fb2-87d4d9b19770,149,filled
20260520095115309::b7a392a4-caba-4822-a876-f463ec7b531d,FILL,2026-05-20 13:51:15.309403+00:00,fill,164.24,173,buy,SOXL,0,d76dcebe-d4ab-45c2-8d61-b9f3c61a82d4,173,filled
20260521094702198::c72b5684-b672-4b92-8641-acabb5da2f99,FILL,2026-05-21 13:47:02.198353+00:00,partial_fill,23.78,297,buy,CORZ,916,4ea4b0f7-684f-4c65-8df9-7b636a8f5d0e,297,partially_filled
20260521094702454::1080bdb4-82a1-4de5-b964-1e2499c3f6da,FILL,2026-05-21 13:47:02.454469+00:00,partial_fill,23.78,817,buy,CORZ,99,4ea4b0f7-684f-4c65-8df9-7b636a8f5d0e,1114,partially_filled
20260521094703422::69febcc8-c20a-4739-bb28-73652b6e7794,FILL,2026-05-21 13:47:03.422032+00:00,partial_fill,23.79,76,buy,CORZ,23,4ea4b0f7-684f-4c65-8df9-7b636a8f5d0e,1190,partially_filled
20260521094704218::b885ee51-842a-45de-b4e1-f3ecbaf3058a,FILL,2026-05-21 13:47:04.218586+00:00,fill,23.79,23,buy,CORZ,0,4ea4b0f7-684f-4c65-8df9-7b636a8f5d0e,1213,filled
20260521094723079::a3b94514-c67c-4ce6-8ed8-e3e4be4c80b5,FILL,2026-05-21 13:47:23.079688+00:00,partial_fill,55.62,511,buy,ENPH,6,3209529f-aa5b-426c-915a-147e41e9a774,511,partially_filled
20260521094723721::fb8f40da-8d50-49af-a058-0a48697ac33c,FILL,2026-05-21 13:47:23.721044+00:00,partial_fill,55.62,2,buy,ENPH,4,3209529f-aa5b-426c-915a-147e41e9a774,513,partially_filled
20260521094724654::f45c9347-9202-4944-868c-762ca125ec14,FILL,2026-05-21 13:47:24.654638+00:00,partial_fill,55.62,2,buy,ENPH,2,3209529f-aa5b-426c-915a-147e41e9a774,515,partially_filled
20260521094725517::4d51bbff-b119-4db3-bd72-25600b0d8844,FILL,2026-05-21 13:47:25.517713+00:00,partial_fill,55.62,1,buy,ENPH,1,3209529f-aa5b-426c-915a-147e41e9a774,516,partially_filled
20260521094726176::d1513c8b-ddfc-4c99-8a27-0106b0613a63,FILL,2026-05-21 13:47:26.176010+00:00,fill,55.53,1,buy,ENPH,0,3209529f-aa5b-426c-915a-147e41e9a774,517,filled
20260521110128275::c8d613fd-0b52-464a-a44c-92fa6268925f,FILL,2026-05-21 15:01:28.275156+00:00,fill,204.33,141,buy,QCOM,0,65ff5c84-f70f-410c-a527-444172ed89f1,141,filled
20260521110128441::ecc5a4d9-3f72-4b13-b6bf-326937da3708,FILL,2026-05-21 15:01:28.441442+00:00,partial_fill,204.31,105,buy,QCOM,36,fdded3ef-08d8-4e42-bca5-7d15f9d53a38,105,partially_filled
20260521110129438::0ce99882-7a9d-45b5-8427-5bb1dd8c7232,FILL,2026-05-21 15:01:29.438120+00:00,partial_fill,204.31,13,buy,QCOM,23,fdded3ef-08d8-4e42-bca5-7d15f9d53a38,118,partially_filled
20260521110130573::d9f1b369-1a18-475f-8b98-346aeb4b3626,FILL,2026-05-21 15:01:30.573646+00:00,fill,204.33,23,buy,QCOM,0,fdded3ef-08d8-4e42-bca5-7d15f9d53a38,141,filled
20260521135108183::98243fb2-8b6a-4fde-9ec6-618b29c1e5ff,FILL,2026-05-21 17:51:08.183915+00:00,partial_fill,62.73,262,sell,ENPH,255,6cb5ceff-a966-4cd0-b175-2189acf0d38d,262,partially_filled
20260521135109483::ef148633-24f5-4ea5-a74d-9ac640c3acaa,FILL,2026-05-21 17:51:09.483423+00:00,partial_fill,62.73,251,sell,ENPH,4,6cb5ceff-a966-4cd0-b175-2189acf0d38d,513,partially_filled
20260521135110297::621073d4-156b-4c1b-a6ff-ff96349dc57c,FILL,2026-05-21 17:51:10.297956+00:00,fill,62.72,4,sell,ENPH,0,6cb5ceff-a966-4cd0-b175-2189acf0d38d,517,filled
20260522093647850::4f3a961a-cbcd-4147-9456-5e8db11fe0a2,FILL,2026-05-22 13:36:47.850895+00:00,fill,187.47,173,sell,SOXL,0,87dc944f-e0f1-431f-85f8-1b239d2ac798,173,filled
20260522101015750::1df5dc3d-79cb-4022-b174-f5a16eef529d,FILL,2026-05-22 14:10:15.750314+00:00,partial_fill,15.99,357,buy,CLSK,1624,2e37ecaa-c5f8-4d21-8322-26645230a886,357,partially_filled
20260522101016053::0d157456-0ed1-400f-818a-b88bf2de99bc,FILL,2026-05-22 14:10:16.053533+00:00,partial_fill,15.99,198,buy,CLSK,1426,2e37ecaa-c5f8-4d21-8322-26645230a886,555,partially_filled
20260522101028249::9f9825d7-87a7-44b5-9caf-ce7b72788e2b,FILL,2026-05-22 14:10:28.249410+00:00,partial_fill,15.99,340,buy,CLSK,1086,2e37ecaa-c5f8-4d21-8322-26645230a886,895,partially_filled
20260522101029076::21b4138f-6f65-480b-b930-b7a0df211845,FILL,2026-05-22 14:10:29.076541+00:00,fill,15.98,1086,buy,CLSK,0,2e37ecaa-c5f8-4d21-8322-26645230a886,1981,filled
20260522101657625::d2c436dc-d1fb-4e6f-863c-e5fb8ca357c2,FILL,2026-05-22 14:16:57.625808+00:00,partial_fill,232.62,244,sell,QCOM,38,ac375a7a-5e0a-42c9-a686-1a603b701881,244,partially_filled
20260522101658004::25be7e27-a6a3-41a8-a0ab-205e4b3fe5a3,FILL,2026-05-22 14:16:58.004156+00:00,partial_fill,232.62,14,sell,QCOM,24,ac375a7a-5e0a-42c9-a686-1a603b701881,258,partially_filled
20260522101658670::2192e843-dc0e-4f25-8e29-170caba2d500,FILL,2026-05-22 14:16:58.670945+00:00,partial_fill,232.62,16,sell,QCOM,8,ac375a7a-5e0a-42c9-a686-1a603b701881,274,partially_filled
20260522101659439::0a8c62fb-44d8-41e3-9cec-2f227eaa71d6,FILL,2026-05-22 14:16:59.439874+00:00,fill,232.61,8,sell,QCOM,0,ac375a7a-5e0a-42c9-a686-1a603b701881,282,filled
20260522145816206::84eae25c-a92b-4665-b6bf-716683999dda,FILL,2026-05-22 18:58:16.206641+00:00,partial_fill,108.21,42,sell,HUT,251,ac3a458a-16e7-4117-9980-fc170bfe089f,42,partially_filled
20260522145817066::8ce798fd-d8c1-4424-9a56-a3985ac507c0,FILL,2026-05-22 18:58:17.066805+00:00,partial_fill,108.21,92,sell,HUT,159,ac3a458a-16e7-4117-9980-fc170bfe089f,134,partially_filled
20260522145817922::f2b56e88-110d-4360-a8c5-d2b0e7fa5317,FILL,2026-05-22 18:58:17.922643+00:00,fill,108.21,159,sell,HUT,0,ac3a458a-16e7-4117-9980-fc170bfe089f,293,filled
20260526094317357::dd15d7e5-fec9-4dd0-845c-b3204049be8e,FILL,2026-05-26 13:43:17.357467+00:00,partial_fill,212.0,21,sell,MRVL,128,ac0e3029-c023-4d39-8e79-9f87af9a3fef,21,partially_filled
20260526094426741::b96cf5d8-d615-4576-8204-9d122b2d6271,FILL,2026-05-26 13:44:26.741581+00:00,fill,76.45,429,buy,WOLF,0,10ffd67b-2e39-43eb-bc37-de53b9a7ed48,429,filled
20260526094503225::0c3b828e-65d4-44d8-bf8d-52fcc36bd8aa,FILL,2026-05-26 13:45:03.225621+00:00,partial_fill,211.17,88,sell,MRVL,40,ac0e3029-c023-4d39-8e79-9f87af9a3fef,109,partially_filled
20260526094546693::7e2c6e67-37ae-48b8-8b8c-97b9c1ec25fe,FILL,2026-05-26 13:45:46.693743+00:00,fill,211.55,40,sell,MRVL,0,ac0e3029-c023-4d39-8e79-9f87af9a3fef,149,filled
20260526094707022::d2b1b71f-7673-4909-8005-2b00089f240b,FILL,2026-05-26 13:47:07.022153+00:00,fill,2.02,16148,buy,BTBT,0,be8456c5-7805-46a5-992a-a7223bfbfb0b,16148,filled
20260526094748172::869bffe9-9b42-46f8-9950-cfef841eac85,FILL,2026-05-26 13:47:48.172875+00:00,partial_fill,25.23,1206,buy,WULF,107,85e49928-e219-412d-871b-a20f57bd6e84,1206,partially_filled
20260526094808964::62dd2362-f913-43b7-9ca5-d1f3ef40684f,FILL,2026-05-26 13:48:08.964220+00:00,partial_fill,25.16,51,buy,WULF,56,85e49928-e219-412d-871b-a20f57bd6e84,1257,partially_filled
20260526094816626::342e53a3-4207-41f3-89ea-43d227489c06,FILL,2026-05-26 13:48:16.626524+00:00,partial_fill,25.09,44,buy,WULF,12,85e49928-e219-412d-871b-a20f57bd6e84,1301,partially_filled
20260526094819202::f08b37a5-28f4-47ab-a1fa-c70dc29fb9c6,FILL,2026-05-26 13:48:19.202321+00:00,partial_fill,25.1,2,buy,WULF,10,85e49928-e219-412d-871b-a20f57bd6e84,1303,partially_filled
20260526094821794::8406d722-f1a0-47d9-af47-2ac3d85580b5,FILL,2026-05-26 13:48:21.794514+00:00,partial_fill,25.08,8,buy,WULF,2,85e49928-e219-412d-871b-a20f57bd6e84,1311,partially_filled
20260526094826997::35780e40-0202-4a37-b3c6-32bd84b5bc6f,FILL,2026-05-26 13:48:26.997444+00:00,partial_fill,25.09,1,buy,WULF,1,85e49928-e219-412d-871b-a20f57bd6e84,1312,partially_filled
20260526094830567::dde16055-1827-42a4-9613-fc49d1a7a197,FILL,2026-05-26 13:48:30.567455+00:00,fill,25.07,1,buy,WULF,0,85e49928-e219-412d-871b-a20f57bd6e84,1313,filled
20260526100043664::f489b285-dff2-4519-b0c7-41b37ab58509,FILL,2026-05-26 14:00:43.664126+00:00,partial_fill,72.5,74,sell,WOLF,355,800b4a5b-e58b-44d6-968a-e209535d3991,74,partially_filled
20260526100046334::1c440a02-685c-426c-bf29-0ffd656ca04f,FILL,2026-05-26 14:00:46.334470+00:00,partial_fill,72.38,323,sell,WOLF,32,800b4a5b-e58b-44d6-968a-e209535d3991,397,partially_filled
20260526100047836::e3017d8d-bdd8-4bfa-96fa-6c4437659948,FILL,2026-05-26 14:00:47.836056+00:00,partial_fill,72.02,28,sell,WOLF,4,800b4a5b-e58b-44d6-968a-e209535d3991,425,partially_filled
20260526100048144::9d36269d-7828-448a-83e7-29e7e7c4e5d3,FILL,2026-05-26 14:00:48.144680+00:00,partial_fill,72.02,2,sell,WOLF,2,800b4a5b-e58b-44d6-968a-e209535d3991,427,partially_filled
20260526100049534::cf796070-95d4-415f-b273-2fde035025b2,FILL,2026-05-26 14:00:49.534870+00:00,fill,72.02,2,sell,WOLF,0,800b4a5b-e58b-44d6-968a-e209535d3991,429,filled
20260526100814117::f58308ab-e30e-48d7-9927-77fac26d1dfc,FILL,2026-05-26 14:08:14.117533+00:00,partial_fill,488.8,42,buy,AMD,24,de575b25-3973-4a0b-bedc-b0f212043a4e,42,partially_filled
20260526100814940::edc0136f-bca8-4dfe-8b68-8d94fb8361a6,FILL,2026-05-26 14:08:14.940049+00:00,partial_fill,488.71,12,buy,AMD,12,de575b25-3973-4a0b-bedc-b0f212043a4e,54,partially_filled
20260526100816523::596369a8-87df-4188-b69e-ce4809b0a4f9,FILL,2026-05-26 14:08:16.523758+00:00,partial_fill,489.0,8,buy,AMD,4,de575b25-3973-4a0b-bedc-b0f212043a4e,62,partially_filled
20260526100818660::18979ca4-848d-4f94-bd86-7fe03ebeb532,FILL,2026-05-26 14:08:18.660893+00:00,fill,488.95,4,buy,AMD,0,de575b25-3973-4a0b-bedc-b0f212043a4e,66,filled
20260526105901006::5299f80d-1193-49c9-a84d-3c985b129efd,FILL,2026-05-26 14:59:01.006251+00:00,partial_fill,26.7,410,sell,CORZ,803,a86a1376-2dab-4d9f-8671-21944d441767,410,partially_filled
20260526105901660::589da705-981d-4e91-8e6f-2f124cace3ac,FILL,2026-05-26 14:59:01.660837+00:00,fill,26.7,803,sell,CORZ,0,a86a1376-2dab-4d9f-8671-21944d441767,1213,filled
20260526122252401::604f0817-21c8-4e07-a858-c1c57ca54c3c,FILL,2026-05-26 16:22:52.401273+00:00,partial_fill,24.77,1237,buy,WULF,117,d9f669f4-ad3a-46ca-9892-75faf64c5895,1237,partially_filled
20260526122252643::9eb89a9a-7701-467b-b4cf-e79efeed8121,FILL,2026-05-26 16:22:52.643425+00:00,partial_fill,24.77,524,buy,WULF,829,6aefcc1a-287d-446a-ace6-8742cb685c01,524,partially_filled
20260526122252781::704a777c-612b-45a1-bf7e-d1c7fac9439d,FILL,2026-05-26 16:22:52.781507+00:00,partial_fill,24.77,22,buy,WULF,95,d9f669f4-ad3a-46ca-9892-75faf64c5895,1259,partially_filled
20260526122253634::3f2f7519-c92d-4484-a516-beccc3608eb1,FILL,2026-05-26 16:22:53.634487+00:00,partial_fill,24.77,618,buy,WULF,211,6aefcc1a-287d-446a-ace6-8742cb685c01,1142,partially_filled
20260526122253750::68d312e0-ba71-47b2-9934-df6797d76255,FILL,2026-05-26 16:22:53.750112+00:00,partial_fill,24.77,83,buy,WULF,12,d9f669f4-ad3a-46ca-9892-75faf64c5895,1342,partially_filled
20260526122254576::4f329506-d2de-4783-8261-0220f89dd7db,FILL,2026-05-26 16:22:54.576901+00:00,partial_fill,24.77,5,buy,WULF,206,6aefcc1a-287d-446a-ace6-8742cb685c01,1147,partially_filled
20260526122254696::21122667-d164-4e06-9c1c-abf2b59988e0,FILL,2026-05-26 16:22:54.696772+00:00,fill,24.77,12,buy,WULF,0,d9f669f4-ad3a-46ca-9892-75faf64c5895,1354,filled
20260526122255128::b7515127-1a87-4afa-b383-9778b884597b,FILL,2026-05-26 16:22:55.128088+00:00,fill,24.77,206,buy,WULF,0,6aefcc1a-287d-446a-ace6-8742cb685c01,1353,filled
20260526143741820::44945ec0-2a6d-44dc-962f-59e3597275bf,FILL,2026-05-26 18:37:41.820732+00:00,partial_fill,111.9,112,buy,HUT,182,11d2c8f3-5ed1-4d82-b454-feff6056465c,112,partially_filled
20260526143742366::28d981c9-0a58-439e-ba8b-b8d491f58efe,FILL,2026-05-26 18:37:42.366717+00:00,partial_fill,111.9,95,buy,HUT,87,11d2c8f3-5ed1-4d82-b454-feff6056465c,207,partially_filled
20260526143742946::50ff35bb-26ea-417a-87e9-e96fcbefaf8a,FILL,2026-05-26 18:37:42.946759+00:00,partial_fill,111.9,79,buy,HUT,8,11d2c8f3-5ed1-4d82-b454-feff6056465c,286,partially_filled
20260526143744007::4e26b7de-9086-463b-9d65-c9af08c5907f,FILL,2026-05-26 18:37:44.007212+00:00,partial_fill,111.89,6,buy,HUT,2,11d2c8f3-5ed1-4d82-b454-feff6056465c,292,partially_filled
20260526143744591::8f3189d4-0c97-4410-8458-932d09dfe92f,FILL,2026-05-26 18:37:44.591021+00:00,partial_fill,111.89,1,buy,HUT,1,11d2c8f3-5ed1-4d82-b454-feff6056465c,293,partially_filled
20260526143745703::08a4b0df-b89d-4f02-8e73-7b7129c8c7f9,FILL,2026-05-26 18:37:45.703811+00:00,fill,111.89,1,buy,HUT,0,11d2c8f3-5ed1-4d82-b454-feff6056465c,294,filled
20260526162044157::82bf615d-f6a5-4f4f-a057-8ccad6766619,FILL,2026-05-26 20:20:44.157624+00:00,partial_fill,421.49,18,buy,AVGO,20,3191ea5e-c49d-4ac9-bc44-cd45d3e2c71c,18,partially_filled
20260526162044486::c1934988-7d64-497d-8e35-6de5b571d2e2,FILL,2026-05-26 20:20:44.486579+00:00,partial_fill,421.49,8,buy,AVGO,12,3191ea5e-c49d-4ac9-bc44-cd45d3e2c71c,26,partially_filled
20260526162044678::e898cc84-b53a-40b1-a1d8-5ba896db38cf,FILL,2026-05-26 20:20:44.678130+00:00,partial_fill,421.49,6,buy,AVGO,6,3191ea5e-c49d-4ac9-bc44-cd45d3e2c71c,32,partially_filled
20260526162045035::21e797cd-cee8-4893-a850-2379e659aaf9,FILL,2026-05-26 20:20:45.035109+00:00,partial_fill,421.49,5,buy,AVGO,1,3191ea5e-c49d-4ac9-bc44-cd45d3e2c71c,37,partially_filled
20260526162045257::7e44a5fc-3f1a-48fb-b93e-14c2f1c7f9e7,FILL,2026-05-26 20:20:45.257266+00:00,fill,421.49,1,buy,AVGO,0,3191ea5e-c49d-4ac9-bc44-cd45d3e2c71c,38,filled
20260527081927010::393c3541-0f14-422b-8097-d18fc6926149,FILL,2026-05-27 12:19:27.010459+00:00,partial_fill,431.5,17,buy,TSM,22,46a48912-1823-4df3-b170-565394d546fd,17,partially_filled
20260527081927460::39cac815-bd58-4876-b83a-955916b06eed,FILL,2026-05-27 12:19:27.460505+00:00,fill,431.5,22,buy,TSM,0,46a48912-1823-4df3-b170-565394d546fd,39,filled
20260527094651812::a08c115a-84a8-42a1-bcde-eb8dbf9524db,FILL,2026-05-27 13:46:51.812861+00:00,fill,68.51,475,buy,ENPH,0,4997f7cc-1993-4945-a07d-af3ad2656677,475,filled
20260527142303605::0a5fe11d-87cb-4a90-a8a9-278132cee7af,FILL,2026-05-27 18:23:03.605502+00:00,partial_fill,17.94,1566,sell,CLSK,415,3abb55eb-ba8f-43ed-8ce1-4b5a542f037a,1566,partially_filled
20260527142304577::0588d1a1-4b04-472a-b261-b98fe7997a95,FILL,2026-05-27 18:23:04.577128+00:00,fill,17.94,415,sell,CLSK,0,3abb55eb-ba8f-43ed-8ce1-4b5a542f037a,1981,filled
20260528094529746::83e3e353-e11a-49ca-a879-c73b4646366a,FILL,2026-05-28 13:45:29.746783+00:00,partial_fill,918.99,28,buy,MU,9,6303d274-89f3-42f1-800d-c4c9db35cd54,28,partially_filled
20260528094531580::527080b4-0add-45a2-8e8b-1d0bfb74d15a,FILL,2026-05-28 13:45:31.580131+00:00,partial_fill,918.68,8,buy,MU,1,6303d274-89f3-42f1-800d-c4c9db35cd54,36,partially_filled
20260528094532037::d5873de0-a3e5-4984-aa11-5d018ab7efbe,FILL,2026-05-28 13:45:32.037080+00:00,partial_fill,148.68,95,buy,RKLB,140,1b2aa916-34d9-4c5d-8fd7-829aee16a6f7,95,partially_filled
20260528094532627::ec90e3de-4494-41d9-a270-6c02a16f64b4,FILL,2026-05-28 13:45:32.627615+00:00,fill,918.68,1,buy,MU,0,6303d274-89f3-42f1-800d-c4c9db35cd54,37,filled
20260528094533058::4087921a-cdd6-48cc-ac8a-6cd1c6cf5b82,FILL,2026-05-28 13:45:33.058098+00:00,fill,148.68,140,buy,RKLB,0,1b2aa916-34d9-4c5d-8fd7-829aee16a6f7,235,filled
20260528120949917::e4a8ffbf-0d56-42e7-88f8-7173c1a4fb50,FILL,2026-05-28 16:09:49.917078+00:00,partial_fill,125.19,29,sell,HUT,265,15b4e486-b7ac-4e66-b483-e81473e9c3dd,29,partially_filled
20260528120950952::2c699647-780f-475b-af72-a4eebf53a1ab,FILL,2026-05-28 16:09:50.952763+00:00,partial_fill,125.19,142,sell,HUT,123,15b4e486-b7ac-4e66-b483-e81473e9c3dd,171,partially_filled
20260528120951211::6b07dbfe-f00f-40a5-b664-a049a43d8764,FILL,2026-05-28 16:09:51.211573+00:00,fill,125.19,123,sell,HUT,0,15b4e486-b7ac-4e66-b483-e81473e9c3dd,294,filled
20260529093012523::49a5a332-af7c-491b-94a7-29df67df6824,FILL,2026-05-29 13:30:12.523307+00:00,partial_fill,138.18,70,sell,RKLB,165,a77fb2b6-f82d-4351-84aa-c721e6943afa,70,partially_filled
20260529093357955::d3afbb64-de42-46f0-814b-a7c8ba4be0cd,FILL,2026-05-29 13:33:57.955526+00:00,fill,137.33,165,sell,RKLB,0,a77fb2b6-f82d-4351-84aa-c721e6943afa,235,filled
20260529093714128::a14e0b39-f2c9-4151-a2d1-43b92b4efc8a,FILL,2026-05-29 13:37:14.128127+00:00,partial_fill,87.3,147,sell,HOOD,14,858f9afe-b1de-4fe0-bc13-f01b965f243c,147,partially_filled
20260529093835483::ddf80eec-9735-4da2-8251-ef50f05abfed,FILL,2026-05-29 13:38:35.483814+00:00,partial_fill,87.62,7,sell,HOOD,7,858f9afe-b1de-4fe0-bc13-f01b965f243c,154,partially_filled
20260529093854025::7ae4f595-06b2-417e-ba5d-fd0b36855cf1,FILL,2026-05-29 13:38:54.025931+00:00,partial_fill,87.61,6,sell,HOOD,1,858f9afe-b1de-4fe0-bc13-f01b965f243c,160,partially_filled
20260529093906297::5e2a8ffa-d939-4d43-a208-c777a2cb9d65,FILL,2026-05-29 13:39:06.297382+00:00,fill,87.71,1,sell,HOOD,0,858f9afe-b1de-4fe0-bc13-f01b965f243c,161,filled
20260529102150797::83a6c1fb-1c9a-4441-afe8-e94a7ebaa4e7,FILL,2026-05-29 14:21:50.797952+00:00,fill,46.75,765,buy,SMCI,0,70e30a63-b8dd-4009-b762-99617f118e93,765,filled
20260529110906315::dc8f6e60-d8a1-465b-97b2-1506ed0d3df2,FILL,2026-05-29 15:09:06.315152+00:00,fill,112.93,246,sell,COP,0,45bf3512-cdd6-4e49-b91d-d5ca8660e15e,246,filled
20260601090020618::097ab8fa-a468-4812-8644-c2f5732a6cca,FILL,2026-06-01 13:00:20.618860+00:00,fill,8.0,2141,buy,SPCE,0,f560b020-64e4-4d40-81f4-ac1453825799,2141,filled
20260601090227547::f69d7858-d8f4-4449-b76f-74ec4b3f5054,FILL,2026-06-01 13:02:27.547304+00:00,partial_fill,7.79,476,buy,SPCE,1776,990a836b-c39e-48df-b6c9-3eb57f42035b,476,partially_filled
20260601090228055::5d8a0e12-63b6-4252-847c-7f7ce89e46bc,FILL,2026-06-01 13:02:28.055855+00:00,fill,7.79,1776,buy,SPCE,0,990a836b-c39e-48df-b6c9-3eb57f42035b,2252,filled
20260601093623568::508bfd9a-b278-4a41-9306-f860eada1d3c,FILL,2026-06-01 13:36:23.568455+00:00,partial_fill,63.68,1,sell,ENPH,474,6270a236-c60e-4954-b40f-fdd559da2d06,1,partially_filled
20260601093844827::44d4f0ff-1da5-4ad3-9245-03297b6418b0,FILL,2026-06-01 13:38:44.827690+00:00,fill,63.17,474,sell,ENPH,0,6270a236-c60e-4954-b40f-fdd559da2d06,475,filled
20260601093845860::2bc12411-93b3-4a7e-8b75-01ed5589d5e8,FILL,2026-06-01 13:38:45.860254+00:00,partial_fill,1025.04,26,sell,MU,11,97530771-a03f-4e4f-b933-f0716328a719,26,partially_filled
20260601094033210::21bde607-0226-4e12-9cfb-9b7385d6631b,FILL,2026-06-01 13:40:33.210837+00:00,partial_fill,1023.65,7,sell,MU,4,97530771-a03f-4e4f-b933-f0716328a719,33,partially_filled
20260601094117364::87934463-be26-4518-828e-3178ed7639f5,FILL,2026-06-01 13:41:17.364958+00:00,partial_fill,1024.7,2,sell,MU,2,97530771-a03f-4e4f-b933-f0716328a719,35,partially_filled
20260601094137610::1ec25695-efb5-4804-8900-c49bdd1dc01d,FILL,2026-06-01 13:41:37.610880+00:00,partial_fill,1024.5,1,sell,MU,1,97530771-a03f-4e4f-b933-f0716328a719,36,partially_filled
20260601094205658::049d58ca-d2bc-4fb5-a68e-77d34630121d,FILL,2026-06-01 13:42:05.658547+00:00,fill,1027.21,1,sell,MU,0,97530771-a03f-4e4f-b933-f0716328a719,37,filled
20260601094603311::afc327aa-d7e4-4281-b1da-d4ca21ea82ec,FILL,2026-06-01 13:46:03.311427+00:00,partial_fill,232.66,91,buy,QCOM,55,6425da2c-1578-4f5f-b6eb-dfc020a3d627,91,partially_filled
20260601094604215::1260fe3a-f936-4515-85f0-95ab9492e709,FILL,2026-06-01 13:46:04.215553+00:00,partial_fill,232.66,7,buy,QCOM,48,6425da2c-1578-4f5f-b6eb-dfc020a3d627,98,partially_filled
20260601094605924::30b537c3-6596-477a-9e3a-1d1b4b9a6a31,FILL,2026-06-01 13:46:05.924240+00:00,partial_fill,232.2,47,buy,QCOM,1,6425da2c-1578-4f5f-b6eb-dfc020a3d627,145,partially_filled
20260601094607559::7d8e82af-4f50-45da-b3aa-861320a41bbb,FILL,2026-06-01 13:46:07.559918+00:00,fill,232.2,1,buy,QCOM,0,6425da2c-1578-4f5f-b6eb-dfc020a3d627,146,filled
20260601094645677::5e745cdf-50d4-4982-a8a0-0512f5e40ecf,FILL,2026-06-01 13:46:45.677159+00:00,fill,463.61,29,sell,MSFT,0,16bc410d-2452-4872-8604-7342e4dbc2c6,29,filled
20260601102350897::5480c1e4-0217-4a1d-aa72-115d7b66240f,FILL,2026-06-01 14:23:50.897525+00:00,partial_fill,7.18,1279,sell,SPCE,3114,8c87cfbd-5dbf-4f9d-b34f-836792bac050,1279,partially_filled
20260601102353248::8978544b-0074-4e85-91bf-8a984c0b29f8,FILL,2026-06-01 14:23:53.248881+00:00,partial_fill,7.17,34,sell,SPCE,3080,8c87cfbd-5dbf-4f9d-b34f-836792bac050,1313,partially_filled
20260601102354936::b4a1666c-4973-45fd-bfbc-33d06ae56565,FILL,2026-06-01 14:23:54.936570+00:00,partial_fill,7.16,2174,sell,SPCE,906,8c87cfbd-5dbf-4f9d-b34f-836792bac050,3487,partially_filled
20260601102356534::f883003b-8d22-4f3f-bb02-0a498ea50b87,FILL,2026-06-01 14:23:56.534335+00:00,partial_fill,7.15,125,sell,SPCE,781,8c87cfbd-5dbf-4f9d-b34f-836792bac050,3612,partially_filled
20260601102356842::c0adf54b-f60b-4de1-bbf9-7f0ed64cc2cc,FILL,2026-06-01 14:23:56.842272+00:00,partial_fill,7.13,174,sell,SPCE,607,8c87cfbd-5dbf-4f9d-b34f-836792bac050,3786,partially_filled
20260601102358257::00576500-6eb3-48cb-8b99-13b9b1b363db,FILL,2026-06-01 14:23:58.257812+00:00,fill,7.15,607,sell,SPCE,0,8c87cfbd-5dbf-4f9d-b34f-836792bac050,4393,filled
20260601102707490::a54a9815-2b7b-44ac-87ed-53b6a3c28623,FILL,2026-06-01 14:27:07.490932+00:00,fill,6.93,4466,buy,SPCE,0,57a9d364-f1c3-4218-a2ef-e39ea9ad99b1,4466,filled
20260601104705036::ba934a80-ff7b-4cfa-b8ad-bc51537c4fa2,FILL,2026-06-01 14:47:05.036475+00:00,fill,6.51,4466,sell,SPCE,0,b8f1346f-ba67-40d6-96e9-42d717b64e77,4466,filled
20260601104914974::86caa05f-9cb9-4d58-9cd9-78ba4d353149,FILL,2026-06-01 14:49:14.974539+00:00,partial_fill,406.35,76,buy,ARM,8,dfb37e6e-1f2f-4c92-9564-6c7be6bb2dd4,76,partially_filled
20260601104915940::6e7ec3fd-3080-432f-bf63-75f4325f52a9,FILL,2026-06-01 14:49:15.940901+00:00,fill,406.35,8,buy,ARM,0,dfb37e6e-1f2f-4c92-9564-6c7be6bb2dd4,84,filled
20260602064417904::121b6890-9749-4f5a-8dcb-d9eae658f3ec,FILL,2026-06-02 10:44:17.904565+00:00,partial_fill,273.66,14,buy,MRVL,50,35213a4d-2b50-4e9d-b8e5-520c43215812,14,partially_filled
20260602064418511::602764e4-208b-4649-9076-9c3b09d847e9,FILL,2026-06-02 10:44:18.511928+00:00,partial_fill,273.73,49,buy,MRVL,1,35213a4d-2b50-4e9d-b8e5-520c43215812,63,partially_filled
20260602064418998::573a7d79-a867-4592-86e9-c5ab503ba3f4,FILL,2026-06-02 10:44:18.998840+00:00,fill,273.73,1,buy,MRVL,0,35213a4d-2b50-4e9d-b8e5-520c43215812,64,filled
20260602093122894::a87e26cd-e1aa-46fb-a276-f4f69c9dd798,FILL,2026-06-02 13:31:22.894130+00:00,partial_fill,259.0,32,sell,MRVL,32,dc073ed2-0558-497a-92c2-9fa349ef1d42,32,partially_filled
20260602093251257::cc930ea2-10e4-4bd0-9761-a964082daaf5,FILL,2026-06-02 13:32:51.257048+00:00,partial_fill,487.04,33,sell,AVGO,5,4dcbd29a-b08d-4f22-bda7-edc83c5c1cb7,33,partially_filled
20260602093342434::0a17bd51-d03b-4982-be09-68596d7f81b4,FILL,2026-06-02 13:33:42.434680+00:00,partial_fill,486.51,4,sell,AVGO,1,4dcbd29a-b08d-4f22-bda7-edc83c5c1cb7,37,partially_filled
20260602093439458::c87971e1-eb22-4e18-8550-d180658cd5aa,FILL,2026-06-02 13:34:39.458391+00:00,partial_fill,261.28,4,sell,MRVL,28,dc073ed2-0558-497a-92c2-9fa349ef1d42,36,partially_filled
20260602093532623::8aff325f-c85f-4356-b6c6-65bf07494939,FILL,2026-06-02 13:35:32.623230+00:00,fill,483.2,1,sell,AVGO,0,4dcbd29a-b08d-4f22-bda7-edc83c5c1cb7,38,filled
20260602093609825::4fcdc416-d5ba-461d-af7e-64a708b9271e,FILL,2026-06-02 13:36:09.825219+00:00,fill,264.67,28,sell,MRVL,0,dc073ed2-0558-497a-92c2-9fa349ef1d42,64,filled
20260602095009794::d632d7b9-b8f2-41b7-bc81-4db403a63d96,FILL,2026-06-02 13:50:09.794501+00:00,fill,70.91,510,buy,IONQ,0,60997b81-136b-4ced-a802-8d45e8ddefe8,510,filled
20260603093624452::b6afda9d-76a3-4899-96e7-752210a2921e,FILL,2026-06-03 13:36:24.452094+00:00,partial_fill,316.55,19,sell,AAPL,34,2ec61210-7a52-4bf2-9e44-2840456b9223,19,partially_filled
20260603093815227::353e4f7c-9e09-4662-ad23-d4edc2b75904,FILL,2026-06-03 13:38:15.227417+00:00,partial_fill,316.23,21,sell,AAPL,13,2ec61210-7a52-4bf2-9e44-2840456b9223,40,partially_filled
20260603093914385::62345eaf-cf2e-4ddd-8eac-110275112471,FILL,2026-06-03 13:39:14.385983+00:00,partial_fill,316.3,8,sell,AAPL,5,2ec61210-7a52-4bf2-9e44-2840456b9223,48,partially_filled
20260603093925004::f385e3cb-c37d-4767-bded-ddbaada5f5fb,FILL,2026-06-03 13:39:25.004487+00:00,partial_fill,316.26,3,sell,AAPL,2,2ec61210-7a52-4bf2-9e44-2840456b9223,51,partially_filled
20260603093951444::ace8b350-b54b-4de7-800f-e44771c5a57a,FILL,2026-06-03 13:39:51.444121+00:00,fill,316.33,2,sell,AAPL,0,2ec61210-7a52-4bf2-9e44-2840456b9223,53,filled
20260603094216595::452622dc-3a08-4274-9cbe-a2ef17dea562,FILL,2026-06-03 13:42:16.595473+00:00,partial_fill,384.22,78,sell,ARM,6,680b385a-80fa-405a-8a1c-ca2f261ee79e,78,partially_filled
20260603094217879::bd46cb64-4fe3-427e-b1c3-f1c2b020888c,FILL,2026-06-03 13:42:17.879574+00:00,fill,384.6,6,sell,ARM,0,680b385a-80fa-405a-8a1c-ca2f261ee79e,84,filled
20260603094533205::f681091a-eead-4e9e-bfe8-ecbed57cbd24,FILL,2026-06-03 13:45:33.205249+00:00,partial_fill,26.99,785,buy,CIFR,475,2b1ee2d5-55a3-4e6e-8de5-17a794284561,785,partially_filled
20260603094535525::9b811338-a087-4478-8152-f4903f27f766,FILL,2026-06-03 13:45:35.525772+00:00,partial_fill,27.03,129,buy,CIFR,346,2b1ee2d5-55a3-4e6e-8de5-17a794284561,914,partially_filled
20260603094536217::79082065-c02a-46c2-9885-75cb1a975dce,FILL,2026-06-03 13:45:36.217296+00:00,partial_fill,27.03,181,buy,CIFR,165,2b1ee2d5-55a3-4e6e-8de5-17a794284561,1095,partially_filled
20260603094538691::50a51c33-c98a-4800-8369-504ad1a2842f,FILL,2026-06-03 13:45:38.691230+00:00,fill,27.08,165,buy,CIFR,0,2b1ee2d5-55a3-4e6e-8de5-17a794284561,1260,filled
20260603094826612::0c6a0348-94c6-48e9-906c-a0ed9373f1af,FILL,2026-06-03 13:48:26.612425+00:00,fill,1.91,16148,sell,BTBT,0,e71974a8-9252-410c-9c26-69328fd8d2da,16148,filled
20260604093150406::85a3cce7-6b46-4ab2-8f0f-d6b2ee0e97c5,FILL,2026-06-04 13:31:50.406099+00:00,partial_fill,46.23,614,sell,SMCI,151,4cbe9374-d517-4cb8-8f2b-70ea8cceaa84,614,partially_filled
20260604093234261::f64d2f5e-a2dc-4ea1-bea9-c58c06afc566,FILL,2026-06-04 13:32:34.261573+00:00,partial_fill,66.76,482,sell,IONQ,28,9ece9313-adfd-4ba2-84a8-0f38d38ad368,482,partially_filled
20260604093300554::4a5af793-b169-4d12-9f5c-09c908a723b7,FILL,2026-06-04 13:33:00.554148+00:00,partial_fill,24.73,819,sell,CIFR,441,eb739239-514e-4d73-8249-c839969ff06c,819,partially_filled
20260604093404984::3407df3f-ede6-4556-8751-80f9c6fd0434,FILL,2026-06-04 13:34:04.984036+00:00,partial_fill,46.2,138,sell,SMCI,13,4cbe9374-d517-4cb8-8f2b-70ea8cceaa84,752,partially_filled
20260604093422037::5c6740e8-8910-4ba2-8232-1d558af76c4b,FILL,2026-06-04 13:34:22.037274+00:00,partial_fill,46.12,9,sell,SMCI,4,4cbe9374-d517-4cb8-8f2b-70ea8cceaa84,761,partially_filled
20260604093442583::d1b07e87-1fb0-44c1-bc4a-905678706050,FILL,2026-06-04 13:34:42.583792+00:00,fill,66.62,28,sell,IONQ,0,9ece9313-adfd-4ba2-84a8-0f38d38ad368,510,filled
20260604093452717::c4003808-ba46-49b4-9424-505791135f40,FILL,2026-06-04 13:34:52.717290+00:00,partial_fill,24.93,120,sell,CIFR,321,eb739239-514e-4d73-8249-c839969ff06c,939,partially_filled
20260604093557087::6f5109dd-2b36-4d0d-917e-ff84a298c3ff,FILL,2026-06-04 13:35:57.087164+00:00,partial_fill,46.32,3,sell,SMCI,1,4cbe9374-d517-4cb8-8f2b-70ea8cceaa84,764,partially_filled
20260604093617791::13e597a9-7098-453d-b85b-b6e9f42ba101,FILL,2026-06-04 13:36:17.791374+00:00,fill,24.98,321,sell,CIFR,0,eb739239-514e-4d73-8249-c839969ff06c,1260,filled
20260604093643336::5423f495-dd2b-475e-ade9-4335593ff138,FILL,2026-06-04 13:36:43.336679+00:00,fill,46.47,1,sell,SMCI,0,4cbe9374-d517-4cb8-8f2b-70ea8cceaa84,765,filled
20260604093707135::b79a3fab-a5fd-437e-9365-43e80bce22e1,FILL,2026-06-04 13:37:07.135483+00:00,partial_fill,25.05,567,buy,CIFR,762,eb10ab45-5716-43fc-8f85-9a8c35fb8c94,567,partially_filled
20260604093741420::268a38fd-b7f5-455e-8ea5-5b9173ec9ffc,FILL,2026-06-04 13:37:41.420755+00:00,partial_fill,25.06,577,buy,CIFR,185,eb10ab45-5716-43fc-8f85-9a8c35fb8c94,1144,partially_filled
20260604093752493::859d30c2-f50e-47d2-bbbc-7c2daa874765,FILL,2026-06-04 13:37:52.493773+00:00,fill,25.1,185,buy,CIFR,0,eb10ab45-5716-43fc-8f85-9a8c35fb8c94,1329,filled
20260605093803017::c68d2a58-43c1-4c3d-8180-49ac394df099,FILL,2026-06-05 13:38:03.017099+00:00,partial_fill,23.59,749,sell,CIFR,580,5b5b099e-ea27-43a9-9298-3383f940129e,749,partially_filled
20260605093853850::66de277b-3baa-4dbb-93ca-a29d22a84461,FILL,2026-06-05 13:38:53.850208+00:00,partial_fill,23.56,259,sell,CIFR,321,5b5b099e-ea27-43a9-9298-3383f940129e,1008,partially_filled
20260605093950842::7ec0af71-ec15-4ad8-9bac-35f2bca592a1,FILL,2026-06-05 13:39:50.842259+00:00,partial_fill,23.52,141,sell,CIFR,180,5b5b099e-ea27-43a9-9298-3383f940129e,1149,partially_filled
20260605094001130::278b08a1-4600-417c-b890-d855e70ad41a,FILL,2026-06-05 13:40:01.130010+00:00,fill,23.56,180,sell,CIFR,0,5b5b099e-ea27-43a9-9298-3383f940129e,1329,filled
20260605123430832::23a87bba-0923-47c6-865c-c4c402867a85,FILL,2026-06-05 16:34:30.832820+00:00,partial_fill,220.54,86,sell,QCOM,60,b5bb0e67-a80e-4303-98b1-34b4f11aa296,86,partially_filled
20260605123431531::b2e1f52f-2c23-406a-97d4-d17b294adb38,FILL,2026-06-05 16:34:31.531337+00:00,partial_fill,220.55,4,sell,QCOM,56,b5bb0e67-a80e-4303-98b1-34b4f11aa296,90,partially_filled
20260605123431933::37ae255f-efbf-43d7-89ad-0ce0189cbc6f,FILL,2026-06-05 16:34:31.933792+00:00,fill,220.55,56,sell,QCOM,0,b5bb0e67-a80e-4303-98b1-34b4f11aa296,146,filled
20260605124102460::7a5e4fdb-a91a-43d3-8d79-9af687dea78e,FILL,2026-06-05 16:41:02.460285+00:00,partial_fill,23.66,2428,sell,WULF,1592,deeb29cc-9bfd-41f4-bcec-674641da6ffa,2428,partially_filled
20260605124102741::9115c684-35cf-440d-a2bd-fee3e82b7e8f,FILL,2026-06-05 16:41:02.741592+00:00,partial_fill,23.66,1294,sell,WULF,298,deeb29cc-9bfd-41f4-bcec-674641da6ffa,3722,partially_filled
20260605124104166::1659decd-953b-4750-9932-5a9eb629b3ff,FILL,2026-06-05 16:41:04.166243+00:00,fill,23.66,298,sell,WULF,0,deeb29cc-9bfd-41f4-bcec-674641da6ffa,4020,filled
20260608094557573::c9636435-d315-4a30-adf7-83c6576385f7,FILL,2026-06-08 13:45:57.573472+00:00,fill,321.12,93,buy,LRCX,0,197c7bc6-fce0-4491-9fd7-ecb78e05d73d,93,filled
20260608095008009::f03ccdc5-184b-443e-acdb-8f10268c690f,FILL,2026-06-08 13:50:08.009716+00:00,fill,12.84,1407,buy,MARA,0,d20b52a0-2d59-47ed-a1fb-4169ffeb20d8,1407,filled
20260608095558057::389fd1a6-5f3a-43e2-9af7-1e44bbde63ea,FILL,2026-06-08 13:55:58.057175+00:00,partial_fill,483.05,25,buy,AMAT,37,bee53e8e-65f3-45d7-a663-6f243e2f9ccd,25,partially_filled
20260608095601741::2f76c0d3-154d-42de-a00a-51c3f64267f8,FILL,2026-06-08 13:56:01.741034+00:00,partial_fill,482.72,6,buy,AMAT,31,bee53e8e-65f3-45d7-a663-6f243e2f9ccd,31,partially_filled
20260608095602535::1b3fec6c-cc95-45d9-91fb-fe023227fc1e,FILL,2026-06-08 13:56:02.535133+00:00,partial_fill,482.72,10,buy,AMAT,21,bee53e8e-65f3-45d7-a663-6f243e2f9ccd,41,partially_filled
20260608095603004::6bc28bf8-1e92-4878-ba60-3ba224b2c139,FILL,2026-06-08 13:56:03.004653+00:00,partial_fill,482.72,18,buy,AMAT,3,bee53e8e-65f3-45d7-a663-6f243e2f9ccd,59,partially_filled
20260608095605783::0937ba18-22b3-4f08-ad19-c3139e108386,FILL,2026-06-08 13:56:05.783579+00:00,partial_fill,483.16,2,buy,AMAT,1,bee53e8e-65f3-45d7-a663-6f243e2f9ccd,61,partially_filled
20260608095606265::ff2ad12f-65e2-4b1b-90fe-73693a04206d,FILL,2026-06-08 13:56:06.265585+00:00,fill,483.16,1,buy,AMAT,0,bee53e8e-65f3-45d7-a663-6f243e2f9ccd,62,filled
20260608095718183::6289d21f-1674-4f7f-92eb-697e2df4ec9f,FILL,2026-06-08 13:57:18.183392+00:00,fill,206.51,87,buy,SOXL,0,9ab72211-08cd-435f-963b-ec49ae0c17c9,87,filled
20260608100013531::747bf489-5bd5-4683-a177-d22362a2e03e,FILL,2026-06-08 14:00:13.531130+00:00,partial_fill,479.06,16,buy,AMAT,46,6357758c-0677-4c6b-9ed7-ac492a66d9fa,16,partially_filled
20260608100013969::fc2045d4-cbfb-46ff-b927-8696e16dea61,FILL,2026-06-08 14:00:13.969127+00:00,fill,479.05,46,buy,AMAT,0,6357758c-0677-4c6b-9ed7-ac492a66d9fa,62,filled
20260608100118891::49f3c289-7256-4f5f-8778-c8d0aebbfb67,FILL,2026-06-08 14:01:18.891702+00:00,partial_fill,15.74,1658,buy,CLSK,189,ccec84c4-9534-4081-a383-4f21ac7ef11d,1658,partially_filled
20260608100119761::80ff8fdc-348e-4ad3-93b3-efa299091013,FILL,2026-06-08 14:01:19.761504+00:00,partial_fill,15.74,16,buy,CLSK,173,ccec84c4-9534-4081-a383-4f21ac7ef11d,1674,partially_filled
20260608100120056::757c6550-5668-4546-a570-d53f87425bd7,FILL,2026-06-08 14:01:20.056304+00:00,partial_fill,15.73,59,buy,CLSK,114,ccec84c4-9534-4081-a383-4f21ac7ef11d,1733,partially_filled
20260608100120730::cb71d621-61ef-455e-a20a-46d8bcb76c02,FILL,2026-06-08 14:01:20.730921+00:00,partial_fill,15.72,20,buy,CLSK,94,ccec84c4-9534-4081-a383-4f21ac7ef11d,1753,partially_filled
20260608100121425::d0015dec-514f-417f-bda4-85c5dc7445e0,FILL,2026-06-08 14:01:21.425500+00:00,fill,15.72,94,buy,CLSK,0,ccec84c4-9534-4081-a383-4f21ac7ef11d,1847,filled
20260608100257108::3f48c480-2aca-4e96-a65e-bc2121910409,FILL,2026-06-08 14:02:57.108372+00:00,partial_fill,61.03,465,buy,IONQ,25,df97dde9-ccf7-429d-8752-c43ec07e7832,465,partially_filled
20260608100257502::523aef98-dfa4-4036-a7a4-f7730b9cf486,FILL,2026-06-08 14:02:57.502426+00:00,partial_fill,61.03,10,buy,IONQ,15,df97dde9-ccf7-429d-8752-c43ec07e7832,475,partially_filled
20260608100258132::36bfac94-87c5-462c-978d-0bda9a599ec3,FILL,2026-06-08 14:02:58.132454+00:00,fill,61.04,15,buy,IONQ,0,df97dde9-ccf7-429d-8752-c43ec07e7832,490,filled
20260608101015683::88052c21-1bb6-4d43-b9f2-97cb70a655b1,FILL,2026-06-08 14:10:15.683880+00:00,fill,1172.01,25,buy,LLY,0,12e2356b-8036-4693-b2d5-db44d687f04d,25,filled
20260608150235155::d5ed067a-d0ed-47cc-bc13-1d6947d8ce6c,FILL,2026-06-08 19:02:35.155992+00:00,partial_fill,294.62,75,buy,MRVL,30,74cd39c3-6bd0-40b0-b31b-2c32bf5feb49,75,partially_filled
20260608150235796::d5df9444-941f-4e24-b030-8724d35cebd5,FILL,2026-06-08 19:02:35.796519+00:00,fill,294.62,30,buy,MRVL,0,74cd39c3-6bd0-40b0-b31b-2c32bf5feb49,105,filled
20260608154516313::9371a6a8-f770-428c-86f7-3befec571698,FILL,2026-06-08 19:45:16.313525+00:00,partial_fill,290.85,41,buy,MRVL,65,352387cd-a25b-4f01-85d6-e2d376091f70,41,partially_filled
20260608154517334::d402d2c9-fa9b-47dc-b7a5-d292b097c96b,FILL,2026-06-08 19:45:17.334840+00:00,partial_fill,290.95,64,buy,MRVL,1,352387cd-a25b-4f01-85d6-e2d376091f70,105,partially_filled
20260608154519283::84d23f08-96ef-4eb9-aa4d-15f2837d823e,FILL,2026-06-08 19:45:19.283971+00:00,fill,290.96,1,buy,MRVL,0,352387cd-a25b-4f01-85d6-e2d376091f70,106,filled
20260609094204479::05bef8de-18b2-4b68-bb9d-351710ec1089,FILL,2026-06-09 13:42:04.479662+00:00,partial_fill,400.82,2,buy,AVGO,79,a7b42687-33e0-4f7e-a392-87b5d965995e,2,partially_filled
20260609094205252::d4bc5d64-239f-4979-bd3f-14c2a6949c22,FILL,2026-06-09 13:42:05.252389+00:00,partial_fill,400.82,18,buy,AVGO,61,a7b42687-33e0-4f7e-a392-87b5d965995e,20,partially_filled
20260609094205984::ddb0197d-72da-4586-9f0c-b6160f709005,FILL,2026-06-09 13:42:05.984167+00:00,partial_fill,400.82,3,buy,AVGO,58,a7b42687-33e0-4f7e-a392-87b5d965995e,23,partially_filled
20260609094206632::604f7784-152e-4c79-89fb-1622d8ad95ea,FILL,2026-06-09 13:42:06.632553+00:00,partial_fill,400.82,19,buy,AVGO,39,a7b42687-33e0-4f7e-a392-87b5d965995e,42,partially_filled
20260609094207604::7012bf85-d8ce-4c8c-a419-f55950aa89e7,FILL,2026-06-09 13:42:07.604838+00:00,fill,400.8,39,buy,AVGO,0,a7b42687-33e0-4f7e-a392-87b5d965995e,81,filled
20260609101036973::2e888301-0cea-4285-acc5-1eb06bb967c4,FILL,2026-06-09 14:10:36.973844+00:00,partial_fill,274.45,108,sell,MRVL,103,afd849e2-ac66-4299-ad2b-beaeae1ba10b,108,partially_filled
20260609101037809::ba4962d1-368b-4bd4-bf04-e8796a54f756,FILL,2026-06-09 14:10:37.809157+00:00,partial_fill,274.54,21,sell,MRVL,82,afd849e2-ac66-4299-ad2b-beaeae1ba10b,129,partially_filled
20260609101038166::a47dc38f-383c-41b0-9fab-dd8d121a7c26,FILL,2026-06-09 14:10:38.166520+00:00,partial_fill,274.54,73,sell,MRVL,9,afd849e2-ac66-4299-ad2b-beaeae1ba10b,202,partially_filled
20260609101038913::802c8f06-a5b5-4a29-bbc4-0556c12f2f61,FILL,2026-06-09 14:10:38.913387+00:00,fill,274.38,9,sell,MRVL,0,afd849e2-ac66-4299-ad2b-beaeae1ba10b,211,filled
20260609101411380::acb6bea6-2e9c-482e-9355-a192594ac9fd,FILL,2026-06-09 14:14:11.380741+00:00,fill,162.25,191,buy,COIN,0,bf15f857-fa65-416c-bd7c-2d3956afccc0,191,filled
20260609101830692::ac5da259-2e25-41de-9f5b-0ced801326d1,FILL,2026-06-09 14:18:30.692038+00:00,partial_fill,5.24,1301,buy,LCID,5034,5add26a7-76a8-4252-aea7-b7155ee00d74,1301,partially_filled
20260609101831402::7d961e3d-82ff-459e-b242-93f6d5b74988,FILL,2026-06-09 14:18:31.402854+00:00,fill,5.24,5034,buy,LCID,0,5add26a7-76a8-4252-aea7-b7155ee00d74,6335,filled
20260609104719747::fe0e54dd-cd36-4c56-a2ee-bbfff26e83f2,FILL,2026-06-09 14:47:19.747803+00:00,partial_fill,57.73,315,sell,IONQ,175,83a6fe63-8cb0-4120-a3d5-1665cb3f3b4c,315,partially_filled
20260609104719993::5602df6f-89d9-42a7-ae02-e24048ed63e4,FILL,2026-06-09 14:47:19.993287+00:00,partial_fill,57.76,24,sell,IONQ,151,83a6fe63-8cb0-4120-a3d5-1665cb3f3b4c,339,partially_filled
20260609104721005::41e3ee9d-1e1e-4b11-a906-cbbe54ad42c2,FILL,2026-06-09 14:47:21.005391+00:00,partial_fill,57.73,55,sell,IONQ,96,83a6fe63-8cb0-4120-a3d5-1665cb3f3b4c,394,partially_filled
20260609104721582::13479bf7-cd09-46c1-8d72-c0c4a52c445e,FILL,2026-06-09 14:47:21.582492+00:00,partial_fill,57.73,31,sell,IONQ,65,83a6fe63-8cb0-4120-a3d5-1665cb3f3b4c,425,partially_filled
20260609104722192::9e22e814-539d-49cb-bffc-2d5bee94368a,FILL,2026-06-09 14:47:22.192523+00:00,fill,57.73,65,sell,IONQ,0,83a6fe63-8cb0-4120-a3d5-1665cb3f3b4c,490,filled
20260609112604735::9e1c554b-5879-4aad-82d7-cb874b7de2c3,FILL,2026-06-09 15:26:04.735989+00:00,fill,193.57,87,sell,SOXL,0,f427eecf-a80a-4081-b730-1f8873f6662b,87,filled
20260609112913503::ab5f142a-c8a2-4100-b87d-6d23ac8eac73,FILL,2026-06-09 15:29:13.503931+00:00,partial_fill,380.27,19,sell,AVGO,62,59a1851a-303d-4a6c-a7b8-f78e63bb6a52,19,partially_filled
20260609112914465::233024ac-2caf-4fd9-a6be-fbe70bd5815e,FILL,2026-06-09 15:29:14.465018+00:00,partial_fill,380.11,27,sell,AVGO,35,59a1851a-303d-4a6c-a7b8-f78e63bb6a52,46,partially_filled
20260609112915049::a811a6ee-9900-4548-aabf-f587f2d9f640,FILL,2026-06-09 15:29:15.049530+00:00,partial_fill,380.11,7,sell,AVGO,28,59a1851a-303d-4a6c-a7b8-f78e63bb6a52,53,partially_filled
20260609112915886::b2147bfd-6be1-4ffb-beac-d4827d4223f7,FILL,2026-06-09 15:29:15.886736+00:00,partial_fill,380.21,16,sell,AVGO,12,59a1851a-303d-4a6c-a7b8-f78e63bb6a52,69,partially_filled
20260609112916301::ab540aff-afeb-4a4a-b4eb-3850d461d2e9,FILL,2026-06-09 15:29:16.301934+00:00,fill,380.24,12,sell,AVGO,0,59a1851a-303d-4a6c-a7b8-f78e63bb6a52,81,filled
20260609115726641::38fb3b23-d1f3-4a50-b8fc-cfbfac544a42,FILL,2026-06-09 15:57:26.641334+00:00,partial_fill,460.51,24,sell,AMD,42,7d799ffe-b050-4c6b-a85f-59de56ccc6e9,24,partially_filled
20260609115726760::39237162-e9d0-48f5-9299-1c8af3c2c0f2,FILL,2026-06-09 15:57:26.760846+00:00,fill,153.63,191,sell,COIN,0,e9f7f8e4-dfc5-4ee7-86d9-1db0ed3c44e6,191,filled
20260609115727127::ba0f147e-7914-4d19-bd3a-d1b3900ac1bb,FILL,2026-06-09 15:57:27.127489+00:00,partial_fill,460.51,31,sell,AMD,11,7d799ffe-b050-4c6b-a85f-59de56ccc6e9,55,partially_filled
20260609115727931::8a3fb331-4f1c-4d1f-aca8-98549789848e,FILL,2026-06-09 15:57:27.931523+00:00,fill,460.2,11,sell,AMD,0,7d799ffe-b050-4c6b-a85f-59de56ccc6e9,66,filled
20260609121743979::a3f0643a-3bb0-47d1-bee6-3b20e2aa4963,FILL,2026-06-09 16:17:43.979873+00:00,fill,409.13,39,sell,TSM,0,a4abc380-f2f4-4fe8-a03d-2b68616286a6,39,filled
20260609124122979::2f611d7e-3de1-4337-a9e9-5a41326f812b,FILL,2026-06-09 16:41:22.979738+00:00,fill,385.2,68,sell,TSLA,0,ec293122-0c50-4867-8a99-df373f687592,68,filled
20260610093458863::6dc08c8c-e0d3-4195-a109-883e0a715510,FILL,2026-06-10 13:34:58.863067+00:00,partial_fill,4.95,5433,sell,LCID,902,88450f2a-fbd2-4875-88a5-a8225fe062e2,5433,partially_filled
20260610093503417::3dcaccff-f0dd-4337-92b4-e8de77d99f8d,FILL,2026-06-10 13:35:03.417742+00:00,fill,4.95,902,sell,LCID,0,88450f2a-fbd2-4875-88a5-a8225fe062e2,6335,filled
20260610093936252::68e57979-d04e-4ac8-9cf0-ce4d3177e148,FILL,2026-06-10 13:39:36.252415+00:00,partial_fill,26.14,336,buy,FNGU,317,d627430e-7b37-431d-93c9-e17269ed6d66,336,partially_filled
20260610093936560::d1597a25-a9bf-41b1-87ab-28942319fd04,FILL,2026-06-10 13:39:36.560933+00:00,partial_fill,26.14,15,buy,FNGU,302,d627430e-7b37-431d-93c9-e17269ed6d66,351,partially_filled
20260610093937044::2cf9b296-06d1-4532-bf94-1e753f82f7a5,FILL,2026-06-10 13:39:37.044836+00:00,partial_fill,26.14,22,buy,FNGU,280,d627430e-7b37-431d-93c9-e17269ed6d66,373,partially_filled
20260610093937835::1ceef5b1-f4cd-484b-8164-a774c0fbea9c,FILL,2026-06-10 13:39:37.835339+00:00,partial_fill,26.14,157,buy,FNGU,123,d627430e-7b37-431d-93c9-e17269ed6d66,530,partially_filled
20260610093943876::f7b9131d-44a9-4b9d-a1d8-da91c277d378,FILL,2026-06-10 13:39:43.876250+00:00,fill,26.15,123,buy,FNGU,0,d627430e-7b37-431d-93c9-e17269ed6d66,653,filled
20260610094118210::46740a86-c933-4b87-b269-dbbe58fc9b13,FILL,2026-06-10 13:41:18.210975+00:00,partial_fill,466.43,34,buy,AMD,2,741d9add-b69d-4ad1-833b-ba6cfe55d5a2,34,partially_filled
20260610094118745::23e1dc12-9cc2-40d7-97f7-07090d888138,FILL,2026-06-10 13:41:18.745189+00:00,partial_fill,466.43,1,buy,AMD,1,741d9add-b69d-4ad1-833b-ba6cfe55d5a2,35,partially_filled
20260610094125592::85b2bc47-f5db-4269-aeea-70ccaad4fbc2,FILL,2026-06-10 13:41:25.592705+00:00,fill,466.52,1,buy,AMD,0,741d9add-b69d-4ad1-833b-ba6cfe55d5a2,36,filled
20260610094137764::7f8e3db8-7de9-4f60-bbf1-52b1136b1eaf,FILL,2026-06-10 13:41:37.764830+00:00,partial_fill,192.85,4,buy,SOXL,84,dc19622f-9dea-40b3-82b2-9f6b31298092,4,partially_filled
20260610094142340::fa725f98-0f68-4551-bde5-8463119225df,FILL,2026-06-10 13:41:42.340022+00:00,partial_fill,192.8,48,buy,SOXL,36,dc19622f-9dea-40b3-82b2-9f6b31298092,52,partially_filled
20260610094142565::ba023edc-be57-4fc0-ae68-d036c0b9a97b,FILL,2026-06-10 13:41:42.565569+00:00,partial_fill,192.8,5,buy,SOXL,31,dc19622f-9dea-40b3-82b2-9f6b31298092,57,partially_filled
20260610094145841::cabcd4a9-1048-4205-80c4-abf0fde76b24,FILL,2026-06-10 13:41:45.841928+00:00,fill,192.9,31,buy,SOXL,0,dc19622f-9dea-40b3-82b2-9f6b31298092,88,filled
20260610094151538::efb39c1f-e44e-4727-8edb-aeb97fd459d3,FILL,2026-06-10 13:41:51.538138+00:00,fill,71.81,237,buy,TQQQ,0,779280a1-ed17-4bf0-8fac-53c26b1c8bf0,237,filled
20260610104933679::875196ae-cb5f-4c1c-853d-9efab8fafc23,FILL,2026-06-10 14:49:33.679825+00:00,partial_fill,106.83,69,buy,RKLB,90,e34937c3-b06e-45d8-a335-7ce98a092010,69,partially_filled
20260610104934054::09029626-e52f-4817-b741-eb261183a32a,FILL,2026-06-10 14:49:34.054278+00:00,fill,106.83,90,buy,RKLB,0,e34937c3-b06e-45d8-a335-7ce98a092010,159,filled
20260610105641443::fb113c4f-19bd-4394-906e-e57f0d82d8fb,FILL,2026-06-10 14:56:41.443237+00:00,fill,24.84,687,buy,RIOT,0,126d7e6e-b111-4fbc-b639-c00b714caaa1,687,filled
20260610114843322::9817cb14-2ea6-4bc7-975a-d746b8513939,FILL,2026-06-10 15:48:43.322471+00:00,partial_fill,181.82,46,sell,SOXL,42,d4ebff0d-0ecd-4ac9-af07-76f2349ef71f,46,partially_filled
20260610114843777::e20bfe49-fb80-44cd-aead-3bbbfb1919d6,FILL,2026-06-10 15:48:43.777187+00:00,partial_fill,181.82,36,sell,SOXL,6,d4ebff0d-0ecd-4ac9-af07-76f2349ef71f,82,partially_filled
20260610114844474::d7fc4d78-79dd-4535-85b3-f82df728fec6,FILL,2026-06-10 15:48:44.474565+00:00,partial_fill,181.57,1,sell,SOXL,5,d4ebff0d-0ecd-4ac9-af07-76f2349ef71f,83,partially_filled
20260610114844847::b2aae78e-6b79-46d8-b28e-1154784ca4df,FILL,2026-06-10 15:48:44.847514+00:00,partial_fill,181.5,3,sell,SOXL,2,d4ebff0d-0ecd-4ac9-af07-76f2349ef71f,86,partially_filled
20260610114845586::e874365c-2c72-4699-afb1-5c2c9be70f95,FILL,2026-06-10 15:48:45.586039+00:00,fill,181.63,2,sell,SOXL,0,d4ebff0d-0ecd-4ac9-af07-76f2349ef71f,88,filled
20260610144451143::71f2511c-ae0c-48b2-8138-04a4350e5ccd,FILL,2026-06-10 18:44:51.143675+00:00,fill,116.43,242,buy,MSTR,0,951744e7-d640-4b7a-b689-e07b3d1d686d,242,filled
20260610151841824::13c64bfc-9968-4aa9-9a06-4369cebb0cd5,FILL,2026-06-10 19:18:41.824595+00:00,partial_fill,14.94,1195,sell,CLSK,652,52e40fca-fff0-4ae3-bf9f-8bd7820e074b,1195,partially_filled
20260610151842462::8002c213-267b-4b84-914a-df9fa5125fb3,FILL,2026-06-10 19:18:42.462963+00:00,partial_fill,14.94,378,sell,CLSK,274,52e40fca-fff0-4ae3-bf9f-8bd7820e074b,1573,partially_filled
20260610151842791::395d91fd-6cbf-4ad1-afd2-1fc1c437b387,FILL,2026-06-10 19:18:42.791243+00:00,fill,14.94,274,sell,CLSK,0,52e40fca-fff0-4ae3-bf9f-8bd7820e074b,1847,filled
20260610152154240::7c23438b-5ef7-4f5f-9625-398da2eaf3be,FILL,2026-06-10 19:21:54.240078+00:00,partial_fill,115.86,1,buy,MSTR,146,7368e627-1c91-4e18-9684-dfb7236b5e43,1,partially_filled
20260610152154461::e8f501f9-1037-4cce-b505-56dc0c045cc3,FILL,2026-06-10 19:21:54.461571+00:00,partial_fill,115.86,71,buy,MSTR,75,7368e627-1c91-4e18-9684-dfb7236b5e43,72,partially_filled
20260610152155232::9fffeaa8-f704-42b4-abfe-756bf37273f8,FILL,2026-06-10 19:21:55.232734+00:00,fill,115.86,75,buy,MSTR,0,7368e627-1c91-4e18-9684-dfb7236b5e43,147,filled
20260610154040318::6b6fcf0a-a841-4014-8fb4-9790b666997f,FILL,2026-06-10 19:40:40.318564+00:00,partial_fill,454.13,29,sell,AMD,7,17c7777f-584d-4cfd-bc85-665538e7a876,29,partially_filled
20260610154040322::872dd976-be0e-4e5e-93c5-a749a4368700,FILL,2026-06-10 19:40:40.322948+00:00,partial_fill,105.33,47,sell,RKLB,112,45812089-cecf-40ce-a64d-43cd14bfbaed,47,partially_filled
20260610154041023::bd070ae9-9e6f-4475-80f1-be49f10d870e,FILL,2026-06-10 19:40:41.023429+00:00,partial_fill,454.13,6,sell,AMD,1,17c7777f-584d-4cfd-bc85-665538e7a876,35,partially_filled
20260610154041027::fbcc88cd-e7ac-482e-8987-7d3f56155142,FILL,2026-06-10 19:40:41.027645+00:00,fill,105.33,112,sell,RKLB,0,45812089-cecf-40ce-a64d-43cd14bfbaed,159,filled
20260610154041555::8d68fda8-a26a-46c3-a52e-bcdbd99a1bfb,FILL,2026-06-10 19:40:41.555717+00:00,fill,454.22,1,sell,AMD,0,17c7777f-584d-4cfd-bc85-665538e7a876,36,filled
20260611081924521::8a52c212-08d7-46ac-9c23-2ff6ef3a875d,FILL,2026-06-11 12:19:24.521289+00:00,partial_fill,263.75,3,buy,MRVL,49,38b6d1c4-67cc-42ce-a742-1e35567da5b3,3,partially_filled
20260611081924892::832cf40b-494f-4f2d-bb1b-a2985ccd599a,FILL,2026-06-11 12:19:24.892703+00:00,fill,263.75,49,buy,MRVL,0,38b6d1c4-67cc-42ce-a742-1e35567da5b3,52,filled
20260611093652324::69af363f-e7f4-4a02-ad08-4f84a1ff7a7b,FILL,2026-06-11 13:36:52.324323+00:00,partial_fill,24.86,528,sell,FNGU,125,1a0af314-9443-4168-a9f0-17da4424e90e,528,partially_filled
20260611093750412::705a7063-5314-4c3d-aaa9-d1134c19a2eb,FILL,2026-06-11 13:37:50.412255+00:00,partial_fill,24.91,69,sell,FNGU,56,1a0af314-9443-4168-a9f0-17da4424e90e,597,partially_filled
20260611093808555::e94c1b8d-134d-4e15-bf36-4f3c63ec137a,FILL,2026-06-11 13:38:08.555955+00:00,fill,24.9,56,sell,FNGU,0,1a0af314-9443-4168-a9f0-17da4424e90e,653,filled
20260611105642228::f13fe2e1-d541-49f7-ac69-abe250eb389c,FILL,2026-06-11 14:56:42.228333+00:00,partial_fill,321.74,41,buy,ARM,44,ec764d3c-5af6-4318-985a-4acdcb03aad6,41,partially_filled
20260611105643084::d30e2258-8278-496b-88f2-9b1de911e890,FILL,2026-06-11 14:56:43.084900+00:00,partial_fill,321.74,21,buy,ARM,23,ec764d3c-5af6-4318-985a-4acdcb03aad6,62,partially_filled
20260611105648848::8bc53c2e-c284-47b8-8d25-eb26e6d611cc,FILL,2026-06-11 14:56:48.848429+00:00,partial_fill,321.94,17,buy,ARM,6,ec764d3c-5af6-4318-985a-4acdcb03aad6,79,partially_filled
20260611105649315::f9cc96bd-5566-4368-b4d4-d9462106a8c8,FILL,2026-06-11 14:56:49.315395+00:00,fill,321.94,6,buy,ARM,0,ec764d3c-5af6-4318-985a-4acdcb03aad6,85,filled
20260611133704831::742dee0a-54b2-4728-99d5-8172531e682c,FILL,2026-06-11 17:37:04.831842+00:00,fill,539.0,124,sell,AMAT,0,842d87d4-c9ed-4d41-8150-9d4eeef44dad,124,filled
20260611135546988::cc0f195d-dcc1-4b4c-afc7-98f2dc538c57,FILL,2026-06-11 17:55:46.988386+00:00,partial_fill,48.9,178,buy,MRNA,411,bd948071-fcc3-4ce4-9422-f6ca5e01939c,178,partially_filled
20260611135547564::3245a16c-f562-4659-a93f-b6edcc1cbc70,FILL,2026-06-11 17:55:47.564994+00:00,partial_fill,48.9,7,buy,MRNA,404,bd948071-fcc3-4ce4-9422-f6ca5e01939c,185,partially_filled
20260611135548497::ed3fcb04-a015-4a2e-97f4-e3c5be268300,FILL,2026-06-11 17:55:48.497085+00:00,fill,48.9,404,buy,MRNA,0,bd948071-fcc3-4ce4-9422-f6ca5e01939c,589,filled
20260611140722998::368dddb6-2c42-42d5-8981-50b1cfe2fb1f,FILL,2026-06-11 18:07:22.998786+00:00,fill,26.91,1087,buy,CORZ,0,880efc81-6209-41ce-8ff5-b5d9d29385b8,1087,filled
20260611151731253::1213b4c1-9829-46a5-b80a-711a9b1f76a5,FILL,2026-06-11 19:17:31.253262+00:00,fill,359.59,93,sell,LRCX,0,8fb04c3a-f231-4288-8f34-3f0dd9436294,93,filled
20260612093747149::4dd642f6-20a7-4c1c-b9a4-f5b7a32bd56a,FILL,2026-06-12 13:37:47.149034+00:00,partial_fill,362.64,45,sell,ARM,40,2e1334bf-5d27-4f5f-8f4f-27a0b39b420d,45,partially_filled
20260612093748315::259c63b2-0712-464a-9f0b-e6d6a26d1e37,FILL,2026-06-12 13:37:48.315535+00:00,partial_fill,362.64,25,sell,ARM,15,2e1334bf-5d27-4f5f-8f4f-27a0b39b420d,70,partially_filled
20260612093748575::5be2a52c-fc12-4511-b62d-ef698d722869,FILL,2026-06-12 13:37:48.575764+00:00,partial_fill,362.64,12,sell,ARM,3,2e1334bf-5d27-4f5f-8f4f-27a0b39b420d,82,partially_filled
20260612093749165::af241120-3092-4689-87c9-8548d6751072,FILL,2026-06-12 13:37:49.165406+00:00,partial_fill,362.23,2,sell,ARM,1,2e1334bf-5d27-4f5f-8f4f-27a0b39b420d,84,partially_filled
20260612093750259::f612cd43-865b-4f0a-8463-600479bc47af,FILL,2026-06-12 13:37:50.259071+00:00,fill,362.23,1,sell,ARM,0,2e1334bf-5d27-4f5f-8f4f-27a0b39b420d,85,filled
20260612094544383::e96b37c7-c98e-4b4e-bff5-c39b2e4f80d9,FILL,2026-06-12 13:45:44.383623+00:00,partial_fill,502.19,11,buy,AMD,48,667209f2-15e8-4f1c-ae55-611bbbfdbd33,11,partially_filled
20260612094545410::1005a727-5ba7-491f-8026-3c9495c8f54c,FILL,2026-06-12 13:45:45.410672+00:00,partial_fill,502.25,25,buy,AMD,23,667209f2-15e8-4f1c-ae55-611bbbfdbd33,36,partially_filled
20260612094546501::0efc9545-0b38-4404-9c96-0825ffb73d65,FILL,2026-06-12 13:45:46.501284+00:00,fill,502.4,23,buy,AMD,0,667209f2-15e8-4f1c-ae55-611bbbfdbd33,59,filled
20260612105815609::fe350c25-0564-4e5b-b210-2c8f2271cbf5,FILL,2026-06-12 14:58:15.609605+00:00,partial_fill,14.47,380,sell,MARA,1027,dbb36a28-5e19-401a-9b3c-3bf9c89d8ea2,380,partially_filled
20260612105816057::2fda0e12-1670-41fc-8ea6-cff32da5f37b,FILL,2026-06-12 14:58:16.057580+00:00,partial_fill,14.47,641,sell,MARA,386,dbb36a28-5e19-401a-9b3c-3bf9c89d8ea2,1021,partially_filled
20260612105816389::25dab4f4-72a7-4553-af3e-17a880fe5e64,FILL,2026-06-12 14:58:16.389985+00:00,fill,14.47,386,sell,MARA,0,dbb36a28-5e19-401a-9b3c-3bf9c89d8ea2,1407,filled
20260612115724467::950e8049-2b13-40d3-a3cc-8a872a2a5825,FILL,2026-06-12 15:57:24.467454+00:00,fill,372.56,85,buy,ARM,0,5f072a49-2274-4042-abbc-cee36eb7642a,85,filled
20260615093138135::2e321253-fc80-4ccb-9221-b34527174ffe,FILL,2026-06-15 13:31:38.135833+00:00,partial_fill,28.14,661,sell,RIOT,26,592a6a9d-43e5-4776-9404-62672cb06a1a,661,partially_filled
20260615093311833::5efbbf94-f424-412a-9f35-6132955452b6,FILL,2026-06-15 13:33:11.833444+00:00,fill,134.2,389,sell,MSTR,0,a788828c-7434-4bd8-998e-e46c23b49689,389,filled
20260615093436417::f6b62ae9-b93e-4354-ace9-be1323c29d92,FILL,2026-06-15 13:34:36.417964+00:00,partial_fill,28.11,17,sell,RIOT,9,592a6a9d-43e5-4776-9404-62672cb06a1a,678,partially_filled
20260615093548737::b8470e99-05a7-42e0-ba31-c77ec1ec524d,FILL,2026-06-15 13:35:48.737584+00:00,partial_fill,83.33,172,sell,TQQQ,65,78589a22-8492-42eb-8805-bd6b10124e64,172,partially_filled
20260615093609602::a2b83a85-5c33-4b74-910f-0a27748ecad0,FILL,2026-06-15 13:36:09.602620+00:00,fill,184.09,149,sell,FANG,0,3059b6e1-c7e0-42b8-8e2d-6e38d56d5fc9,149,filled
20260615093647205::93df7cf2-aa43-48c5-a646-cba1a60868d1,FILL,2026-06-15 13:36:47.205629+00:00,partial_fill,83.45,19,sell,TQQQ,46,78589a22-8492-42eb-8805-bd6b10124e64,191,partially_filled
20260615093649288::1db3f6fa-6695-42f8-8017-36e3cf8de2c4,FILL,2026-06-15 13:36:49.288700+00:00,partial_fill,1113.0,6,sell,LLY,19,4a975951-a375-40a1-bef3-d90dc83f2868,6,partially_filled
20260615093729505::737e54f2-366e-4c90-9e08-9c5f8b0f63ff,FILL,2026-06-15 13:37:29.505951+00:00,partial_fill,28.18,1,sell,RIOT,8,592a6a9d-43e5-4776-9404-62672cb06a1a,679,partially_filled
20260615093831594::c6683951-f27b-49cf-baa1-1f56ea702707,FILL,2026-06-15 13:38:31.594945+00:00,partial_fill,83.41,42,sell,TQQQ,4,78589a22-8492-42eb-8805-bd6b10124e64,233,partially_filled
20260615093833038::e4650324-b6b7-4adc-adc5-80bee8c669bf,FILL,2026-06-15 13:38:33.038859+00:00,fill,1123.8,19,sell,LLY,0,4a975951-a375-40a1-bef3-d90dc83f2868,25,filled
20260615093857543::0a4040ea-645c-4252-b06d-44a03db88fec,FILL,2026-06-15 13:38:57.543003+00:00,fill,28.04,8,sell,RIOT,0,592a6a9d-43e5-4776-9404-62672cb06a1a,687,filled
20260615093927695::262adf94-b387-4bb9-95d4-d3f1f96ad5db,FILL,2026-06-15 13:39:27.695338+00:00,partial_fill,83.19,1,sell,TQQQ,3,78589a22-8492-42eb-8805-bd6b10124e64,234,partially_filled
20260615093957145::e64f90e2-568e-46ea-bf4a-9ebc04f69d5a,FILL,2026-06-15 13:39:57.145368+00:00,partial_fill,83.12,1,sell,TQQQ,2,78589a22-8492-42eb-8805-bd6b10124e64,235,partially_filled
20260615094007860::2745b3c3-2701-4d76-bb28-2ad834e57439,FILL,2026-06-15 13:40:07.860741+00:00,fill,83.21,2,sell,TQQQ,0,78589a22-8492-42eb-8805-bd6b10124e64,237,filled
20260615094504332::021d00fa-ce3b-4bf2-bc56-f152235d2847,FILL,2026-06-15 13:45:04.332929+00:00,partial_fill,98.55,229,buy,HOOD,100,9fb71b1e-2cd2-4f26-9de6-e7e156136de9,229,partially_filled
20260615094505573::1e97017f-17e9-4844-a3e6-e4cda845188f,FILL,2026-06-15 13:45:05.573377+00:00,fill,98.53,100,buy,HOOD,0,9fb71b1e-2cd2-4f26-9de6-e7e156136de9,329,filled
20260615094508246::461e70ee-bd96-4513-b2bf-b9f8ad5e3160,FILL,2026-06-15 13:45:08.246100+00:00,partial_fill,49.58,88,buy,WOLF,562,117f298e-9f5e-4c5b-a369-335128817ff5,88,partially_filled
20260615094510385::b4a0eebd-20b0-4842-9cd9-42eeaaf7c7e1,FILL,2026-06-15 13:45:10.385639+00:00,partial_fill,49.56,231,buy,WOLF,331,117f298e-9f5e-4c5b-a369-335128817ff5,319,partially_filled
20260615094511271::d5637a40-8b65-431d-b797-9ad382405098,FILL,2026-06-15 13:45:11.271846+00:00,partial_fill,49.56,268,buy,WOLF,63,117f298e-9f5e-4c5b-a369-335128817ff5,587,partially_filled
20260615094513021::66d30fd6-71b7-46f6-9ace-cd818f903af7,FILL,2026-06-15 13:45:13.021102+00:00,fill,49.49,63,buy,WOLF,0,117f298e-9f5e-4c5b-a369-335128817ff5,650,filled
20260615095123462::1617a7c0-d7ab-45de-9321-439ecb65f0eb,FILL,2026-06-15 13:51:23.462170+00:00,fill,6.87,4773,buy,BULL,0,8e12b182-272c-4a7d-966a-4a1b46b5e4b4,4773,filled
20260615095137944::23693514-825a-4775-b0a1-4a9e82fcf542,FILL,2026-06-15 13:51:37.944237+00:00,fill,108.74,302,buy,RKLB,0,151183b4-7a38-4d1a-a684-e7d3a84519f8,302,filled
20260615095238413::c57a8670-9c89-4c09-8107-9efaf30d79dc,FILL,2026-06-15 13:52:38.413707+00:00,fill,108.21,304,buy,RKLB,0,f6159577-7c5f-4377-b116-5d4440885261,304,filled
20260615095238484::45979562-8d9d-46b6-a435-1cb82ff384a2,FILL,2026-06-15 13:52:38.484615+00:00,fill,108.21,304,buy,RKLB,0,1d606970-0212-4335-89be-3e328c2fd3a8,304,filled
20260615095736347::c93a8fdf-484b-4afc-a344-de0a15ba48f2,FILL,2026-06-15 13:57:36.347490+00:00,partial_fill,3.99,7019,buy,SPCE,1077,38445883-073d-44f6-95b0-b6f948c9542d,7019,partially_filled
20260615095736973::fa016ecd-cdab-476b-b26a-13cbf1d37e95,FILL,2026-06-15 13:57:36.973022+00:00,partial_fill,3.99,217,buy,SPCE,860,38445883-073d-44f6-95b0-b6f948c9542d,7236,partially_filled
20260615095737271::05fd0e23-7161-4947-b05e-6e96b03d52bf,FILL,2026-06-15 13:57:37.271159+00:00,partial_fill,3.99,100,buy,SPCE,760,38445883-073d-44f6-95b0-b6f948c9542d,7336,partially_filled
20260615095737959::4a07e146-e2ec-4260-aae6-436b596c225b,FILL,2026-06-15 13:57:37.959731+00:00,fill,4.0,760,buy,SPCE,0,38445883-073d-44f6-95b0-b6f948c9542d,8096,filled
20260615100245577::db47b489-f3d0-462f-b6c3-73ac7060f9b1,FILL,2026-06-15 14:02:45.577515+00:00,fill,5.45,6026,buy,LCID,0,b1b42568-9729-4734-94f0-b83e748ae7d0,6026,filled
20260615102301565::24340538-e5f6-4fbd-acaf-7899a8bcc300,FILL,2026-06-15 14:23:01.565585+00:00,partial_fill,46.55,565,sell,WOLF,85,a2a30361-a604-4d50-bcc8-c6a1b3588de8,565,partially_filled
20260615102302005::327b958a-63ee-488f-9d89-a07566753f83,FILL,2026-06-15 14:23:02.005661+00:00,partial_fill,46.55,66,sell,WOLF,19,a2a30361-a604-4d50-bcc8-c6a1b3588de8,631,partially_filled
20260615102303047::4d7a587d-43ec-44c6-850a-245d64dc1c45,FILL,2026-06-15 14:23:03.047368+00:00,fill,46.65,19,sell,WOLF,0,a2a30361-a604-4d50-bcc8-c6a1b3588de8,650,filled
20260615102608873::b92d8eb8-d269-407f-91a9-b5999cedc196,FILL,2026-06-15 14:26:08.873640+00:00,fill,3.76,8096,sell,SPCE,0,51d53736-3a4a-413f-abeb-dc773908bd5f,8096,filled
20260615114736707::70f5c13c-5fa5-4a23-ae5c-e0a00ede9673,FILL,2026-06-15 15:47:36.707652+00:00,partial_fill,296.13,31,sell,MRVL,21,422f0350-8b08-410b-9f49-20d6df6fe31b,31,partially_filled
20260615114737194::4904df2d-3fe2-494a-a7eb-a907654b124f,FILL,2026-06-15 15:47:37.194867+00:00,partial_fill,296.13,18,sell,MRVL,3,422f0350-8b08-410b-9f49-20d6df6fe31b,49,partially_filled
20260615114738013::beaf7465-ae43-4627-9dc5-41e4bc643965,FILL,2026-06-15 15:47:38.013531+00:00,partial_fill,296.14,2,sell,MRVL,1,422f0350-8b08-410b-9f49-20d6df6fe31b,51,partially_filled
20260615114738470::e9a2f3f7-e598-4204-9389-e7c4f8395372,FILL,2026-06-15 15:47:38.470981+00:00,fill,296.14,1,sell,MRVL,0,422f0350-8b08-410b-9f49-20d6df6fe31b,52,filled
20260615124537849::3cd38315-ce31-4aa3-a080-695d3a2e138d,FILL,2026-06-15 16:45:37.849406+00:00,partial_fill,3.31,2810,buy,RXRX,7117,ebd25526-68ab-46f4-bf2b-b56b44706d91,2810,partially_filled
20260615124538570::092c545a-8b4e-494d-bbd9-e4a67e6b0ffc,FILL,2026-06-15 16:45:38.570738+00:00,partial_fill,3.31,2951,buy,RXRX,4166,ebd25526-68ab-46f4-bf2b-b56b44706d91,5761,partially_filled
20260615124539242::1ea8fb41-5e8d-40e3-a714-b09757af6356,FILL,2026-06-15 16:45:39.242854+00:00,fill,3.31,4166,buy,RXRX,0,ebd25526-68ab-46f4-bf2b-b56b44706d91,9927,filled
20260615192418523::fc9e065c-2c42-45ca-8630-4cc435b9572f,FILL,2026-06-15 23:24:18.523089+00:00,fill,592.3,27,buy,META,0,f3d1d6af-1706-4a88-ad73-4d685e0a5f5c,27,filled
20260616093311050::602b08ae-58e0-4c3d-8fc6-927767d18a5e,FILL,2026-06-16 13:33:11.050520+00:00,partial_fill,5.12,1231,sell,LCID,4795,be5c6836-a949-4de4-987d-feb47cefed82,1231,partially_filled
20260616093436481::25610676-70f3-40dc-95da-90075772879c,FILL,2026-06-16 13:34:36.481361+00:00,partial_fill,5.14,2686,sell,LCID,2109,be5c6836-a949-4de4-987d-feb47cefed82,3917,partially_filled
20260616093452873::74d60df3-c68f-441a-9510-8ad1e797fccf,FILL,2026-06-16 13:34:52.873042+00:00,partial_fill,5.13,113,sell,LCID,1996,be5c6836-a949-4de4-987d-feb47cefed82,4030,partially_filled
20260616093528614::523d7f43-cfcd-4452-b49a-cfffce2074cc,FILL,2026-06-16 13:35:28.614407+00:00,fill,5.14,1996,sell,LCID,0,be5c6836-a949-4de4-987d-feb47cefed82,6026,filled
20260616093844809::3ee9aba5-e186-4ae1-9966-6f0256bade94,FILL,2026-06-16 13:38:44.809711+00:00,partial_fill,422.57,84,sell,ARM,1,369589d2-bab7-496b-b677-273c6c4062f4,84,partially_filled
20260616093845570::0639af10-0ff7-43e2-aff8-7e83cee877b3,FILL,2026-06-16 13:38:45.570956+00:00,fill,422.4,1,sell,ARM,0,369589d2-bab7-496b-b677-273c6c4062f4,85,filled
20260616095741420::69607fd6-56d5-46de-8ca3-2349b184052d,FILL,2026-06-16 13:57:41.420929+00:00,partial_fill,310.71,39,buy,MRVL,64,3a85c8e7-a97c-43ce-8ff3-7cdc87fa35bd,39,partially_filled
20260616095742413::d1310f43-d39c-4b91-b125-993e3c4b6c50,FILL,2026-06-16 13:57:42.413367+00:00,partial_fill,310.5,8,buy,MRVL,56,3a85c8e7-a97c-43ce-8ff3-7cdc87fa35bd,47,partially_filled
20260616095742619::943bf7c4-7f34-40e5-aca2-9ad7db055165,FILL,2026-06-16 13:57:42.619851+00:00,partial_fill,310.5,18,buy,MRVL,38,3a85c8e7-a97c-43ce-8ff3-7cdc87fa35bd,65,partially_filled
20260616095743256::305f59ce-22b4-48ee-bab0-e57f311eaa6c,FILL,2026-06-16 13:57:43.256807+00:00,partial_fill,310.65,26,buy,MRVL,12,3a85c8e7-a97c-43ce-8ff3-7cdc87fa35bd,91,partially_filled
20260616095744449::4707aa22-13d7-4c65-9490-57ddfe694224,FILL,2026-06-16 13:57:44.449308+00:00,partial_fill,310.65,2,buy,MRVL,10,3a85c8e7-a97c-43ce-8ff3-7cdc87fa35bd,93,partially_filled
20260616095744775::7ffc9a47-b6b8-4d1e-a057-c7dd7c8a6627,FILL,2026-06-16 13:57:44.775138+00:00,fill,310.63,10,buy,MRVL,0,3a85c8e7-a97c-43ce-8ff3-7cdc87fa35bd,103,filled
20260616100038279::096b520d-9350-46e0-aa57-b23ae8d1afa5,FILL,2026-06-16 14:00:38.279619+00:00,partial_fill,46.63,354,buy,RBLX,338,f315ef60-3245-403a-a8f2-0f83a21dcaef,354,partially_filled
20260616100038548::deccfb78-c7d9-4458-9e84-42b85b4c0f1d,FILL,2026-06-16 14:00:38.548250+00:00,partial_fill,46.63,164,buy,RBLX,174,f315ef60-3245-403a-a8f2-0f83a21dcaef,518,partially_filled
20260616100039673::f6c4e772-893b-4f62-9af6-f853228baeb1,FILL,2026-06-16 14:00:39.673287+00:00,partial_fill,46.63,147,buy,RBLX,27,f315ef60-3245-403a-a8f2-0f83a21dcaef,665,partially_filled
20260616100043846::4b258a2f-7aaf-46d7-b1c8-658e96d24d9d,FILL,2026-06-16 14:00:43.846747+00:00,fill,28.75,1121,buy,WULF,0,8073d500-3fe8-49e8-96f5-110c6e4eba33,1121,filled
20260616101313911::81387099-4130-4737-ae9c-8be9eea1a82b,FILL,2026-06-16 14:13:13.911766+00:00,partial_fill,46.59,689,buy,RBLX,3,bf606e73-c6c3-41cc-907f-4571c3d7aad6,689,partially_filled
20260616101314027::236a707b-a792-45a7-8a77-f8dc8edf4a3e,FILL,2026-06-16 14:13:14.027352+00:00,fill,46.59,27,buy,RBLX,0,f315ef60-3245-403a-a8f2-0f83a21dcaef,692,filled
20260616101314617::29b04b8a-f954-4fcb-8ed6-dd72e1d02591,FILL,2026-06-16 14:13:14.617452+00:00,fill,46.56,3,buy,RBLX,0,bf606e73-c6c3-41cc-907f-4571c3d7aad6,692,filled
20260616101946204::897c498d-a031-4537-bbc9-d2c3cb220a16,FILL,2026-06-16 14:19:46.204278+00:00,partial_fill,14.89,574,buy,MARA,1592,124ec9d7-70f7-4c14-a3ba-8a59073d866e,574,partially_filled
20260616101947143::7018d642-3e4d-4eac-9cd8-1481d4bbe5c5,FILL,2026-06-16 14:19:47.143040+00:00,partial_fill,14.89,323,buy,MARA,1269,124ec9d7-70f7-4c14-a3ba-8a59073d866e,897,partially_filled
20260616101947601::f3f0514a-c92e-4f89-ad41-4490f83ae46d,FILL,2026-06-16 14:19:47.601666+00:00,partial_fill,14.89,1074,buy,MARA,195,124ec9d7-70f7-4c14-a3ba-8a59073d866e,1971,partially_filled
20260616101948125::79f5a2a1-f7ea-464d-b904-cb9f8cfa9e3b,FILL,2026-06-16 14:19:48.125248+00:00,partial_fill,14.89,172,buy,MARA,23,124ec9d7-70f7-4c14-a3ba-8a59073d866e,2143,partially_filled
20260616101951084::938c8fcc-5908-40a9-8140-b2c91eb86d93,FILL,2026-06-16 14:19:51.084462+00:00,partial_fill,14.89,19,buy,MARA,4,124ec9d7-70f7-4c14-a3ba-8a59073d866e,2162,partially_filled
20260616101951872::39a7e40f-57a5-4dfd-882f-a76168f392db,FILL,2026-06-16 14:19:51.872610+00:00,partial_fill,14.89,3,buy,MARA,1,124ec9d7-70f7-4c14-a3ba-8a59073d866e,2165,partially_filled
20260616101952209::194e6d3c-271e-473e-b54f-54353465eefe,FILL,2026-06-16 14:19:52.209649+00:00,fill,14.89,1,buy,MARA,0,124ec9d7-70f7-4c14-a3ba-8a59073d866e,2166,filled
20260616112848228::c8195d0e-2033-4e34-bea0-27c41f8c6583,FILL,2026-06-16 15:28:48.228784+00:00,partial_fill,294.82,100,sell,MRVL,3,1ea8952d-415b-4e9b-8c48-fcb54a2271ef,100,partially_filled
20260616112848892::a35ef7c0-6d25-4cdd-b473-4934ed98388d,FILL,2026-06-16 15:28:48.892570+00:00,partial_fill,294.82,2,sell,MRVL,1,1ea8952d-415b-4e9b-8c48-fcb54a2271ef,102,partially_filled
20260616112849343::805d54ad-a08a-4bb9-b2ec-5ca3ced2713b,FILL,2026-06-16 15:28:49.343653+00:00,fill,294.82,1,sell,MRVL,0,1ea8952d-415b-4e9b-8c48-fcb54a2271ef,103,filled
20260616115921291::d0951743-6e48-411e-b281-56b7ee71f9b8,FILL,2026-06-16 15:59:21.291718+00:00,partial_fill,55.07,120,sell,MRNA,469,c46f6741-196e-4360-9d4b-2a4a6ce81e71,120,partially_filled
20260616115921866::e81ed9ad-1d80-468a-a530-ba7ed71f2eaf,FILL,2026-06-16 15:59:21.866595+00:00,fill,55.07,469,sell,MRNA,0,c46f6741-196e-4360-9d4b-2a4a6ce81e71,589,filled
20260616132309565::57477b5e-16b1-4c9f-b86f-bf9cfdf2d99c,FILL,2026-06-16 17:23:09.565152+00:00,partial_fill,56.4,533,buy,MRNA,37,7230cf54-4398-417b-b015-437445b1294f,533,partially_filled
20260616132309570::121ae787-9b68-45bb-aa00-18276fa7ab3e,FILL,2026-06-16 17:23:09.570800+00:00,fill,56.4,568,buy,MRNA,0,da14371a-d6a8-4e21-97c7-167ec835e55b,568,filled
20260616132310576::889c4196-256e-4795-b77f-2f1c0410c935,FILL,2026-06-16 17:23:10.576171+00:00,partial_fill,56.41,13,buy,MRNA,24,7230cf54-4398-417b-b015-437445b1294f,546,partially_filled
20260616132310996::51be4979-bfec-4c4b-8ed1-6d455c41775b,FILL,2026-06-16 17:23:10.996702+00:00,partial_fill,56.41,18,buy,MRNA,6,7230cf54-4398-417b-b015-437445b1294f,564,partially_filled
20260616132311829::37b57d4d-a56d-4ed6-afb2-14a6f5aa85b9,FILL,2026-06-16 17:23:11.829546+00:00,fill,56.42,6,buy,MRNA,0,7230cf54-4398-417b-b015-437445b1294f,570,filled
20260616152443190::dade71ac-0bae-4f50-b9c3-e3c7257badff,FILL,2026-06-16 19:24:43.190973+00:00,partial_fill,55.82,299,buy,MRNA,276,263f2890-cf70-4b89-9720-63d2f3a0e8d6,299,partially_filled
20260616152443876::1d2ff804-68ab-42a4-9349-94d835f2f8f7,FILL,2026-06-16 19:24:43.876810+00:00,partial_fill,55.82,138,buy,MRNA,138,263f2890-cf70-4b89-9720-63d2f3a0e8d6,437,partially_filled
20260616152444610::f67979a4-bb4b-4253-a481-cba9224491f0,FILL,2026-06-16 19:24:44.610199+00:00,fill,55.82,138,buy,MRNA,0,263f2890-cf70-4b89-9720-63d2f3a0e8d6,575,filled
20260617093534037::ca670938-f927-4e57-a809-2aa034da21d7,FILL,2026-06-17 13:35:34.037143+00:00,partial_fill,3.13,4744,sell,RXRX,5183,5a25ab5d-b887-411f-9a92-13ef2370b00e,4744,partially_filled
20260617093536518::664c3b0b-a131-40a4-ad18-5d5ead3d6a76,FILL,2026-06-17 13:35:36.518644+00:00,partial_fill,3.13,13,sell,RXRX,5170,5a25ab5d-b887-411f-9a92-13ef2370b00e,4757,partially_filled
20260617093537571::d7694033-38fe-464a-a459-bd54c134e6b5,FILL,2026-06-17 13:35:37.571923+00:00,fill,3.13,5170,sell,RXRX,0,5a25ab5d-b887-411f-9a92-13ef2370b00e,9927,filled
20260617153944581::aa90b40a-2154-4d30-92ab-7bad7af488ed,FILL,2026-06-17 19:39:44.581938+00:00,partial_fill,14.08,1906,sell,MARA,260,ac690581-7191-4892-89c6-9f4bca3e2688,1906,partially_filled
20260617153945181::6a4436bd-09c4-4ff3-8c04-99be18b84fb4,FILL,2026-06-17 19:39:45.181093+00:00,partial_fill,14.07,94,sell,MARA,166,ac690581-7191-4892-89c6-9f4bca3e2688,2000,partially_filled
20260617153946714::055e1272-f949-48e8-90c6-7edaf003800e,FILL,2026-06-17 19:39:46.714937+00:00,fill,14.07,166,sell,MARA,0,ac690581-7191-4892-89c6-9f4bca3e2688,2166,filled
20260618093036106::9cabc15d-0923-4145-8304-a53adaf80182,FILL,2026-06-18 13:30:36.106532+00:00,fill,65.08,1713,sell,MRNA,0,618fc149-ff6b-47ac-848a-96c6365af731,1713,filled
20260618094455759::2c0cae11-645b-43e2-959b-0e71b6b66db7,FILL,2026-06-18 13:44:55.759899+00:00,partial_fill,102.76,877,sell,RKLB,33,5394f8f7-4883-4621-8cf8-f4b85576c741,877,partially_filled
20260618094456524::bc9e3808-1a6a-4995-86a2-ac0eabdee0b7,FILL,2026-06-18 13:44:56.524350+00:00,partial_fill,102.65,2,sell,RKLB,31,5394f8f7-4883-4621-8cf8-f4b85576c741,879,partially_filled
20260618094457140::aa0ec029-fbc9-46d4-8856-97c9d3df4c74,FILL,2026-06-18 13:44:57.140080+00:00,fill,102.61,31,sell,RKLB,0,5394f8f7-4883-4621-8cf8-f4b85576c741,910,filled
20260618095112596::97d50963-07eb-4d38-911e-279dad0b2fdd,FILL,2026-06-18 13:51:12.596030+00:00,partial_fill,61.54,279,buy,MRNA,265,f64419e9-4805-4ec6-b0af-230a1ca4d7f5,279,partially_filled
20260618095113113::6dd9ad46-aa60-4e06-af88-cb53483bdd18,FILL,2026-06-18 13:51:13.113206+00:00,partial_fill,61.54,225,buy,MRNA,40,f64419e9-4805-4ec6-b0af-230a1ca4d7f5,504,partially_filled
20260618095113886::204efe8f-54b0-4627-bd13-7cf0e2fb1040,FILL,2026-06-18 13:51:13.886982+00:00,partial_fill,61.54,22,buy,MRNA,18,f64419e9-4805-4ec6-b0af-230a1ca4d7f5,526,partially_filled
20260618095114658::08813cbf-938a-4ff0-80b4-f60137ce9699,FILL,2026-06-18 13:51:14.658672+00:00,partial_fill,61.54,8,buy,MRNA,10,f64419e9-4805-4ec6-b0af-230a1ca4d7f5,534,partially_filled
20260618095116007::2affc64f-bd4f-4c74-b71a-dbd6bb6fc93b,FILL,2026-06-18 13:51:16.007090+00:00,partial_fill,61.54,1,buy,MRNA,9,f64419e9-4805-4ec6-b0af-230a1ca4d7f5,535,partially_filled
20260618095116632::7a8384a2-3d47-4472-9d26-969abfa81c20,FILL,2026-06-18 13:51:16.632746+00:00,fill,61.54,9,buy,MRNA,0,f64419e9-4805-4ec6-b0af-230a1ca4d7f5,544,filled
20260618095432017::76837066-1bb8-41b5-b04c-2250e46cac45,FILL,2026-06-18 13:54:32.017238+00:00,partial_fill,269.65,38,buy,SOXL,94,c6346339-94e4-4f36-8caf-f3518ac985c3,38,partially_filled
20260618095433998::6da0f20e-719b-4176-a1b4-1a8558f5bc8a,FILL,2026-06-18 13:54:33.998205+00:00,fill,269.62,94,buy,SOXL,0,c6346339-94e4-4f36-8caf-f3518ac985c3,132,filled
20260618095437141::981f6e41-30d9-45fa-81d4-b30eb13d2e1c,FILL,2026-06-18 13:54:37.141228+00:00,partial_fill,269.66,42,buy,SOXL,89,3d066b71-ce1d-4541-bed9-26b07aa1f0a0,42,partially_filled
20260618095437745::11456ead-86c0-4229-b486-80fb34645230,FILL,2026-06-18 13:54:37.745968+00:00,fill,269.61,89,buy,SOXL,0,3d066b71-ce1d-4541-bed9-26b07aa1f0a0,131,filled
20260618095727545::652c4a26-2f96-401f-8377-2caa02fa2da7,FILL,2026-06-18 13:57:27.545916+00:00,partial_fill,3.18,4047,buy,RXRX,7010,a5aab1a9-6616-4784-bd2f-52998f0f83ea,4047,partially_filled
20260618095728401::d5c3f908-ffcd-47ed-ab34-ff032fd311c0,FILL,2026-06-18 13:57:28.401993+00:00,fill,3.18,7010,buy,RXRX,0,a5aab1a9-6616-4784-bd2f-52998f0f83ea,11057,filled
20260618110742123::367a83c2-e6e8-4073-b1ad-f7f898f39cea,FILL,2026-06-18 15:07:42.123871+00:00,fill,52.2,1384,sell,RBLX,0,9f64f6ad-7ab0-4ca7-aec4-db60f8855b2a,1384,filled
20260618111654257::545b5ea3-003e-46f0-820b-558fb70f08c4,FILL,2026-06-18 15:16:54.257481+00:00,partial_fill,54.19,26,buy,WOLF,657,ea01cdc4-6d53-4318-8a49-d1d94c976d4f,26,partially_filled
20260618111655015::32e7d240-6c34-4406-b8d7-cf118b732a96,FILL,2026-06-18 15:16:55.015130+00:00,fill,54.18,657,buy,WOLF,0,ea01cdc4-6d53-4318-8a49-d1d94c976d4f,683,filled
20260618112613723::75c5da73-86c3-4016-901c-e077c69d050b,FILL,2026-06-18 15:26:13.723920+00:00,partial_fill,5.26,3301,buy,LCID,3689,ffb41ff4-5f41-49e7-9c74-0d772c642c7d,3301,partially_filled
20260618112614590::b10dd7c9-6c1e-4638-a2e7-40a17e2f4831,FILL,2026-06-18 15:26:14.590641+00:00,partial_fill,5.26,1968,buy,LCID,1721,ffb41ff4-5f41-49e7-9c74-0d772c642c7d,5269,partially_filled
20260618112615326::899dc60a-137c-44e6-a1ec-2bb34948ce6d,FILL,2026-06-18 15:26:15.326974+00:00,fill,5.26,1721,buy,LCID,0,ffb41ff4-5f41-49e7-9c74-0d772c642c7d,6990,filled
20260622095723753::19469b56-8066-4831-8b9a-1d9641c53344,FILL,2026-06-22 13:57:23.753949+00:00,fill,30.17,1087,sell,CORZ,0,f11ea301-06cf-4afc-8224-b76e622bdd4f,1087,filled
20260622095723928::fbc2e1aa-4458-45c9-838b-f8544503b72a,FILL,2026-06-22 13:57:23.928904+00:00,partial_fill,111.75,263,sell,HOOD,66,645989e8-4344-4376-974c-259003edb331,263,partially_filled
20260622095724634::ff811999-59fe-4ae3-b473-0bfbfad6eb3b,FILL,2026-06-22 13:57:24.634338+00:00,partial_fill,111.77,46,sell,HOOD,20,645989e8-4344-4376-974c-259003edb331,309,partially_filled
20260622095725364::6a49e1de-1e99-4283-9fef-287adf3c1225,FILL,2026-06-22 13:57:25.364248+00:00,partial_fill,111.77,2,sell,HOOD,18,645989e8-4344-4376-974c-259003edb331,311,partially_filled
20260622095725826::2b33b6c7-2c21-4cf3-9a3f-7bfda5e2e8f7,FILL,2026-06-22 13:57:25.826662+00:00,fill,111.78,18,sell,HOOD,0,645989e8-4344-4376-974c-259003edb331,329,filled
20260622095841310::515ac32b-7c9f-42cb-b39c-78a5b4f68318,FILL,2026-06-22 13:58:41.310487+00:00,partial_fill,226.47,166,buy,ABBV,7,3fdb5f05-f26e-413b-84a5-fecc613332ff,166,partially_filled
20260622095841816::2cf48073-60c3-43e7-8f25-28b23710b956,FILL,2026-06-22 13:58:41.816891+00:00,partial_fill,226.47,6,buy,ABBV,1,3fdb5f05-f26e-413b-84a5-fecc613332ff,172,partially_filled
20260622095842386::221a58e4-b1e3-45cb-82f8-9e3a3a03a017,FILL,2026-06-22 13:58:42.386555+00:00,fill,226.47,1,buy,ABBV,0,3fdb5f05-f26e-413b-84a5-fecc613332ff,173,filled
20260622100245999::ff34e3df-65ca-4dcd-b657-a35888601245,FILL,2026-06-22 14:02:45.999013+00:00,fill,117.91,333,buy,MSTR,0,2456bd31-a556-4064-95a3-8149230b303d,333,filled
20260622105514386::4ac28234-e311-49a4-94c3-580a4268c540,FILL,2026-06-22 14:55:14.386284+00:00,partial_fill,58.38,504,sell,MRNA,40,9e4ced55-f6d0-46a4-97e6-34ece54ea8cf,504,partially_filled
20260622105514458::7f719911-119b-402a-9de5-3bd5d48c6103,FILL,2026-06-22 14:55:14.458146+00:00,fill,562.07,27,sell,META,0,713d6aa2-1a9b-48da-b35a-5586a6798052,27,filled
20260622105514889::44c8e039-a0a5-4353-b31b-30d0c8b174b7,FILL,2026-06-22 14:55:14.889149+00:00,partial_fill,58.42,34,sell,MRNA,6,9e4ced55-f6d0-46a4-97e6-34ece54ea8cf,538,partially_filled
20260622105515519::2252e5b7-82df-4f25-ab70-44bacff7d07e,FILL,2026-06-22 14:55:15.519288+00:00,fill,58.4,6,sell,MRNA,0,9e4ced55-f6d0-46a4-97e6-34ece54ea8cf,544,filled
20260622115751029::ca862c35-02ad-4162-836d-8b1540a278ab,FILL,2026-06-22 15:57:51.029146+00:00,partial_fill,111.86,223,sell,MSTR,110,7fe6cde2-4fa7-434c-bb2c-2063f872019e,223,partially_filled
20260622115751429::2501c35d-5148-4673-9a19-6d82a99c9425,FILL,2026-06-22 15:57:51.429170+00:00,partial_fill,111.86,104,sell,MSTR,6,7fe6cde2-4fa7-434c-bb2c-2063f872019e,327,partially_filled
20260622115751968::89a4cac8-19fb-4ec8-b551-e59fa6ee95e5,FILL,2026-06-22 15:57:51.968274+00:00,partial_fill,111.89,1,sell,MSTR,5,7fe6cde2-4fa7-434c-bb2c-2063f872019e,328,partially_filled
20260622115752635::e0ba8396-4ef5-4259-9f50-f32657ce643b,FILL,2026-06-22 15:57:52.635797+00:00,partial_fill,111.89,1,sell,MSTR,4,7fe6cde2-4fa7-434c-bb2c-2063f872019e,329,partially_filled
20260622115753174::06bc7dac-bcb8-47d1-a483-641850ac7ae4,FILL,2026-06-22 15:57:53.174079+00:00,partial_fill,111.89,2,sell,MSTR,2,7fe6cde2-4fa7-434c-bb2c-2063f872019e,331,partially_filled
20260622115753741::6921219f-70f5-4fa9-af35-6229798ee55a,FILL,2026-06-22 15:57:53.741401+00:00,partial_fill,111.89,1,sell,MSTR,1,7fe6cde2-4fa7-434c-bb2c-2063f872019e,332,partially_filled
20260622115754587::ca3d8800-18d8-4a38-81e5-4db5772648fc,FILL,2026-06-22 15:57:54.587192+00:00,fill,111.89,1,sell,MSTR,0,7fe6cde2-4fa7-434c-bb2c-2063f872019e,333,filled
20260622121335357::eac13a94-8fcc-4d71-822d-23260f7762cb,FILL,2026-06-22 16:13:35.357158+00:00,partial_fill,15.38,1131,buy,MARA,1277,ec107fc4-02c9-469b-a891-ef5670dd96da,1131,partially_filled
20260622121336239::de91d3c9-79c0-4aa1-9d5c-03e5c2fd6170,FILL,2026-06-22 16:13:36.239887+00:00,partial_fill,15.37,271,buy,MARA,1006,ec107fc4-02c9-469b-a891-ef5670dd96da,1402,partially_filled
20260622121336546::180e4b97-935d-4b28-a4b4-62884d87da73,FILL,2026-06-22 16:13:36.546250+00:00,partial_fill,15.37,967,buy,MARA,39,ec107fc4-02c9-469b-a891-ef5670dd96da,2369,partially_filled
20260622121337150::1fb5e4ca-7d80-4705-afd6-d9fd85d3ccf2,FILL,2026-06-22 16:13:37.150884+00:00,fill,15.37,39,buy,MARA,0,ec107fc4-02c9-469b-a891-ef5670dd96da,2408,filled
20260622122614349::c65f9c7d-9332-4b90-9212-26ee2a550225,FILL,2026-06-22 16:26:14.349348+00:00,fill,54.06,685,buy,ENPH,0,433a9727-ece2-43ce-94a5-714422ba3944,685,filled
20260622122614380::f12b5d1c-70cf-4aad-93eb-03b2e5082c58,FILL,2026-06-22 16:26:14.380238+00:00,partial_fill,54.06,345,buy,ENPH,341,e0e64ac5-41b6-4884-8099-0e572eb8f5d8,345,partially_filled
20260622122614897::6b6e5a03-9cd9-46d5-97d8-b7f8c1fd9800,FILL,2026-06-22 16:26:14.897116+00:00,partial_fill,54.06,20,buy,ENPH,321,e0e64ac5-41b6-4884-8099-0e572eb8f5d8,365,partially_filled
20260622122615752::df6c5c7f-38c1-47e9-8954-ea94848c804f,FILL,2026-06-22 16:26:15.752414+00:00,partial_fill,54.05,225,buy,ENPH,96,e0e64ac5-41b6-4884-8099-0e572eb8f5d8,590,partially_filled
20260622122616390::d8e877e9-8d30-4de5-a1b1-f8f9b963d7c1,FILL,2026-06-22 16:26:16.390487+00:00,partial_fill,54.05,20,buy,ENPH,76,e0e64ac5-41b6-4884-8099-0e572eb8f5d8,610,partially_filled
20260622122616567::639351a3-195d-4d07-9505-ea6c4dbe4cb5,FILL,2026-06-22 16:26:16.567560+00:00,partial_fill,54.05,31,buy,ENPH,45,e0e64ac5-41b6-4884-8099-0e572eb8f5d8,641,partially_filled
20260622122617224::79e50bb2-2872-4554-a395-21264a64c95c,FILL,2026-06-22 16:26:17.224245+00:00,partial_fill,54.05,31,buy,ENPH,14,e0e64ac5-41b6-4884-8099-0e572eb8f5d8,672,partially_filled
20260622122618271::3d9da288-1fdb-48c8-b69e-c84a86e141a5,FILL,2026-06-22 16:26:18.271054+00:00,fill,54.05,14,buy,ENPH,0,e0e64ac5-41b6-4884-8099-0e572eb8f5d8,686,filled
20260623093033715::014cc626-4d28-48b1-bc4f-44b90a219457,FILL,2026-06-23 13:30:33.715580+00:00,partial_fill,45.45,481,sell,WOLF,202,46e26e19-691a-4cf7-97e0-a0af1ae00022,481,partially_filled
20260623093040428::e4a68fa9-5dde-4bc9-9143-f219cb7ef29b,FILL,2026-06-23 13:30:40.428334+00:00,fill,14.14,2408,sell,MARA,0,2fb890be-6d9b-41b5-a4d9-05a94d84f2df,2408,filled
20260623093143853::2eacc4ae-d3ff-4a51-b8cb-1e0b71fd0a00,FILL,2026-06-23 13:31:43.853481+00:00,partial_fill,3.14,252,sell,RXRX,10805,f27ed4ac-ae60-4fe1-af8e-b7730397956e,252,partially_filled
20260623093156030::29b19e07-9091-439d-b743-9d6f82828083,FILL,2026-06-23 13:31:56.030447+00:00,fill,26.97,1121,sell,WULF,0,299df840-f88d-4e54-88b3-eaa7bde68acf,1121,filled
20260623093202134::fddabba0-5207-4e44-8cbc-4f0c5667f83f,FILL,2026-06-23 13:32:02.134589+00:00,fill,50.28,1371,sell,ENPH,0,a10d1642-483f-4fc8-981a-d4d42c266f59,1371,filled
20260623093213633::3ef5264b-7aa5-45f5-a932-c4464b3f96b9,FILL,2026-06-23 13:32:13.633408+00:00,fill,240.87,263,sell,SOXL,0,18147cc4-7603-43e4-bd2b-54c265b1392b,263,filled
20260623093412485::7dc27fb7-2caa-4207-ae6f-d9cd04ea9fd5,FILL,2026-06-23 13:34:12.485514+00:00,partial_fill,47.39,165,sell,WOLF,37,46e26e19-691a-4cf7-97e0-a0af1ae00022,646,partially_filled
20260623093502366::62ab6cc0-38b9-455c-b34e-d5a4577132fe,FILL,2026-06-23 13:35:02.366614+00:00,partial_fill,3.17,9286,sell,RXRX,1519,f27ed4ac-ae60-4fe1-af8e-b7730397956e,9538,partially_filled
20260623093513280::d803bfb1-e59f-47cb-b462-8c75e4d90934,FILL,2026-06-23 13:35:13.280561+00:00,partial_fill,3.18,666,sell,RXRX,853,f27ed4ac-ae60-4fe1-af8e-b7730397956e,10204,partially_filled
20260623093557193::79641ec9-9986-4097-b5e4-ba14b9b78b18,FILL,2026-06-23 13:35:57.193802+00:00,partial_fill,47.59,31,sell,WOLF,6,46e26e19-691a-4cf7-97e0-a0af1ae00022,677,partially_filled
20260623093630101::eb19e564-3f53-41bf-a5f3-ec2fc537fa96,FILL,2026-06-23 13:36:30.101407+00:00,partial_fill,47.59,1,sell,WOLF,5,46e26e19-691a-4cf7-97e0-a0af1ae00022,678,partially_filled
20260623093653337::be7e9fb6-98d1-408d-95e8-5d23de156aea,FILL,2026-06-23 13:36:53.337237+00:00,partial_fill,3.19,618,sell,RXRX,235,f27ed4ac-ae60-4fe1-af8e-b7730397956e,10822,partially_filled
20260623093715483::323dfc2a-df2e-4be3-9d16-f645b71e00b3,FILL,2026-06-23 13:37:15.483732+00:00,partial_fill,47.06,1,sell,WOLF,4,46e26e19-691a-4cf7-97e0-a0af1ae00022,679,partially_filled
20260623093730062::0eb225c6-4303-4f2d-8b1d-515b65e15076,FILL,2026-06-23 13:37:30.062740+00:00,partial_fill,3.2,177,sell,RXRX,58,f27ed4ac-ae60-4fe1-af8e-b7730397956e,10999,partially_filled
20260623093755264::3fe8ea23-845e-4e5a-932e-08bd6b3baac2,FILL,2026-06-23 13:37:55.264985+00:00,partial_fill,3.2,56,sell,RXRX,2,f27ed4ac-ae60-4fe1-af8e-b7730397956e,11055,partially_filled
20260623093808600::c2d1b63c-816d-4334-808f-6b9fd16b827d,FILL,2026-06-23 13:38:08.600689+00:00,fill,46.9,4,sell,WOLF,0,46e26e19-691a-4cf7-97e0-a0af1ae00022,683,filled
20260623093825513::d097f852-98a9-41b6-8a2c-cc9ea22e7a28,FILL,2026-06-23 13:38:25.513380+00:00,fill,3.19,2,sell,RXRX,0,f27ed4ac-ae60-4fe1-af8e-b7730397956e,11057,filled
20260623094919672::f89ac08f-39e7-4e0d-b40d-8a67f8733c18,FILL,2026-06-23 13:49:19.672273+00:00,partial_fill,59.86,190,buy,IONQ,121,323b996c-7736-4cf0-979c-57f576e75bec,190,partially_filled
20260623094920371::48dc3843-3551-4034-93cb-8105de2ab9b0,FILL,2026-06-23 13:49:20.371372+00:00,partial_fill,59.87,54,buy,IONQ,67,323b996c-7736-4cf0-979c-57f576e75bec,244,partially_filled
20260623094921026::053990c8-788c-4d36-9efa-5bcda4a4e02c,FILL,2026-06-23 13:49:21.026638+00:00,fill,59.87,67,buy,IONQ,0,323b996c-7736-4cf0-979c-57f576e75bec,311,filled
20260623095635646::f3e18df5-e9be-42dc-bf60-a451c0586982,FILL,2026-06-23 13:56:35.646017+00:00,partial_fill,28.79,553,buy,CORZ,525,c6cf1955-3f86-4d81-947f-2ad54136accb,553,partially_filled
20260623095639522::b5525730-6a20-48f1-8714-9bc065c0de73,FILL,2026-06-23 13:56:39.522289+00:00,partial_fill,28.78,409,buy,CORZ,116,c6cf1955-3f86-4d81-947f-2ad54136accb,962,partially_filled
20260623095640460::4d63c07c-5816-4a24-8012-94ccc23ab393,FILL,2026-06-23 13:56:40.460598+00:00,partial_fill,28.78,59,buy,CORZ,57,c6cf1955-3f86-4d81-947f-2ad54136accb,1021,partially_filled
20260623095641050::d2207275-9ce0-4ae7-b6d3-3f5161ff9874,FILL,2026-06-23 13:56:41.050571+00:00,partial_fill,28.78,31,buy,CORZ,26,c6cf1955-3f86-4d81-947f-2ad54136accb,1052,partially_filled
20260623095641699::fab86587-b692-4304-bfd8-254e311e2aba,FILL,2026-06-23 13:56:41.699232+00:00,fill,28.79,26,buy,CORZ,0,c6cf1955-3f86-4d81-947f-2ad54136accb,1078,filled
20260623124544878::552ef6bc-a32f-4b7f-91d9-951fd3920137,FILL,2026-06-23 16:45:44.878660+00:00,fill,103.47,299,buy,HOOD,0,4b9128f6-9d62-4bee-8830-550c51d0fc81,299,filled
20260623124545203::988138c0-35bf-4e0b-96b9-bdc198238275,FILL,2026-06-23 16:45:45.203148+00:00,fill,103.47,300,buy,HOOD,0,1ddf915b-d152-48de-8b32-931f1be20e4a,300,filled
20260623142603197::3d80e9e7-863b-431a-8291-0d4504dacfff,FILL,2026-06-23 18:26:03.197105+00:00,partial_fill,48.03,114,buy,RBLX,535,a6c52a6a-6e10-49c7-962b-314e386a93c8,114,partially_filled
20260623142603684::4ddbbf80-5fec-4272-a6db-5c1fb790ec59,FILL,2026-06-23 18:26:03.684777+00:00,fill,48.03,535,buy,RBLX,0,a6c52a6a-6e10-49c7-962b-314e386a93c8,649,filled
20260623144404777::eb8b8597-a61f-43eb-a1c0-c014c8fac6b2,FILL,2026-06-23 18:44:04.777721+00:00,partial_fill,119.16,111,buy,HUT,150,906c79b4-bcba-44fb-83d1-68f72faa62a8,111,partially_filled
20260623144404882::e112f94d-92bc-475b-ab57-3a86f4c247c7,FILL,2026-06-23 18:44:04.882612+00:00,fill,119.16,260,buy,HUT,0,99cfc327-6240-442b-95c0-e214435bd9eb,260,filled
20260623144405635::a168d4c1-5e18-4867-9741-1d4424ef161c,FILL,2026-06-23 18:44:05.635738+00:00,partial_fill,119.01,100,buy,HUT,50,906c79b4-bcba-44fb-83d1-68f72faa62a8,211,partially_filled
20260623144406461::90323abe-c711-4fe1-8698-5a6ba6b278e8,FILL,2026-06-23 18:44:06.461719+00:00,partial_fill,119.01,23,buy,HUT,27,906c79b4-bcba-44fb-83d1-68f72faa62a8,234,partially_filled
20260623144407085::38017f2d-0734-4625-858a-a107f79f092b,FILL,2026-06-23 18:44:07.085211+00:00,fill,119.01,27,buy,HUT,0,906c79b4-bcba-44fb-83d1-68f72faa62a8,261,filled
20260623144622161::ba88bb3a-85df-43f6-b74c-c96d4367ba45,FILL,2026-06-23 18:46:22.161802+00:00,fill,56.79,311,sell,IONQ,0,9e8f68b7-31a7-4f40-9fb3-a6bbdd10311b,311,filled
20260624095056842::bbfe15e7-a101-4f7e-9ee0-f9d42a789ddf,FILL,2026-06-24 13:50:56.842324+00:00,partial_fill,116.0,122,buy,PLTR,134,dace09ab-3988-41b9-84ee-556db50f9da4,122,partially_filled
20260624095057169::ccf427e2-d516-474a-86e2-78845bb96341,FILL,2026-06-24 13:50:57.169229+00:00,partial_fill,116.0,30,buy,PLTR,104,dace09ab-3988-41b9-84ee-556db50f9da4,152,partially_filled
20260624095058148::9a0bf9c2-421f-4acf-a6b4-2054dc99d022,FILL,2026-06-24 13:50:58.148345+00:00,fill,116.0,104,buy,PLTR,0,dace09ab-3988-41b9-84ee-556db50f9da4,256,filled
20260624100645461::479f19f8-3695-40d2-a34c-66524838e83b,FILL,2026-06-24 14:06:45.461198+00:00,partial_fill,3.23,7079,buy,RXRX,2065,6b567dcf-fb5e-44fb-9db7-a4dfc31e28b2,7079,partially_filled
20260624100645797::73160336-e0d9-412d-90a4-1932c17b32e9,FILL,2026-06-24 14:06:45.797050+00:00,partial_fill,3.23,1185,buy,RXRX,880,6b567dcf-fb5e-44fb-9db7-a4dfc31e28b2,8264,partially_filled
20260624100646462::866027b2-569d-4dd2-932a-04cd6b6110b9,FILL,2026-06-24 14:06:46.462880+00:00,partial_fill,3.23,697,buy,RXRX,183,6b567dcf-fb5e-44fb-9db7-a4dfc31e28b2,8961,partially_filled
20260624100647024::b3282745-27c9-4300-93fc-57953a29527b,FILL,2026-06-24 14:06:47.024708+00:00,partial_fill,3.23,99,buy,RXRX,84,6b567dcf-fb5e-44fb-9db7-a4dfc31e28b2,9060,partially_filled
20260624100647725::99c254d5-21f4-4fe4-a4cc-9bd58a029a80,FILL,2026-06-24 14:06:47.725624+00:00,fill,3.23,84,buy,RXRX,0,6b567dcf-fb5e-44fb-9db7-a4dfc31e28b2,9144,filled
20260624101606064::e9fb7082-2e65-4729-b841-19abe0685c8e,FILL,2026-06-24 14:16:06.064405+00:00,partial_fill,98.06,54,sell,HOOD,545,b393ea91-688b-4cba-97b6-f5fd9d94e235,54,partially_filled
20260624101606610::8de43542-d203-450e-89dd-a87e4d3fc49f,FILL,2026-06-24 14:16:06.610785+00:00,partial_fill,97.88,296,sell,HOOD,249,b393ea91-688b-4cba-97b6-f5fd9d94e235,350,partially_filled
20260624101607504::74c17663-0786-469d-b68b-00c2b823a57c,FILL,2026-06-24 14:16:07.504154+00:00,fill,97.87,249,sell,HOOD,0,b393ea91-688b-4cba-97b6-f5fd9d94e235,599,filled
20260624101917978::4942bcaf-8293-4fee-8eea-364401fa5043,FILL,2026-06-24 14:19:17.978198+00:00,partial_fill,17.84,259,buy,SOFI,1371,5f2e08c6-2d5c-4f76-a46f-c22e0a827eca,259,partially_filled
20260624101918290::6aa135c6-9ebb-4fc2-9c57-895f8f175998,FILL,2026-06-24 14:19:18.290430+00:00,partial_fill,17.84,865,buy,SOFI,506,5f2e08c6-2d5c-4f76-a46f-c22e0a827eca,1124,partially_filled
20260624101918830::9e385e89-6f15-47ae-9383-341bffb9d7b1,FILL,2026-06-24 14:19:18.830158+00:00,partial_fill,17.84,254,buy,SOFI,252,5f2e08c6-2d5c-4f76-a46f-c22e0a827eca,1378,partially_filled
20260624101919440::99a16139-96ca-4479-b892-972f814ebed1,FILL,2026-06-24 14:19:19.440557+00:00,partial_fill,17.84,69,buy,SOFI,183,5f2e08c6-2d5c-4f76-a46f-c22e0a827eca,1447,partially_filled
20260624101919723::cbfd1d08-4722-4313-9e75-0107686608fb,FILL,2026-06-24 14:19:19.723199+00:00,partial_fill,17.84,3,buy,SOFI,180,5f2e08c6-2d5c-4f76-a46f-c22e0a827eca,1450,partially_filled
20260624101920448::4211b63f-f36c-44a7-8d0b-d7abc3fa8d7f,FILL,2026-06-24 14:19:20.448392+00:00,partial_fill,17.84,98,buy,SOFI,82,5f2e08c6-2d5c-4f76-a46f-c22e0a827eca,1548,partially_filled
20260624101921187::9d1710f9-995a-41c7-acb7-2e01946f69d7,FILL,2026-06-24 14:19:21.187270+00:00,partial_fill,17.84,36,buy,SOFI,46,5f2e08c6-2d5c-4f76-a46f-c22e0a827eca,1584,partially_filled
20260624101921632::de9fcf11-197f-4fb7-bb3a-df0beb7362fc,FILL,2026-06-24 14:19:21.632787+00:00,fill,17.84,46,buy,SOFI,0,5f2e08c6-2d5c-4f76-a46f-c22e0a827eca,1630,filled
20260624120631824::eba54699-100b-4121-8d32-ccdc68b6df5e,FILL,2026-06-24 16:06:31.824861+00:00,fill,17.82,1701,buy,SOFI,0,5d919b02-144f-45b7-8527-2940a2bf3779,1701,filled
20260624120631861::e0871c32-c6f4-4722-9e93-6fb455553d5f,FILL,2026-06-24 16:06:31.861357+00:00,fill,17.82,1686,buy,SOFI,0,44c674d9-d536-4ef9-bcea-5ad7d03a28cc,1686,filled
20260624133244725::b4adb878-a46f-4168-a088-4e3f5fd8fd00,FILL,2026-06-24 17:32:44.725123+00:00,fill,27.3,1078,sell,CORZ,0,a89fca23-f24c-43ff-882e-ec8d2655898a,1078,filled
20260624140133338::9c4d827d-11d5-41ab-ac96-35889cab0fba,FILL,2026-06-24 18:01:33.338630+00:00,fill,113.13,521,sell,HUT,0,b8253ccc-385a-4f01-840a-bbfa63af101c,521,filled
20260625093627316::5e039bf1-77df-42da-91fd-1e592d9e400e,FILL,2026-06-25 13:36:27.316195+00:00,fill,109.29,256,sell,PLTR,0,66785a1f-39e1-4533-91b7-96235a4a5cf5,256,filled
20260625094144485::c5b9d499-68ba-4a17-936b-3b417aa71af9,FILL,2026-06-25 13:41:44.485196+00:00,partial_fill,16.89,1573,sell,SOFI,3444,437c5b59-331e-4438-a227-e010f3074083,1573,partially_filled
20260625094144490::92373d43-7f38-4faa-b81f-4d54ec985755,FILL,2026-06-25 13:41:44.490093+00:00,partial_fill,45.51,519,sell,RBLX,130,d7b5c1a1-3067-4caf-a940-c4bda3ec0342,519,partially_filled
20260625094144506::87f51ce5-668a-42b3-94e3-88e1db9c2d0b,FILL,2026-06-25 13:41:44.506709+00:00,partial_fill,6.51,298,sell,BULL,4475,9862782d-6d37-4d62-b8d7-d1252a47053f,298,partially_filled
20260625094145144::b1851dfc-20ae-4a87-b85c-63d8b36bade9,FILL,2026-06-25 13:41:45.144011+00:00,fill,16.91,3444,sell,SOFI,0,437c5b59-331e-4438-a227-e010f3074083,5017,filled
20260625094145148::059e16a1-2e69-4877-a794-f261cc645fba,FILL,2026-06-25 13:41:45.148912+00:00,fill,45.51,130,sell,RBLX,0,d7b5c1a1-3067-4caf-a940-c4bda3ec0342,649,filled
20260625094145165::219f13c4-7eec-4be2-81ec-fdd6ab3d766f,FILL,2026-06-25 13:41:45.165807+00:00,fill,6.51,4475,sell,BULL,0,9862782d-6d37-4d62-b8d7-d1252a47053f,4773,filled
20260625094752134::93d3284b-a574-42e1-bd90-e8f23a842f3e,FILL,2026-06-25 13:47:52.134488+00:00,fill,242.76,62,buy,SOXL,0,422e6428-bf81-4bbe-b253-7bada9bf3f4d,62,filled
20260625094800678::c70c86ce-bfbd-4593-aa70-b0cad3dcd05a,FILL,2026-06-25 13:48:00.678038+00:00,partial_fill,1191.29,21,buy,MU,1,c32eab76-eef9-4dc3-b829-138a217dc5cb,21,partially_filled
20260625094801250::2926d218-eed2-47c1-bac5-525d06a3040b,FILL,2026-06-25 13:48:01.250999+00:00,fill,1191.95,1,buy,MU,0,c32eab76-eef9-4dc3-b829-138a217dc5cb,22,filled
20260625095106217::8c33db97-9dfa-43b8-9a90-67c0ae3f849b,FILL,2026-06-25 13:51:06.217112+00:00,partial_fill,59.45,236,buy,MRNA,221,a17f508b-7859-401c-bf7c-9fbdb31caf61,236,partially_filled
20260625095107079::4e1a1a14-d6cd-43f2-a983-4d9df08815e8,FILL,2026-06-25 13:51:07.079508+00:00,fill,59.45,221,buy,MRNA,0,a17f508b-7859-401c-bf7c-9fbdb31caf61,457,filled
20260625100028426::8d2e67ec-9b9a-4549-93b4-f1ec9996ce20,FILL,2026-06-25 14:00:28.426563+00:00,partial_fill,230.01,36,sell,SOXL,26,67abd1f7-4e54-4c58-a27a-019acfba4184,36,partially_filled
20260625100029500::30a8f116-4f79-49d8-82ba-d779e3febeca,FILL,2026-06-25 14:00:29.500076+00:00,partial_fill,230.01,3,sell,SOXL,23,67abd1f7-4e54-4c58-a27a-019acfba4184,39,partially_filled
20260625100030131::acdf9a67-67bb-4166-a91a-bcd1d436510f,FILL,2026-06-25 14:00:30.131768+00:00,fill,230.74,23,sell,SOXL,0,67abd1f7-4e54-4c58-a27a-019acfba4184,62,filled
20260625111258520::ca7d709f-f7a8-4f40-a65d-79315005606d,FILL,2026-06-25 15:12:58.520446+00:00,partial_fill,70.02,372,buy,UDOW,18,eb335281-5dab-4277-b597-ce49c2dd6efe,372,partially_filled
20260625111259054::61dbac79-2bcc-4168-8239-c3eedc81921e,FILL,2026-06-25 15:12:59.054029+00:00,partial_fill,70.01,9,buy,UDOW,9,eb335281-5dab-4277-b597-ce49c2dd6efe,381,partially_filled
20260625111259566::a77c32bd-eec2-46f7-aa0e-e36190c86a2f,FILL,2026-06-25 15:12:59.566552+00:00,partial_fill,70.01,1,buy,UDOW,8,eb335281-5dab-4277-b597-ce49c2dd6efe,382,partially_filled
20260625111300433::cf7181fe-4e36-4991-8aa2-a456f073a726,FILL,2026-06-25 15:13:00.433952+00:00,partial_fill,70.01,6,buy,UDOW,2,eb335281-5dab-4277-b597-ce49c2dd6efe,388,partially_filled
20260625111300676::5c81307e-969d-42ea-b51b-d24c42e1552f,FILL,2026-06-25 15:13:00.676643+00:00,fill,70.01,2,buy,UDOW,0,eb335281-5dab-4277-b597-ce49c2dd6efe,390,filled
20260625111532489::512d32f0-e8f9-4883-b2e6-3798e0f06052,FILL,2026-06-25 15:15:32.489335+00:00,partial_fill,1042.12,21,buy,CAT,5,ade7a9a0-0a66-4b18-8ae7-f2853fe4bdcc,21,partially_filled
20260625111532518::2084939e-a43d-480d-9b85-8eb6f6f91ace,FILL,2026-06-25 15:15:32.518475+00:00,partial_fill,1042.12,11,buy,CAT,15,f808e45d-3e32-4759-adce-e1090a3d0420,11,partially_filled
20260625111533393::4b668e63-dbbb-4518-a813-59c9cc3154cc,FILL,2026-06-25 15:15:33.393464+00:00,partial_fill,1042.12,3,buy,CAT,2,ade7a9a0-0a66-4b18-8ae7-f2853fe4bdcc,24,partially_filled
20260625111533420::98e3934c-be0e-4b85-8181-a1a361545606,FILL,2026-06-25 15:15:33.420712+00:00,partial_fill,1042.12,12,buy,CAT,3,f808e45d-3e32-4759-adce-e1090a3d0420,23,partially_filled
20260625111534155::e41c544e-5507-4c0a-894b-5296fdad42c8,FILL,2026-06-25 15:15:34.155418+00:00,partial_fill,1042.12,1,buy,CAT,1,ade7a9a0-0a66-4b18-8ae7-f2853fe4bdcc,25,partially_filled
20260625111534181::6572a28e-6c57-446f-b7d2-ef6b3d45915a,FILL,2026-06-25 15:15:34.181389+00:00,partial_fill,1042.12,1,buy,CAT,2,f808e45d-3e32-4759-adce-e1090a3d0420,24,partially_filled
20260625111534484::27580f7a-6955-4c32-b070-fee10e026539,FILL,2026-06-25 15:15:34.484859+00:00,fill,1042.12,2,buy,CAT,0,f808e45d-3e32-4759-adce-e1090a3d0420,26,filled
20260625111614859::1c9ce185-d931-48b4-9a16-007d0bea364d,FILL,2026-06-25 15:16:14.859987+00:00,fill,1042.34,1,buy,CAT,0,ade7a9a0-0a66-4b18-8ae7-f2853fe4bdcc,26,filled
20260625123055384::285b400a-dc38-484f-bb5b-1826ee78d87f,FILL,2026-06-25 16:30:55.384498+00:00,fill,27.68,997,buy,CORZ,0,ef918f3d-e416-467f-80c9-d58cd82de25b,997,filled
20260626093051287::c03c350e-b6a6-4f10-b6c6-f4def960d7b4,FILL,2026-06-26 13:30:51.287752+00:00,partial_fill,1144.22,14,sell,MU,8,7587722d-4964-4b29-9d0a-142714806d47,14,partially_filled
20260626093225125::bc8d0877-9e92-41aa-b556-effe6fb555b3,FILL,2026-06-26 13:32:25.125573+00:00,partial_fill,1145.06,3,sell,MU,5,7587722d-4964-4b29-9d0a-142714806d47,17,partially_filled
20260626093343647::a6034734-82e3-447f-a610-1ef8bfc6bb02,FILL,2026-06-26 13:33:43.647107+00:00,partial_fill,1135.03,1,sell,MU,4,7587722d-4964-4b29-9d0a-142714806d47,18,partially_filled
20260626093400245::55064b59-5059-4fc7-976a-d597e753ea84,FILL,2026-06-26 13:34:00.245650+00:00,fill,1128.25,4,sell,MU,0,7587722d-4964-4b29-9d0a-142714806d47,22,filled
20260626093545465::7e01d983-b512-4d02-a25d-68cd6cb13171,FILL,2026-06-26 13:35:45.465617+00:00,partial_fill,26.19,52,sell,CORZ,945,eb01bfc3-204a-425c-bc60-d3383a01a44d,52,partially_filled
20260626093547061::42db96f1-ba66-4abf-80e3-71b2ffefb8db,FILL,2026-06-26 13:35:47.061413+00:00,partial_fill,26.18,4,sell,CORZ,941,eb01bfc3-204a-425c-bc60-d3383a01a44d,56,partially_filled
20260626093549039::dc8faa76-18b2-45f1-85d6-caaec84abe75,FILL,2026-06-26 13:35:49.039328+00:00,partial_fill,26.17,457,sell,CORZ,484,eb01bfc3-204a-425c-bc60-d3383a01a44d,513,partially_filled
20260626093549801::d26fe6bb-74c1-4cf5-81c6-7005dbc9e31b,FILL,2026-06-26 13:35:49.801070+00:00,partial_fill,26.17,419,sell,CORZ,65,eb01bfc3-204a-425c-bc60-d3383a01a44d,932,partially_filled
20260626093551774::f7c85dec-d875-497e-80fd-008d04391b1b,FILL,2026-06-26 13:35:51.774895+00:00,fill,26.19,65,sell,CORZ,0,eb01bfc3-204a-425c-bc60-d3383a01a44d,997,filled
20260626105002138::44612687-b258-4bf8-a6df-946ba368fd33,FILL,2026-06-26 14:50:02.138298+00:00,partial_fill,67.58,98,sell,MRNA,359,efc41ef8-762b-47a7-b0b0-be43207bb1f8,98,partially_filled
20260626105002806::9fe38137-e28a-46d9-a34f-20797fa4a96c,FILL,2026-06-26 14:50:02.806417+00:00,partial_fill,67.58,139,sell,MRNA,220,efc41ef8-762b-47a7-b0b0-be43207bb1f8,237,partially_filled
20260626105003878::f9954cec-ed30-4f62-9fbb-a91354b9428a,FILL,2026-06-26 14:50:03.878745+00:00,partial_fill,67.51,202,sell,MRNA,18,efc41ef8-762b-47a7-b0b0-be43207bb1f8,439,partially_filled
20260626105004451::456c63fe-762b-47e9-acb9-9c9a1faf438a,FILL,2026-06-26 14:50:04.451891+00:00,partial_fill,67.51,12,sell,MRNA,6,efc41ef8-762b-47a7-b0b0-be43207bb1f8,451,partially_filled
20260626105004863::16605816-bae7-44cd-a011-be0dcc7dc5dc,FILL,2026-06-26 14:50:04.863224+00:00,fill,67.51,6,sell,MRNA,0,efc41ef8-762b-47a7-b0b0-be43207bb1f8,457,filled
20260629075907591::f4eabab0-be67-4672-836d-5a248a76827c,FILL,2026-06-29 11:59:07.591902+00:00,partial_fill,95.01,114,buy,RKLB,41,f3f808c1-935d-4bd7-8f71-f6fffd27f7f7,114,partially_filled
20260629075907925::c70d38e9-c70a-4689-a4f8-26dfeeeaeff7,FILL,2026-06-29 11:59:07.925032+00:00,fill,95.0,41,buy,RKLB,0,f3f808c1-935d-4bd7-8f71-f6fffd27f7f7,155,filled
20260629093650702::afd602ee-12a1-408c-a3ab-11337078e407,FILL,2026-06-29 13:36:50.702888+00:00,partial_fill,6.14,1834,sell,LCID,5156,c55b101d-1911-48e2-85fc-6800ee7fdb05,1834,partially_filled
20260629093725863::6e6d9bbb-2da8-4eb0-884f-19a533d0768d,FILL,2026-06-29 13:37:25.863841+00:00,partial_fill,6.14,737,sell,LCID,4419,c55b101d-1911-48e2-85fc-6800ee7fdb05,2571,partially_filled
20260629093734776::04d88420-c800-425c-b7b3-b7887a38d917,FILL,2026-06-29 13:37:34.776775+00:00,fill,6.14,4419,sell,LCID,0,c55b101d-1911-48e2-85fc-6800ee7fdb05,6990,filled
20260629093904018::360a393d-4591-4f03-a8ec-7f95f148cf3c,FILL,2026-06-29 13:39:04.018136+00:00,fill,3.68,9144,sell,RXRX,0,b1eebe22-16ef-42dd-bb81-18805c42e7ea,9144,filled
20260629094010302::c229e0d1-fc51-4201-b329-10b010d40d12,FILL,2026-06-29 13:40:10.302141+00:00,partial_fill,85.48,69,buy,MSTR,140,e036a2ec-56dc-4fbf-8bdf-4c1f29216b93,69,partially_filled
20260629094011192::a2b478b3-00ac-4b67-a51d-e16d90cfbd90,FILL,2026-06-29 13:40:11.192502+00:00,partial_fill,99.5,13,buy,HOOD,165,dbf1788e-9657-4013-a699-5d3fc92ef17e,13,partially_filled
20260629094011621::5354d11f-fbd7-443f-9b86-3cd8edab0f95,FILL,2026-06-29 13:40:11.621625+00:00,partial_fill,85.45,84,buy,MSTR,56,e036a2ec-56dc-4fbf-8bdf-4c1f29216b93,153,partially_filled
20260629094012496::d0894387-d275-43a2-a754-bd7a14a888c6,FILL,2026-06-29 13:40:12.496732+00:00,fill,99.38,165,buy,HOOD,0,dbf1788e-9657-4013-a699-5d3fc92ef17e,178,filled
20260629094013268::8ea11ac3-7cbe-405d-858a-2cfe0d470358,FILL,2026-06-29 13:40:13.268219+00:00,fill,85.49,56,buy,MSTR,0,e036a2ec-56dc-4fbf-8bdf-4c1f29216b93,209,filled
20260629094523206::4156ff70-faad-446c-a760-6d173936573a,FILL,2026-06-29 13:45:23.206660+00:00,partial_fill,46.35,326,buy,WOLF,296,293edd84-b860-4f64-a351-f27adfa6c803,326,partially_filled
20260629094524695::3f6fea33-7305-42cd-a1c6-8efe7cb06d74,FILL,2026-06-29 13:45:24.695361+00:00,fill,46.35,296,buy,WOLF,0,293edd84-b860-4f64-a351-f27adfa6c803,622,filled
20260629095747849::ffe0d9c7-0975-4dfb-a52b-9bf55fef79eb,FILL,2026-06-29 13:57:47.849035+00:00,partial_fill,43.22,231,sell,WOLF,391,5bfcc454-0094-4da4-a826-bbe1dc0def38,231,partially_filled
20260629095748921::6091e1bc-cce1-474d-ad10-1a0b6abf571f,FILL,2026-06-29 13:57:48.921747+00:00,partial_fill,43.22,309,sell,WOLF,82,5bfcc454-0094-4da4-a826-bbe1dc0def38,540,partially_filled
20260629095749224::d38e7584-d5a6-4d87-bcb9-8cf497d9dac1,FILL,2026-06-29 13:57:49.224393+00:00,fill,43.22,82,sell,WOLF,0,5bfcc454-0094-4da4-a826-bbe1dc0def38,622,filled
20260629100102999::79ca19f7-2272-4a16-9cb4-c775054a1195,FILL,2026-06-29 14:01:02.999192+00:00,partial_fill,658.5,5,buy,AMAT,39,49b5461a-ce23-4181-8218-6e190cea32cd,5,partially_filled
20260629100103329::2264b3b7-d1a2-4751-a3f1-c6515b0ec053,FILL,2026-06-29 14:01:03.329050+00:00,partial_fill,658.37,37,buy,AMAT,2,49b5461a-ce23-4181-8218-6e190cea32cd,42,partially_filled
20260629100104559::fab54ef5-8700-4449-9f7e-6eebc0f67998,FILL,2026-06-29 14:01:04.559744+00:00,partial_fill,53.57,192,buy,RBLX,356,e6b5c2fa-c50a-4dd8-afef-f531111f7656,192,partially_filled
20260629100104652::6cfd0d69-6721-466a-996a-eb9af3394d9b,FILL,2026-06-29 14:01:04.652079+00:00,partial_fill,658.36,1,buy,AMAT,1,49b5461a-ce23-4181-8218-6e190cea32cd,43,partially_filled
20260629100105434::108f7e45-81b1-4818-a40c-3acb96ab7af2,FILL,2026-06-29 14:01:05.434886+00:00,fill,658.36,1,buy,AMAT,0,49b5461a-ce23-4181-8218-6e190cea32cd,44,filled
20260629100106183::9430cb5f-e44c-44fd-bc11-f0958e5d413f,FILL,2026-06-29 14:01:06.183810+00:00,partial_fill,53.6,82,buy,RBLX,274,e6b5c2fa-c50a-4dd8-afef-f531111f7656,274,partially_filled
20260629100106787::108c8b1c-ddaf-4911-a407-a05d7c3fd728,FILL,2026-06-29 14:01:06.787956+00:00,partial_fill,53.66,226,buy,RBLX,48,e6b5c2fa-c50a-4dd8-afef-f531111f7656,500,partially_filled
20260629100108212::e7a210c5-ddcf-4b2a-831b-fe5261889a99,FILL,2026-06-29 14:01:08.212201+00:00,fill,53.66,48,buy,RBLX,0,e6b5c2fa-c50a-4dd8-afef-f531111f7656,548,filled
20260629100718273::8ce52f15-a8d9-4e5e-84ec-58a9fdc1e095,FILL,2026-06-29 14:07:18.273183+00:00,partial_fill,51.08,123,buy,IONQ,442,429af943-9167-47a6-be32-f8c39e701a34,123,partially_filled
20260629100719441::e54f50a3-e6c5-41bf-b3fe-957470bc3c37,FILL,2026-06-29 14:07:19.441630+00:00,fill,51.06,442,buy,IONQ,0,429af943-9167-47a6-be32-f8c39e701a34,565,filled
20260629101028347::ba44b3e8-e8d4-45bf-87ea-b6ee2456149b,FILL,2026-06-29 14:10:28.347144+00:00,partial_fill,3.62,4906,buy,RXRX,3013,5d800382-09d6-42c3-899e-6f33c3b9eb01,4906,partially_filled
20260629101029092::def428fa-0172-40fe-b09a-67b059fd526a,FILL,2026-06-29 14:10:29.092973+00:00,fill,3.62,3013,buy,RXRX,0,5d800382-09d6-42c3-899e-6f33c3b9eb01,7919,filled
20260629101335129::44da917f-ca70-46f3-9088-b89ca22371cd,FILL,2026-06-29 14:13:35.129205+00:00,partial_fill,89.88,128,sell,RKLB,27,36fe4fba-8f5b-443c-b528-98663b9cbe41,128,partially_filled
20260629101335573::b9153ab2-7973-464a-bfc2-0d17ac8c78bd,FILL,2026-06-29 14:13:35.573085+00:00,partial_fill,89.89,11,sell,RKLB,16,36fe4fba-8f5b-443c-b528-98663b9cbe41,139,partially_filled
20260629101336629::7feac4fb-4553-4484-aac4-3ac714a978a4,FILL,2026-06-29 14:13:36.629030+00:00,fill,89.9,16,sell,RKLB,0,36fe4fba-8f5b-443c-b528-98663b9cbe41,155,filled
20260629104029427::aec4cf1b-4265-46e2-94c1-b137f143a9fd,FILL,2026-06-29 14:40:29.427482+00:00,fill,253.69,173,sell,ABBV,0,d4399dc3-39d9-40b9-b669-7249784c31bc,173,filled
20260629110654850::f342f7d1-359b-44ef-9e18-242b015440d7,FILL,2026-06-29 15:06:54.850632+00:00,partial_fill,6.28,256,buy,LCID,4483,b3e7a58e-35b4-469d-9888-6416a9c04f34,256,partially_filled
20260629110655437::3ef362a6-80a4-4500-803f-aa7906d428a6,FILL,2026-06-29 15:06:55.437454+00:00,partial_fill,6.28,1374,buy,LCID,3109,b3e7a58e-35b4-469d-9888-6416a9c04f34,1630,partially_filled
20260629110655847::a5c0923d-5cc4-4c72-9a23-4f0bf2c6faed,FILL,2026-06-29 15:06:55.847640+00:00,fill,6.28,3109,buy,LCID,0,b3e7a58e-35b4-469d-9888-6416a9c04f34,4739,filled
20260629154153994::c2a196d1-7000-4dbd-9b27-20a771c8d319,FILL,2026-06-29 19:41:53.994799+00:00,partial_fill,102.41,170,sell,HOOD,8,7f0b76d4-4420-47fa-b6b6-1179283697b6,170,partially_filled
20260629154154066::f6254bf2-6c94-4720-8934-43ca1596761d,FILL,2026-06-29 19:41:54.066653+00:00,partial_fill,92.84,170,sell,MSTR,39,44d99026-5488-4700-92c3-749dfe3821f0,170,partially_filled
20260629154154787::d0e93039-d14a-465d-bad4-8671be7d3a65,FILL,2026-06-29 19:41:54.787643+00:00,partial_fill,102.41,4,sell,HOOD,4,7f0b76d4-4420-47fa-b6b6-1179283697b6,174,partially_filled
20260629154154845::54356c8e-3ace-4b7c-bd9f-3ff6585bf8e5,FILL,2026-06-29 19:41:54.845490+00:00,partial_fill,92.84,6,sell,MSTR,33,44d99026-5488-4700-92c3-749dfe3821f0,176,partially_filled
20260629154155369::bc75c073-ed77-4780-b298-9532770c7cc3,FILL,2026-06-29 19:41:55.369367+00:00,partial_fill,102.4,2,sell,HOOD,2,7f0b76d4-4420-47fa-b6b6-1179283697b6,176,partially_filled
20260629154155437::90704a35-4628-4d68-94a7-54a072a66353,FILL,2026-06-29 19:41:55.437640+00:00,partial_fill,92.84,31,sell,MSTR,2,44d99026-5488-4700-92c3-749dfe3821f0,207,partially_filled
20260629154156407::07e418f9-73a6-420f-ab14-f8a08301b162,FILL,2026-06-29 19:41:56.407658+00:00,fill,102.4,2,sell,HOOD,0,7f0b76d4-4420-47fa-b6b6-1179283697b6,178,filled
20260629154156496::406146f3-3c43-4640-b1a0-fac46287e343,FILL,2026-06-29 19:41:56.496119+00:00,fill,92.84,2,sell,MSTR,0,44d99026-5488-4700-92c3-749dfe3821f0,209,filled
20260629162134003::a720ed4e-e9f6-4464-8502-a50eab41e558,FILL,2026-06-29 20:21:34.003920+00:00,partial_fill,239.85,59,buy,AMZN,5,58c72d47-14fb-402f-927f-d9cd666b1084,59,partially_filled
20260629162134198::b137e98e-1e22-4b51-9878-5af169a18afd,FILL,2026-06-29 20:21:34.198552+00:00,partial_fill,239.85,1,buy,AMZN,4,58c72d47-14fb-402f-927f-d9cd666b1084,60,partially_filled
20260629162134527::c15edddf-b786-4a21-a16c-dbf93e7f58d7,FILL,2026-06-29 20:21:34.527616+00:00,fill,239.85,4,buy,AMZN,0,58c72d47-14fb-402f-927f-d9cd666b1084,64,filled
20260630070905585::bdeb8f50-89b8-440e-a67b-261c00818894,FILL,2026-06-30 11:09:05.585029+00:00,partial_fill,8.57,1820,buy,ONDS,41,59f1795c-125c-498a-902c-30f0a25f6a74,1820,partially_filled
20260630070905848::e18dc21b-5a21-4d84-9857-a9fc45580beb,FILL,2026-06-30 11:09:05.848146+00:00,partial_fill,8.57,14,buy,ONDS,27,59f1795c-125c-498a-902c-30f0a25f6a74,1834,partially_filled
20260630070906123::8c2919a6-e794-491a-86e2-f86ce1321546,FILL,2026-06-30 11:09:06.123015+00:00,partial_fill,8.57,16,buy,ONDS,11,59f1795c-125c-498a-902c-30f0a25f6a74,1850,partially_filled
20260630070906507::0388a99b-4e96-451a-9253-5214c9636df8,FILL,2026-06-30 11:09:06.507521+00:00,partial_fill,8.57,9,buy,ONDS,2,59f1795c-125c-498a-902c-30f0a25f6a74,1859,partially_filled
20260630070906851::74ee75d1-4bc4-4150-95d8-9dc77a8db18f,FILL,2026-06-30 11:09:06.851975+00:00,partial_fill,8.57,1,buy,ONDS,1,59f1795c-125c-498a-902c-30f0a25f6a74,1860,partially_filled
20260630070907110::7c91ba2d-046e-4f83-b220-ad8ef03ba31b,FILL,2026-06-30 11:09:07.110839+00:00,fill,8.57,1,buy,ONDS,0,59f1795c-125c-498a-902c-30f0a25f6a74,1861,filled
20260630070921878::8b1dc45f-2f12-4205-8bc0-448ef0e40782,FILL,2026-06-30 11:09:21.878663+00:00,partial_fill,8.56,136,buy,ONDS,1724,2be1f49c-3afd-4a6c-9b24-302d29a7b1df,136,partially_filled
20260630070922284::4dbacd05-5131-43f2-bbe9-a0ac35bd166a,FILL,2026-06-30 11:09:22.284177+00:00,partial_fill,8.56,318,buy,ONDS,1406,2be1f49c-3afd-4a6c-9b24-302d29a7b1df,454,partially_filled
20260630070922560::ffd9bb0c-1f71-4519-a296-c58cffd6300f,FILL,2026-06-30 11:09:22.560086+00:00,partial_fill,8.56,372,buy,ONDS,1034,2be1f49c-3afd-4a6c-9b24-302d29a7b1df,826,partially_filled
20260630070922965::906ac29c-9085-4a75-9165-b8414fed4f11,FILL,2026-06-30 11:09:22.965009+00:00,fill,8.56,1034,buy,ONDS,0,2be1f49c-3afd-4a6c-9b24-302d29a7b1df,1860,filled
20260630110637197::0e2c63a3-69b9-48e3-8bd0-98c4448e75cd,FILL,2026-06-30 15:06:37.197341+00:00,partial_fill,8.1,3112,sell,ONDS,609,15ea6843-7961-4931-8742-516a5082b4b0,3112,partially_filled
20260630110638563::6ca6cbea-5f2e-4a40-99ea-111ca912a819,FILL,2026-06-30 15:06:38.563205+00:00,fill,8.1,609,sell,ONDS,0,15ea6843-7961-4931-8742-516a5082b4b0,3721,filled
20260630110728235::f61b9e2f-7285-46f0-a2de-8719b78b935a,FILL,2026-06-30 15:07:28.235055+00:00,partial_fill,563.95,12,sell,AMD,47,a9dc6d3f-cf2c-41dc-b71c-6543e5309370,12,partially_filled
20260630110728334::f5b73981-3053-4b50-a776-ec514d97f06e,FILL,2026-06-30 15:07:28.334267+00:00,partial_fill,737.18,33,sell,AMAT,11,6e8fdf43-5610-42ee-9fcd-40b1c93cc903,33,partially_filled
20260630110728960::b4d15250-bcbb-437f-987d-b2c4d6bedfae,FILL,2026-06-30 15:07:28.960248+00:00,partial_fill,563.96,5,sell,AMD,42,a9dc6d3f-cf2c-41dc-b71c-6543e5309370,17,partially_filled
20260630110729015::e858a09f-182e-4b11-83c6-6b125f7e0e14,FILL,2026-06-30 15:07:29.015940+00:00,partial_fill,737.18,3,sell,AMAT,8,6e8fdf43-5610-42ee-9fcd-40b1c93cc903,36,partially_filled
20260630110729618::b1dd4855-6f9b-4e93-b508-69e912f212d0,FILL,2026-06-30 15:07:29.618721+00:00,partial_fill,563.95,34,sell,AMD,8,a9dc6d3f-cf2c-41dc-b71c-6543e5309370,51,partially_filled
20260630110729677::231f46a2-c0b5-4e01-b71a-bdc6867c6837,FILL,2026-06-30 15:07:29.677501+00:00,partial_fill,737.18,7,sell,AMAT,1,6e8fdf43-5610-42ee-9fcd-40b1c93cc903,43,partially_filled
20260630110730571::7438049b-cbd5-4c28-b72f-cf628ea89363,FILL,2026-06-30 15:07:30.571025+00:00,fill,563.96,8,sell,AMD,0,a9dc6d3f-cf2c-41dc-b71c-6543e5309370,59,filled
20260630110730629::1225839d-4f2a-43e0-ba53-6b05d0fe0eeb,FILL,2026-06-30 15:07:30.629708+00:00,fill,737.28,1,sell,AMAT,0,6e8fdf43-5610-42ee-9fcd-40b1c93cc903,44,filled
20260630123716336::0a753490-bfdf-4488-9a31-5dd8f54d4b3a,FILL,2026-06-30 16:37:16.336130+00:00,partial_fill,50.94,399,buy,WOLF,229,71021ed8-bdde-4882-9017-1b9141dda200,399,partially_filled
20260630123717607::e141d093-cc02-4d00-96ce-6a99ba841cfe,FILL,2026-06-30 16:37:17.607632+00:00,fill,50.94,229,buy,WOLF,0,71021ed8-bdde-4882-9017-1b9141dda200,628,filled
20260630125250897::79b19bd8-a512-4991-a4ca-7210a9308368,FILL,2026-06-30 16:52:50.897696+00:00,partial_fill,4.46,1169,buy,SNAP,6073,781c6752-d9e1-4a89-b9f6-59d47cabf319,1169,partially_filled
20260630125251624::c2bb4af0-b7e6-426f-ab1c-0d2c74fbc678,FILL,2026-06-30 16:52:51.624281+00:00,fill,4.46,6073,buy,SNAP,0,781c6752-d9e1-4a89-b9f6-59d47cabf319,7242,filled
20260630155002315::5a004a81-adb2-4463-be90-73da5b86d2ef,FILL,2026-06-30 19:50:02.315418+00:00,partial_fill,48.7,537,buy,WOLF,119,5ebf56ac-4245-4f8b-a558-0cec038ab494,537,partially_filled
20260630155003865::85fbf0da-7b75-4e24-ac89-fdd167f65a72,FILL,2026-06-30 19:50:03.865002+00:00,partial_fill,48.66,100,buy,WOLF,19,5ebf56ac-4245-4f8b-a558-0cec038ab494,637,partially_filled
20260630155005016::ad36ccc7-eadd-43c0-91e1-875af1112454,FILL,2026-06-30 19:50:05.016688+00:00,fill,48.55,19,buy,WOLF,0,5ebf56ac-4245-4f8b-a558-0cec038ab494,656,filled
20260630162055018::2ddb5c9d-6b8d-4537-8ea7-7981306438c0,FILL,2026-06-30 20:20:55.018905+00:00,fill,725.5,21,buy,AMAT,0,a004ee8d-f646-46c3-8089-5b393b39dbbc,21,filled
20260701085505175::018f9ff3-2c76-444b-b98b-3a1476fa0fb4,FILL,2026-07-01 12:55:05.175453+00:00,fill,120.2,126,buy,PLTR,0,3268adff-78cf-4204-83fa-56f5b9e7df30,126,filled
20260701093201095::bad9edd6-083f-4d79-a66e-1fcef253afdf,FILL,2026-07-01 13:32:01.095839+00:00,partial_fill,47.07,751,sell,WOLF,533,5f661f1b-60b1-4b82-83be-d812ec2171d5,751,partially_filled
20260701093206746::c586387a-0204-4c88-8ea6-3a20fc0d2883,FILL,2026-07-01 13:32:06.746340+00:00,fill,680.01,21,sell,AMAT,0,517273df-5b5e-43ce-a750-bdb8a727be1a,21,filled
20260701093305905::43b5120d-148e-47db-b9a7-6dc5b2fe5706,FILL,2026-07-01 13:33:05.905098+00:00,partial_fill,47.07,191,sell,WOLF,342,5f661f1b-60b1-4b82-83be-d812ec2171d5,942,partially_filled
20260701093432752::0201d32b-26d6-468b-8856-8f5d47107104,FILL,2026-07-01 13:34:32.752442+00:00,partial_fill,47.0,260,sell,WOLF,82,5f661f1b-60b1-4b82-83be-d812ec2171d5,1202,partially_filled
20260701093531227::445e3e29-8b16-4201-86c2-d2cf10850bfa,FILL,2026-07-01 13:35:31.227319+00:00,partial_fill,46.66,68,sell,WOLF,14,5f661f1b-60b1-4b82-83be-d812ec2171d5,1270,partially_filled
20260701093605672::5b08ad5e-3501-4d68-9eca-dbc5bec6eba0,FILL,2026-07-01 13:36:05.672649+00:00,partial_fill,46.66,6,sell,WOLF,8,5f661f1b-60b1-4b82-83be-d812ec2171d5,1276,partially_filled
20260701093617362::fbfa7d44-b2dd-467d-b748-a3909fbbfc6e,FILL,2026-07-01 13:36:17.362850+00:00,partial_fill,46.76,2,sell,WOLF,6,5f661f1b-60b1-4b82-83be-d812ec2171d5,1278,partially_filled
20260701093639902::51295cb3-334d-4d29-ba55-99ce721e884c,FILL,2026-07-01 13:36:39.902709+00:00,partial_fill,40.22,580,buy,NKE,168,606aa3c5-c396-45e7-90a8-f1c284cd3dd8,580,partially_filled
20260701093651073::8bc426bf-e5df-47e6-b0e2-be3ab0cef5ea,FILL,2026-07-01 13:36:51.073149+00:00,fill,46.66,6,sell,WOLF,0,5f661f1b-60b1-4b82-83be-d812ec2171d5,1284,filled
20260701093700087::3fd725a6-2270-491a-87d8-106eb1b5b518,FILL,2026-07-01 13:37:00.087781+00:00,fill,40.39,168,buy,NKE,0,606aa3c5-c396-45e7-90a8-f1c284cd3dd8,748,filled
20260701094551754::ed4d5f00-0f9f-4758-a187-0211d198741b,FILL,2026-07-01 13:45:51.754363+00:00,partial_fill,185.5,40,buy,QCOM,127,63912160-210e-4b34-8288-f1a8eed68348,40,partially_filled
20260701094552886::93ccf60d-dc21-45d7-a703-faf7967b56cd,FILL,2026-07-01 13:45:52.886695+00:00,fill,185.5,127,buy,QCOM,0,63912160-210e-4b34-8288-f1a8eed68348,167,filled
20260701142141014::6833ba0f-4af0-4590-af4f-ca87505a439f,FILL,2026-07-01 18:21:41.014979+00:00,partial_fill,989.28,43,sell,CAT,9,d0239c4e-737a-4de1-bfaf-a538e3df2850,43,partially_filled
20260701142141875::11e7e785-bb05-43bc-85f2-6584a79153c4,FILL,2026-07-01 18:21:41.875117+00:00,partial_fill,989.21,6,sell,CAT,3,d0239c4e-737a-4de1-bfaf-a538e3df2850,49,partially_filled
20260701142142683::f73e6e7e-fbed-4da8-b8f1-21847ab64966,FILL,2026-07-01 18:21:42.683171+00:00,partial_fill,989.21,1,sell,CAT,2,d0239c4e-737a-4de1-bfaf-a538e3df2850,50,partially_filled
20260701142143311::faf7ef2a-5585-4263-bd35-cede2161c18e,FILL,2026-07-01 18:21:43.311304+00:00,partial_fill,989.2,1,sell,CAT,1,d0239c4e-737a-4de1-bfaf-a538e3df2850,51,partially_filled
20260701142143654::285f118e-17f6-4231-b2ec-49abdcac45d1,FILL,2026-07-01 18:21:43.654726+00:00,fill,989.2,1,sell,CAT,0,d0239c4e-737a-4de1-bfaf-a538e3df2850,52,filled
20260701152537025::46d3dc77-2c44-4434-99b7-a936eb3f8f46,FILL,2026-07-01 19:25:37.025050+00:00,partial_fill,94.56,198,buy,MSTR,142,2c880eb1-001b-461c-8c97-08530ea542a8,198,partially_filled
20260701152537053::bb5846dc-139c-413c-8a36-537017c2adc3,FILL,2026-07-01 19:25:37.053311+00:00,partial_fill,94.56,131,buy,MSTR,207,2de55d5e-2cf2-4b18-97f1-4165c2e4df56,131,partially_filled
20260701152538697::a672841c-eafb-4e7b-8c0f-6ad4efcaabe0,FILL,2026-07-01 19:25:38.697078+00:00,fill,94.56,142,buy,MSTR,0,2c880eb1-001b-461c-8c97-08530ea542a8,340,filled
20260701152538736::8ba38a7f-4411-4d90-91fe-675f9f2a35cf,FILL,2026-07-01 19:25:38.736539+00:00,partial_fill,94.56,88,buy,MSTR,119,2de55d5e-2cf2-4b18-97f1-4165c2e4df56,219,partially_filled
20260701152539157::5d3bf6e6-1f69-4e23-b021-170623eaaee9,FILL,2026-07-01 19:25:39.157497+00:00,partial_fill,94.56,110,buy,MSTR,9,2de55d5e-2cf2-4b18-97f1-4165c2e4df56,329,partially_filled
20260701152540055::9f7a5478-ee87-4270-88a0-99fa088a230d,FILL,2026-07-01 19:25:40.055070+00:00,partial_fill,94.56,7,buy,MSTR,2,2de55d5e-2cf2-4b18-97f1-4165c2e4df56,336,partially_filled
20260701152540906::b0f8e534-8a45-4db1-92c1-dea2932f11b3,FILL,2026-07-01 19:25:40.906729+00:00,fill,94.51,2,buy,MSTR,0,2de55d5e-2cf2-4b18-97f1-4165c2e4df56,338,filled
20260702110620420::c9050805-82b5-45b6-9999-2743d91eb5f8,FILL,2026-07-02 15:06:20.420087+00:00,fill,175.74,167,sell,QCOM,0,479c1197-0246-4d8f-ab6b-dc65e4661e95,167,filled
20260702150514957::ac8a874f-2663-4d9f-99dc-3817206f24ff,FILL,2026-07-02 19:05:14.957175+00:00,partial_fill,48.44,158,sell,IONQ,407,467ef1bd-e852-4cf3-aba7-6725e5853c22,158,partially_filled
20260702150516035::c1dfa6ba-d331-4495-af4a-9fb26a609071,FILL,2026-07-02 19:05:16.035940+00:00,fill,48.45,407,sell,IONQ,0,467ef1bd-e852-4cf3-aba7-6725e5853c22,565,filled
20260811093254569::81d305ab-9c2e-4e48-9b10-e49202f50916,FILL,2026-08-11 13:32:54.569316+00:00,partial_fill,36.75,444,sell,RBLX,104,5c6b63a9-72b6-4487-a3ce-47353cf22a24,444,partially_filled
20260811093257592::8d421c40-d25f-4ad6-8db8-b75613f33165,FILL,2026-08-11 13:32:57.592529+00:00,partial_fill,174.61,28,sell,PLTR,98,2482cf36-b65a-4fa6-aacb-c795eab245a0,28,partially_filled
20260811093327588::5b67206e-fa4e-4166-b749-aebbfcada98b,FILL,2026-08-11 13:33:27.588431+00:00,partial_fill,5.41,6427,sell,SNAP,815,7bbf348a-4cc9-43b9-8487-2316ea885717,6427,partially_filled
20260811093330375::df3f00c7-e9b0-406d-a2dc-ee9adc4f1f18,FILL,2026-08-11 13:33:30.375977+00:00,fill,275.38,64,sell,AMZN,0,fc0aacbb-502c-48e7-8541-ef16c5bf7006,64,filled
20260811093331950::327c91c5-7321-4ba7-b5e8-e4dc832fd590,FILL,2026-08-11 13:33:31.950609+00:00,partial_fill,3.31,6678,sell,RXRX,1241,db1bebea-7040-4dab-9374-54cab28cb786,6678,partially_filled
20260811093348174::8536f58d-a211-4bd8-b87a-ef9b7db3fd39,FILL,2026-08-11 13:33:48.174120+00:00,partial_fill,5.41,134,sell,SNAP,681,7bbf348a-4cc9-43b9-8487-2316ea885717,6561,partially_filled
20260811093350968::f9d0ca17-3f98-413f-b46d-2f29a507653f,FILL,2026-08-11 13:33:50.968230+00:00,partial_fill,3.29,362,sell,RXRX,879,db1bebea-7040-4dab-9374-54cab28cb786,7040,partially_filled
20260811093406776::8b85915a-a404-48c9-8fd5-48628b749c9c,FILL,2026-08-11 13:34:06.776550+00:00,partial_fill,36.73,62,sell,RBLX,42,5c6b63a9-72b6-4487-a3ce-47353cf22a24,506,partially_filled
20260811093408733::93da9b26-bc99-4b30-b129-167bcaa7a7c4,FILL,2026-08-11 13:34:08.733292+00:00,partial_fill,174.78,3,sell,PLTR,95,2482cf36-b65a-4fa6-aacb-c795eab245a0,31,partially_filled
20260811093420282::710856b6-0202-46f1-8d8d-7ce17df49b0d,FILL,2026-08-11 13:34:20.282395+00:00,fill,5.4,681,sell,SNAP,0,7bbf348a-4cc9-43b9-8487-2316ea885717,7242,filled
20260811093422052::d5ced066-f1f1-4c3e-88db-ff0fd61bf74b,FILL,2026-08-11 13:34:22.052542+00:00,partial_fill,3.28,562,sell,RXRX,317,db1bebea-7040-4dab-9374-54cab28cb786,7602,partially_filled
20260811093432185::5b43c929-b8c3-4326-9e8b-f56b6ffed0c3,FILL,2026-08-11 13:34:32.185659+00:00,fill,36.82,42,sell,RBLX,0,5c6b63a9-72b6-4487-a3ce-47353cf22a24,548,filled
20260811093433154::cbbb19ad-f4f6-414a-8665-831da8e1a499,FILL,2026-08-11 13:34:33.154490+00:00,partial_fill,174.89,74,sell,PLTR,21,2482cf36-b65a-4fa6-aacb-c795eab245a0,105,partially_filled
20260811093438216::828de140-901b-4f66-8ca0-7d07a5cf64d8,FILL,2026-08-11 13:34:38.216648+00:00,partial_fill,3.28,33,sell,RXRX,284,db1bebea-7040-4dab-9374-54cab28cb786,7635,partially_filled
20260811093445051::2140d363-7ec7-41f2-8db1-0a95b9c648a0,FILL,2026-08-11 13:34:45.051145+00:00,fill,174.77,21,sell,PLTR,0,2482cf36-b65a-4fa6-aacb-c795eab245a0,126,filled
20260811093459480::b095b604-fcc2-4687-8ff6-bcdba6d945da,FILL,2026-08-11 13:34:59.480057+00:00,fill,3.28,284,sell,RXRX,0,db1bebea-7040-4dab-9374-54cab28cb786,7919,filled
20260811094217076::41dba246-036b-49c4-bb3a-7b0746857895,FILL,2026-08-11 13:42:17.076792+00:00,fill,11.96,2555,buy,CLSK,0,87665499-fb44-4b60-b3f0-2406e1b9c9da,2555,filled
20260811095200078::f85d03d7-ef44-4238-a140-0442460805d3,FILL,2026-08-11 13:52:00.078266+00:00,partial_fill,8.76,1201,buy,JOBY,2294,346be9a7-9040-419b-a549-e5d83256271b,1201,partially_filled
20260811095200442::6a7e8895-4745-4008-9f8c-03eab632de81,FILL,2026-08-11 13:52:00.442201+00:00,fill,8.76,2294,buy,JOBY,0,346be9a7-9040-419b-a549-e5d83256271b,3495,filled
20260811101946239::942a0ed4-6f4a-4ebe-9ed0-bd70b652aecc,FILL,2026-08-11 14:19:46.239855+00:00,partial_fill,40.39,278,buy,IREN,497,530d27d9-ac41-40f4-b11e-95678911658c,278,partially_filled
20260811101947056::1c26a70e-2a72-47c5-8a42-46f508f80487,FILL,2026-08-11 14:19:47.056374+00:00,partial_fill,40.38,457,buy,IREN,40,530d27d9-ac41-40f4-b11e-95678911658c,735,partially_filled
20260811101948021::87016ec2-0d74-4d5d-81ae-7e44b51bcc63,FILL,2026-08-11 14:19:48.021447+00:00,partial_fill,40.36,16,buy,IREN,24,530d27d9-ac41-40f4-b11e-95678911658c,751,partially_filled
20260811101949354::44da1f8b-d032-454a-9326-254f8ab95d7f,FILL,2026-08-11 14:19:49.354166+00:00,partial_fill,40.36,4,buy,IREN,20,530d27d9-ac41-40f4-b11e-95678911658c,755,partially_filled
20260811101950102::e0c06ea4-f45f-4068-ba09-081e58add4c7,FILL,2026-08-11 14:19:50.102364+00:00,partial_fill,40.37,13,buy,IREN,7,530d27d9-ac41-40f4-b11e-95678911658c,768,partially_filled
20260811101950745::6a36b70b-87d2-4331-b7e4-476779c8d7a5,FILL,2026-08-11 14:19:50.745494+00:00,partial_fill,40.38,2,buy,IREN,5,530d27d9-ac41-40f4-b11e-95678911658c,770,partially_filled
20260811101951463::8a2d1fb6-f130-45d1-880b-ecd845a78d80,FILL,2026-08-11 14:19:51.463989+00:00,fill,40.4,5,buy,IREN,0,530d27d9-ac41-40f4-b11e-95678911658c,775,filled
20260811103059692::f6dd45d6-0fcb-470c-bf6c-77c1bf2816fd,FILL,2026-08-11 14:30:59.692659+00:00,partial_fill,17.1,4,buy,WULF,1820,b05b1379-f836-4d05-82e3-edefbd66302f,4,partially_filled
20260811103100132::29bdcbe7-2975-4e65-87c1-5cca6870f71a,FILL,2026-08-11 14:31:00.132760+00:00,partial_fill,17.1,1261,buy,WULF,559,b05b1379-f836-4d05-82e3-edefbd66302f,1265,partially_filled
20260811103100939::3cac65a7-fec6-49cb-9802-d106f34d9717,FILL,2026-08-11 14:31:00.939894+00:00,partial_fill,17.1,489,buy,WULF,70,b05b1379-f836-4d05-82e3-edefbd66302f,1754,partially_filled
20260811103102926::7cd1d46c-97b6-4431-a276-df542c466c65,FILL,2026-08-11 14:31:02.926220+00:00,partial_fill,17.09,11,buy,WULF,59,b05b1379-f836-4d05-82e3-edefbd66302f,1765,partially_filled
20260811103103775::11d0671e-c544-47ad-9c63-58e52010f813,FILL,2026-08-11 14:31:03.775166+00:00,partial_fill,17.1,21,buy,WULF,38,b05b1379-f836-4d05-82e3-edefbd66302f,1786,partially_filled
20260811103105314::44015bcf-ce53-4381-b58f-80aab822552d,FILL,2026-08-11 14:31:05.314050+00:00,partial_fill,17.1,21,buy,WULF,17,b05b1379-f836-4d05-82e3-edefbd66302f,1807,partially_filled
20260811103106351::957bb46c-36ec-4c02-bc3d-2d09e9331613,FILL,2026-08-11 14:31:06.351353+00:00,fill,17.1,17,buy,WULF,0,b05b1379-f836-4d05-82e3-edefbd66302f,1824,filled
20260811132301603::b60557d1-7576-49de-9ea8-aad7d902fe5b,FILL,2026-08-11 17:23:01.603505+00:00,fill,8.31,3495,sell,JOBY,0,809e4825-2a0b-447e-ac07-af717abcae5c,3495,filled
20260811132613143::efbc3976-461f-4a7c-9ae8-a1ca5488fa6e,FILL,2026-08-11 17:26:13.143705+00:00,partial_fill,175.87,57,buy,PLTR,114,362e818b-e4ad-4aff-b800-c9708ebae870,57,partially_filled
20260811132613408::81d89db1-53d5-4a84-88e9-4bc5f7bbedaf,FILL,2026-08-11 17:26:13.408575+00:00,partial_fill,175.85,76,buy,PLTR,38,362e818b-e4ad-4aff-b800-c9708ebae870,133,partially_filled
20260811132614317::2a41bdae-600c-46cb-adef-9f8f7d1f20e5,FILL,2026-08-11 17:26:14.317913+00:00,fill,175.87,38,buy,PLTR,0,362e818b-e4ad-4aff-b800-c9708ebae870,171,filled
20260812091232968::8efbe5ef-a19a-4839-af46-592a4821377d,FILL,2026-08-12 13:12:32.968686+00:00,partial_fill,34.59,331,buy,SMCI,125,a995d5ca-8d74-4a12-a44d-74b538678fb0,331,partially_filled
20260812091234028::ddc6d252-fc99-4954-943b-47606968c5e8,FILL,2026-08-12 13:12:34.028985+00:00,partial_fill,34.6,86,buy,SMCI,39,a995d5ca-8d74-4a12-a44d-74b538678fb0,417,partially_filled
20260812091234449::592f2071-1ac5-4c77-aed2-7d190c78cb28,FILL,2026-08-12 13:12:34.449755+00:00,fill,34.6,39,buy,SMCI,0,a995d5ca-8d74-4a12-a44d-74b538678fb0,456,filled
20260812100136875::f6327e5b-13d4-407f-a12d-194b2d434c14,FILL,2026-08-12 14:01:36.875512+00:00,partial_fill,17.43,783,sell,WULF,1041,a48e9a0b-6e44-4e61-b70d-af573b054bd3,783,partially_filled
20260812100138155::0cf9666f-4ea6-4a4b-a136-48492bd17640,FILL,2026-08-12 14:01:38.155661+00:00,partial_fill,17.43,428,sell,WULF,613,a48e9a0b-6e44-4e61-b70d-af573b054bd3,1211,partially_filled
20260812100138676::45c9d5ef-a111-4ba8-a798-aae5c5a9c74c,FILL,2026-08-12 14:01:38.676397+00:00,fill,17.42,613,sell,WULF,0,a48e9a0b-6e44-4e61-b70d-af573b054bd3,1824,filled
20260812100214977::25c33d4f-7876-4aca-aed6-7e776d4217c3,FILL,2026-08-12 14:02:14.977157+00:00,partial_fill,31.62,531,buy,WOLF,426,ec246d4b-e3ab-4dc0-af2e-3eac82ee8ba4,531,partially_filled
20260812100215451::f1209acb-2ead-4595-a8fc-cf8120a724ac,FILL,2026-08-12 14:02:15.451500+00:00,fill,31.62,426,buy,WOLF,0,ec246d4b-e3ab-4dc0-af2e-3eac82ee8ba4,957,filled
20260812103403581::e645f7b8-c4a6-42c1-9167-0538813e71e5,FILL,2026-08-12 14:34:03.581792+00:00,partial_fill,42.35,558,sell,IREN,217,7af9ced9-17de-4533-bd39-f37c327b801b,558,partially_filled
20260812103403746::750af3a7-0a49-4b10-8654-80b840745f07,FILL,2026-08-12 14:34:03.746593+00:00,partial_fill,42.35,10,sell,IREN,207,7af9ced9-17de-4533-bd39-f37c327b801b,568,partially_filled
20260812103404640::8787e883-ba52-4f13-996f-dce9fe9e3219,FILL,2026-08-12 14:34:04.640477+00:00,fill,42.32,207,sell,IREN,0,7af9ced9-17de-4533-bd39-f37c327b801b,775,filled
20260812103729007::17d236b3-465f-429e-a14d-86ea300b07c1,FILL,2026-08-12 14:37:29.007037+00:00,partial_fill,80.97,62,buy,RKLB,316,fcd92aa5-6360-47cb-a7c2-5fa2ffdcf481,62,partially_filled
20260812103729315::197d586f-17de-4068-8858-510e30896d35,FILL,2026-08-12 14:37:29.315655+00:00,partial_fill,80.97,61,buy,RKLB,255,fcd92aa5-6360-47cb-a7c2-5fa2ffdcf481,123,partially_filled
20260812103730025::c646d116-e0d8-4e53-b17f-56b5a8c360f2,FILL,2026-08-12 14:37:30.025718+00:00,partial_fill,80.93,176,buy,RKLB,79,fcd92aa5-6360-47cb-a7c2-5fa2ffdcf481,299,partially_filled
20260812103730962::e942eb86-fada-44bb-98cc-39c6a5441b79,FILL,2026-08-12 14:37:30.962411+00:00,fill,80.93,79,buy,RKLB,0,fcd92aa5-6360-47cb-a7c2-5fa2ffdcf481,378,filled
20260812105010475::d464be4a-6039-4f15-82f9-66263b4d5ad9,FILL,2026-08-12 14:50:10.475913+00:00,fill,6.48,4739,sell,LCID,0,9acd250b-1cc1-4564-b8af-24af5c99cb1b,4739,filled
20260812105034903::42601a56-bf61-4566-a4e5-918af993fb43,FILL,2026-08-12 14:50:34.903644+00:00,partial_fill,224.35,64,buy,NVDA,72,9bca77a3-9abc-4d32-8414-38fa04523952,64,partially_filled
20260812105035211::8009816f-2c7c-45d0-85c9-ea8e29c83381,FILL,2026-08-12 14:50:35.211057+00:00,partial_fill,224.35,54,buy,NVDA,18,9bca77a3-9abc-4d32-8414-38fa04523952,118,partially_filled
20260812105036102::972acab2-dfa0-430d-8475-99616086f371,FILL,2026-08-12 14:50:36.102937+00:00,fill,224.38,18,buy,NVDA,0,9bca77a3-9abc-4d32-8414-38fa04523952,136,filled
20260812110329831::c8f901b2-2819-4c38-9fe7-1392edb6c078,FILL,2026-08-12 15:03:29.831599+00:00,partial_fill,35.66,380,sell,SMCI,76,7e2141b6-15ac-403e-8d11-8335bc569135,380,partially_filled
20260812110330637::24c52052-9932-41e1-a9f2-da8c4a6d9329,FILL,2026-08-12 15:03:30.637237+00:00,partial_fill,35.66,24,sell,SMCI,52,7e2141b6-15ac-403e-8d11-8335bc569135,404,partially_filled
20260812110331665::4191b8aa-a976-482e-b301-0f6e25fa7887,FILL,2026-08-12 15:03:31.665061+00:00,fill,35.67,52,sell,SMCI,0,7e2141b6-15ac-403e-8d11-8335bc569135,456,filled
20260813070824032::25165e9a-3913-416a-9d15-e1e95f63d245,FILL,2026-08-13 11:08:24.032996+00:00,partial_fill,38.38,39,buy,SMCI,354,a88980f8-bdf4-4b6d-852b-931118d37898,39,partially_filled
20260813070824221::d210476a-10f0-4294-9655-2f1e63f1a21c,FILL,2026-08-13 11:08:24.221567+00:00,partial_fill,38.38,322,buy,SMCI,71,9db8ec65-f0e4-4b74-93ab-cceafce094c4,322,partially_filled
20260813070824358::3226b87c-8390-45d0-9796-ef9c77f414a7,FILL,2026-08-13 11:08:24.358006+00:00,fill,38.38,354,buy,SMCI,0,a88980f8-bdf4-4b6d-852b-931118d37898,393,filled
20260813070824637::61da230c-56bb-4fa0-b9d8-30e72838f9f2,FILL,2026-08-13 11:08:24.637746+00:00,partial_fill,38.38,52,buy,SMCI,19,9db8ec65-f0e4-4b74-93ab-cceafce094c4,374,partially_filled
20260813070825126::ed28aff6-b883-42bd-9a5b-b1beb7f47b57,FILL,2026-08-13 11:08:25.126871+00:00,fill,38.38,19,buy,SMCI,0,9db8ec65-f0e4-4b74-93ab-cceafce094c4,393,filled
20260813105027395::84c9cf57-437d-4cfa-af24-7ef37d4fc847,FILL,2026-08-13 14:50:27.395431+00:00,fill,12.05,2555,sell,CLSK,0,c0de9f30-43e3-4e61-ac15-0a6c50e64919,2555,filled
20260813105411607::f06c19bc-2f80-41b0-9b8b-72e8dc45f3b5,FILL,2026-08-13 14:54:11.607279+00:00,fill,288.77,111,buy,ARM,0,54f52c77-7f8c-45a9-9973-917c513763b1,111,filled
20260813113524684::b07fcbb3-d0c4-4f33-9d59-cd592ff26f8b,FILL,2026-08-13 15:35:24.684253+00:00,partial_fill,31.96,740,sell,WOLF,217,454c6cda-9cd4-407d-95f7-8eb00b5abfcd,740,partially_filled
20260813113525517::ff85157c-da85-4e88-accd-3cb184e44d7a,FILL,2026-08-13 15:35:25.517590+00:00,partial_fill,31.96,162,sell,WOLF,55,454c6cda-9cd4-407d-95f7-8eb00b5abfcd,902,partially_filled
20260813113526174::7c9be723-365a-422c-a9d9-985c4bef2a7b,FILL,2026-08-13 15:35:26.174989+00:00,partial_fill,31.96,38,sell,WOLF,17,454c6cda-9cd4-407d-95f7-8eb00b5abfcd,940,partially_filled
20260813113527222::54a9a92f-8034-465a-a943-b012f9530079,FILL,2026-08-13 15:35:27.222809+00:00,fill,31.96,17,sell,WOLF,0,454c6cda-9cd4-407d-95f7-8eb00b5abfcd,957,filled
20260813120432443::7cc8bf5f-c919-40b2-82f7-b2212c04b141,FILL,2026-08-13 16:04:32.443510+00:00,fill,40.68,786,sell,SMCI,0,ba8fba6a-b2a9-40a2-af5d-5a904d24c091,786,filled
20260813120436595::336e9411-2069-4d08-8259-adc129eac960,FILL,2026-08-13 16:04:36.595745+00:00,partial_fill,40.68,68,buy,SMCI,682,6a8591be-25a7-4ae1-bb89-92e6fcad8737,68,partially_filled
20260813120437313::a59df599-ad21-4518-a24a-ece4f588b092,FILL,2026-08-13 16:04:37.313233+00:00,partial_fill,40.68,492,buy,SMCI,190,6a8591be-25a7-4ae1-bb89-92e6fcad8737,560,partially_filled
20260813120438057::4ef93e1d-e59b-4da3-8e11-e0812ad0bfbf,FILL,2026-08-13 16:04:38.057767+00:00,partial_fill,40.67,155,buy,SMCI,35,6a8591be-25a7-4ae1-bb89-92e6fcad8737,715,partially_filled
20260813120438577::34cc7224-df3b-469d-8320-253f214846a6,FILL,2026-08-13 16:04:38.577325+00:00,partial_fill,40.67,9,buy,SMCI,26,6a8591be-25a7-4ae1-bb89-92e6fcad8737,724,partially_filled
20260813120439399::cb389ccc-3606-4dca-9ab0-77de31b92f55,FILL,2026-08-13 16:04:39.399414+00:00,fill,40.67,26,buy,SMCI,0,6a8591be-25a7-4ae1-bb89-92e6fcad8737,750,filled
20260813120750586::c705fb89-8e72-4367-9b1e-a13aaff9d687,FILL,2026-08-13 16:07:50.586055+00:00,fill,40.64,750,sell,SMCI,0,9eeaec8a-cb94-4620-af99-29e7463f01d6,750,filled
20260813120754728::a3b32ec2-ac88-4494-8f9e-c716d02e84e8,FILL,2026-08-13 16:07:54.728044+00:00,partial_fill,40.65,419,buy,SMCI,329,ec3ff1a0-4e35-4d71-8c63-105001d39edb,419,partially_filled
20260813120755536::a882b38e-18e0-4058-aba6-57b46fcc6e63,FILL,2026-08-13 16:07:55.536310+00:00,fill,40.65,329,buy,SMCI,0,ec3ff1a0-4e35-4d71-8c63-105001d39edb,748,filled
20260813121109250::cfdd095c-aaac-4468-8171-efc57491cfb0,FILL,2026-08-13 16:11:09.250013+00:00,partial_fill,40.43,463,sell,SMCI,285,e89bb4e9-025c-46f7-8dd5-a8fd42a69fe0,463,partially_filled
20260813121109569::73fb0333-e594-48df-a9fb-e1c1ec31b065,FILL,2026-08-13 16:11:09.569334+00:00,fill,40.43,285,sell,SMCI,0,e89bb4e9-025c-46f7-8dd5-a8fd42a69fe0,748,filled
20260813121429118::e0e53410-bd25-4f6f-aabb-df6e5f6de1f3,FILL,2026-08-13 16:14:29.118345+00:00,partial_fill,40.17,248,buy,SMCI,497,b2179b5e-50cd-4911-9dc9-cd15dd414e99,248,partially_filled
20260813121429991::4eda8eb6-d044-4cd7-b9b6-e013589658c3,FILL,2026-08-13 16:14:29.991470+00:00,partial_fill,40.17,168,buy,SMCI,329,b2179b5e-50cd-4911-9dc9-cd15dd414e99,416,partially_filled
20260813121430881::eabc19ad-8285-4538-aec4-045e55dcdb38,FILL,2026-08-13 16:14:30.881388+00:00,partial_fill,40.18,115,buy,SMCI,214,b2179b5e-50cd-4911-9dc9-cd15dd414e99,531,partially_filled
20260813121431211::554e4a82-f881-49c1-8238-f96812d59527,FILL,2026-08-13 16:14:31.211747+00:00,partial_fill,40.18,73,buy,SMCI,141,b2179b5e-50cd-4911-9dc9-cd15dd414e99,604,partially_filled
20260813121432199::23da67ae-285a-4761-bbda-f96ddf11f2a9,FILL,2026-08-13 16:14:32.199869+00:00,partial_fill,40.18,103,buy,SMCI,38,b2179b5e-50cd-4911-9dc9-cd15dd414e99,707,partially_filled
20260813121433119::f9b200e1-54bb-41a2-8824-f91591d40fe2,FILL,2026-08-13 16:14:33.119100+00:00,partial_fill,40.18,33,buy,SMCI,5,b2179b5e-50cd-4911-9dc9-cd15dd414e99,740,partially_filled
20260813121434398::fa9743b2-3ec1-4935-9ff0-21e495bfc264,FILL,2026-08-13 16:14:34.398017+00:00,partial_fill,40.16,4,buy,SMCI,1,b2179b5e-50cd-4911-9dc9-cd15dd414e99,744,partially_filled
20260813121435032::2b9feb89-74cd-42fc-a16e-c5707c3750d5,FILL,2026-08-13 16:14:35.032936+00:00,fill,40.16,1,buy,SMCI,0,b2179b5e-50cd-4911-9dc9-cd15dd414e99,745,filled
20260814094535775::9b92f241-806a-48e9-8a0f-d3df6e06d917,FILL,2026-08-14 13:45:35.775398+00:00,fill,6.51,4699,buy,LCID,0,5ea61e2a-7dd3-4d42-aff5-69f1fb72aeb0,4699,filled
20260814143751455::33cac33f-c564-45a4-a215-0150abd3f7c3,FILL,2026-08-14 18:37:51.455691+00:00,partial_fill,6.17,2649,sell,LCID,2050,abd54dbf-785b-4b59-9c33-6198b2b5c74d,2649,partially_filled
20260814143752147::9e7e3c33-cf65-4ac9-b2d9-a718a22b7d54,FILL,2026-08-14 18:37:52.147976+00:00,partial_fill,6.17,520,sell,LCID,1530,abd54dbf-785b-4b59-9c33-6198b2b5c74d,3169,partially_filled
20260814143753178::1b7b5415-7c9b-4b9b-9162-d9854a51e839,FILL,2026-08-14 18:37:53.178905+00:00,partial_fill,6.17,635,sell,LCID,895,abd54dbf-785b-4b59-9c33-6198b2b5c74d,3804,partially_filled
20260814143753464::c4e56503-14e4-4791-97df-339b9f8a6d3c,FILL,2026-08-14 18:37:53.464476+00:00,partial_fill,6.17,600,sell,LCID,295,abd54dbf-785b-4b59-9c33-6198b2b5c74d,4404,partially_filled
20260814143754636::03b701ca-a12a-4872-ac73-2e97d562537e,FILL,2026-08-14 18:37:54.636130+00:00,partial_fill,6.17,167,sell,LCID,128,abd54dbf-785b-4b59-9c33-6198b2b5c74d,4571,partially_filled
20260814143755454::13393040-8aef-46f8-9e61-bb3ae747df58,FILL,2026-08-14 18:37:55.454007+00:00,partial_fill,6.17,39,sell,LCID,89,abd54dbf-785b-4b59-9c33-6198b2b5c74d,4610,partially_filled
20260814143756124::7500ba44-7edc-48ff-918a-e278262a93f8,FILL,2026-08-14 18:37:56.124397+00:00,partial_fill,6.17,55,sell,LCID,34,abd54dbf-785b-4b59-9c33-6198b2b5c74d,4665,partially_filled
20260814143756414::747a30cd-56d5-40f3-a971-488e11125cc0,FILL,2026-08-14 18:37:56.414215+00:00,partial_fill,6.17,6,sell,LCID,28,abd54dbf-785b-4b59-9c33-6198b2b5c74d,4671,partially_filled
20260814143757301::cc357fbc-049e-4307-a239-bd6630004c1e,FILL,2026-08-14 18:37:57.301330+00:00,partial_fill,6.17,18,sell,LCID,10,abd54dbf-785b-4b59-9c33-6198b2b5c74d,4689,partially_filled
20260814143758330::b3b086d9-e12a-42f2-8efe-be1f9092e208,FILL,2026-08-14 18:37:58.330617+00:00,fill,6.17,10,sell,LCID,0,abd54dbf-785b-4b59-9c33-6198b2b5c74d,4699,filled
20260817131933912::e47fea54-c9bf-4248-956f-366a6b084ed7,FILL,2026-08-17 17:19:33.912064+00:00,fill,73.91,390,sell,UDOW,0,1e340288-6ba5-4dd2-9fd1-6c21af8990b8,390,filled
20260817133524915::d47dd5aa-9621-4592-ac32-451cb0ae1fec,FILL,2026-08-17 17:35:24.915168+00:00,partial_fill,394.01,65,sell,UNH,5,1fe5d7f7-ab35-4d8b-9f59-de2b1531b491,65,partially_filled
20260817133525709::063706de-909f-42f9-9b8c-ade11fcef4eb,FILL,2026-08-17 17:35:25.709436+00:00,partial_fill,394.01,4,sell,UNH,1,1fe5d7f7-ab35-4d8b-9f59-de2b1531b491,69,partially_filled
20260817133526729::d2948a29-a65b-4eaa-b39e-86c8824b5c83,FILL,2026-08-17 17:35:26.729340+00:00,fill,394.01,1,sell,UNH,0,1fe5d7f7-ab35-4d8b-9f59-de2b1531b491,70,filled
20260817135148150::781ffa9f-2ced-4268-9391-722e2afa4784,FILL,2026-08-17 17:51:48.150326+00:00,partial_fill,37.94,472,sell,SMCI,273,bea2c032-fd61-4f15-973e-274d153b83a7,472,partially_filled
20260817135148679::629c4ded-1d5f-485f-9fa3-c90592cd3a48,FILL,2026-08-17 17:51:48.679040+00:00,partial_fill,37.94,270,sell,SMCI,3,bea2c032-fd61-4f15-973e-274d153b83a7,742,partially_filled
20260817135149491::3e9b9149-6650-487c-b3b9-358d216dfa9b,FILL,2026-08-17 17:51:49.491931+00:00,partial_fill,37.93,2,sell,SMCI,1,bea2c032-fd61-4f15-973e-274d153b83a7,744,partially_filled
20260817135150101::27e67bd2-9e37-471c-aac2-e8b2532ca032,FILL,2026-08-17 17:51:50.101128+00:00,fill,37.93,1,sell,SMCI,0,bea2c032-fd61-4f15-973e-274d153b83a7,745,filled
20260817141115885::fdf15906-ead2-49e2-a4be-3b6bb3763eb7,FILL,2026-08-17 18:11:15.885231+00:00,partial_fill,234.95,28,buy,MRVL,101,aea19022-d938-4fb3-9297-f641d90e5aea,28,partially_filled
20260817141118740::10764b9b-9774-44b0-8f27-6c318671aaa6,FILL,2026-08-17 18:11:18.740151+00:00,fill,274.01,111,sell,ARM,0,70577d98-cfb6-4405-987d-f1c07672f2f1,111,filled
20260817145607765::dd5fce26-26c0-4578-b597-786ca937ad05,FILL,2026-08-17 18:56:07.765583+00:00,partial_fill,1016.78,15,buy,MU,14,ce05230c-893c-4209-9278-80c7598b6773,15,partially_filled
20260817145608703::d8144836-a23e-4526-91d7-8ae083fe2842,FILL,2026-08-17 18:56:08.703674+00:00,partial_fill,1016.78,10,buy,MU,4,ce05230c-893c-4209-9278-80c7598b6773,25,partially_filled
20260817145609223::38cce68f-9a84-40c8-8d38-b4c9dfc462a4,FILL,2026-08-17 18:56:09.223144+00:00,partial_fill,1016.78,1,buy,MU,3,ce05230c-893c-4209-9278-80c7598b6773,26,partially_filled
20260817145610459::d82c214b-fd98-4e12-8fdd-06660cec7a55,FILL,2026-08-17 18:56:10.459102+00:00,partial_fill,1016.78,2,buy,MU,1,ce05230c-893c-4209-9278-80c7598b6773,28,partially_filled
20260817145610806::1eadf331-0d63-41e2-ac05-52e40e3e1931,FILL,2026-08-17 18:56:10.806776+00:00,fill,1016.78,1,buy,MU,0,ce05230c-893c-4209-9278-80c7598b6773,29,filled
20260817145610924::8c35b5aa-540e-4cdc-a565-f856bccd42ea,FILL,2026-08-17 18:56:10.924860+00:00,partial_fill,1016.78,5,buy,MU,24,fc57fad2-423a-469b-b6a7-449459aba329,5,partially_filled
20260817145611469::cf41583f-50c5-466c-bb29-61099d2f1482,FILL,2026-08-17 18:56:11.469365+00:00,partial_fill,1016.78,12,buy,MU,12,fc57fad2-423a-469b-b6a7-449459aba329,17,partially_filled
20260817145612836::5d5fdfaa-c565-471e-94aa-a4c9c4a4969b,FILL,2026-08-17 18:56:12.836375+00:00,partial_fill,1016.77,3,buy,MU,9,fc57fad2-423a-469b-b6a7-449459aba329,20,partially_filled
20260817145613731::9d57d33a-4c9f-47e0-b78a-19002d088a7c,FILL,2026-08-17 18:56:13.731328+00:00,fill,1016.5,9,buy,MU,0,fc57fad2-423a-469b-b6a7-449459aba329,29,filled
20260817150501216::aec2e8ad-aa64-46fc-a392-d51403e0d157,FILL,2026-08-17 19:05:01.216137+00:00,partial_fill,234.94,1,buy,MRVL,100,aea19022-d938-4fb3-9297-f641d90e5aea,29,partially_filled
20260817150700949::7a57dae5-8f27-40b2-b87f-80bff5d49386,FILL,2026-08-17 19:07:00.949446+00:00,partial_fill,234.95,34,buy,MRVL,66,aea19022-d938-4fb3-9297-f641d90e5aea,63,partially_filled
20260817150702344::4aac1d64-985d-41dd-8ebc-ae719410934f,FILL,2026-08-17 19:07:02.344220+00:00,partial_fill,234.93,15,buy,MRVL,51,aea19022-d938-4fb3-9297-f641d90e5aea,78,partially_filled
20260817150703047::9fec0660-f175-44ab-97bb-efa119c856b5,FILL,2026-08-17 19:07:03.047423+00:00,partial_fill,234.93,10,buy,MRVL,41,aea19022-d938-4fb3-9297-f641d90e5aea,88,partially_filled
20260817150703776::ed72470d-497c-43cb-8e85-9491595a64b6,FILL,2026-08-17 19:07:03.776297+00:00,partial_fill,234.93,13,buy,MRVL,28,aea19022-d938-4fb3-9297-f641d90e5aea,101,partially_filled
20260817150704920::16add9be-740e-4f21-8192-a1db55893668,FILL,2026-08-17 19:07:04.920363+00:00,partial_fill,234.9,26,buy,MRVL,2,aea19022-d938-4fb3-9297-f641d90e5aea,127,partially_filled
20260817150705156::df67828f-b501-4763-97fc-75cb0526dbe4,FILL,2026-08-17 19:07:05.156243+00:00,partial_fill,234.9,1,buy,MRVL,1,aea19022-d938-4fb3-9297-f641d90e5aea,128,partially_filled
20260817150705998::f47a5965-7284-489b-9a13-7d2bfd8b01e6,FILL,2026-08-17 19:07:05.998172+00:00,fill,234.9,1,buy,MRVL,0,aea19022-d938-4fb3-9297-f641d90e5aea,129,filled
20260818093035610::115ab4a4-9534-4bd1-ab1a-d910a32d7bef,FILL,2026-08-18 13:30:35.610195+00:00,fill,222.5,129,sell,MRVL,0,41baf69d-cd86-4f7d-beaa-1e6eb4a8a219,129,filled
20260818093233411::6036a8d7-622c-4ef1-93ed-fd966dcefa76,FILL,2026-08-18 13:32:33.411258+00:00,fill,971.48,58,sell,MU,0,12a284a8-9fc5-40fb-b248-bc65512d7293,58,filled
20260818095003114::8f86715a-7269-47d8-8698-145c848de451,FILL,2026-08-18 13:50:03.114302+00:00,partial_fill,19.38,1101,buy,RIOT,329,37a7a6d8-2b66-4b14-abe5-8805d1cc755e,1101,partially_filled
20260818095003227::e2525570-d9e7-485b-9adc-fd205b774ef0,FILL,2026-08-18 13:50:03.227352+00:00,fill,43.95,636,buy,IREN,0,6ab8e72e-7ffa-40c1-b185-54087cf824b7,636,filled
20260818095004869::b6e52d2d-d254-4cc3-96a9-5010ea022e4f,FILL,2026-08-18 13:50:04.869669+00:00,fill,19.4,329,buy,RIOT,0,37a7a6d8-2b66-4b14-abe5-8805d1cc755e,1430,filled
20260818095541863::737a8c18-e28e-47bc-85b0-45ad36ebd3f6,FILL,2026-08-18 13:55:41.863891+00:00,partial_fill,44.85,71,buy,IONQ,552,d493ee8e-f822-442c-92dc-77f61478898d,71,partially_filled
20260818095542630::7488d75e-842a-47c4-b597-62c67ede6369,FILL,2026-08-18 13:55:42.630377+00:00,partial_fill,44.84,517,buy,IONQ,35,d493ee8e-f822-442c-92dc-77f61478898d,588,partially_filled
20260818095543936::01b2fb78-0635-4258-a1b8-919c452368b8,FILL,2026-08-18 13:55:43.936354+00:00,partial_fill,44.85,28,buy,IONQ,7,d493ee8e-f822-442c-92dc-77f61478898d,616,partially_filled
20260818095545072::200d9d46-3660-4664-8215-16acdab36684,FILL,2026-08-18 13:55:45.072470+00:00,partial_fill,44.85,2,buy,IONQ,5,d493ee8e-f822-442c-92dc-77f61478898d,618,partially_filled
20260818095545477::bb2a58af-9d38-4e5b-aa76-7ef2506059c0,FILL,2026-08-18 13:55:45.477426+00:00,partial_fill,44.85,1,buy,IONQ,4,d493ee8e-f822-442c-92dc-77f61478898d,619,partially_filled
20260818095546545::c5f66d98-b8c0-4fa7-aac7-84668074904c,FILL,2026-08-18 13:55:46.545343+00:00,partial_fill,44.87,3,buy,IONQ,1,d493ee8e-f822-442c-92dc-77f61478898d,622,partially_filled
20260818095547271::8acbd8c3-dbe4-44c7-98e7-e590195c3a39,FILL,2026-08-18 13:55:47.271203+00:00,fill,44.87,1,buy,IONQ,0,d493ee8e-f822-442c-92dc-77f61478898d,623,filled
20260818101040404::38c0fc91-d589-44b6-b77f-088482c775d8,FILL,2026-08-18 14:10:40.404346+00:00,fill,8.94,3200,buy,ONDS,0,14803b47-cadd-42d8-bf96-3c6a8375038b,3200,filled
20260818101040428::7f803305-7831-4aef-abdc-789e86cd7dfe,FILL,2026-08-18 14:10:40.428570+00:00,fill,8.94,3197,buy,ONDS,0,224eee3e-56e3-4857-bc90-8c1c08b9822a,3197,filled
20260818152220169::9e28419c-6f77-4902-a46f-78af5ab7fb42,FILL,2026-08-18 19:22:20.169035+00:00,partial_fill,41.74,32,sell,IREN,604,2d596e2d-9b07-4ae1-9a05-58bce4c571d4,32,partially_filled
20260818152221820::78941be5-2938-4a0a-9f96-8abe24f5b0c9,FILL,2026-08-18 19:22:21.820924+00:00,partial_fill,41.73,496,sell,IREN,108,2d596e2d-9b07-4ae1-9a05-58bce4c571d4,528,partially_filled
20260818152222157::69a80ca7-2635-4485-a94e-1ddb7a76d576,FILL,2026-08-18 19:22:22.157352+00:00,partial_fill,41.73,4,sell,IREN,104,2d596e2d-9b07-4ae1-9a05-58bce4c571d4,532,partially_filled
20260818152223494::da39cfbd-7c95-44ea-93cd-1a58e9dd5c5d,FILL,2026-08-18 19:22:23.494188+00:00,partial_fill,41.73,7,sell,IREN,97,2d596e2d-9b07-4ae1-9a05-58bce4c571d4,539,partially_filled
20260818152223805::7f64aabe-3f49-4b1c-872f-b293eb1c0a57,FILL,2026-08-18 19:22:23.805899+00:00,partial_fill,41.73,64,sell,IREN,33,2d596e2d-9b07-4ae1-9a05-58bce4c571d4,603,partially_filled
20260818152224796::cbd36b07-6d8d-40a0-91e5-7e77d214b3ee,FILL,2026-08-18 19:22:24.796962+00:00,partial_fill,41.75,19,sell,IREN,14,2d596e2d-9b07-4ae1-9a05-58bce4c571d4,622,partially_filled
20260818152225506::e7a591c6-afaa-4cb8-bc39-4ff4bb438a31,FILL,2026-08-18 19:22:25.506489+00:00,fill,41.76,14,sell,IREN,0,2d596e2d-9b07-4ae1-9a05-58bce4c571d4,636,filled
20260819085034750::0a37c44d-41a8-41eb-b40e-d584672eaee5,FILL,2026-08-19 12:50:34.750136+00:00,partial_fill,238.22,52,buy,MRVL,6,4367549b-9489-4d4a-8b89-6816e2fdbd49,52,partially_filled
20260819085035208::1745dd46-c80f-40a3-a219-260fa6960ee0,FILL,2026-08-19 12:50:35.208409+00:00,partial_fill,238.31,1,buy,MRVL,5,4367549b-9489-4d4a-8b89-6816e2fdbd49,53,partially_filled
20260819085035758::23193813-65c4-415f-b8b4-6860d13ba749,FILL,2026-08-19 12:50:35.758012+00:00,partial_fill,238.31,2,buy,MRVL,3,4367549b-9489-4d4a-8b89-6816e2fdbd49,55,partially_filled
20260819085035978::620baf45-7a34-4f10-8993-1c1c23cedf72,FILL,2026-08-19 12:50:35.978408+00:00,partial_fill,238.31,2,buy,MRVL,1,4367549b-9489-4d4a-8b89-6816e2fdbd49,57,partially_filled
20260819085036412::4aab34b2-1d2e-4f09-bcd8-2d0cd60ee8fa,FILL,2026-08-19 12:50:36.412096+00:00,fill,238.31,1,buy,MRVL,0,4367549b-9489-4d4a-8b89-6816e2fdbd49,58,filled
20260819093129656::c7bd6315-7e90-43ea-a7fb-bd597c4bcaed,FILL,2026-08-19 13:31:29.656768+00:00,partial_fill,75.9,140,sell,RKLB,238,db8baf17-479c-49f3-a56e-e7bddc4befa4,140,partially_filled
20260819093233267::d27719b7-c29f-4040-a4d7-e9850bbd468d,FILL,2026-08-19 13:32:33.267897+00:00,partial_fill,76.47,214,sell,RKLB,24,db8baf17-479c-49f3-a56e-e7bddc4befa4,354,partially_filled
20260819093402007::90cb6163-3f31-4a7d-a3ee-077589bb00b5,FILL,2026-08-19 13:34:02.007922+00:00,fill,76.5,24,sell,RKLB,0,db8baf17-479c-49f3-a56e-e7bddc4befa4,378,filled
20260819093957461::ffb946cf-f474-47cc-a573-7b140cad3910,FILL,2026-08-19 13:39:57.461704+00:00,fill,18.28,1430,sell,RIOT,0,b5075e8e-da80-4ec1-a0dc-1df3bb537921,1430,filled
20260819094014270::0755f39a-358f-417e-91dc-81b68997f982,FILL,2026-08-19 13:40:14.270693+00:00,fill,18.51,1442,buy,CORZ,0,74cc075a-5944-411a-807d-bbabff7e9b21,1442,filled
20260819094016702::64446255-6cfc-4caf-a1a3-5771bbc03b98,FILL,2026-08-19 13:40:16.702070+00:00,partial_fill,29.33,799,buy,WOLF,62,133710cd-3e65-4c8b-81c9-4fad6ea34933,799,partially_filled
20260819094019153::dcd73918-5a1a-4232-bba0-3947f7b1e8d7,FILL,2026-08-19 13:40:19.153096+00:00,partial_fill,29.33,29,buy,WOLF,33,133710cd-3e65-4c8b-81c9-4fad6ea34933,828,partially_filled
20260819094021020::d5701fd8-e1a3-466e-b565-40e82ba3a772,FILL,2026-08-19 13:40:21.020440+00:00,fill,29.32,33,buy,WOLF,0,133710cd-3e65-4c8b-81c9-4fad6ea34933,861,filled
20260819094103857::aa68fcfb-129a-4559-8fab-955e48d6a79d,FILL,2026-08-19 13:41:03.857358+00:00,fill,256.08,107,buy,ARM,0,5df0c00b-a38d-4db2-bd1e-ec2bf0136426,107,filled
20260819094630089::7702dbeb-2ec9-434a-9431-d608806bacf1,FILL,2026-08-19 13:46:30.089074+00:00,partial_fill,6.31,2043,buy,ACHR,2404,2dcc8bd4-5b9d-4bc4-b896-368456023dcd,2043,partially_filled
20260819094630551::ef917fdd-9bbd-4b08-a699-c99106a9627a,FILL,2026-08-19 13:46:30.551383+00:00,partial_fill,6.31,1316,buy,ACHR,1088,2dcc8bd4-5b9d-4bc4-b896-368456023dcd,3359,partially_filled
20260819094631393::30f1ce33-a68a-4415-a7ef-f45867d4e359,FILL,2026-08-19 13:46:31.393500+00:00,partial_fill,6.31,1006,buy,ACHR,82,2dcc8bd4-5b9d-4bc4-b896-368456023dcd,4365,partially_filled
20260819094632189::cfceb016-1c9f-4098-b9b8-8830a93418fb,FILL,2026-08-19 13:46:32.189861+00:00,fill,6.31,82,buy,ACHR,0,2dcc8bd4-5b9d-4bc4-b896-368456023dcd,4447,filled
20260819095248297::a6261cf7-66cd-4b7f-a275-4038f775d5f2,FILL,2026-08-19 13:52:48.297384+00:00,partial_fill,42.2,421,sell,IONQ,202,2c30bb6d-9164-4962-ad47-ef72e996e73f,421,partially_filled
20260819095249424::a3014ded-4762-411a-9c4f-82cdc5dab97e,FILL,2026-08-19 13:52:49.424515+00:00,fill,42.21,202,sell,IONQ,0,2c30bb6d-9164-4962-ad47-ef72e996e73f,623,filled
20260819095600876::b9fb9706-bb41-4da4-9cce-0acf582bc84f,FILL,2026-08-19 13:56:00.876077+00:00,partial_fill,42.48,281,buy,IONQ,341,bc975c50-f081-4680-9897-d18077e90853,281,partially_filled
20260819095601579::7aeeb882-9cdc-475c-8336-bafaf84580ef,FILL,2026-08-19 13:56:01.579185+00:00,partial_fill,42.48,158,buy,IONQ,183,bc975c50-f081-4680-9897-d18077e90853,439,partially_filled
20260819095602777::154a7467-9314-41cb-aa45-f4843c37c159,FILL,2026-08-19 13:56:02.777748+00:00,partial_fill,42.48,60,buy,IONQ,123,bc975c50-f081-4680-9897-d18077e90853,499,partially_filled
20260819095603635::d7879085-a5d8-417a-9111-80b53b5e97c0,FILL,2026-08-19 13:56:03.635851+00:00,fill,42.49,123,buy,IONQ,0,bc975c50-f081-4680-9897-d18077e90853,622,filled
20260819100918519::f5d7477b-d07d-47a9-9d7b-b6d1f8f56b9e,FILL,2026-08-19 14:09:18.519991+00:00,partial_fill,242.68,68,sell,ARM,39,d1f97ce0-837f-45f9-9002-f91a9a32ead1,68,partially_filled
20260819100919650::a2e84bac-3f37-4480-aab5-5879cf42227a,FILL,2026-08-19 14:09:19.650261+00:00,fill,242.68,39,sell,ARM,0,d1f97ce0-837f-45f9-9002-f91a9a32ead1,107,filled
20260819104704007::0dabe872-2fc5-41a9-8641-b543a498a3d1,FILL,2026-08-19 14:47:04.007729+00:00,partial_fill,143.95,121,buy,MRNA,69,768324b8-5a48-4847-be4b-0ab04b224651,121,partially_filled
20260819104705286::5b2f1c5f-e04b-4b2b-85b4-73e09c9fe517,FILL,2026-08-19 14:47:05.286471+00:00,fill,143.51,69,buy,MRNA,0,768324b8-5a48-4847-be4b-0ab04b224651,190,filled
20260819113624745::5882c48f-c2bb-4906-bf59-e0f91c687cd0,FILL,2026-08-19 15:36:24.745953+00:00,fill,27.81,861,sell,WOLF,0,d244bdab-4a28-4d0e-b7c7-736056f10b9c,861,filled
20260819133410506::1df3834c-86de-4a94-a931-e3e20b2fd460,FILL,2026-08-19 17:34:10.506586+00:00,fill,102.88,678,sell,MSTR,0,10847d92-1f1d-496d-ade5-834d0adcbcb7,678,filled
20260819133653657::9cf48541-eed6-4106-acbb-5a788a69878a,FILL,2026-08-19 17:36:53.657758+00:00,partial_fill,160.46,105,buy,COIN,70,1968a037-b23d-4f59-8e5e-2eb859113c6e,105,partially_filled
20260819133654931::ebe6cc97-a7a8-4e64-90b6-7997dc337c5f,FILL,2026-08-19 17:36:54.931731+00:00,partial_fill,160.46,34,buy,COIN,36,1968a037-b23d-4f59-8e5e-2eb859113c6e,139,partially_filled
20260819133655760::01b7b3e8-b4e2-4dbf-bf3f-0e98a9c7cc7b,FILL,2026-08-19 17:36:55.760290+00:00,fill,160.46,36,buy,COIN,0,1968a037-b23d-4f59-8e5e-2eb859113c6e,175,filled
20260819133730728::4ed443c7-a7ba-4492-bb0e-a02d517f7996,FILL,2026-08-19 17:37:30.728326+00:00,partial_fill,18.43,239,buy,SOFI,1302,214fe071-0f3c-422f-baca-b327bff62593,239,partially_filled
20260819133731812::12eae544-3af8-4b65-a13a-4e6e53effc16,FILL,2026-08-19 17:37:31.812152+00:00,partial_fill,18.43,1011,buy,SOFI,291,214fe071-0f3c-422f-baca-b327bff62593,1250,partially_filled
20260819133732719::3a338a7a-6cd0-499a-8d33-8d997015cd22,FILL,2026-08-19 17:37:32.719557+00:00,partial_fill,18.43,240,buy,SOFI,51,214fe071-0f3c-422f-baca-b327bff62593,1490,partially_filled
20260819133733565::c8525214-26ff-40ab-821a-c080233df961,FILL,2026-08-19 17:37:33.565827+00:00,partial_fill,18.43,10,buy,SOFI,41,214fe071-0f3c-422f-baca-b327bff62593,1500,partially_filled
20260819133733903::00b36179-a515-4c5a-b09a-331dfe62603e,FILL,2026-08-19 17:37:33.903031+00:00,fill,18.43,41,buy,SOFI,0,214fe071-0f3c-422f-baca-b327bff62593,1541,filled
20260819140923584::528bfd49-4e20-4166-8eae-3dccab71beed,FILL,2026-08-19 18:09:23.584029+00:00,partial_fill,151.12,65,sell,MRNA,125,55e93e96-d246-414d-9328-bcec6a6ab43b,65,partially_filled
20260819140924280::82fcc892-4c3b-40fb-a9ed-6c8c288199d5,FILL,2026-08-19 18:09:24.280002+00:00,fill,151.12,125,sell,MRNA,0,55e93e96-d246-414d-9328-bcec6a6ab43b,190,filled
20260819140941699::c431410c-b159-447e-ad21-693fb666be00,FILL,2026-08-19 18:09:41.699403+00:00,partial_fill,150.46,146,buy,MRNA,41,79a0f28e-a84b-4a52-90f3-708582d14285,146,partially_filled
20260819140942377::fca031d0-4e21-4747-ad8f-a41a6d80b982,FILL,2026-08-19 18:09:42.377723+00:00,fill,150.34,41,buy,MRNA,0,79a0f28e-a84b-4a52-90f3-708582d14285,187,filled
20260819141007690::a0fc091d-2ae0-4213-8437-89426d2b7c30,FILL,2026-08-19 18:10:07.690977+00:00,partial_fill,150.5,138,sell,MRNA,49,d3bc12bf-8440-4a63-b46e-b7a9de4eacd0,138,partially_filled
20260819141008850::7cf63352-1aad-4015-a2d0-71a9fbeae9e3,FILL,2026-08-19 18:10:08.850213+00:00,fill,150.55,49,sell,MRNA,0,d3bc12bf-8440-4a63-b46e-b7a9de4eacd0,187,filled
20260819141241868::0e7d7466-e3a1-431e-9cd8-5a21dd169444,FILL,2026-08-19 18:12:41.868812+00:00,partial_fill,149.87,3,buy,MRNA,184,e1b32084-a548-48f4-b684-19f6b2917f6f,3,partially_filled
20260819141243226::e57b3c39-da3b-485d-bafd-020c394ee2cd,FILL,2026-08-19 18:12:43.226623+00:00,fill,149.87,184,buy,MRNA,0,e1b32084-a548-48f4-b684-19f6b2917f6f,187,filled
20260819141325656::8ddb166a-4a14-45a4-b51c-76d88b92f522,FILL,2026-08-19 18:13:25.656533+00:00,partial_fill,149.54,167,sell,MRNA,20,9ba4c194-da68-4f39-b0d3-37b252afca79,167,partially_filled
20260819141326620::97854fe7-8f54-4d3d-a77d-71546659d2bf,FILL,2026-08-19 18:13:26.620925+00:00,fill,149.51,20,sell,MRNA,0,9ba4c194-da68-4f39-b0d3-37b252afca79,187,filled
20260819141556634::2ed54404-d3b7-409d-8e3a-eb6c9fc2ed59,FILL,2026-08-19 18:15:56.634634+00:00,fill,148.0,187,buy,MRNA,0,4a52ac2a-084f-46a0-aaeb-9ac37a6d3fad,187,filled
20260819141639796::bf65f066-db85-450b-91d1-73c8ee697aff,FILL,2026-08-19 18:16:39.796595+00:00,partial_fill,149.09,9,sell,MRNA,178,a7af2f70-51a7-48cf-9a35-609dca5be85e,9,partially_filled
20260819141641542::4a789630-5239-463d-8a43-179e444cb1b8,FILL,2026-08-19 18:16:41.542685+00:00,partial_fill,149.09,76,sell,MRNA,102,a7af2f70-51a7-48cf-9a35-609dca5be85e,85,partially_filled
20260819141641944::75671b24-d128-4047-83fe-cec5ded0e561,FILL,2026-08-19 18:16:41.944464+00:00,fill,149.09,102,sell,MRNA,0,a7af2f70-51a7-48cf-9a35-609dca5be85e,187,filled
20260819141913505::86cbe342-58f3-4b30-8c6b-a25a9394612e,FILL,2026-08-19 18:19:13.505266+00:00,fill,150.3,187,buy,MRNA,0,719b0a44-083b-46a3-b92d-1c831091d1a1,187,filled
20260819141953911::06c4ef2a-9899-49fe-920e-93ee6bf55b95,FILL,2026-08-19 18:19:53.911562+00:00,fill,151.35,187,sell,MRNA,0,5cdcafe4-5a28-4a1e-a4f1-ea7b84362515,187,filled
20260819142537861::e3f38116-53e9-4835-836e-8209974d0f7e,FILL,2026-08-19 18:25:37.861283+00:00,partial_fill,150.71,108,buy,MRNA,79,a24973e0-9041-4427-b111-e1e9018d9c5f,108,partially_filled
20260819142538486::3642b38c-f835-46d6-8941-b7f66009e02f,FILL,2026-08-19 18:25:38.486587+00:00,fill,150.69,79,buy,MRNA,0,a24973e0-9041-4427-b111-e1e9018d9c5f,187,filled
20260819142855375::ddf59f88-4862-4c2b-a49a-fd3d54848c55,FILL,2026-08-19 18:28:55.375254+00:00,fill,95.81,291,buy,HOOD,0,5138475b-b1ed-47f4-b055-7f4812b891ce,291,filled
20260820093037213::65379655-1997-42d5-acb1-6bea4e8ce546,FILL,2026-08-20 13:30:37.213379+00:00,fill,150.5,187,sell,MRNA,0,98147852-9289-431e-8fe3-b043ca4fe9b7,187,filled
20260820093651022::561440a8-a3cb-4db8-8793-fa5a9f5588b6,FILL,2026-08-20 13:36:51.022653+00:00,fill,96.46,291,sell,HOOD,0,e675d125-4298-4e0f-b86e-aa4c31d6a493,291,filled
20260820093651422::127e085c-90a0-4670-9d65-8bea5ccd57eb,FILL,2026-08-20 13:36:51.422464+00:00,fill,166.41,175,sell,COIN,0,7d228ab3-3e89-4da1-bd48-3e90bda6f6c8,175,filled
20260820094655641::21abfbb9-9e76-4c04-9ce4-5d5351053fb8,FILL,2026-08-20 13:46:55.641925+00:00,fill,26.12,1036,buy,WOLF,0,38789505-1a55-4fc8-85f6-1a748d4a54d3,1036,filled
20260820094655920::e2124ea0-0b4b-4fa9-88cf-dcb842878d77,FILL,2026-08-20 13:46:55.920650+00:00,fill,26.12,1036,buy,WOLF,0,4d7a930f-3e42-4bae-a712-68f183293836,1036,filled
20260820095109864::ab4b998c-e788-4f43-b1d1-1dbaaef3c19e,FILL,2026-08-20 13:51:09.864274+00:00,partial_fill,9.77,1820,buy,BULL,1104,9e2dca16-e657-4347-bbca-7c9fe9ac0a29,1820,partially_filled
20260820095109983::96f9edbb-1b88-405f-81fe-2c79d8d425a1,FILL,2026-08-20 13:51:09.983379+00:00,partial_fill,9.77,1600,buy,BULL,1324,ed0f24da-d936-4a59-abf9-6a9e0a74fa82,1600,partially_filled
20260820095111221::bca8e9ac-065c-488f-bda9-774fc027f142,FILL,2026-08-20 13:51:11.221732+00:00,partial_fill,9.77,722,buy,BULL,382,9e2dca16-e657-4347-bbca-7c9fe9ac0a29,2542,partially_filled
20260820095111340::4b909559-b468-44c6-a46b-cba68a254a5e,FILL,2026-08-20 13:51:11.340289+00:00,partial_fill,9.77,310,buy,BULL,1014,ed0f24da-d936-4a59-abf9-6a9e0a74fa82,1910,partially_filled
20260820095111768::cfd0a6c4-84a4-47c7-8abd-12306ecc21ab,FILL,2026-08-20 13:51:11.768007+00:00,fill,9.77,1014,buy,BULL,0,ed0f24da-d936-4a59-abf9-6a9e0a74fa82,2924,filled
20260820095112425::eb3b380c-410f-40d5-959f-67560adb7f98,FILL,2026-08-20 13:51:12.425728+00:00,fill,9.77,382,buy,BULL,0,9e2dca16-e657-4347-bbca-7c9fe9ac0a29,2924,filled
20260820095124834::f11bfe30-fffd-406d-88da-34925be1b5ee,FILL,2026-08-20 13:51:24.834183+00:00,partial_fill,12.28,779,buy,CLSK,1539,609d5b65-a307-4c24-8c6e-974375cdddcc,779,partially_filled
20260820095125282::16c3604a-b1aa-44ab-906f-c89a2112fc68,FILL,2026-08-20 13:51:25.282488+00:00,fill,12.28,1539,buy,CLSK,0,609d5b65-a307-4c24-8c6e-974375cdddcc,2318,filled
20260820095125567::99f9f08e-8c5a-440c-b5a3-664805028157,FILL,2026-08-20 13:51:25.567810+00:00,partial_fill,12.28,384,buy,CLSK,1934,6038757e-a133-4ca8-9343-51dedc423ee0,384,partially_filled
20260820095126523::ad222ea8-2d5c-4db4-ab58-a15135a8e286,FILL,2026-08-20 13:51:26.523734+00:00,fill,12.28,1934,buy,CLSK,0,6038757e-a133-4ca8-9343-51dedc423ee0,2318,filled
20260820095316571::3876eea7-682d-44ec-9750-be25dafccc68,FILL,2026-08-20 13:53:16.571362+00:00,fill,8.47,6397,sell,ONDS,0,48969382-5086-499f-92df-0fc59d19f221,6397,filled
20260820100009715::0c44489c-f40f-41c4-ad61-801e3db8254c,FILL,2026-08-20 14:00:09.715478+00:00,partial_fill,466.4,17,buy,AMD,43,dd355a81-ec18-4796-95eb-57624c52bfc9,17,partially_filled
20260820100011616::ed41a85f-48e3-4f4f-a280-178fe7a4e7f3,FILL,2026-08-20 14:00:11.616061+00:00,fill,466.39,43,buy,AMD,0,dd355a81-ec18-4796-95eb-57624c52bfc9,60,filled
20260820100011878::c8aa9916-b0d8-4945-8b4d-bedc553dc877,FILL,2026-08-20 14:00:11.878037+00:00,partial_fill,37.02,67,buy,SMCI,677,d8d6bf2b-621f-45d9-a3b2-5623a3483797,67,partially_filled
20260820100012924::c3cd7ab8-8583-4256-a261-6ee290204433,FILL,2026-08-20 14:00:12.924496+00:00,partial_fill,37.02,602,buy,SMCI,75,d8d6bf2b-621f-45d9-a3b2-5623a3483797,669,partially_filled
20260820100014875::8fc8b3a8-0efe-48d7-acd1-06896d446b12,FILL,2026-08-20 14:00:14.875247+00:00,partial_fill,37.03,16,buy,SMCI,59,d8d6bf2b-621f-45d9-a3b2-5623a3483797,685,partially_filled
20260820100015474::cdc65c8e-d1d3-472a-91f2-afccd2488d3a,FILL,2026-08-20 14:00:15.474945+00:00,partial_fill,37.04,49,buy,SMCI,10,d8d6bf2b-621f-45d9-a3b2-5623a3483797,734,partially_filled
20260820100017496::15fdb265-c3ea-45c9-8beb-2f81c19a9432,FILL,2026-08-20 14:00:17.496267+00:00,partial_fill,37.04,8,buy,SMCI,2,d8d6bf2b-621f-45d9-a3b2-5623a3483797,742,partially_filled
20260820100018071::d22db1e0-c135-4546-a4e2-399470ce9cd9,FILL,2026-08-20 14:00:18.071570+00:00,partial_fill,37.04,1,buy,SMCI,1,d8d6bf2b-621f-45d9-a3b2-5623a3483797,743,partially_filled
20260820100020131::1ca51c33-efc2-48ba-8e34-6d0844596627,FILL,2026-08-20 14:00:20.131495+00:00,fill,37.03,1,buy,SMCI,0,d8d6bf2b-621f-45d9-a3b2-5623a3483797,744,filled
20260820100050299::7f9149a4-84a5-40ee-8bc1-85e81371f1e1,FILL,2026-08-20 14:00:50.299224+00:00,partial_fill,119.68,31,buy,SOXL,203,980799e5-240a-459a-af64-8a27819d98d0,31,partially_filled
20260820100100278::69e6b69c-51a8-42f4-adc3-25458f79a7c6,FILL,2026-08-20 14:01:00.278416+00:00,partial_fill,119.61,63,buy,SOXL,140,980799e5-240a-459a-af64-8a27819d98d0,94,partially_filled
20260820100100690::5485ddef-54b5-4dc9-a53f-2ee72275a1a8,FILL,2026-08-20 14:01:00.690217+00:00,partial_fill,119.69,49,buy,SOXL,91,980799e5-240a-459a-af64-8a27819d98d0,143,partially_filled
20260820100139286::493697ec-1b3e-4789-b190-c2bba4caf6ba,FILL,2026-08-20 14:01:39.286347+00:00,partial_fill,119.73,46,buy,SOXL,45,980799e5-240a-459a-af64-8a27819d98d0,189,partially_filled
20260820100144362::fb8784b8-e757-4d35-8f53-4aee1fe415f1,FILL,2026-08-20 14:01:44.362693+00:00,fill,119.7,45,buy,SOXL,0,980799e5-240a-459a-af64-8a27819d98d0,234,filled
20260820102228371::f652697d-a71a-413f-a17b-7be558a05d47,FILL,2026-08-20 14:22:28.371652+00:00,fill,9.2,5848,sell,BULL,0,f969113b-2908-4839-bb14-15c279df9989,5848,filled
20260820113749266::3d0086f1-4593-4ad4-9378-ee5579bff8dd,FILL,2026-08-20 15:37:49.266693+00:00,partial_fill,24.72,547,sell,WOLF,1525,e9e456d7-abb1-47d0-9c68-1b64f3eb667b,547,partially_filled
20260820113749898::8ef1b979-b8a6-4169-922b-17a1aa4b3586,FILL,2026-08-20 15:37:49.898664+00:00,partial_fill,24.72,536,sell,WOLF,989,e9e456d7-abb1-47d0-9c68-1b64f3eb667b,1083,partially_filled
20260820113751088::c08c70aa-2ba0-4f0b-992c-623293b6c000,FILL,2026-08-20 15:37:51.088637+00:00,partial_fill,24.72,640,sell,WOLF,349,e9e456d7-abb1-47d0-9c68-1b64f3eb667b,1723,partially_filled
20260820113751890::cd34df61-b944-4002-bb06-f2eec8f92c68,FILL,2026-08-20 15:37:51.890664+00:00,fill,24.72,349,sell,WOLF,0,e9e456d7-abb1-47d0-9c68-1b64f3eb667b,2072,filled
20260820113842214::8e0d9957-5071-4d5f-a275-4121dac463ec,FILL,2026-08-20 15:38:42.214123+00:00,partial_fill,10.56,637,buy,MARA,1778,ae68d5a0-4c94-44f7-b9ac-c78a1bc8f8cf,637,partially_filled
20260820113843101::f06310e0-c1d8-4329-9091-0383ddbde44b,FILL,2026-08-20 15:38:43.101925+00:00,partial_fill,10.56,694,buy,MARA,1084,ae68d5a0-4c94-44f7-b9ac-c78a1bc8f8cf,1331,partially_filled
20260820113843800::28cac4c7-d1cc-46ee-99ac-a8292dbc3aeb,FILL,2026-08-20 15:38:43.800551+00:00,partial_fill,10.56,858,buy,MARA,226,ae68d5a0-4c94-44f7-b9ac-c78a1bc8f8cf,2189,partially_filled
20260820113845039::cf34887c-2d2a-4b96-adb3-bf60035bb837,FILL,2026-08-20 15:38:45.039532+00:00,partial_fill,10.56,212,buy,MARA,14,ae68d5a0-4c94-44f7-b9ac-c78a1bc8f8cf,2401,partially_filled
20260820113845489::93aebed9-2b23-48cb-9097-298c8513b38e,FILL,2026-08-20 15:38:45.489099+00:00,partial_fill,10.56,1,buy,MARA,13,ae68d5a0-4c94-44f7-b9ac-c78a1bc8f8cf,2402,partially_filled
20260820113846161::183ab294-e063-49b2-8dc3-a8e70d302d6c,FILL,2026-08-20 15:38:46.161474+00:00,partial_fill,10.56,2,buy,MARA,11,ae68d5a0-4c94-44f7-b9ac-c78a1bc8f8cf,2404,partially_filled
20260820113847284::fe74ca60-94d4-496c-916c-c36452ecddce,FILL,2026-08-20 15:38:47.284467+00:00,fill,10.56,11,buy,MARA,0,ae68d5a0-4c94-44f7-b9ac-c78a1bc8f8cf,2415,filled
20260820114504723::464f8827-076c-4dbd-bb29-0368393c564f,FILL,2026-08-20 15:45:04.723476+00:00,partial_fill,40.33,161,sell,IONQ,461,908ea2d6-9f32-42f5-bfe6-4669fb56da8a,161,partially_filled
20260820114505700::fe4d5e30-a16f-4f68-bef9-f23819c444cf,FILL,2026-08-20 15:45:05.700179+00:00,fill,40.35,461,sell,IONQ,0,908ea2d6-9f32-42f5-bfe6-4669fb56da8a,622,filled
20260820124007642::16c070b0-6c83-4c9b-be94-6ba7662947cd,FILL,2026-08-20 16:40:07.642635+00:00,partial_fill,956.76,17,buy,MU,9,16b68184-69b0-4b78-a8e9-8db84b72d595,17,partially_filled
20260820124008629::438e30a5-0219-4d53-bcce-0d5e5cf7486e,FILL,2026-08-20 16:40:08.629985+00:00,fill,956.76,9,buy,MU,0,16b68184-69b0-4b78-a8e9-8db84b72d595,26,filled
20260820142032717::752124bc-7c8c-4136-86a3-59d8947d6610,FILL,2026-08-20 18:20:32.717336+00:00,fill,5.99,4447,sell,ACHR,0,28bfd4c2-191c-4306-9317-e7365c561ba9,4447,filled
20260821093620105::dc9b642e-31b1-4faa-900b-91f11aba7acc,FILL,2026-08-21 13:36:20.105656+00:00,partial_fill,12.09,1117,sell,MARA,1298,5e628641-a16c-4f54-9a63-bcfbbaff299f,1117,partially_filled
20260821093620694::573035e0-b9fc-49ec-861d-470317564e23,FILL,2026-08-21 13:36:20.694311+00:00,partial_fill,12.07,39,sell,MARA,1259,5e628641-a16c-4f54-9a63-bcfbbaff299f,1156,partially_filled
20260821093621801::c49be34f-58b9-46a9-95d0-c9f59a18dc5f,FILL,2026-08-21 13:36:21.801727+00:00,fill,12.07,1259,sell,MARA,0,5e628641-a16c-4f54-9a63-bcfbbaff299f,2415,filled
20260821093944463::f1a566a5-14ad-4736-bb85-7bb05ad9e595,FILL,2026-08-21 13:39:44.463639+00:00,partial_fill,122.47,48,sell,SOXL,186,b9175cc4-ecf1-4e22-9152-eca9e7e45c12,48,partially_filled
20260821093945348::d17c7561-d328-4362-a94b-9be4bb6cdec5,FILL,2026-08-21 13:39:45.348710+00:00,partial_fill,122.46,25,sell,SOXL,161,b9175cc4-ecf1-4e22-9152-eca9e7e45c12,73,partially_filled
20260821093946034::372f2dd4-dc8c-4180-91fe-c56ec6a17367,FILL,2026-08-21 13:39:46.034627+00:00,partial_fill,122.46,157,sell,SOXL,4,b9175cc4-ecf1-4e22-9152-eca9e7e45c12,230,partially_filled
20260821093947094::f4b3908c-306f-439c-bd4f-ae3bc3d2ceb5,FILL,2026-08-21 13:39:47.094536+00:00,fill,122.46,4,sell,SOXL,0,b9175cc4-ecf1-4e22-9152-eca9e7e45c12,234,filled
20260821095609990::9d4890e7-1759-41a3-8d9b-e7a6914099ca,FILL,2026-08-21 13:56:09.990832+00:00,partial_fill,42.66,607,buy,IONQ,43,6535f46f-5f5b-4f64-87e8-787c79ff29f8,607,partially_filled
20260821095610035::a2494096-4309-4007-b245-caa7c84643bb,FILL,2026-08-21 13:56:10.035048+00:00,partial_fill,42.66,416,buy,IONQ,234,9206dd31-5a35-4f39-842f-9820573bb237,416,partially_filled
20260821095611029::a58a96cf-2f7a-4a02-a163-ef248dd78273,FILL,2026-08-21 13:56:11.029962+00:00,partial_fill,42.62,31,buy,IONQ,12,6535f46f-5f5b-4f64-87e8-787c79ff29f8,638,partially_filled
20260821095611074::2520c137-da14-44b7-ad7b-44a0df2cedc7,FILL,2026-08-21 13:56:11.074868+00:00,fill,42.62,234,buy,IONQ,0,9206dd31-5a35-4f39-842f-9820573bb237,650,filled
20260821095611766::e25b7030-81af-4275-ac8a-ecd7f3ee50ca,FILL,2026-08-21 13:56:11.766439+00:00,fill,42.61,12,buy,IONQ,0,6535f46f-5f5b-4f64-87e8-787c79ff29f8,650,filled
20260821095626606::76661feb-f532-424a-829f-96d36c6e3aae,FILL,2026-08-21 13:56:26.606962+00:00,partial_fill,12.78,2882,sell,CLSK,1754,43f4b236-2edf-455f-9616-104cfb674845,2882,partially_filled
20260821095627819::e40a38c5-d637-4409-9bce-c5be8e3f8e80,FILL,2026-08-21 13:56:27.819914+00:00,partial_fill,12.77,728,sell,CLSK,1026,43f4b236-2edf-455f-9616-104cfb674845,3610,partially_filled
20260821095628303::ed536e23-90ae-47ad-87f5-5d740b411b27,FILL,2026-08-21 13:56:28.303885+00:00,fill,12.77,1026,sell,CLSK,0,43f4b236-2edf-455f-9616-104cfb674845,4636,filled
20260821100250520::af3ac6bb-f239-4bb8-9658-9a85cfce714d,FILL,2026-08-21 14:02:50.520062+00:00,fill,27.4,1012,buy,WOLF,0,b742fffa-7c3c-4b3d-b905-5421d76130b3,1012,filled
20260821100250719::477be3b3-89ec-4228-bd8f-9b50dc74811b,FILL,2026-08-21 14:02:50.719620+00:00,partial_fill,27.4,70,buy,WOLF,942,31d302f4-5f54-4d37-8ff7-08162f20af7a,70,partially_filled
20260821100251654::af0e5c85-3f84-4f80-9c10-0e2faf76c243,FILL,2026-08-21 14:02:51.654914+00:00,fill,27.4,942,buy,WOLF,0,31d302f4-5f54-4d37-8ff7-08162f20af7a,1012,filled
20260821100305869::374aabbe-ce74-4089-8ab7-0647e5c63ecd,FILL,2026-08-21 14:03:05.869086+00:00,fill,243.27,58,sell,MRVL,0,397df94c-66dc-4853-94aa-7eb8f6e21062,58,filled
20260821100405793::c358febf-2f7a-4ba7-8f4e-9ed2095d5523,FILL,2026-08-21 14:04:05.793930+00:00,fill,12.09,2352,buy,MARA,0,ad6f2495-275f-4e0c-8d20-804cf22a0558,2352,filled
20260821100406365::5012e079-c894-4c90-ba0d-1eb037075ada,FILL,2026-08-21 14:04:06.365029+00:00,fill,12.09,2352,buy,MARA,0,658b06d3-68fc-46e0-bf54-a2ec855cb327,2352,filled
20260821101833831::a206b86a-e8da-4c4c-953c-6f7d4a3e29a6,FILL,2026-08-21 14:18:33.831775+00:00,partial_fill,9.24,2289,buy,BULL,756,f44847b3-8883-4acd-afdb-46fc244b2cf9,2289,partially_filled
20260821101834361::b228668c-3c4e-4046-91ea-85f317b8050d,FILL,2026-08-21 14:18:34.361030+00:00,fill,9.23,756,buy,BULL,0,f44847b3-8883-4acd-afdb-46fc244b2cf9,3045,filled
20260821102619827::38bce01f-ad5e-49ed-920c-2473a08e5469,FILL,2026-08-21 14:26:19.827613+00:00,partial_fill,11.47,916,sell,MARA,3788,ab6a4f6c-c457-4e8b-b48c-5464113c9eb0,916,partially_filled
20260821102620787::df550fc7-32ab-45bd-a1b0-d7583b45e499,FILL,2026-08-21 14:26:20.787410+00:00,partial_fill,11.46,2192,sell,MARA,1596,ab6a4f6c-c457-4e8b-b48c-5464113c9eb0,3108,partially_filled
20260821102621161::29fa120b-38ba-4193-8b33-18fc019ae73b,FILL,2026-08-21 14:26:21.161480+00:00,partial_fill,11.46,145,sell,MARA,1451,ab6a4f6c-c457-4e8b-b48c-5464113c9eb0,3253,partially_filled
20260821102622053::e0ba6815-dd00-4ef0-ae96-9c419523a872,FILL,2026-08-21 14:26:22.053015+00:00,fill,11.47,1451,sell,MARA,0,ab6a4f6c-c457-4e8b-b48c-5464113c9eb0,4704,filled
20260821102916340::790c9241-5ebf-4833-948d-56200d4a4af4,FILL,2026-08-21 14:29:16.340468+00:00,partial_fill,187.11,10,buy,COIN,134,61d419f7-d382-4cbc-8eec-794c39eb3ef2,10,partially_filled
20260821102916809::2c352234-5a8c-4eb5-a2cd-61db951a39e4,FILL,2026-08-21 14:29:16.809329+00:00,partial_fill,187.28,30,buy,COIN,104,61d419f7-d382-4cbc-8eec-794c39eb3ef2,40,partially_filled
20260821102918012::1276f6c7-f534-4367-9025-9c6c00873445,FILL,2026-08-21 14:29:18.012569+00:00,fill,187.3,104,buy,COIN,0,61d419f7-d382-4cbc-8eec-794c39eb3ef2,144,filled
20260821121507648::704523b1-83f2-4c7b-bd87-4f69836de374,FILL,2026-08-21 16:15:07.648185+00:00,partial_fill,26.02,666,sell,WOLF,1358,fe4f35f4-4d2e-4344-b2c5-b49e26329719,666,partially_filled
20260821121508300::7e7b2c81-63e0-4f06-bb48-937531a2cd03,FILL,2026-08-21 16:15:08.300447+00:00,partial_fill,26.02,21,sell,WOLF,1337,fe4f35f4-4d2e-4344-b2c5-b49e26329719,687,partially_filled
20260821121509250::6e29623e-b881-4cd7-b73b-b55127e7919b,FILL,2026-08-21 16:15:09.250854+00:00,partial_fill,26.02,233,sell,WOLF,1104,fe4f35f4-4d2e-4344-b2c5-b49e26329719,920,partially_filled
20260821121510108::0cbbd091-1506-4bf2-b83c-d25f34fa99c3,FILL,2026-08-21 16:15:10.108832+00:00,partial_fill,26.02,283,sell,WOLF,821,fe4f35f4-4d2e-4344-b2c5-b49e26329719,1203,partially_filled
20260821121511329::7072e1be-640c-4412-9811-c1b5a25b7379,FILL,2026-08-21 16:15:11.329788+00:00,partial_fill,26.02,334,sell,WOLF,487,fe4f35f4-4d2e-4344-b2c5-b49e26329719,1537,partially_filled
20260821121511849::56ff15c1-ed8b-4c30-9c1d-945cd13a1774,FILL,2026-08-21 16:15:11.849606+00:00,fill,26.02,487,sell,WOLF,0,fe4f35f4-4d2e-4344-b2c5-b49e26329719,2024,filled
20260821135908224::7989ee2b-1c48-4292-ae01-ae05bd569ccd,FILL,2026-08-21 17:59:08.224182+00:00,partial_fill,143.0,170,buy,MRNA,27,5a10798f-c3f0-40ab-bc86-41db67c772bf,170,partially_filled
20260821135908533::ad9a2452-c169-4aac-b009-e653c82b9b7a,FILL,2026-08-21 17:59:08.533017+00:00,partial_fill,143.03,80,buy,MRNA,117,de08d53d-4909-4398-af5a-390ca4a01a88,80,partially_filled
20260821135908887::e17ea76d-98bd-4028-a00f-9133938c96b1,FILL,2026-08-21 17:59:08.887041+00:00,fill,143.03,27,buy,MRNA,0,5a10798f-c3f0-40ab-bc86-41db67c772bf,197,filled
20260821135910000::5b132a0c-0089-4968-a5a0-3ecc4a674ec1,FILL,2026-08-21 17:59:10.000047+00:00,partial_fill,143.0,83,buy,MRNA,34,de08d53d-4909-4398-af5a-390ca4a01a88,163,partially_filled
20260821135911099::ff76ace9-3427-42f8-aa2f-c4d1e21fee97,FILL,2026-08-21 17:59:11.099706+00:00,partial_fill,143.0,7,buy,MRNA,27,de08d53d-4909-4398-af5a-390ca4a01a88,170,partially_filled
20260821135911918::718c4c30-0a9e-44de-807b-477af5838056,FILL,2026-08-21 17:59:11.918587+00:00,partial_fill,143.0,5,buy,MRNA,22,de08d53d-4909-4398-af5a-390ca4a01a88,175,partially_filled
20260821135912594::3bf44a88-6105-479a-b009-6c2c75b7124a,FILL,2026-08-21 17:59:12.594454+00:00,partial_fill,143.0,11,buy,MRNA,11,de08d53d-4909-4398-af5a-390ca4a01a88,186,partially_filled
20260821135913239::e7645eed-c880-433b-bc61-62ee0e1d3e99,FILL,2026-08-21 17:59:13.239091+00:00,partial_fill,143.0,9,buy,MRNA,2,de08d53d-4909-4398-af5a-390ca4a01a88,195,partially_filled
20260821135914261::58f69d0a-ad2d-4ea4-9e70-701a74fcc962,FILL,2026-08-21 17:59:14.261548+00:00,fill,143.0,2,buy,MRNA,0,de08d53d-4909-4398-af5a-390ca4a01a88,197,filled
20260824093159012::7f3849bb-4094-4499-a7e2-efc3e50ed317,FILL,2026-08-24 13:31:59.012415+00:00,fill,17.48,1442,sell,CORZ,0,1e48d523-6052-4ff8-acd5-8ba49ebf0cbd,1442,filled
20260824093220524::2d695f7d-f4d2-4bbe-98db-4c0df645a10c,FILL,2026-08-24 13:32:20.524094+00:00,fill,42.67,1300,sell,IONQ,0,230d54e9-bad9-4dac-86b1-7cf05f3cfeca,1300,filled
20260824093252971::fff3da36-b81e-448f-ae95-d0dddc07abeb,FILL,2026-08-24 13:32:52.971887+00:00,partial_fill,213.71,103,sell,NVDA,33,855aea55-0a0a-46b9-ab73-696a34b41e1b,103,partially_filled
20260824093255674::4585f592-b387-4bbe-8c35-cc4131e3af2a,FILL,2026-08-24 13:32:55.674114+00:00,fill,8.55,3045,sell,BULL,0,40e68ebc-a524-4902-a60b-2b48d8ca4222,3045,filled
20260824093518606::3bae7cf2-7d2a-4014-bfaa-56933822f152,FILL,2026-08-24 13:35:18.606130+00:00,partial_fill,213.04,10,sell,NVDA,23,855aea55-0a0a-46b9-ab73-696a34b41e1b,113,partially_filled
20260824093655461::2335784d-0672-45bd-9c25-bc99abbe3654,FILL,2026-08-24 13:36:55.461962+00:00,fill,212.89,23,sell,NVDA,0,855aea55-0a0a-46b9-ab73-696a34b41e1b,136,filled
20260824093730946::ce172cbe-5037-4ffa-b4d5-00ad12103fbd,FILL,2026-08-24 13:37:30.946108+00:00,partial_fill,133.76,376,sell,MRNA,18,71152b67-85aa-41f1-8f6d-35f7d3cb7308,376,partially_filled
20260824093830216::4cb3d2a9-898f-4a23-954e-2fdfce613be9,FILL,2026-08-24 13:38:30.216008+00:00,partial_fill,133.41,16,sell,MRNA,2,71152b67-85aa-41f1-8f6d-35f7d3cb7308,392,partially_filled
20260824093853516::82487988-f4f6-4a45-89ea-e5d186f2b447,FILL,2026-08-24 13:38:53.516386+00:00,partial_fill,133.2,1,sell,MRNA,1,71152b67-85aa-41f1-8f6d-35f7d3cb7308,393,partially_filled
20260824093904624::c5195795-69a5-434c-a0f9-91c6bf30c87a,FILL,2026-08-24 13:39:04.624906+00:00,fill,132.82,1,sell,MRNA,0,71152b67-85aa-41f1-8f6d-35f7d3cb7308,394,filled
20260824093944015::2049380b-6bb9-4067-917f-d1a3a62dd1b9,FILL,2026-08-24 13:39:44.015311+00:00,partial_fill,907.23,2,sell,MU,24,70e557f1-de94-4c9b-9f55-a7f5bc06c087,2,partially_filled
20260824093945196::e80a494e-4286-44a7-8155-6cb64f983da9,FILL,2026-08-24 13:39:45.196193+00:00,fill,907.74,24,sell,MU,0,70e557f1-de94-4c9b-9f55-a7f5bc06c087,26,filled
20260824094255198::fc253689-9d53-48e6-9261-9caf6af04485,FILL,2026-08-24 13:42:55.198015+00:00,fill,35.1,744,sell,SMCI,0,442f0d6b-3e72-4262-af86-adde0a7c186c,744,filled
20260824100609271::849de40d-7ea8-4650-9cb0-f952f4f71283,FILL,2026-08-24 14:06:09.271255+00:00,partial_fill,20.14,433,buy,RIOT,776,e408dcea-e435-496a-8644-dc199eb97118,433,partially_filled
20260824100609755::976e821b-dec4-4f2c-8b34-44f222011097,FILL,2026-08-24 14:06:09.755728+00:00,partial_fill,20.14,787,buy,RIOT,422,10908a2e-61de-4347-a971-8160c83305bf,787,partially_filled
20260824100609915::abfa4503-489a-4946-986b-d59e67d4ae97,FILL,2026-08-24 14:06:09.915199+00:00,fill,20.14,776,buy,RIOT,0,e408dcea-e435-496a-8644-dc199eb97118,1209,filled
20260824100610168::768457c6-3031-4bf4-81ba-48bcb8a0ad33,FILL,2026-08-24 14:06:10.168587+00:00,partial_fill,20.14,375,buy,RIOT,47,10908a2e-61de-4347-a971-8160c83305bf,1162,partially_filled
20260824100611124::3b6dd82c-72cc-4bd7-bc52-a228dd137f6d,FILL,2026-08-24 14:06:11.124960+00:00,partial_fill,20.14,14,buy,RIOT,33,10908a2e-61de-4347-a971-8160c83305bf,1176,partially_filled
20260824100622873::fa88d8dd-5906-4f14-be98-f372df472ed7,FILL,2026-08-24 14:06:22.873826+00:00,partial_fill,20.14,2,buy,RIOT,31,10908a2e-61de-4347-a971-8160c83305bf,1178,partially_filled
20260824100623516::33064b67-b2bb-4b61-93c1-aeb5ffc5960c,FILL,2026-08-24 14:06:23.516812+00:00,partial_fill,20.14,6,buy,RIOT,25,10908a2e-61de-4347-a971-8160c83305bf,1184,partially_filled
20260824100624378::5bb0ca84-c2f5-48db-b542-548fcb1edfab,FILL,2026-08-24 14:06:24.378545+00:00,fill,20.13,25,buy,RIOT,0,10908a2e-61de-4347-a971-8160c83305bf,1209,filled
20260824101512487::e04b32c4-4f63-4f4a-866c-1c861ab72576,FILL,2026-08-24 14:15:12.487919+00:00,partial_fill,5.31,2321,buy,SNAP,2284,a9a8574a-0cf9-41c8-a21c-9c3274f45be9,2321,partially_filled
20260824101512755::dc5d09b5-48e6-43ca-a983-57ee5ee57b20,FILL,2026-08-24 14:15:12.755039+00:00,partial_fill,5.31,4271,buy,SNAP,336,8ffb134a-bfdc-4c85-85eb-92c793607356,4271,partially_filled
20260824101512977::a789ed03-98a1-4c80-8ca6-918eb66f52a9,FILL,2026-08-24 14:15:12.977578+00:00,partial_fill,5.31,541,buy,SNAP,1743,a9a8574a-0cf9-41c8-a21c-9c3274f45be9,2862,partially_filled
20260824101513210::d26d1ad7-148e-412c-a28d-58df7c371c2c,FILL,2026-08-24 14:15:13.210605+00:00,partial_fill,5.31,21,buy,SNAP,315,8ffb134a-bfdc-4c85-85eb-92c793607356,4292,partially_filled
20260824101513766::37e6c351-c39f-4d1b-a08d-9204624930db,FILL,2026-08-24 14:15:13.766600+00:00,fill,5.31,1743,buy,SNAP,0,a9a8574a-0cf9-41c8-a21c-9c3274f45be9,4605,filled
20260824101514052::b3265482-1953-4a09-bbfb-23b8889b0279,FILL,2026-08-24 14:15:14.052719+00:00,partial_fill,5.31,270,buy,SNAP,45,8ffb134a-bfdc-4c85-85eb-92c793607356,4562,partially_filled
20260824101514621::2b76e4c5-8893-49b8-a34f-68dca97c98a3,FILL,2026-08-24 14:15:14.621837+00:00,partial_fill,5.31,19,buy,SNAP,26,8ffb134a-bfdc-4c85-85eb-92c793607356,4581,partially_filled
20260824101515002::58843063-e478-4a98-862f-3c47230416d8,FILL,2026-08-24 14:15:15.002611+00:00,partial_fill,5.31,21,buy,SNAP,5,8ffb134a-bfdc-4c85-85eb-92c793607356,4602,partially_filled
20260824101515875::4cb763fd-b1db-483f-88fa-af3922bf4083,FILL,2026-08-24 14:15:15.875070+00:00,partial_fill,5.31,3,buy,SNAP,2,8ffb134a-bfdc-4c85-85eb-92c793607356,4605,partially_filled
20260824101516124::8d172083-8cbf-4480-8c15-38e5011475fd,FILL,2026-08-24 14:15:16.124738+00:00,partial_fill,5.31,1,buy,SNAP,1,8ffb134a-bfdc-4c85-85eb-92c793607356,4606,partially_filled
20260824101517062::29c29d0c-d056-43c4-8ae7-2212364c54c2,FILL,2026-08-24 14:15:17.062114+00:00,fill,5.31,1,buy,SNAP,0,8ffb134a-bfdc-4c85-85eb-92c793607356,4607,filled
20260824110207903::dd0bdd41-e90c-4474-a63e-2fe252ded07d,FILL,2026-08-24 15:02:07.903076+00:00,fill,11.43,2145,buy,MARA,0,c25c89bc-3e0b-40d5-9c6f-18beaf5462f7,2145,filled
20260824110207926::bec95304-662d-4c99-aaf2-2a32790e32f2,FILL,2026-08-24 15:02:07.926517+00:00,partial_fill,11.43,546,buy,MARA,1599,3ec652f3-aa15-4422-98db-8aea891a1389,546,partially_filled
20260824110208193::4e697691-7b16-4f61-8e21-c6d2f256590a,FILL,2026-08-24 15:02:08.193346+00:00,partial_fill,11.43,165,buy,MARA,1434,3ec652f3-aa15-4422-98db-8aea891a1389,711,partially_filled
20260824110209063::55c0ee1a-32c7-49db-846f-84cef779fff5,FILL,2026-08-24 15:02:09.063232+00:00,partial_fill,11.43,1079,buy,MARA,355,3ec652f3-aa15-4422-98db-8aea891a1389,1790,partially_filled
20260824110209637::576bbaa4-6a83-435f-ba9b-a3e7ad6f7425,FILL,2026-08-24 15:02:09.637102+00:00,fill,11.43,355,buy,MARA,0,3ec652f3-aa15-4422-98db-8aea891a1389,2145,filled
20260825093210010::d61f7398-da73-4501-aae8-05d36a55f1c4,FILL,2026-08-25 13:32:10.010917+00:00,partial_fill,176.21,64,sell,COIN,80,28a7a164-0a13-45f7-9f1c-317c7da09a1a,64,partially_filled
20260825093310265::47afd99d-c53d-4188-9c9e-7f72a4f4008a,FILL,2026-08-25 13:33:10.265559+00:00,fill,177.38,80,sell,COIN,0,28a7a164-0a13-45f7-9f1c-317c7da09a1a,144,filled
20260826093114535::876539ab-eae9-423a-88ff-97d6ab06cd8d,FILL,2026-08-26 13:31:14.535970+00:00,fill,11.38,4290,sell,MARA,0,1bd7f59d-7144-43cd-a5c2-4b347cb9e403,4290,filled
20260826093851760::dc2cf450-34af-40c2-91b1-2134497bdc2c,FILL,2026-08-26 13:38:51.760560+00:00,partial_fill,5.66,3452,sell,SNAP,5760,c4e2d4aa-da9f-4287-b806-8402c3f550ee,3452,partially_filled
20260826093852333::9a618c1b-6321-4638-ab0f-220a06d69d80,FILL,2026-08-26 13:38:52.333694+00:00,partial_fill,5.65,4885,sell,SNAP,875,c4e2d4aa-da9f-4287-b806-8402c3f550ee,8337,partially_filled
20260826093852898::36fdf858-df8f-4467-b1d9-158b09ca1b0e,FILL,2026-08-26 13:38:52.898393+00:00,fill,5.65,875,sell,SNAP,0,c4e2d4aa-da9f-4287-b806-8402c3f550ee,9212,filled
20260826093913122::98d84fe8-421a-4674-b9f3-597cf8c8a83e,FILL,2026-08-26 13:39:13.122549+00:00,partial_fill,20.73,147,sell,RIOT,2271,91bc3a11-58c6-45c9-a822-8d76fc4446a7,147,partially_filled
20260826093913695::64647686-2b71-4429-b5c9-29103782806a,FILL,2026-08-26 13:39:13.695342+00:00,partial_fill,20.73,1170,sell,RIOT,1101,91bc3a11-58c6-45c9-a822-8d76fc4446a7,1317,partially_filled
20260826093913961::53c6c009-0337-46fb-92ce-55d4d9be1ca8,FILL,2026-08-26 13:39:13.961984+00:00,partial_fill,20.73,977,sell,RIOT,124,91bc3a11-58c6-45c9-a822-8d76fc4446a7,2294,partially_filled
20260826093914821::c9de4c7b-5f94-41da-aa92-38fdabb00022,FILL,2026-08-26 13:39:14.821541+00:00,partial_fill,20.73,78,sell,RIOT,46,91bc3a11-58c6-45c9-a822-8d76fc4446a7,2372,partially_filled
20260826093915505::0375f940-3901-4c18-a360-5a7fe6328a94,FILL,2026-08-26 13:39:15.505030+00:00,fill,20.73,46,sell,RIOT,0,91bc3a11-58c6-45c9-a822-8d76fc4446a7,2418,filled
20260826095121391::a842ccfa-3138-42ee-9b58-376a1711bb09,FILL,2026-08-26 13:51:21.391643+00:00,partial_fill,6.08,536,buy,ACHR,3593,1236271b-768c-44f5-b5b7-7b88268f5c67,536,partially_filled
20260826095121923::0b05a2b2-66a1-4160-8e9e-a5ea5ee75ef3,FILL,2026-08-26 13:51:21.923718+00:00,partial_fill,6.08,2066,buy,ACHR,1527,1236271b-768c-44f5-b5b7-7b88268f5c67,2602,partially_filled
20260826095122537::aa256dbb-5970-40d5-8d07-228c70fe5689,FILL,2026-08-26 13:51:22.537051+00:00,partial_fill,6.08,937,buy,ACHR,590,1236271b-768c-44f5-b5b7-7b88268f5c67,3539,partially_filled
20260826095122539::03061fbe-aec2-4c73-b5d2-60ad5905d0b6,FILL,2026-08-26 13:51:22.539235+00:00,partial_fill,6.08,614,buy,ACHR,3514,8cd71d4b-995f-4571-85de-0ea5cf4d392b,614,partially_filled
20260826095122920::82714758-1712-4c32-901d-524770b8e597,FILL,2026-08-26 13:51:22.920704+00:00,partial_fill,6.08,447,buy,ACHR,143,1236271b-768c-44f5-b5b7-7b88268f5c67,3986,partially_filled
20260826095122923::ed75a331-8e5c-42c6-bbf0-5f9506c000fe,FILL,2026-08-26 13:51:22.923135+00:00,partial_fill,6.08,2474,buy,ACHR,1040,8cd71d4b-995f-4571-85de-0ea5cf4d392b,3088,partially_filled
20260826095123465::a095c957-0794-4736-bfea-b8a76c3cebd2,FILL,2026-08-26 13:51:23.465586+00:00,partial_fill,6.08,592,buy,ACHR,448,8cd71d4b-995f-4571-85de-0ea5cf4d392b,3680,partially_filled
20260826095123468::66daa017-9166-4b18-a9d2-1fcf9f9f93f2,FILL,2026-08-26 13:51:23.468250+00:00,partial_fill,6.08,23,buy,ACHR,120,1236271b-768c-44f5-b5b7-7b88268f5c67,4009,partially_filled
20260826095124095::c8ca12c3-3f42-42dc-9ed9-ba29d60b32c4,FILL,2026-08-26 13:51:24.095164+00:00,partial_fill,6.08,47,buy,ACHR,401,8cd71d4b-995f-4571-85de-0ea5cf4d392b,3727,partially_filled
20260826095124097::98056db2-7708-4889-90ce-c349757a7a8a,FILL,2026-08-26 13:51:24.097970+00:00,fill,6.08,120,buy,ACHR,0,1236271b-768c-44f5-b5b7-7b88268f5c67,4129,filled
20260826095124670::522fd3c9-33fa-40af-9341-a1a992d61010,FILL,2026-08-26 13:51:24.670927+00:00,fill,6.08,401,buy,ACHR,0,8cd71d4b-995f-4571-85de-0ea5cf4d392b,4128,filled
20260826102236167::bf86579c-508c-4906-8836-63b487babee5,FILL,2026-08-26 14:22:36.167978+00:00,partial_fill,16.27,583,buy,WULF,937,16be9ce3-aa66-4eed-8c3f-f36573518ead,583,partially_filled
20260826102236476::438257c3-7fd0-48f0-aa8e-4e5c65c7281f,FILL,2026-08-26 14:22:36.476708+00:00,fill,16.27,1519,buy,WULF,0,f59d9e10-9840-4daa-b733-8c672bc887b8,1519,filled
20260826102236804::d4fd3345-2bac-4336-bad9-9d330c12600d,FILL,2026-08-26 14:22:36.804773+00:00,fill,16.27,937,buy,WULF,0,16be9ce3-aa66-4eed-8c3f-f36573518ead,1520,filled
20260826102542632::6af0f1f2-781f-437c-bf67-00c3d91b7dfd,FILL,2026-08-26 14:25:42.632091+00:00,fill,85.67,288,buy,HUT,0,19ba6980-305a-441b-b0ef-013880d257aa,288,filled
20260826102543564::2e633b7d-96df-48dd-8405-1c4f5f0c4543,FILL,2026-08-26 14:25:43.564151+00:00,fill,85.67,288,buy,HUT,0,5e8b33de-f649-4dd4-935e-9053c57ac87e,288,filled
20260826102551562::78f38663-720b-4490-8104-14033cc0accd,FILL,2026-08-26 14:25:51.562910+00:00,fill,66.78,373,buy,RKLB,0,2ad112e9-64ce-4b98-b31f-c475aa1c8851,373,filled
20260826102551943::a2ebb8f0-392b-4846-b5d6-bd252dc82d4f,FILL,2026-08-26 14:25:51.943488+00:00,partial_fill,66.77,178,buy,RKLB,195,424df980-777e-4636-9d52-f14b32ecfe10,178,partially_filled
20260826102552657::6587b272-2634-47e6-b065-c6ba42a263c3,FILL,2026-08-26 14:25:52.657290+00:00,fill,66.77,195,buy,RKLB,0,424df980-777e-4636-9d52-f14b32ecfe10,373,filled
20260826103156461::53728e97-cb5e-46c4-83f5-0c86432f5ad1,FILL,2026-08-26 14:31:56.461440+00:00,fill,16.01,1516,buy,CIFR,0,9146c39e-cb1b-4220-a71f-6f2719b87663,1516,filled
20260826130733315::eff4bbb3-f9c5-479e-980d-573e385f36cb,FILL,2026-08-26 17:07:33.315060+00:00,partial_fill,26.35,214,buy,WOLF,739,21404a9d-5580-456c-90ff-eefda16667ea,214,partially_filled
20260826130733882::beaa9b08-0dc2-49de-adc4-ed2eb81d8383,FILL,2026-08-26 17:07:33.882574+00:00,partial_fill,26.35,377,buy,WOLF,576,b21bd6cc-b8d1-4ad9-8e29-f2cf5e02930b,377,partially_filled
20260826130734039::91adf5d7-00a4-4d5c-a43c-fa4018d3c2a4,FILL,2026-08-26 17:07:34.039336+00:00,partial_fill,26.35,461,buy,WOLF,278,21404a9d-5580-456c-90ff-eefda16667ea,675,partially_filled
20260826130734477::4eea7f85-4078-40d1-b72e-00449f79ffe6,FILL,2026-08-26 17:07:34.477597+00:00,partial_fill,26.35,148,buy,WOLF,428,b21bd6cc-b8d1-4ad9-8e29-f2cf5e02930b,525,partially_filled
20260826130734642::4479005c-678c-4550-8e71-2d4b9454fe62,FILL,2026-08-26 17:07:34.642648+00:00,fill,26.35,278,buy,WOLF,0,21404a9d-5580-456c-90ff-eefda16667ea,953,filled
20260826130735111::12389dca-f0bd-47e3-b13e-c824aa9cba12,FILL,2026-08-26 17:07:35.111430+00:00,fill,26.35,428,buy,WOLF,0,b21bd6cc-b8d1-4ad9-8e29-f2cf5e02930b,953,filled
20260827093600375::ec8aa7e8-2eaf-4dec-8410-63708527ea48,FILL,2026-08-27 13:36:00.375199+00:00,fill,26.72,1906,sell,WOLF,0,ee174b67-2f70-45ed-8ee8-922218e93899,1906,filled
20260827100101116::d7742889-3065-428b-858c-0f36f8190d66,FILL,2026-08-27 14:01:01.116877+00:00,fill,11.67,2239,buy,MARA,0,6b65f2e2-9acc-44df-9f10-738fe484e095,2239,filled
20260827114756225::93e5fdcd-c189-4cb1-9cc7-d38190b90834,FILL,2026-08-27 15:47:56.225669+00:00,fill,16.76,1516,sell,CIFR,0,3cc43719-5c7c-459b-8f39-d90ef5625041,1516,filled
20260827120249507::ed2b3753-862b-4ea0-a693-9f8e42a3ebf2,FILL,2026-08-27 16:02:49.507291+00:00,partial_fill,86.2,539,sell,HUT,37,d52290f1-21ad-4077-b0d5-4a39ba116c35,539,partially_filled
20260827120250186::7e7d03a6-d5a5-47a1-b25e-419c13fd7efa,FILL,2026-08-27 16:02:50.186526+00:00,fill,86.2,37,sell,HUT,0,d52290f1-21ad-4077-b0d5-4a39ba116c35,576,filled
20260827121219192::24f05480-d2c0-456b-8631-33defeb09f3a,FILL,2026-08-27 16:12:19.192591+00:00,fill,39.02,659,buy,ENPH,0,95dc0f7b-5063-4449-9b57-146f152cf257,659,filled
20260827121221022::0daf4eea-1a27-473c-8405-b6c04dd429c1,FILL,2026-08-27 16:12:21.022774+00:00,partial_fill,39.02,253,buy,ENPH,405,4aa5a303-eca3-48e7-b2d9-be515e54750d,253,partially_filled
20260827121221938::d3e378dd-7043-49a7-a975-829e4cd6de0f,FILL,2026-08-27 16:12:21.938276+00:00,fill,39.02,405,buy,ENPH,0,4aa5a303-eca3-48e7-b2d9-be515e54750d,658,filled
20260827121909361::9df5ace4-1e26-4f37-a9ab-c64b3a2f75ac,FILL,2026-08-27 16:19:09.361757+00:00,partial_fill,16.61,1472,sell,WULF,1567,c116ffa1-7177-465e-9c33-0a66b463de7b,1472,partially_filled
20260827121909879::81a717f0-1e5f-4e4a-97fc-6fd799b4b516,FILL,2026-08-27 16:19:09.879250+00:00,partial_fill,16.61,260,sell,WULF,1307,c116ffa1-7177-465e-9c33-0a66b463de7b,1732,partially_filled
20260827121910832::96769ebd-26bb-4bf6-a639-46f819b2bdc1,FILL,2026-08-27 16:19:10.832998+00:00,fill,16.61,1307,sell,WULF,0,c116ffa1-7177-465e-9c33-0a66b463de7b,3039,filled
20260827122216025::2a92f6bc-0412-412d-8414-15763d51100f,FILL,2026-08-27 16:22:16.025247+00:00,fill,471.51,60,sell,AMD,0,b8ad669d-19dd-4296-8fd5-70d437897ba3,60,filled
20260827135552985::917a1d35-7392-4240-ad87-f148bbeb8e52,FILL,2026-08-27 17:55:52.985739+00:00,partial_fill,38.24,247,sell,NKE,501,2f78c490-7182-403e-9d43-d212f1e2c740,247,partially_filled
20260827135553808::72e9f504-5282-4f15-ad3d-04961dc306f0,FILL,2026-08-27 17:55:53.808403+00:00,fill,38.24,501,sell,NKE,0,2f78c490-7182-403e-9d43-d212f1e2c740,748,filled
20260828093114434::438c010e-fed5-4c8e-b311-8c903a6fce5a,FILL,2026-08-28 13:31:14.434566+00:00,fill,11.52,2239,sell,MARA,0,6e594879-1a75-4a6c-a70e-37c1da0249ef,2239,filled
20260828094236558::27b4d58b-1f6d-48f8-a03f-ccf9a5ce7210,FILL,2026-08-28 13:42:36.558070+00:00,partial_fill,225.39,103,buy,MRVL,9,ea6fa795-7d71-488d-b678-94485614bdb1,103,partially_filled
20260828094236668::1786a81b-1cdb-47f7-b24e-9867d7210d80,FILL,2026-08-28 13:42:36.668612+00:00,partial_fill,225.39,37,buy,MRVL,75,99dbe350-a2df-447a-b863-4e92ea520594,37,partially_filled
20260828094236904::71e30fda-ad4b-4039-8838-ba2ab83dbb56,FILL,2026-08-28 13:42:36.904933+00:00,partial_fill,225.39,29,buy,MRVL,46,99dbe350-a2df-447a-b863-4e92ea520594,66,partially_filled
20260828094237269::b580fb54-2c4b-4c20-bfd9-d851a02e20b5,FILL,2026-08-28 13:42:37.269732+00:00,partial_fill,225.43,1,buy,MRVL,8,ea6fa795-7d71-488d-b678-94485614bdb1,104,partially_filled
20260828094237623::d1afd787-6438-4a0e-b239-0c187591f2b3,FILL,2026-08-28 13:42:37.623649+00:00,partial_fill,225.43,3,buy,MRVL,5,ea6fa795-7d71-488d-b678-94485614bdb1,107,partially_filled
20260828094239291::1ddfc12f-d6b3-43a9-b796-d35ac5e559db,FILL,2026-08-28 13:42:39.291290+00:00,partial_fill,225.27,4,buy,MRVL,1,ea6fa795-7d71-488d-b678-94485614bdb1,111,partially_filled
20260828094241301::91326912-52cc-4dd5-8ded-2cd3bc497562,FILL,2026-08-28 13:42:41.301207+00:00,fill,225.43,1,buy,MRVL,0,ea6fa795-7d71-488d-b678-94485614bdb1,112,filled
20260828094241386::68de739e-cc0f-4712-a00f-e7556b8bcda9,FILL,2026-08-28 13:42:41.386490+00:00,fill,225.43,46,buy,MRVL,0,99dbe350-a2df-447a-b863-4e92ea520594,112,filled
20260828094831985::1670aba7-149b-4b97-9b47-ce41d8d364ee,FILL,2026-08-28 13:48:31.985466+00:00,fill,5.74,8257,sell,ACHR,0,3a0a233c-01a4-483b-8ed5-69affbe9259c,8257,filled
20260828100000591::97755267-7b2c-4889-ae9e-35d10a232b0e,FILL,2026-08-28 14:00:00.591856+00:00,partial_fill,5.51,488,buy,SNAP,3995,ca9d24dd-de45-44b8-b85e-9ea96a369281,488,partially_filled
20260828100001195::61c23be3-a613-4a43-8ffa-abef831bc423,FILL,2026-08-28 14:00:01.195620+00:00,partial_fill,5.51,561,buy,SNAP,3434,ca9d24dd-de45-44b8-b85e-9ea96a369281,1049,partially_filled
20260828100001894::223f9a3e-23ed-4407-9b59-5064c6f049d4,FILL,2026-08-28 14:00:01.894424+00:00,partial_fill,5.51,3153,buy,SNAP,281,ca9d24dd-de45-44b8-b85e-9ea96a369281,4202,partially_filled
20260828100003026::0c90561e-ca41-4e1f-99ba-e1127d95be57,FILL,2026-08-28 14:00:03.026322+00:00,partial_fill,5.51,99,buy,SNAP,182,ca9d24dd-de45-44b8-b85e-9ea96a369281,4301,partially_filled
20260828100003752::e1cb4261-a406-4afb-966a-df7e58b3fb12,FILL,2026-08-28 14:00:03.752083+00:00,partial_fill,5.51,157,buy,SNAP,25,ca9d24dd-de45-44b8-b85e-9ea96a369281,4458,partially_filled
20260828100004920::d8f5ccc9-e412-486e-a007-b897314f232f,FILL,2026-08-28 14:00:04.920932+00:00,partial_fill,5.51,10,buy,SNAP,15,ca9d24dd-de45-44b8-b85e-9ea96a369281,4468,partially_filled
20260828100005285::1daf7887-9168-4cb0-aa57-9425b396529e,FILL,2026-08-28 14:00:05.285329+00:00,partial_fill,5.51,4,buy,SNAP,11,ca9d24dd-de45-44b8-b85e-9ea96a369281,4472,partially_filled
20260828100006659::f922538b-42e9-48b7-8888-1b3834136760,FILL,2026-08-28 14:00:06.659952+00:00,fill,5.51,11,buy,SNAP,0,ca9d24dd-de45-44b8-b85e-9ea96a369281,4483,filled
20260828100625387::fea50ab9-8eb9-4518-8131-16fe03cbc428,FILL,2026-08-28 14:06:25.387883+00:00,partial_fill,932.43,15,buy,MU,11,be9318e1-2c41-44e4-bd7a-e1b7d86abb61,15,partially_filled
20260828100625545::e6544ba3-ec60-4f84-b3db-6b513167b8d3,FILL,2026-08-28 14:06:25.545997+00:00,fill,932.55,26,buy,MU,0,d517177a-22d9-4613-83aa-87fa4baca7e4,26,filled
20260828100625918::d661b0d2-2a53-4c69-b145-1b2853c7ed80,FILL,2026-08-28 14:06:25.918710+00:00,partial_fill,932.55,8,buy,MU,3,be9318e1-2c41-44e4-bd7a-e1b7d86abb61,23,partially_filled
20260828100626846::31852bf7-b10a-453f-9a44-4f7dced57baa,FILL,2026-08-28 14:06:26.846220+00:00,partial_fill,932.14,2,buy,MU,1,be9318e1-2c41-44e4-bd7a-e1b7d86abb61,25,partially_filled
20260828100628034::10efd608-113e-454b-b956-2af5cdfb3510,FILL,2026-08-28 14:06:28.034958+00:00,fill,931.83,1,buy,MU,0,be9318e1-2c41-44e4-bd7a-e1b7d86abb61,26,filled
20260828100728201::5056bb43-b46d-4ca7-be09-8657c86ae882,FILL,2026-08-28 14:07:28.201625+00:00,fill,9.52,2527,buy,BULL,0,f8e17771-2052-4b11-a3c9-89f346b10515,2527,filled
20260828100728209::85df4cf1-25e6-4b59-8eb2-0ac43ab20ea3,FILL,2026-08-28 14:07:28.209763+00:00,partial_fill,9.52,1887,buy,BULL,640,4d09720c-3bf4-489e-a066-b4f24b5cffcd,1887,partially_filled
20260828100728887::83cef878-7607-4e1e-ab05-43679fdc73b6,FILL,2026-08-28 14:07:28.887415+00:00,partial_fill,9.52,119,buy,BULL,521,4d09720c-3bf4-489e-a066-b4f24b5cffcd,2006,partially_filled
20260828100729329::6098efc5-34a6-4f23-9441-1d17a3521d62,FILL,2026-08-28 14:07:29.329932+00:00,fill,9.52,521,buy,BULL,0,4d09720c-3bf4-489e-a066-b4f24b5cffcd,2527,filled
20260828104458779::e80aa97b-1fdb-4781-a3e1-7f2252f79a37,FILL,2026-08-28 14:44:58.779241+00:00,partial_fill,18.71,880,sell,SOFI,661,1a8baca3-0e35-4f0d-8327-9ed9c2751eb0,880,partially_filled
20260828104459228::2977699d-7152-42ff-ac9a-4963f8a107ae,FILL,2026-08-28 14:44:59.228777+00:00,fill,18.71,661,sell,SOFI,0,1a8baca3-0e35-4f0d-8327-9ed9c2751eb0,1541,filled
20260828110037300::f575fea7-c64a-45e0-a3c6-46aecc987db2,FILL,2026-08-28 15:00:37.300805+00:00,fill,584.65,42,buy,META,0,2178dbaa-d6c8-47c1-9010-7c2074633af4,42,filled
20260828110037895::55689d6f-f950-45ed-8a2c-e3c5e3352545,FILL,2026-08-28 15:00:37.895164+00:00,fill,584.64,42,buy,META,0,e0d45911-723e-4bfa-b101-1f028317cebb,42,filled
20260828115042019::a37e19e5-ba61-4501-b65f-23cde9cfbae3,FILL,2026-08-28 15:50:42.019331+00:00,partial_fill,37.01,398,sell,ENPH,919,39051adf-93f6-48d6-926b-fc0cfd143fa8,398,partially_filled
20260828115042455::4ee51500-afec-48b4-b9a8-d2b7cadf1151,FILL,2026-08-28 15:50:42.455919+00:00,fill,37.01,919,sell,ENPH,0,39051adf-93f6-48d6-926b-fc0cfd143fa8,1317,filled
20260828120114118::f39e5722-7bc9-4fac-a909-5ccf63693162,FILL,2026-08-28 16:01:14.118261+00:00,partial_fill,33.56,491,buy,FNGU,253,68709e6d-1d5f-411e-b497-01d9554cd72a,491,partially_filled
20260828120116657::efd61aae-accc-4c22-ad34-bd3fc6fe93d3,FILL,2026-08-28 16:01:16.657768+00:00,partial_fill,33.56,31,buy,FNGU,713,630d259a-30e7-4e8e-a88b-f69ab6603ba4,31,partially_filled
20260828120116758::75004843-b105-4619-9974-95cd26b0947e,FILL,2026-08-28 16:01:16.758782+00:00,fill,33.56,253,buy,FNGU,0,68709e6d-1d5f-411e-b497-01d9554cd72a,744,filled
20260828120118122::9ccc907a-13e7-4add-9743-b72f3d1ddf18,FILL,2026-08-28 16:01:18.122189+00:00,partial_fill,33.56,441,buy,FNGU,272,630d259a-30e7-4e8e-a88b-f69ab6603ba4,472,partially_filled
20260828120118744::1a1fcacf-1ffb-4a43-b430-a7622d681f6b,FILL,2026-08-28 16:01:18.744311+00:00,fill,33.56,272,buy,FNGU,0,630d259a-30e7-4e8e-a88b-f69ab6603ba4,744,filled
20260831093148268::2bb3d189-027f-48ce-a185-fa3e35c21cf4,FILL,2026-08-31 13:31:48.268500+00:00,partial_fill,5.62,3901,sell,SNAP,582,cf962c99-785b-408d-9d21-e0ae146c10b2,3901,partially_filled
20260831093241376::203d7e66-f396-4181-bf62-4a4b03b21a6b,FILL,2026-08-31 13:32:41.376119+00:00,partial_fill,63.63,6,sell,RKLB,740,26287ad2-1fbf-4a64-a067-83c9bcb3fdb5,6,partially_filled
20260831093453976::cf74deb0-5758-4a11-b856-4aaab8fb68a2,FILL,2026-08-31 13:34:53.976953+00:00,partial_fill,5.56,482,sell,SNAP,100,cf962c99-785b-408d-9d21-e0ae146c10b2,4383,partially_filled
20260831093517828::d7f35b55-6272-41ec-b941-0ef3cb7e5d8f,FILL,2026-08-31 13:35:17.828283+00:00,partial_fill,63.11,132,sell,RKLB,608,26287ad2-1fbf-4a64-a067-83c9bcb3fdb5,138,partially_filled
20260831093610832::1c14b2ab-8958-47df-8bf4-602cf9845ca2,FILL,2026-08-31 13:36:10.832711+00:00,partial_fill,5.57,10,sell,SNAP,90,cf962c99-785b-408d-9d21-e0ae146c10b2,4393,partially_filled
20260831093626962::da37fe45-7e59-4dae-a796-edf0af335539,FILL,2026-08-31 13:36:26.962581+00:00,fill,63.12,608,sell,RKLB,0,26287ad2-1fbf-4a64-a067-83c9bcb3fdb5,746,filled
20260831093648200::98c322e5-334b-4b7c-8f05-e69576cc067c,FILL,2026-08-31 13:36:48.200344+00:00,fill,214.35,224,sell,MRVL,0,de818915-a48d-4131-9a92-bc49f895f70c,224,filled
20260831093712219::d921d0bb-c8d2-4878-8728-7a2429fbc5e9,FILL,2026-08-31 13:37:12.219518+00:00,partial_fill,5.62,41,sell,SNAP,49,cf962c99-785b-408d-9d21-e0ae146c10b2,4434,partially_filled
20260831093752656::a4f453b8-a9b3-46c6-b342-aefc0f586194,FILL,2026-08-31 13:37:52.656266+00:00,partial_fill,5.59,29,sell,SNAP,20,cf962c99-785b-408d-9d21-e0ae146c10b2,4463,partially_filled
20260831093807356::2a299556-7ccb-40a8-9db9-fa1174e90813,FILL,2026-08-31 13:38:07.356702+00:00,fill,5.58,20,sell,SNAP,0,cf962c99-785b-408d-9d21-e0ae146c10b2,4483,filled
20260831094523903::bf03dbad-333e-4ee8-b6d6-f9313fb30db0,FILL,2026-08-31 13:45:23.903980+00:00,fill,36.15,631,buy,IREN,0,be9500ba-3807-4c25-b306-4c26607660d8,631,filled
20260831094525885::89477635-49ec-4448-90c8-0230d4c80448,FILL,2026-08-31 13:45:25.885278+00:00,partial_fill,36.16,626,buy,IREN,5,dbb2a235-6370-4743-b4c4-d652d0c6407a,626,partially_filled
20260831094526880::2550068a-bd52-4233-a6f4-2c7cc9c59dc7,FILL,2026-08-31 13:45:26.880329+00:00,partial_fill,36.17,2,buy,IREN,3,dbb2a235-6370-4743-b4c4-d652d0c6407a,628,partially_filled
20260831094527102::179ed2fd-6802-4713-b1bf-8396fa2eaae1,FILL,2026-08-31 13:45:27.102415+00:00,partial_fill,112.7,129,buy,SOXL,71,e9337f52-3cfd-4a3f-b5ef-ac33e17695d1,129,partially_filled
20260831094527623::8f54fc67-c8b6-4293-9dc5-4b9d64406c61,FILL,2026-08-31 13:45:27.623580+00:00,fill,36.17,3,buy,IREN,0,dbb2a235-6370-4743-b4c4-d652d0c6407a,631,filled
20260831094527931::0cbf9580-2d5d-4ad0-bfc0-b6b590696b68,FILL,2026-08-31 13:45:27.931719+00:00,fill,112.7,201,buy,SOXL,0,156929dc-59ef-4dd2-a118-25012cc21d86,201,filled
20260831094528111::e396642d-e8cc-4423-96ba-88ef18e48c49,FILL,2026-08-31 13:45:28.111333+00:00,partial_fill,112.7,11,buy,SOXL,60,e9337f52-3cfd-4a3f-b5ef-ac33e17695d1,140,partially_filled
20260831094529253::27d1a3f4-b948-4e94-946d-5aa62487ebb1,FILL,2026-08-31 13:45:29.253579+00:00,partial_fill,112.62,51,buy,SOXL,9,e9337f52-3cfd-4a3f-b5ef-ac33e17695d1,191,partially_filled
20260831094530031::0c0cc4a9-94f0-4a65-9c68-1254d0505e3e,FILL,2026-08-31 13:45:30.031137+00:00,partial_fill,112.49,6,buy,SOXL,3,e9337f52-3cfd-4a3f-b5ef-ac33e17695d1,197,partially_filled
20260831094530800::a442584d-f0b7-4e08-a262-713dc4168ad4,FILL,2026-08-31 13:45:30.800063+00:00,fill,112.57,3,buy,SOXL,0,e9337f52-3cfd-4a3f-b5ef-ac33e17695d1,200,filled
20260901093105683::8ef9c38f-325e-4f88-bcd0-aa8b65972989,FILL,2026-09-01 13:31:05.683247+00:00,partial_fill,106.33,362,sell,SOXL,39,40dc18e3-852f-4e99-9aff-3e33b665f54c,362,partially_filled
20260901093323911::1ba0494f-e14a-4aef-bfa4-e56ca5ae8a45,FILL,2026-09-01 13:33:23.911251+00:00,fill,105.66,39,sell,SOXL,0,40dc18e3-852f-4e99-9aff-3e33b665f54c,401,filled
20260901093859922::013115fa-ac6b-4a7d-857a-9fd208aae618,FILL,2026-09-01 13:38:59.922167+00:00,partial_fill,9.04,256,sell,BULL,4798,e0ce4048-c264-4049-8ca3-3c1a45d2331c,256,partially_filled
20260901093901036::247cc684-8048-4153-9406-0286b49de6a6,FILL,2026-09-01 13:39:01.036329+00:00,partial_fill,9.04,1249,sell,BULL,3549,e0ce4048-c264-4049-8ca3-3c1a45d2331c,1505,partially_filled
20260901093902195::3f92f558-c336-4728-95f1-38132511ed15,FILL,2026-09-01 13:39:02.195769+00:00,fill,9.04,3549,sell,BULL,0,e0ce4048-c264-4049-8ca3-3c1a45d2331c,5054,filled
20260901105158281::5f001e45-22ec-4c8c-ba9f-8ed091ddc042,FILL,2026-09-01 14:51:58.281461+00:00,partial_fill,3.36,563,buy,RXRX,3223,72cd816f-91bd-49d1-829e-3097d560543b,563,partially_filled
20260901105158507::e6f71e56-304a-40f0-bdad-895279c02286,FILL,2026-09-01 14:51:58.507122+00:00,partial_fill,3.36,512,buy,RXRX,2711,72cd816f-91bd-49d1-829e-3097d560543b,1075,partially_filled
20260901105159072::beb00e5b-3e24-4834-8463-987c1e5b40e0,FILL,2026-09-01 14:51:59.072164+00:00,partial_fill,3.36,497,buy,RXRX,2214,72cd816f-91bd-49d1-829e-3097d560543b,1572,partially_filled
20260901105159795::6e7a2524-efca-4f37-b2a2-bab8de6e2188,FILL,2026-09-01 14:51:59.795674+00:00,fill,3.36,2214,buy,RXRX,0,72cd816f-91bd-49d1-829e-3097d560543b,3786,filled
20260901112521822::730e5ea9-4022-43cf-8915-b5b2d3be1a4c,FILL,2026-09-01 15:25:21.822427+00:00,partial_fill,26.05,437,buy,WOLF,53,e5d4a67e-a808-4502-b8f5-da58aa455c53,437,partially_filled
20260901112522461::5d7caf83-7929-4d05-9f3c-1ad0f19644c7,FILL,2026-09-01 15:25:22.461634+00:00,partial_fill,26.05,51,buy,WOLF,2,e5d4a67e-a808-4502-b8f5-da58aa455c53,488,partially_filled
20260901112522964::40ac3fd7-ea2c-4f41-87b8-920b0b1d2a5c,FILL,2026-09-01 15:25:22.964268+00:00,fill,26.05,2,buy,WOLF,0,e5d4a67e-a808-4502-b8f5-da58aa455c53,490,filled
20260901143338861::1596bf96-6ae0-4fc2-8a89-bb10a75723be,FILL,2026-09-01 18:33:38.861159+00:00,partial_fill,181.12,2,sell,PLTR,169,9ab91816-ad4b-4bc1-b9b7-a3e8191740ca,2,partially_filled
20260901143339454::e09b053c-c377-48f2-a219-a0a8d297266a,FILL,2026-09-01 18:33:39.454582+00:00,partial_fill,181.12,80,sell,PLTR,89,9ab91816-ad4b-4bc1-b9b7-a3e8191740ca,82,partially_filled
20260901143340065::870dbf2c-b4d1-4838-b56f-9322ae94c097,FILL,2026-09-01 18:33:40.065875+00:00,fill,181.1,89,sell,PLTR,0,9ab91816-ad4b-4bc1-b9b7-a3e8191740ca,171,filled
20260902093201626::ea52bf43-5408-4ab2-8283-bdf80eab9d65,FILL,2026-09-02 13:32:01.626708+00:00,partial_fill,31.8,1251,sell,FNGU,237,81c53868-be8f-4e92-845c-0138ecc47908,1251,partially_filled
20260902093256443::e9b008dd-052b-446f-a812-e2214387d51d,FILL,2026-09-02 13:32:56.443672+00:00,fill,31.89,237,sell,FNGU,0,81c53868-be8f-4e92-845c-0138ecc47908,1488,filled
20260902094533961::627972a5-ebc0-45a0-b512-e84d7712f2bc,FILL,2026-09-02 13:45:33.961580+00:00,partial_fill,40.43,69,buy,RBLX,486,5d998a9a-4527-4caa-9a56-a40b536f155b,69,partially_filled
20260902094534350::e18dbdd3-6030-4c71-b2dc-af48ffdb5623,FILL,2026-09-02 13:45:34.350001+00:00,partial_fill,40.44,457,buy,RBLX,29,5d998a9a-4527-4caa-9a56-a40b536f155b,526,partially_filled
20260902094534631::0c6320c4-28d6-400a-adaf-23b1e7d4172b,FILL,2026-09-02 13:45:34.631139+00:00,partial_fill,40.44,408,buy,RBLX,148,85af14b7-2cf4-4c22-9de7-4d5da90d7cd0,408,partially_filled
20260902094535776::384235fa-367b-40e9-bf57-a6cca46e5980,FILL,2026-09-02 13:45:35.776359+00:00,partial_fill,40.44,24,buy,RBLX,5,5d998a9a-4527-4caa-9a56-a40b536f155b,550,partially_filled
20260902094536076::008d1c70-a63d-456b-a919-86989c690f64,FILL,2026-09-02 13:45:36.076763+00:00,fill,40.44,148,buy,RBLX,0,85af14b7-2cf4-4c22-9de7-4d5da90d7cd0,556,filled
20260902094536912::c06d2f95-bf5a-46b2-aa54-2b088e9807aa,FILL,2026-09-02 13:45:36.912573+00:00,fill,40.44,5,buy,RBLX,0,5d998a9a-4527-4caa-9a56-a40b536f155b,555,filled
20260902095142018::001e62dd-8af7-4aa6-9998-9aec7830a147,FILL,2026-09-02 13:51:42.018176+00:00,partial_fill,36.69,217,buy,SMCI,385,8ef5a3e5-e975-4242-befe-079dff12e2be,217,partially_filled
20260902095143075::2b2719d3-86de-48c8-bb12-a3915e2f392d,FILL,2026-09-02 13:51:43.075540+00:00,partial_fill,36.69,54,buy,SMCI,331,8ef5a3e5-e975-4242-befe-079dff12e2be,271,partially_filled
20260902095143494::9597e58f-9227-4302-a815-8eee533d54cd,FILL,2026-09-02 13:51:43.494574+00:00,partial_fill,36.71,521,buy,SMCI,81,46e7c922-22a2-41aa-a69c-b60b565b0c65,521,partially_filled
20260902095143730::6bf83115-6830-4633-a14a-d4b7e663ed48,FILL,2026-09-02 13:51:43.730685+00:00,fill,36.71,331,buy,SMCI,0,8ef5a3e5-e975-4242-befe-079dff12e2be,602,filled
20260902095144313::b9685f60-0d64-4361-ae90-235ed2e89466,FILL,2026-09-02 13:51:44.313912+00:00,partial_fill,36.71,2,buy,SMCI,79,46e7c922-22a2-41aa-a69c-b60b565b0c65,523,partially_filled
20260902095144876::36240218-f0c2-4ac2-9559-98cf340fbd5e,FILL,2026-09-02 13:51:44.876107+00:00,partial_fill,77.0,19,buy,HUT,269,d74656c4-69c9-45bc-bee3-f85ea48e173b,19,partially_filled
20260902095145337::bc3e5fb5-e49e-437a-a9f6-33a41b29ef20,FILL,2026-09-02 13:51:45.337732+00:00,fill,36.71,79,buy,SMCI,0,46e7c922-22a2-41aa-a69c-b60b565b0c65,602,filled
20260902095145712::f83a9e43-7609-4d60-90e9-d562782b69c6,FILL,2026-09-02 13:51:45.712540+00:00,partial_fill,77.0,80,buy,HUT,189,d74656c4-69c9-45bc-bee3-f85ea48e173b,99,partially_filled
20260902095145834::ce730b49-2b94-41f9-95cd-82bc00624c5c,FILL,2026-09-02 13:51:45.834055+00:00,partial_fill,77.0,31,buy,HUT,257,5f198530-899b-48d6-92a0-19a40aedfed6,31,partially_filled
20260902095146258::3d692a5c-5867-4e97-a0dd-19c137020cf7,FILL,2026-09-02 13:51:46.258051+00:00,partial_fill,77.0,19,buy,HUT,170,d74656c4-69c9-45bc-bee3-f85ea48e173b,118,partially_filled
20260902095146408::9a7cd2c6-9488-4731-a203-f04a0ffc0f7b,FILL,2026-09-02 13:51:46.408065+00:00,fill,77.0,257,buy,HUT,0,5f198530-899b-48d6-92a0-19a40aedfed6,288,filled
20260902095147266::27d63767-129c-4be8-a6d4-8b7824b49dfc,FILL,2026-09-02 13:51:47.266668+00:00,partial_fill,102.5,147,buy,SOXL,67,26667a0d-76d6-4674-b838-7e1eb58ebb3a,147,partially_filled
20260902095147411::00431557-6f9b-4cfd-974c-338058fa05cd,FILL,2026-09-02 13:51:47.411172+00:00,partial_fill,77.0,143,buy,HUT,27,d74656c4-69c9-45bc-bee3-f85ea48e173b,261,partially_filled
20260902095147957::8cdef066-4b8e-4f7e-94d7-a570011f22a8,FILL,2026-09-02 13:51:47.957296+00:00,fill,102.5,67,buy,SOXL,0,26667a0d-76d6-4674-b838-7e1eb58ebb3a,214,filled
20260902095147967::733cdf2b-de32-4554-ba59-9bde5e4fbd61,FILL,2026-09-02 13:51:47.967117+00:00,partial_fill,102.5,19,buy,SOXL,195,b07b7ddc-3377-4742-b635-da736f6047a5,19,partially_filled
20260902095148095::58c597cf-2d1f-41c9-b942-bfe61a9744bb,FILL,2026-09-02 13:51:48.095229+00:00,fill,77.0,27,buy,HUT,0,d74656c4-69c9-45bc-bee3-f85ea48e173b,288,filled
20260902095148929::51b55465-3463-48d4-9a41-b13ba5fa4c34,FILL,2026-09-02 13:51:48.929745+00:00,partial_fill,102.45,149,buy,SOXL,46,b07b7ddc-3377-4742-b635-da736f6047a5,168,partially_filled
20260902095149662::1acce440-abc1-4170-80f3-5523983921f9,FILL,2026-09-02 13:51:49.662694+00:00,fill,102.47,46,buy,SOXL,0,b07b7ddc-3377-4742-b635-da736f6047a5,214,filled
20260903093050682::96c60afb-be83-4ddf-9fe2-75a325c718ab,FILL,2026-09-03 13:30:50.682977+00:00,partial_fill,102.8,324,sell,SOXL,104,35b11d78-d6de-47ab-ab80-b979e08d4cde,324,partially_filled
20260903093324768::79539a2e-54da-41f3-b631-e39d87f88901,FILL,2026-09-03 13:33:24.768122+00:00,fill,99.45,104,sell,SOXL,0,35b11d78-d6de-47ab-ab80-b979e08d4cde,428,filled
20260903095355454::33939c96-684e-4d39-aec7-6eb036a8d30c,FILL,2026-09-03 13:53:55.454747+00:00,partial_fill,185.14,45,buy,COIN,85,2e31a41a-0cff-4f5c-9652-d194fb432ff2,45,partially_filled
20260903095356052::fe4534cf-bcef-48be-b038-3f9bcf1570d8,FILL,2026-09-03 13:53:56.052609+00:00,partial_fill,185.14,46,buy,COIN,39,2e31a41a-0cff-4f5c-9652-d194fb432ff2,91,partially_filled
20260903095356751::7d5dff2e-544d-4d89-8d32-fdfc767bda95,FILL,2026-09-03 13:53:56.751441+00:00,partial_fill,185.03,12,buy,COIN,27,2e31a41a-0cff-4f5c-9652-d194fb432ff2,103,partially_filled
20260903095357887::24dc4871-188c-4ffd-8a00-bd40a10a33c6,FILL,2026-09-03 13:53:57.887394+00:00,partial_fill,185.04,2,buy,COIN,25,2e31a41a-0cff-4f5c-9652-d194fb432ff2,105,partially_filled
20260903095358339::ba5f16e3-20a9-4615-a9af-4bc5fcce7874,FILL,2026-09-03 13:53:58.339472+00:00,partial_fill,185.04,2,buy,COIN,23,2e31a41a-0cff-4f5c-9652-d194fb432ff2,107,partially_filled
20260903095358728::25920b18-2515-4495-bfa1-423a98bfc146,FILL,2026-09-03 13:53:58.728939+00:00,fill,185.04,23,buy,COIN,0,2e31a41a-0cff-4f5c-9652-d194fb432ff2,130,filled
20260903095401808::e8a8de66-9eef-4fdd-b70b-c7dfbaa8dbd0,FILL,2026-09-03 13:54:01.808635+00:00,fill,5.85,4202,buy,ACHR,0,724cad2c-cefe-46c0-af2e-c4ea89240b6a,4202,filled
20260903111613909::11ca7411-1dbe-4f3f-90b7-47ea03c3e3ea,FILL,2026-09-03 15:16:13.909535+00:00,partial_fill,41.25,1009,sell,IREN,253,bffc3e72-8c93-4ad4-900a-befdcd0eb90f,1009,partially_filled
20260903111614566::b4d2d3f6-a49c-42d4-a0cb-cf938bd00593,FILL,2026-09-03 15:16:14.566481+00:00,partial_fill,41.23,191,sell,IREN,62,bffc3e72-8c93-4ad4-900a-befdcd0eb90f,1200,partially_filled
20260903111615600::15f51243-0c96-4921-969f-eac3c56a76ee,FILL,2026-09-03 15:16:15.600764+00:00,partial_fill,41.23,15,sell,IREN,47,bffc3e72-8c93-4ad4-900a-befdcd0eb90f,1215,partially_filled
20260903111616078::4689b466-7983-4cc3-8ff7-a64ff41f790b,FILL,2026-09-03 15:16:16.078906+00:00,partial_fill,41.24,44,sell,IREN,3,bffc3e72-8c93-4ad4-900a-befdcd0eb90f,1259,partially_filled
20260903111616654::a93f1256-4a38-44a4-beed-828368bbf00f,FILL,2026-09-03 15:16:16.654764+00:00,partial_fill,41.24,1,sell,IREN,2,bffc3e72-8c93-4ad4-900a-befdcd0eb90f,1260,partially_filled
20260903111617713::6cbd9d18-99f7-48cf-acaa-d3070b71128c,FILL,2026-09-03 15:16:17.713962+00:00,partial_fill,41.24,1,sell,IREN,1,bffc3e72-8c93-4ad4-900a-befdcd0eb90f,1261,partially_filled
20260903111618345::6e47e467-f07d-4e15-b90c-5749f14562d4,FILL,2026-09-03 15:16:18.345221+00:00,fill,41.24,1,sell,IREN,0,bffc3e72-8c93-4ad4-900a-befdcd0eb90f,1262,filled
20260903115200402::8babc7d2-8df9-4512-9bc8-756c424d9cf3,FILL,2026-09-03 15:52:00.402024+00:00,fill,39.34,642,buy,IONQ,0,2fd29196-36aa-4cf8-8b26-4af88989303e,642,filled
20260903152606569::8700c10b-e761-48b1-9392-643d86638e1b,FILL,2026-09-03 19:26:06.569796+00:00,fill,87.73,576,sell,HUT,0,2e54d991-23e1-49f2-8176-974ce06ebb8f,576,filled
20260904093056285::39dbeb25-0aa8-4f22-a196-32e0d68d5010,FILL,2026-09-04 13:30:56.285134+00:00,fill,187.78,130,sell,COIN,0,7fbfa047-b01a-41ac-bfe1-6e77e36a5dcc,130,filled
20260904093137703::59520f28-71f5-45a1-9fbd-3a138b8820da,FILL,2026-09-04 13:31:37.703521+00:00,partial_fill,41.58,992,sell,RBLX,119,74c2dee2-3bdb-489e-9207-6e6e24a54bc6,992,partially_filled
20260904093240709::11a9ad0d-c4d0-48da-b029-337815c8de41,FILL,2026-09-04 13:32:40.709697+00:00,fill,42.11,119,sell,RBLX,0,74c2dee2-3bdb-489e-9207-6e6e24a54bc6,1111,filled
20260904101050038::08b9baa6-5296-4edd-a854-384c2af1289e,FILL,2026-09-04 14:10:50.038081+00:00,fill,42.17,627,buy,RBLX,0,c4bc6054-b272-491e-80da-8434efb90915,627,filled
20260904101052662::56fd4519-803a-448f-b0e7-00083febd8af,FILL,2026-09-04 14:10:52.662712+00:00,partial_fill,42.17,187,buy,RBLX,440,36fcc0a7-9bdd-44db-b98b-4d08c4e53f0f,187,partially_filled
20260904101053500::f644b7eb-7048-4c6d-9eed-e8b6437ca1e7,FILL,2026-09-04 14:10:53.500835+00:00,fill,42.17,440,buy,RBLX,0,36fcc0a7-9bdd-44db-b98b-4d08c4e53f0f,627,filled
20260904101240407::015e6a1d-93d5-4af1-8e86-0a78d4a5ec78,FILL,2026-09-04 14:12:40.407818+00:00,partial_fill,308.09,74,buy,LRCX,12,f58a88bc-e544-41a0-8b6f-993b31ba596a,74,partially_filled
20260904101240569::18006176-0ccb-4ece-b257-efc952725e06,FILL,2026-09-04 14:12:40.569712+00:00,partial_fill,308.09,81,buy,LRCX,5,9e7defac-2ee1-4d55-b899-64fd96b50ab6,81,partially_filled
20260904101241330::352f4144-644a-4dfa-a11c-c5fdc292b665,FILL,2026-09-04 14:12:41.330077+00:00,fill,307.92,12,buy,LRCX,0,f58a88bc-e544-41a0-8b6f-993b31ba596a,86,filled
20260904101241526::2ea411c9-8511-4b33-9c0f-90c847efb5d6,FILL,2026-09-04 14:12:41.526871+00:00,partial_fill,307.92,4,buy,LRCX,1,9e7defac-2ee1-4d55-b899-64fd96b50ab6,85,partially_filled
20260904101242507::1fedfd5e-0531-4bca-93c3-0b80d64a0038,FILL,2026-09-04 14:12:42.507098+00:00,fill,307.9,1,buy,LRCX,0,9e7defac-2ee1-4d55-b899-64fd96b50ab6,86,filled
20260904104558072::4744a896-de7b-48b2-9e4b-3270e28be625,FILL,2026-09-04 14:45:58.072640+00:00,partial_fill,252.36,26,buy,ARM,79,85058820-46c9-4803-93b5-46ee40110179,26,partially_filled
20260904104558408::2d4d0ec0-0dde-4ea7-b46e-6b41ecc162f8,FILL,2026-09-04 14:45:58.408252+00:00,partial_fill,252.33,6,buy,ARM,73,85058820-46c9-4803-93b5-46ee40110179,32,partially_filled
20260904104559412::27db78c4-fb71-4081-bb25-cbde59398c71,FILL,2026-09-04 14:45:59.412027+00:00,partial_fill,252.33,53,buy,ARM,20,85058820-46c9-4803-93b5-46ee40110179,85,partially_filled
20260904104559598::4c1cef6b-5ab3-4e62-aba1-42b193db3480,FILL,2026-09-04 14:45:59.598361+00:00,partial_fill,252.33,6,buy,ARM,14,85058820-46c9-4803-93b5-46ee40110179,91,partially_filled
20260904104600242::f7dd43ec-2a88-47c0-8d8d-777406b09155,FILL,2026-09-04 14:46:00.242939+00:00,partial_fill,252.33,2,buy,ARM,12,85058820-46c9-4803-93b5-46ee40110179,93,partially_filled
20260904104601482::2f03334d-4e1f-4c84-8a04-9a71fd52d539,FILL,2026-09-04 14:46:01.482756+00:00,partial_fill,252.33,5,buy,ARM,7,85058820-46c9-4803-93b5-46ee40110179,98,partially_filled
20260904104602207::cf4d41d7-1c2c-41de-9fdf-f5c9b2c0d735,FILL,2026-09-04 14:46:02.207295+00:00,partial_fill,252.33,1,buy,ARM,6,85058820-46c9-4803-93b5-46ee40110179,99,partially_filled
20260904104602832::fe262f4d-fdc3-478d-b9f3-c96d3a11fb27,FILL,2026-09-04 14:46:02.832233+00:00,fill,252.33,6,buy,ARM,0,85058820-46c9-4803-93b5-46ee40110179,105,filled
20260904142359381::c34c1606-34d6-4c3d-a83a-794ea5111c24,FILL,2026-09-04 18:23:59.381032+00:00,partial_fill,122.94,59,buy,HOOD,162,870c118f-3c08-4bd1-8dd3-88d90a59477b,59,partially_filled
20260904142400052::a804213b-48bd-4939-a563-5e7f170350d5,FILL,2026-09-04 18:24:00.052887+00:00,fill,122.93,162,buy,HOOD,0,870c118f-3c08-4bd1-8dd3-88d90a59477b,221,filled
20260904150710518::0071c363-fac3-4294-bf5a-7ddb9da46898,FILL,2026-09-04 19:07:10.518533+00:00,fill,39.4,1204,sell,SMCI,0,e8c7a683-243f-4e38-94f9-7d4d30158072,1204,filled
20260908093311296::addee747-3b59-48c0-821e-237cbd737eca,FILL,2026-09-08 13:33:11.296035+00:00,partial_fill,3.47,2690,sell,RXRX,1096,39deca5a-2436-48de-b0e4-a30ecfee6054,2690,partially_filled
20260908093538176::359f1f34-8193-4a67-98d1-c5a85e43bedf,FILL,2026-09-08 13:35:38.176222+00:00,fill,3.54,1096,sell,RXRX,0,39deca5a-2436-48de-b0e4-a30ecfee6054,3786,filled
20260908094251434::87019899-d975-4a47-884a-57b6731150a4,FILL,2026-09-08 13:42:51.434039+00:00,partial_fill,28.0,395,sell,WOLF,95,2ae47e7d-b1a4-4a6c-a1ca-38cc7468aa88,395,partially_filled
20260908094252090::8662195b-42a3-4bb3-a466-83982ed731e4,FILL,2026-09-08 13:42:52.090659+00:00,partial_fill,28.0,29,sell,WOLF,66,2ae47e7d-b1a4-4a6c-a1ca-38cc7468aa88,424,partially_filled
20260908094252831::58b473aa-bb31-406e-9be3-e75966080507,FILL,2026-09-08 13:42:52.831259+00:00,partial_fill,28.0,54,sell,WOLF,12,2ae47e7d-b1a4-4a6c-a1ca-38cc7468aa88,478,partially_filled
20260908094253292::1f7a972b-b163-48be-8b08-4d039054c6d9,FILL,2026-09-08 13:42:53.292024+00:00,partial_fill,28.0,5,sell,WOLF,7,2ae47e7d-b1a4-4a6c-a1ca-38cc7468aa88,483,partially_filled
20260908094253863::4c92e47c-c8a8-41bb-9871-869c76480368,FILL,2026-09-08 13:42:53.863108+00:00,fill,28.0,7,sell,WOLF,0,2ae47e7d-b1a4-4a6c-a1ca-38cc7468aa88,490,filled
20260908094600262::f4706481-c4ee-4cbf-88ba-8949f1a1d2ef,FILL,2026-09-08 13:46:00.262870+00:00,fill,94.98,295,buy,HUT,0,3f2609fe-47a5-449b-a08b-97e86865bfe4,295,filled
20260908094600505::35b1fec4-9386-48b5-a462-ae7d6dff01a6,FILL,2026-09-08 13:46:00.505263+00:00,partial_fill,94.98,255,buy,HUT,40,5f2b742b-a0cc-4386-a0ad-2b16ab7897f0,255,partially_filled
20260908094601403::ff26c348-634f-485f-a2a4-c01176f79218,FILL,2026-09-08 13:46:01.403465+00:00,fill,94.98,40,buy,HUT,0,5f2b742b-a0cc-4386-a0ad-2b16ab7897f0,295,filled
20260908094601563::57efb23f-e27b-467d-a79e-865b845a7c50,FILL,2026-09-08 13:46:01.563114+00:00,fill,176.25,156,buy,QCOM,0,eb08df56-7196-42e7-955a-e98288d280c9,156,filled
20260908094601737::ca75cc71-ab08-4653-97ec-77236cf3b2c2,FILL,2026-09-08 13:46:01.737034+00:00,partial_fill,176.25,19,buy,QCOM,137,6d4fa243-1042-404d-968f-b570959146f2,19,partially_filled
20260908094602782::432a5e09-69db-4d5f-b793-461823190a9f,FILL,2026-09-08 13:46:02.782216+00:00,partial_fill,176.24,126,buy,QCOM,11,6d4fa243-1042-404d-968f-b570959146f2,145,partially_filled
20260908094603329::94588e6b-1589-485a-9eae-7eebda3c3aca,FILL,2026-09-08 13:46:03.329073+00:00,partial_fill,175.65,6,buy,QCOM,5,6d4fa243-1042-404d-968f-b570959146f2,151,partially_filled
20260908094604672::d19bfca3-8eb3-4c94-8740-1ca6a80c7e72,FILL,2026-09-08 13:46:04.672858+00:00,partial_fill,175.95,3,buy,QCOM,2,6d4fa243-1042-404d-968f-b570959146f2,154,partially_filled
20260908094605930::84e3e255-6457-4a38-962b-70fe9598d589,FILL,2026-09-08 13:46:05.930946+00:00,fill,175.95,2,buy,QCOM,0,6d4fa243-1042-404d-968f-b570959146f2,156,filled
20260908102318451::30287900-8935-47f8-b62c-801df89ce05d,FILL,2026-09-08 14:23:18.451362+00:00,fill,1014.05,52,sell,MU,0,ac4fd80a-8add-48a2-b7ff-934cf3bde55f,52,filled
20260908102750065::7f0878f4-8076-4f0f-872e-744134f9d6a1,FILL,2026-09-08 14:27:50.065515+00:00,partial_fill,7.77,359,buy,ONDS,3295,ea631afd-f900-47a8-b0c2-2f88d52b6d4b,359,partially_filled
20260908102750411::b8aa3a49-9a1f-449b-bd08-4f047d61c38f,FILL,2026-09-08 14:27:50.411363+00:00,fill,7.77,3295,buy,ONDS,0,ea631afd-f900-47a8-b0c2-2f88d52b6d4b,3654,filled
20260908103544239::ebffad19-0bac-497a-9272-8de6413ccceb,FILL,2026-09-08 14:35:44.239891+00:00,fill,42.37,642,sell,IONQ,0,cd402742-ea00-424a-9c5f-3cda912d2ef2,642,filled
20260908103628700::6cd0cbce-af5d-4627-a6b9-0a96e5fca0c9,FILL,2026-09-08 14:36:28.700115+00:00,fill,497.58,56,buy,AMD,0,96540656-41bc-47cb-bdd7-343c2d089405,56,filled
20260909093057570::1760f7d0-04cf-40e1-9584-095a521d9501,FILL,2026-09-09 13:30:57.570086+00:00,fill,264.43,105,sell,ARM,0,f976c5c8-cea4-4560-b1a4-d9e73e2ebdad,105,filled
20260909093739718::930b7284-e7f8-4a15-b125-b1f1d6493b58,FILL,2026-09-09 13:37:39.718124+00:00,partial_fill,43.88,1161,sell,RBLX,93,db039f9a-5c07-4c5e-b8a1-2e1cab16b378,1161,partially_filled
20260909093740678::c33a9c71-9beb-4f3c-9bdf-9aa947ab6bc8,FILL,2026-09-09 13:37:40.678941+00:00,fill,43.88,93,sell,RBLX,0,db039f9a-5c07-4c5e-b8a1-2e1cab16b378,1254,filled
20260909100504048::2fda0f6b-b3eb-4597-a4b5-8ad94068a986,FILL,2026-09-09 14:05:04.048630+00:00,partial_fill,46.62,220,buy,IREN,408,dfa9c5ec-1db2-4011-b517-6c4904ba2554,220,partially_filled
20260909100505107::2ceceb11-8bc2-4050-9760-fc2d996da719,FILL,2026-09-09 14:05:05.107283+00:00,partial_fill,17.84,864,buy,WULF,777,150914d7-5fdd-4478-ab4f-898733ad0457,864,partially_filled
20260909100505652::4dc9b296-7de7-41d7-9179-6cf19c6b5283,FILL,2026-09-09 14:05:05.652115+00:00,fill,46.62,408,buy,IREN,0,dfa9c5ec-1db2-4011-b517-6c4904ba2554,628,filled
20260909100506303::8b76a11e-6bda-45bd-bcb2-f03f16a851fd,FILL,2026-09-09 14:05:06.303847+00:00,partial_fill,17.84,565,buy,WULF,212,150914d7-5fdd-4478-ab4f-898733ad0457,1429,partially_filled
20260909100507016::9ce81cfd-b861-4103-850c-7dd3e855a842,FILL,2026-09-09 14:05:07.016962+00:00,partial_fill,17.84,51,buy,WULF,161,150914d7-5fdd-4478-ab4f-898733ad0457,1480,partially_filled
20260909100508152::0657f778-5de4-4b0b-b528-dab01fbf124f,FILL,2026-09-09 14:05:08.152047+00:00,partial_fill,17.84,74,buy,WULF,87,150914d7-5fdd-4478-ab4f-898733ad0457,1554,partially_filled
20260909100508670::a1cafd7e-d345-4535-9061-3a689fcb08b3,FILL,2026-09-09 14:05:08.670454+00:00,partial_fill,17.84,82,buy,WULF,5,150914d7-5fdd-4478-ab4f-898733ad0457,1636,partially_filled
20260909100509495::7e188d4a-3b4e-4ae0-a0d6-2e87af5c87e5,FILL,2026-09-09 14:05:09.495398+00:00,partial_fill,17.84,2,buy,WULF,3,150914d7-5fdd-4478-ab4f-898733ad0457,1638,partially_filled
20260909100510284::879f5024-44ae-470f-b5b4-a1a7eb76916f,FILL,2026-09-09 14:05:10.284310+00:00,fill,17.84,3,buy,WULF,0,150914d7-5fdd-4478-ab4f-898733ad0457,1641,filled
20260909101116933::77649887-6251-4711-a7a7-361ad9d330bc,FILL,2026-09-09 14:11:16.933701+00:00,fill,116.74,221,sell,HOOD,0,3f050afd-54a6-4080-9e4d-16518c0a78dc,221,filled
20260909101719121::2df43b45-acae-4c1e-a28e-94023c7443e4,FILL,2026-09-09 14:17:19.121505+00:00,partial_fill,97.55,56,sell,HUT,534,2aa58868-a422-4f56-830a-64556a8cbed4,56,partially_filled
20260909101719956::b99f4398-5c68-401d-a9b8-7653143c5a04,FILL,2026-09-09 14:17:19.956737+00:00,fill,97.55,534,sell,HUT,0,2aa58868-a422-4f56-830a-64556a8cbed4,590,filled
20260909102029183::f58c0ee6-1636-4c3c-abcc-d1daeed4b09b,FILL,2026-09-09 14:20:29.183270+00:00,fill,371.75,77,buy,TSLA,0,c8dab811-35d5-4357-9890-772a038add3a,77,filled
20260909104418756::712557b9-ba8a-4f69-8727-fa636abc7bd7,FILL,2026-09-09 14:44:18.756830+00:00,fill,1035.03,27,buy,MU,0,eb386b5e-3741-4a2f-af41-c6955e053ecf,27,filled
20260909104539313::8682b0ae-deaa-49cd-b557-073dde2234b6,FILL,2026-09-09 14:45:39.313282+00:00,partial_fill,9.77,1406,buy,BULL,1529,c3bbb2fa-ed31-4b3b-8d11-ca7b61ee842a,1406,partially_filled
20260909104539799::f88d4f08-75e7-4340-aaaf-f2bc597bb04d,FILL,2026-09-09 14:45:39.799871+00:00,fill,9.77,1529,buy,BULL,0,c3bbb2fa-ed31-4b3b-8d11-ca7b61ee842a,2935,filled
20260909115835882::0e65c95c-ec76-48b1-bcfb-b79ae0e5a462,FILL,2026-09-09 15:58:35.882605+00:00,fill,5.55,4202,sell,ACHR,0,68eff363-39d1-440a-9a64-7b1dedfd82b1,4202,filled
20260909152740614::bfda2f05-50d4-4fcf-92c5-e2ed79c55129,FILL,2026-09-09 19:27:40.614325+00:00,partial_fill,7.38,51,sell,ONDS,3603,6ac314ed-87d7-4fbd-9eb6-872a09d1d23c,51,partially_filled
20260909152740881::85196e78-af2a-446f-86db-ea88f138a5b6,FILL,2026-09-09 19:27:40.881614+00:00,partial_fill,7.38,3356,sell,ONDS,247,6ac314ed-87d7-4fbd-9eb6-872a09d1d23c,3407,partially_filled
20260909152741978::cc160885-2c5d-46a9-8e33-4af2b1326a87,FILL,2026-09-09 19:27:41.978219+00:00,fill,7.38,247,sell,ONDS,0,6ac314ed-87d7-4fbd-9eb6-872a09d1d23c,3654,filled
20260910093015914::f0208ce8-3fdd-4df2-84ef-4e29f5f79fc0,FILL,2026-09-10 13:30:15.914940+00:00,partial_fill,16.54,1166,sell,WULF,475,8e0cb844-45fd-45b3-94bf-f37f246bfd22,1166,partially_filled
20260910093025178::2965f9c5-88c5-4335-a16a-2e200a3b50df,FILL,2026-09-10 13:30:25.178895+00:00,partial_fill,9.22,2087,sell,BULL,848,9f98cba1-7920-4123-a1b4-45457533d52c,2087,partially_filled
20260910093031396::0f589925-203d-40c1-9bd1-5b5892b86fa5,FILL,2026-09-10 13:30:31.396960+00:00,fill,43.93,628,sell,IREN,0,42a0aec2-15a7-45d1-bb61-ee28ad77f9d7,628,filled
20260910093136528::43009d2f-f229-40bc-ba90-2f1693d98f11,FILL,2026-09-10 13:31:36.528532+00:00,partial_fill,306.32,52,sell,LRCX,120,98deb721-0090-485e-9a19-5d6c1d972a76,52,partially_filled
20260910093158577::784551d7-f251-405c-bed0-af19caca5a5a,FILL,2026-09-10 13:31:58.577836+00:00,fill,305.42,120,sell,LRCX,0,98deb721-0090-485e-9a19-5d6c1d972a76,172,filled
20260910093213386::8ce6a1a7-6f95-4d0a-8358-0c020437dc5a,FILL,2026-09-10 13:32:13.386581+00:00,fill,16.5,475,sell,WULF,0,8e0cb844-45fd-45b3-94bf-f37f246bfd22,1641,filled
20260910093218290::250ab379-691a-4172-a5f9-0eb40ef10d4b,FILL,2026-09-10 13:32:18.290009+00:00,fill,9.23,848,sell,BULL,0,9f98cba1-7920-4123-a1b4-45457533d52c,2935,filled
20260910095823368::95c669fe-ede9-4731-b3b8-673c50f81d4a,FILL,2026-09-10 13:58:23.368744+00:00,fill,505.0,56,sell,AMD,0,514d48b8-9bfb-4ebe-a5e7-c7bcc5634c2e,56,filled
20260910100553394::b3c936e6-807d-4bf6-bccb-0dfb3a846157,FILL,2026-09-10 14:05:53.394603+00:00,fill,63.64,417,buy,RKLB,0,5bb4d083-c1c9-446b-8955-03e51cb254d9,417,filled
20260910100632342::460158b2-1dbb-41f2-bc60-83fb1ec70761,FILL,2026-09-10 14:06:32.342529+00:00,fill,38.87,683,buy,SMCI,0,e1194e11-9b0e-4e46-8167-e2b24167d5f1,683,filled
20260910101542504::66d8a711-d0c2-4769-ba79-caf80955914b,FILL,2026-09-10 14:15:42.504226+00:00,fill,7.35,3616,buy,ONDS,0,58dbd7d7-2967-4bce-98eb-d8af302342d9,3616,filled
20260910101710011::12e8bd00-c4d9-42c6-82c8-7322ffafabd3,FILL,2026-09-10 14:17:10.011517+00:00,fill,983.01,27,sell,MU,0,212da9eb-9e8c-406b-91d4-385ceb760361,27,filled
20260910110248747::22a535a7-23bb-40a8-8cda-1b9698479d46,FILL,2026-09-10 15:02:48.747330+00:00,partial_fill,16.2,582,buy,RIVN,1078,cfd421f9-e401-4091-be7a-5d47103de7f9,582,partially_filled
20260910110248884::b00ae5de-8b6d-4841-8212-0f51a96044c9,FILL,2026-09-10 15:02:48.884289+00:00,partial_fill,16.2,1453,buy,RIVN,207,94e1174b-a0e7-4117-a839-cdef36fab925,1453,partially_filled
20260910110249597::10079873-5127-4425-8e1b-6529fd300040,FILL,2026-09-10 15:02:49.597368+00:00,partial_fill,16.2,570,buy,RIVN,508,cfd421f9-e401-4091-be7a-5d47103de7f9,1152,partially_filled
20260910110249738::b55988fb-e7e2-4ef5-bfff-76bbc0e69cd5,FILL,2026-09-10 15:02:49.738577+00:00,partial_fill,16.2,154,buy,RIVN,53,94e1174b-a0e7-4117-a839-cdef36fab925,1607,partially_filled
20260910110250200::6c4b1597-01d9-4ca1-9413-7a6593106fff,FILL,2026-09-10 15:02:50.200811+00:00,partial_fill,16.2,155,buy,RIVN,353,cfd421f9-e401-4091-be7a-5d47103de7f9,1307,partially_filled
20260910110250323::50aae6c6-dc3f-40f4-9a72-a390fa473fa3,FILL,2026-09-10 15:02:50.323751+00:00,partial_fill,16.2,4,buy,RIVN,49,94e1174b-a0e7-4117-a839-cdef36fab925,1611,partially_filled
20260910110251009::8e8c6ce8-ea91-4174-b9f2-397e3812eab5,FILL,2026-09-10 15:02:51.009983+00:00,fill,16.2,353,buy,RIVN,0,cfd421f9-e401-4091-be7a-5d47103de7f9,1660,filled
20260910110251200::88d927de-8da0-4d88-aad3-a72cda366ad7,FILL,2026-09-10 15:02:51.200428+00:00,partial_fill,16.2,28,buy,RIVN,21,94e1174b-a0e7-4117-a839-cdef36fab925,1639,partially_filled
20260910110251650::57e366f4-8455-479c-ad0f-935983cefca4,FILL,2026-09-10 15:02:51.650139+00:00,partial_fill,16.19,11,buy,RIVN,10,94e1174b-a0e7-4117-a839-cdef36fab925,1650,partially_filled
20260910110252583::3b734b0c-6bf0-438b-9039-b6aa8fda628c,FILL,2026-09-10 15:02:52.583924+00:00,fill,16.19,10,buy,RIVN,0,94e1174b-a0e7-4117-a839-cdef36fab925,1660,filled
20260910123520173::e38c05ff-215f-44e9-b5e3-c844d7acbb80,FILL,2026-09-10 16:35:20.173416+00:00,partial_fill,5.53,927,buy,ACHR,3942,48dfc893-a0e9-4bec-b8b5-d18315bbb17d,927,partially_filled
20260910123520783::e055a423-1f02-4a85-b9c2-794b27b2494b,FILL,2026-09-10 16:35:20.783355+00:00,fill,5.53,3942,buy,ACHR,0,48dfc893-a0e9-4bec-b8b5-d18315bbb17d,4869,filled
20260914093034359::c37bad61-3a79-48fc-ba25-efec8a8e81c4,FILL,2026-09-14 13:30:34.359458+00:00,fill,7.06,3616,sell,ONDS,0,b91f4413-d56d-4481-8702-79ba8a1ed73c,3616,filled
20260914093058640::9e27024a-2510-40ba-ae2a-e5a0db1b8c67,FILL,2026-09-14 13:30:58.640434+00:00,partial_fill,657.01,1,sell,META,83,951f7bd2-efb9-4862-a9d4-8b45a508fade,1,partially_filled
20260914093204606::f7806595-28f6-4d6f-a1f9-37104f30ce40,FILL,2026-09-14 13:32:04.606353+00:00,partial_fill,173.16,226,sell,QCOM,86,451239d9-7ee6-43ed-8f6b-77df77af1c63,226,partially_filled
20260914093259618::98636dd0-1c6f-4280-946a-772a16961b9c,FILL,2026-09-14 13:32:59.618736+00:00,partial_fill,36.94,110,sell,SMCI,573,98d89822-e6f2-4f56-ac53-dbf3fbb3a0ff,110,partially_filled
20260914093304411::cd9a8b16-9891-420c-9d7c-5b12e9645053,FILL,2026-09-14 13:33:04.411648+00:00,partial_fill,174.09,38,sell,QCOM,48,451239d9-7ee6-43ed-8f6b-77df77af1c63,264,partially_filled
20260914093346116::aa237e77-73b5-420a-a0e4-71ca6ce5402b,FILL,2026-09-14 13:33:46.116684+00:00,partial_fill,653.04,29,sell,META,54,951f7bd2-efb9-4862-a9d4-8b45a508fade,30,partially_filled
20260914093348783::349c71f5-f620-44ac-b4df-e0f75f737e1f,FILL,2026-09-14 13:33:48.783643+00:00,partial_fill,652.8,2,sell,META,52,951f7bd2-efb9-4862-a9d4-8b45a508fade,32,partially_filled
20260914093405600::f5a8765f-f312-4074-9998-d771d734e97b,FILL,2026-09-14 13:34:05.600405+00:00,partial_fill,36.89,215,sell,SMCI,358,98d89822-e6f2-4f56-ac53-dbf3fbb3a0ff,325,partially_filled
20260914093408533::1ee8394b-9359-4053-83dd-6892f74abc75,FILL,2026-09-14 13:34:08.533525+00:00,fill,173.69,48,sell,QCOM,0,451239d9-7ee6-43ed-8f6b-77df77af1c63,312,filled
20260914093432804::f65d63f9-598e-4bbb-8acb-750eb37f21e4,FILL,2026-09-14 13:34:32.804719+00:00,partial_fill,651.69,26,sell,META,26,951f7bd2-efb9-4862-a9d4-8b45a508fade,58,partially_filled
20260914093442896::862bf7fa-82e6-4bb5-9e75-9406e9c068d8,FILL,2026-09-14 13:34:42.896406+00:00,partial_fill,36.84,324,sell,SMCI,34,98d89822-e6f2-4f56-ac53-dbf3fbb3a0ff,649,partially_filled
20260914093501183::02e17148-0e04-459c-9da3-88a8fc30f411,FILL,2026-09-14 13:35:01.183077+00:00,fill,651.2,26,sell,META,0,951f7bd2-efb9-4862-a9d4-8b45a508fade,84,filled
20260914093507381::3a82f7a1-8d13-4285-82e0-7e2d6f6800b9,FILL,2026-09-14 13:35:07.381149+00:00,partial_fill,36.88,20,sell,SMCI,14,98d89822-e6f2-4f56-ac53-dbf3fbb3a0ff,669,partially_filled
20260914093516283::68ff4d31-03ce-4b00-a72a-6233bccf81cc,FILL,2026-09-14 13:35:16.283357+00:00,partial_fill,36.98,2,sell,SMCI,12,98d89822-e6f2-4f56-ac53-dbf3fbb3a0ff,671,partially_filled
20260914093529298::7011d5df-a39e-4ceb-9445-e4844f2a985b,FILL,2026-09-14 13:35:29.298539+00:00,partial_fill,37.09,9,sell,SMCI,3,98d89822-e6f2-4f56-ac53-dbf3fbb3a0ff,680,partially_filled
20260914093538731::9b50741d-ac96-4773-a80c-494e52c36d4b,FILL,2026-09-14 13:35:38.731266+00:00,partial_fill,37.12,2,sell,SMCI,1,98d89822-e6f2-4f56-ac53-dbf3fbb3a0ff,682,partially_filled
20260914093545061::95dcf1ec-7f57-4daf-971b-85330f3162b6,FILL,2026-09-14 13:35:45.061359+00:00,fill,37.13,1,sell,SMCI,0,98d89822-e6f2-4f56-ac53-dbf3fbb3a0ff,683,filled
20260914094530551::27cacf89-28fa-4fd8-b2cc-18606bf60624,FILL,2026-09-14 13:45:30.551385+00:00,fill,185.6,137,buy,COIN,0,dc284a2e-2e13-47a9-81ab-1f9687e14d69,137,filled
20260914094532556::3740bf0e-4e8a-44a2-b9c2-133ec8809560,FILL,2026-09-14 13:45:32.556124+00:00,partial_fill,132.87,163,buy,MSTR,28,70102213-4da2-4a2a-bab6-c13f3e618b0f,163,partially_filled
20260914094532785::faff7405-6c30-47ae-b918-568441e2bac9,FILL,2026-09-14 13:45:32.785845+00:00,fill,132.87,28,buy,MSTR,0,70102213-4da2-4a2a-bab6-c13f3e618b0f,191,filled
20260914094533719::49055b7b-bb57-4a7a-a7ac-d6e4b74cc15c,FILL,2026-09-14 13:45:33.719873+00:00,partial_fill,47.56,274,buy,RBLX,268,bcd1d5e5-67e3-4fe0-a928-615ca1d09d5b,274,partially_filled
20260914094535059::e37fea3d-e8ad-4c16-bea7-1bf181898d21,FILL,2026-09-14 13:45:35.059466+00:00,partial_fill,47.54,66,buy,RBLX,202,bcd1d5e5-67e3-4fe0-a928-615ca1d09d5b,340,partially_filled
20260914094535715::4321f006-61e3-414c-b130-62ecfb83bdb0,FILL,2026-09-14 13:45:35.715752+00:00,partial_fill,47.53,117,buy,RBLX,85,bcd1d5e5-67e3-4fe0-a928-615ca1d09d5b,457,partially_filled
20260914094536534::e431831a-9987-4a96-bba8-baaa45466025,FILL,2026-09-14 13:45:36.534950+00:00,partial_fill,47.51,48,buy,RBLX,37,bcd1d5e5-67e3-4fe0-a928-615ca1d09d5b,505,partially_filled
20260914094537457::4da4f73f-7c1c-48cf-bfac-7c337bf859d4,FILL,2026-09-14 13:45:37.457357+00:00,partial_fill,47.51,6,buy,RBLX,31,bcd1d5e5-67e3-4fe0-a928-615ca1d09d5b,511,partially_filled
20260914094537945::5e0cc88a-3119-4f3a-8e19-dfb909b3da64,FILL,2026-09-14 13:45:37.945672+00:00,partial_fill,47.51,14,buy,RBLX,17,bcd1d5e5-67e3-4fe0-a928-615ca1d09d5b,525,partially_filled
20260914094538665::c78bd52f-02c9-454c-928f-ba889552f219,FILL,2026-09-14 13:45:38.665165+00:00,partial_fill,47.51,5,buy,RBLX,12,bcd1d5e5-67e3-4fe0-a928-615ca1d09d5b,530,partially_filled
20260914094539745::2f99404f-c0f4-4020-8a39-cf71c878213e,FILL,2026-09-14 13:45:39.745721+00:00,partial_fill,47.5,9,buy,RBLX,3,bcd1d5e5-67e3-4fe0-a928-615ca1d09d5b,539,partially_filled
20260914094540059::033a042e-581c-418a-94cb-e4c5ae9b7e5e,FILL,2026-09-14 13:45:40.059944+00:00,fill,47.51,3,buy,RBLX,0,bcd1d5e5-67e3-4fe0-a928-615ca1d09d5b,542,filled
20260915093527386::895d5e4a-b974-4723-92ca-fc580d81b169,FILL,2026-09-15 13:35:27.386577+00:00,partial_fill,15.34,302,sell,RIVN,3018,1d41b5b4-397c-4429-845b-1580c7e09aea,302,partially_filled
20260915093528664::c89bb5ab-e1b0-4d12-9b5b-886ca5967430,FILL,2026-09-15 13:35:28.664525+00:00,partial_fill,15.34,2874,sell,RIVN,144,1d41b5b4-397c-4429-845b-1580c7e09aea,3176,partially_filled
20260915093528874::e69b95cf-82b4-4309-a15c-a07c446c7562,FILL,2026-09-15 13:35:28.874074+00:00,partial_fill,15.34,40,sell,RIVN,104,1d41b5b4-397c-4429-845b-1580c7e09aea,3216,partially_filled
20260915093530611::d1c35e3b-3c61-42c4-ae2a-ee82fd5aec3a,FILL,2026-09-15 13:35:30.611796+00:00,partial_fill,15.35,10,sell,RIVN,94,1d41b5b4-397c-4429-845b-1580c7e09aea,3226,partially_filled
20260915093531338::78d05e28-72af-4cda-95b4-9aab90a36223,FILL,2026-09-15 13:35:31.338461+00:00,partial_fill,15.34,93,sell,RIVN,1,1d41b5b4-397c-4429-845b-1580c7e09aea,3319,partially_filled
20260915093532391::e20a3b0d-12ba-42b8-bd4e-fa2a9d01eb09,FILL,2026-09-15 13:35:32.391184+00:00,fill,15.34,1,sell,RIVN,0,1d41b5b4-397c-4429-845b-1580c7e09aea,3320,filled
20260915094749166::80666fec-bd92-46cc-868f-b649162aae23,FILL,2026-09-15 13:47:49.166788+00:00,partial_fill,5.94,79,buy,SNAP,4204,618c65b0-e5bf-4507-a58c-a323dab1e2fa,79,partially_filled
20260915094749810::101f1d5a-e5a8-43e2-8dd3-60e7a1b0adff,FILL,2026-09-15 13:47:49.810193+00:00,fill,5.94,4204,buy,SNAP,0,618c65b0-e5bf-4507-a58c-a323dab1e2fa,4283,filled
20260915094751984::fa5293b1-08a2-474e-9224-43761f96c08b,FILL,2026-09-15 13:47:51.984177+00:00,partial_fill,5.94,1426,buy,SNAP,2858,57c76272-6d7b-4658-b146-5bbd75c5dcd4,1426,partially_filled
20260915094752463::483887da-06b5-419a-9b57-3665613a2525,FILL,2026-09-15 13:47:52.463401+00:00,fill,5.94,2858,buy,SNAP,0,57c76272-6d7b-4658-b146-5bbd75c5dcd4,4284,filled
20260915095052209::f5ad69d8-4930-4df1-9306-af36015ae5ef,FILL,2026-09-15 13:50:52.209037+00:00,fill,37.8,674,buy,IONQ,0,91099ec5-935f-49f8-8ddc-c84431ef3a20,674,filled
20260915101203019::9141ded5-910d-416c-ad47-c7567cbe1c6d,FILL,2026-09-15 14:12:03.019762+00:00,partial_fill,186.78,26,buy,QCOM,110,d6fe796e-8b7f-4902-a7fe-33c49f834264,26,partially_filled
20260915101203057::a09ab413-89b4-4a76-91a7-77175798bcaf,FILL,2026-09-15 14:12:03.057426+00:00,partial_fill,186.78,123,buy,QCOM,13,9b134ec4-4968-4d0b-8cfb-49950e588844,123,partially_filled
20260915101203455::e0e9e50f-fa23-46cb-ace0-4157288a8c62,FILL,2026-09-15 14:12:03.455127+00:00,fill,186.82,110,buy,QCOM,0,d6fe796e-8b7f-4902-a7fe-33c49f834264,136,filled
20260915101203493::b0a280a8-c670-4e35-a4c8-92d64c4f08b9,FILL,2026-09-15 14:12:03.493876+00:00,partial_fill,186.82,8,buy,QCOM,5,9b134ec4-4968-4d0b-8cfb-49950e588844,131,partially_filled
20260915101203988::e4c7c29d-d13d-463a-97c1-9d9245bfeeb3,FILL,2026-09-15 14:12:03.988627+00:00,fill,186.82,5,buy,QCOM,0,9b134ec4-4968-4d0b-8cfb-49950e588844,136,filled
20260915102305406::fa2ca088-044a-4082-a456-a1b8a7d55557,FILL,2026-09-15 14:23:05.406333+00:00,partial_fill,506.88,19,buy,AMD,31,5be87a78-57f5-4ee2-bea3-122d3afce763,19,partially_filled
20260915102305789::8524a51c-fdbf-4208-ae6f-286c7d69a299,FILL,2026-09-15 14:23:05.789954+00:00,partial_fill,506.88,26,buy,AMD,5,5be87a78-57f5-4ee2-bea3-122d3afce763,45,partially_filled
20260915102306447::700f28f7-b846-4516-9318-887774edc604,FILL,2026-09-15 14:23:06.447230+00:00,fill,506.88,5,buy,AMD,0,5be87a78-57f5-4ee2-bea3-122d3afce763,50,filled
20260915143338724::dbc7a7ab-7989-45a6-93bb-4cc1c6953dc4,FILL,2026-09-15 18:33:38.724609+00:00,partial_fill,176.2,131,sell,COIN,6,73d6d3f1-b0f2-430b-825a-e00b2014c8b4,131,partially_filled
20260915143339882::0e214e4b-4dc3-4d8d-9ca5-7056116e266b,FILL,2026-09-15 18:33:39.882823+00:00,fill,176.2,6,sell,COIN,0,73d6d3f1-b0f2-430b-825a-e00b2014c8b4,137,filled
20260916094505314::cfd19b96-51af-4834-a627-9d1f2eddcc78,FILL,2026-09-16 13:45:05.314911+00:00,partial_fill,49.28,217,sell,RBLX,325,c0d707f6-707d-4d6d-8d41-a407ab7f2031,217,partially_filled
20260916094506559::224b656b-e002-424d-a25a-f89a180ec5aa,FILL,2026-09-16 13:45:06.559668+00:00,partial_fill,49.28,144,sell,RBLX,181,c0d707f6-707d-4d6d-8d41-a407ab7f2031,361,partially_filled
20260916094507131::62bda8bd-88bb-44d4-b492-c58ca3b2eeeb,FILL,2026-09-16 13:45:07.131149+00:00,partial_fill,49.28,48,sell,RBLX,133,c0d707f6-707d-4d6d-8d41-a407ab7f2031,409,partially_filled
20260916094507793::ea05f6c8-1a35-4a95-8e2b-25261eb999eb,FILL,2026-09-16 13:45:07.793200+00:00,fill,49.28,133,sell,RBLX,0,c0d707f6-707d-4d6d-8d41-a407ab7f2031,542,filled
20260916105109161::25e54c25-1bdb-4209-9612-ae2058a4e306,FILL,2026-09-16 14:51:09.161252+00:00,partial_fill,126.12,45,sell,MSTR,146,ba27bba1-3aa7-4d23-8d9d-1faae31c74cf,45,partially_filled
20260916105109635::14d28912-a660-4db3-bdad-5347d4a46079,FILL,2026-09-16 14:51:09.635183+00:00,fill,126.12,146,sell,MSTR,0,ba27bba1-3aa7-4d23-8d9d-1faae31c74cf,191,filled
20260916134951576::bd1f4dd3-4e5a-4525-b7a8-07f11fce9310,FILL,2026-09-16 17:49:51.576526+00:00,fill,5.25,4869,sell,ACHR,0,8dd2d435-700d-44c5-8bd1-ee7c401a2256,4869,filled
20260916135224480::7c8895f4-acb1-4672-a47f-b0cb7da93726,FILL,2026-09-16 17:52:24.480641+00:00,partial_fill,42.84,307,buy,IREN,23,6e556893-4900-4b3b-8008-613d8bd53043,307,partially_filled
20260916135225150::8d03f096-1f88-40bd-bbb7-a8e48de69f49,FILL,2026-09-16 17:52:25.150792+00:00,partial_fill,42.84,4,buy,IREN,19,6e556893-4900-4b3b-8008-613d8bd53043,311,partially_filled
20260916135226056::d8a5b2e4-0608-4778-b384-3e7995871749,FILL,2026-09-16 17:52:26.056069+00:00,partial_fill,42.84,15,buy,IREN,4,6e556893-4900-4b3b-8008-613d8bd53043,326,partially_filled
20260916135226632::cf9deb80-740e-4ea9-b0a6-34452052fab8,FILL,2026-09-16 17:52:26.632122+00:00,partial_fill,42.84,1,buy,IREN,3,6e556893-4900-4b3b-8008-613d8bd53043,327,partially_filled
20260916135227329::971fa046-d991-468a-8f4c-4ef922c61112,FILL,2026-09-16 17:52:27.329008+00:00,fill,42.84,3,buy,IREN,0,6e556893-4900-4b3b-8008-613d8bd53043,330,filled
20260917093545381::3129bfd1-4add-49de-8fe0-1c7e5af2d046,FILL,2026-09-17 13:35:45.381385+00:00,partial_fill,108.19,102,buy,HOOD,131,5cdae0aa-9164-4512-976f-3236b963eda5,102,partially_filled
20260917093545941::267d1fec-7c3a-4a3f-9d81-214d83755fde,FILL,2026-09-17 13:35:45.941708+00:00,partial_fill,108.19,181,buy,HOOD,52,f2d0f16c-68b3-433a-afc5-d1f1b38eb683,181,partially_filled
20260917093546763::ba5a9d62-25bb-4d05-9b4f-7b3633460aa0,FILL,2026-09-17 13:35:46.763205+00:00,partial_fill,108.19,7,buy,HOOD,45,f2d0f16c-68b3-433a-afc5-d1f1b38eb683,188,partially_filled
20260917093546959::2e6f7b55-3283-4fdf-9b76-a35670b0f754,FILL,2026-09-17 13:35:46.959502+00:00,fill,108.19,131,buy,HOOD,0,5cdae0aa-9164-4512-976f-3236b963eda5,233,filled
20260917093547874::a25daa09-a73f-4053-9c8f-3e5d0cb2399c,FILL,2026-09-17 13:35:47.874781+00:00,partial_fill,108.19,36,buy,HOOD,9,f2d0f16c-68b3-433a-afc5-d1f1b38eb683,224,partially_filled
20260917093548102::8f5ef5dc-5517-4feb-bfd2-b9cadbe280de,FILL,2026-09-17 13:35:48.102633+00:00,partial_fill,108.25,2,buy,HOOD,7,f2d0f16c-68b3-433a-afc5-d1f1b38eb683,226,partially_filled
20260917093549570::1ebf1baa-d26c-489c-84bc-5ae9709e2183,FILL,2026-09-17 13:35:49.570532+00:00,fill,108.17,7,buy,HOOD,0,f2d0f16c-68b3-433a-afc5-d1f1b38eb683,233,filled
20260917093917082::425e700d-e141-4eb3-aa71-19682c74e7c7,FILL,2026-09-17 13:39:17.082707+00:00,fill,16.42,1571,buy,WULF,0,c80301e2-2830-48d0-b994-1954ce80878f,1571,filled
20260917093917241::5a6b7cb4-c8b4-412a-9447-c75ace806738,FILL,2026-09-17 13:39:17.241976+00:00,fill,16.42,1571,buy,WULF,0,23e2de66-3338-476d-9305-7b8f914023fa,1571,filled
20260917094158570::431c2218-30df-430b-b2b7-a0cebede1c72,FILL,2026-09-17 13:41:58.570843+00:00,partial_fill,43.43,16,sell,IREN,314,9016332c-1a2b-43dd-aa1b-710bae6dc358,16,partially_filled
20260917094159161::f5498cff-271f-4f28-8ee8-c38791463f12,FILL,2026-09-17 13:41:59.161645+00:00,fill,43.43,314,sell,IREN,0,9016332c-1a2b-43dd-aa1b-710bae6dc358,330,filled
20260917094513767::39da7ae6-c809-426e-81a0-8d2acc3dba66,FILL,2026-09-17 13:45:13.767751+00:00,partial_fill,92.9,95,buy,HUT,170,5faa4055-3335-4e16-9bcf-b997cd7c2d3f,95,partially_filled
20260917094514324::400a889e-ee2d-4049-b39d-c41df4343e71,FILL,2026-09-17 13:45:14.324698+00:00,partial_fill,92.9,163,buy,HUT,102,82155f06-bb2b-4008-9b15-906ecd8d52f2,163,partially_filled
20260917094515166::cb537b12-c343-4473-929d-895814f64f52,FILL,2026-09-17 13:45:15.166969+00:00,partial_fill,92.9,91,buy,HUT,11,82155f06-bb2b-4008-9b15-906ecd8d52f2,254,partially_filled
20260917094515443::a7d4319b-fd3d-4bfb-8828-3d58803590ab,FILL,2026-09-17 13:45:15.443650+00:00,partial_fill,92.9,97,buy,HUT,73,5faa4055-3335-4e16-9bcf-b997cd7c2d3f,192,partially_filled
20260917094515728::2b35fa57-5155-4d6d-a759-f957a4dc215c,FILL,2026-09-17 13:45:15.728673+00:00,partial_fill,92.9,1,buy,HUT,10,82155f06-bb2b-4008-9b15-906ecd8d52f2,255,partially_filled
20260917094515977::94b5df2e-2489-4e4f-ac72-a447c9503651,FILL,2026-09-17 13:45:15.977279+00:00,partial_fill,92.9,56,buy,HUT,17,5faa4055-3335-4e16-9bcf-b997cd7c2d3f,248,partially_filled
20260917094516963::5f5b624b-a185-40f1-9fca-212e9e789b15,FILL,2026-09-17 13:45:16.963641+00:00,partial_fill,92.9,3,buy,HUT,7,82155f06-bb2b-4008-9b15-906ecd8d52f2,258,partially_filled
20260917094517261::1e1b5759-927c-495d-b270-18b2474fc208,FILL,2026-09-17 13:45:17.261810+00:00,partial_fill,92.9,10,buy,HUT,7,5faa4055-3335-4e16-9bcf-b997cd7c2d3f,258,partially_filled
20260917094517727::1d9f46f5-64bf-45b2-ac5a-f92e13a19781,FILL,2026-09-17 13:45:17.727947+00:00,fill,92.9,7,buy,HUT,0,5faa4055-3335-4e16-9bcf-b997cd7c2d3f,265,filled
20260917094518310::9a0551f4-23db-42a0-b9a8-c5634c57817a,FILL,2026-09-17 13:45:18.310976+00:00,partial_fill,92.9,2,buy,HUT,5,82155f06-bb2b-4008-9b15-906ecd8d52f2,260,partially_filled
20260917094519015::727e5bc7-c399-4435-a678-7795b3ad66c3,FILL,2026-09-17 13:45:19.015093+00:00,partial_fill,92.9,2,buy,HUT,3,82155f06-bb2b-4008-9b15-906ecd8d52f2,262,partially_filled
20260917094520079::91730e47-962c-4c0e-8461-79fc56989339,FILL,2026-09-17 13:45:20.079402+00:00,partial_fill,92.9,1,buy,HUT,2,82155f06-bb2b-4008-9b15-906ecd8d52f2,263,partially_filled
20260917094520628::9b6fe865-745d-4597-8918-97dede0f3fb4,FILL,2026-09-17 13:45:20.628760+00:00,fill,92.9,2,buy,HUT,0,82155f06-bb2b-4008-9b15-906ecd8d52f2,265,filled
20260917115353644::967be24a-549c-4b69-9fb4-ea021bc8e899,FILL,2026-09-17 15:53:53.644025+00:00,partial_fill,40.25,378,buy,SMCI,263,c9ef7823-9fcf-440c-bced-6dd36575ab4f,378,partially_filled
20260917115354128::8f6d7e6d-d4da-4264-9794-2e90d6c44afa,FILL,2026-09-17 15:53:54.128699+00:00,fill,40.25,263,buy,SMCI,0,c9ef7823-9fcf-440c-bced-6dd36575ab4f,641,filled
20260917120236882::050392db-d93f-4d6d-a58c-de266b648757,FILL,2026-09-17 16:02:36.882191+00:00,partial_fill,158.79,39,buy,MRNA,125,f2b7de4d-21a3-4aa9-83a3-35d10a6199df,39,partially_filled
20260917120237652::1181e9d6-cb60-4713-aff3-c7a07a315d8d,FILL,2026-09-17 16:02:37.652644+00:00,fill,158.79,125,buy,MRNA,0,f2b7de4d-21a3-4aa9-83a3-35d10a6199df,164,filled
20260918093129600::5c3f6896-3e09-4f68-a5bb-160a280e3165,FILL,2026-09-18 13:31:29.600441+00:00,partial_fill,5.63,5699,sell,SNAP,2868,c2e3446e-1abf-4bf5-befc-ad023db2c091,5699,partially_filled
20260918093214489::93fe9b84-7ef4-4af1-8853-218da07fef57,FILL,2026-09-18 13:32:14.489984+00:00,fill,5.62,2868,sell,SNAP,0,c2e3446e-1abf-4bf5-befc-ad023db2c091,8567,filled
20260918093548319::1ae3bb3f-a024-492c-b37b-152566ee2eed,FILL,2026-09-18 13:35:48.319955+00:00,partial_fill,39.58,141,sell,IONQ,533,38b9c446-26d0-423a-b3ee-372421a9c631,141,partially_filled
20260918093548561::ed2fc945-6e93-4ae3-aaa6-d10ba29acbfe,FILL,2026-09-18 13:35:48.561344+00:00,partial_fill,65.78,404,sell,RKLB,13,108acbdd-9e50-46df-92e5-f948396bed4a,404,partially_filled
20260918093549014::396fcab5-87ea-4f81-a286-85a7af38e76e,FILL,2026-09-18 13:35:49.014591+00:00,partial_fill,39.59,48,sell,IONQ,485,38b9c446-26d0-423a-b3ee-372421a9c631,189,partially_filled
20260918093549262::4528e7d6-ec68-4b78-8e1c-d1255420ac36,FILL,2026-09-18 13:35:49.262289+00:00,fill,65.8,13,sell,RKLB,0,108acbdd-9e50-46df-92e5-f948396bed4a,417,filled
20260918093550635::7090b24f-55eb-453c-acc2-486cc06239d5,FILL,2026-09-18 13:35:50.635201+00:00,fill,39.64,485,sell,IONQ,0,38b9c446-26d0-423a-b3ee-372421a9c631,674,filled
20260918095737095::5d7c70e3-34d2-4cb0-ad29-b8970207cbf9,FILL,2026-09-18 13:57:37.095252+00:00,fill,17.64,1468,buy,CIFR,0,d936506b-f147-4482-8392-9486c451eb8e,1468,filled
20260918100120849::6299e6b0-15be-4ab8-b7b3-f8d1cb2161e0,FILL,2026-09-18 14:01:20.849062+00:00,partial_fill,24.62,651,buy,WOLF,394,55382efc-b1cb-4335-8b95-097136a6bb2c,651,partially_filled
20260918100120921::3c59f109-00ae-43cd-b213-5339933f3668,FILL,2026-09-18 14:01:20.921687+00:00,partial_fill,24.62,190,buy,WOLF,855,ecc1ba65-09af-42dc-89e0-b2c41b825441,190,partially_filled
20260918100121476::9fdb792c-6fcd-4e9e-83d0-56db69b3e4ad,FILL,2026-09-18 14:01:21.476941+00:00,partial_fill,24.62,179,buy,WOLF,215,55382efc-b1cb-4335-8b95-097136a6bb2c,830,partially_filled
20260918100121555::0dfbb2d6-54bc-49eb-8ceb-a3b0b9600c0a,FILL,2026-09-18 14:01:21.555337+00:00,partial_fill,24.62,282,buy,WOLF,573,ecc1ba65-09af-42dc-89e0-b2c41b825441,472,partially_filled
20260918100122117::aae03476-04e4-4082-bbdd-df259c5b3be9,FILL,2026-09-18 14:01:22.117613+00:00,fill,24.62,215,buy,WOLF,0,55382efc-b1cb-4335-8b95-097136a6bb2c,1045,filled
20260918100122208::4ab79e8b-3b96-4463-9551-d1bec279f1d1,FILL,2026-09-18 14:01:22.208277+00:00,fill,24.62,573,buy,WOLF,0,ecc1ba65-09af-42dc-89e0-b2c41b825441,1045,filled
20260918121255857::9227abdf-e3f7-414a-ab95-bb4f8bb17c55,FILL,2026-09-18 16:12:55.857105+00:00,partial_fill,177.4,183,sell,QCOM,89,b0579605-9805-4988-acfd-90bb41ebc12e,183,partially_filled
20260918121256386::f3b88dc4-0d03-4e2e-8c13-3d4011f3c9f2,FILL,2026-09-18 16:12:56.386964+00:00,fill,177.4,89,sell,QCOM,0,b0579605-9805-4988-acfd-90bb41ebc12e,272,filled
