order_id,symbol,side,type,qty,filled_qty,filled_avg_price,limit_price,status,extended_hours,submitted_at,filled_at,client_order_id
4fde95f9-5c92-4fec-bdf9-ece172327d2a,ARM,buy,limit,106.0,106.0,111.86,112.66,filled,False,2026-03-09 13:43:43.612325+00:00,2026-03-09 13:43:45.130641+00:00,400accda-6bac-4fd7-8178-39e44db07b8c
9e3eae30-cce0-46d0-b0cc-d91272986862,HOOD,buy,limit,156.0,156.0,76.85,76.89,filled,False,2026-03-09 13:47:24.104033+00:00,2026-03-09 13:47:26.385139+00:00,f4adfa25-c535-41b0-9c72-d9f1f77c362e
7e946d78-7115-4d78-ab1f-3a57c677eebd,RKLB,buy,limit,172.0,172.0,69.66,69.67,filled,False,2026-03-09 13:47:24.413001+00:00,2026-03-09 14:08:05.494850+00:00,cb64c206-723b-47cb-b44c-afb02e2276fd
1ec03f69-664c-46d2-afa3-55f2ee5300b8,SOXL,buy,limit,261.0,261.0,45.322644,46.02,filled,False,2026-03-09 13:47:24.845151+00:00,2026-03-09 13:47:26.228662+00:00,7a7810ae-a7fd-4522-9d03-d8bc4863a17e
d6f39cf9-c154-4324-a5fb-b2cf2fd69087,RKLB,buy,limit,172.0,172.0,69.66,69.67,filled,False,2026-03-09 13:47:55.235267+00:00,2026-03-09 14:08:05.603621+00:00,f76f6cb2-8b06-4b3a-b950-ba6f4fff69f5
5eb19a80-7503-41e4-ad8d-adefed12ac40,RKLB,buy,limit,172.0,172.0,69.66,69.67,filled,False,2026-03-09 13:48:09.222143+00:00,2026-03-09 14:08:07.859101+00:00,94cda960-95e2-4180-9920-7f6e23f0f0ac
cef51b1f-001a-4e11-9541-3e4e47c7474a,MSTR,buy,limit,87.0,87.0,137.4,137.4,filled,False,2026-03-09 13:53:19.021927+00:00,2026-03-09 13:53:21.037771+00:00,b2e4b96a-d98d-4c43-a64e-39b1aa415e13
d364da90-dd16-4ebd-adc1-91c56d5902ae,PLTR,buy,limit,76.0,76.0,155.161579,156.16,filled,False,2026-03-09 13:53:19.076304+00:00,2026-03-09 13:53:21.014344+00:00,12084bd0-53fb-42a7-91c1-9f4937f353e3
23809a76-4093-49e1-9992-c0720213cc86,COIN,buy,limit,59.0,59.0,198.756271,201.02,filled,False,2026-03-09 13:53:19.283970+00:00,2026-03-09 13:53:20.816163+00:00,78c87856-bdea-43a1-ad49-e2445ddcebae
a3060450-9e34-4f98-859a-320828b13dee,MARA,buy,limit,1495.0,0.0,,8.03,expired,False,2026-03-09 13:53:19.895977+00:00,,488d232c-bfa4-444f-9fdf-1777c00edbaf
71ae7642-a8cb-45c3-b150-8527809cf6d3,TQQQ,buy,limit,260.0,260.0,45.738961,46.05,filled,False,2026-03-09 13:53:20.295864+00:00,2026-03-09 13:53:23.385949+00:00,3a1665e3-5c8a-41d1-a21a-f23385982fe1
b7dc44a7-172b-4250-b6a6-80de215c6b4c,FNGU,buy,limit,619.0,619.0,19.31,19.39,filled,False,2026-03-09 13:53:20.662988+00:00,2026-03-09 13:53:22.415181+00:00,4990ddcb-e447-4fd8-b088-40506a42e84e
eacb3c6f-3a7d-459d-bf21-e55fa1d6e7bb,SOXL,sell,market,261.0,261.0,52.040422,,filled,False,2026-03-09 19:24:52.427083+00:00,2026-03-09 19:24:54.755950+00:00,e3789e16-3801-4bc1-a5d7-355b24b5297e
3f85915b-5392-41f1-827f-ef692b4e5b83,COIN,sell,market,59.0,0.0,,,canceled,False,2026-03-09 20:10:00.236510+00:00,,b0cca02d-5a93-44fc-9e38-2c08b12217a7
18551d6e-ec66-437e-b6ef-1098f5f765f8,IONQ,buy,limit,344.0,344.0,35.81,36.62,filled,True,2026-03-10 18:41:22.413430+00:00,2026-03-10 18:41:23.438623+00:00,d06870d0-5e6b-4137-acad-2a52476eee37
9e59bd64-2e72-429e-bf5c-90983b50479b,IREN,buy,limit,496.0,496.0,41.280323,42.37,filled,True,2026-03-11 15:10:58.704440+00:00,2026-03-11 15:11:00.749172+00:00,aa3be264-69a0-433d-89f8-0efe6bb644dc
64bd4b94-0038-49f4-aa1e-a9fc3d240599,IONQ,sell,market,344.0,344.0,33.955872,,filled,False,2026-03-11 15:29:39.268264+00:00,2026-03-11 15:29:41.800349+00:00,2ddb9e3c-2084-4722-b2fd-fa8dd7c9b51e
a173cd7b-9637-4de6-8eeb-11416aa1bf33,WOLF,buy,limit,1165.0,1165.0,17.99,18.0,filled,True,2026-03-11 16:36:10.962726+00:00,2026-03-11 17:55:29.448577+00:00,ab14dea6-5d9d-4690-88ad-f0488991cf21
fb8a427c-ec28-4a26-842f-0dfa3d842a69,WOLF,buy,limit,1164.0,1164.0,17.984124,18.0,filled,True,2026-03-11 16:37:11.543502+00:00,2026-03-11 17:55:34.124598+00:00,4211f5e9-2ea2-4f45-b917-931a1950291e
23799dfc-bdbb-4723-90fe-55bf314c4ce1,WOLF,buy,limit,1165.0,1165.0,17.990404,18.0,filled,True,2026-03-11 16:37:54.228942+00:00,2026-03-11 17:55:34.278354+00:00,515004bf-f0a5-4ae1-b980-6ec15534c8d6
6124d95e-0325-459e-8437-bfc996a9f03f,WOLF,sell,market,3494.0,0.0,,,canceled,False,2026-03-12 00:30:41.542429+00:00,,e81c3a06-9d64-4d6b-9045-55b46a64369a
c41a8a84-7258-4076-9db9-c7f6efccf3bd,WOLF,sell,market,3494.0,0.0,,,canceled,False,2026-03-12 00:32:09.334179+00:00,,fc3b6875-9076-4422-8ada-5de5ae2e084b
c852974a-482c-4735-bbcb-dea78a40eee8,WOLF,sell,market,3494.0,0.0,,,canceled,False,2026-03-12 20:20:48.422268+00:00,,4200def2-a966-4510-b243-8f664a449f7f
5a55ad3b-0485-4b16-96ce-77531a79ff01,WOLF,sell,market,3494.0,3494.0,17.418105,,filled,False,2026-03-13 08:00:10.241393+00:00,2026-03-13 13:33:12.519565+00:00,c1ec7b4c-abfd-4557-a3ca-97369ba91caa
4bf0db53-6468-4022-b49b-f01f705bd3f1,CLSK,buy,limit,2062.0,2062.0,9.99,9.99,filled,True,2026-03-13 13:45:29.085874+00:00,2026-03-13 14:52:53.834405+00:00,270d7d6d-724e-4109-b185-d0e487386a77
280efccc-a368-49bf-9015-70c76abce643,WULF,buy,limit,1338.0,1338.0,15.39,15.39,filled,True,2026-03-13 13:45:30.233337+00:00,2026-03-13 14:24:38.335505+00:00,5ef15ee5-a300-4e3c-8e17-34a949b607c8
ff8bc5ff-6cc8-47a9-bb0b-4b1988cde81b,ONDS,buy,limit,1915.0,1915.0,10.75,10.75,filled,True,2026-03-13 13:45:37.653627+00:00,2026-03-13 13:57:46.254997+00:00,14382480-69a7-4661-852b-f2234f52e607
5171ac3f-b8c3-4d21-8ccf-2bf2893d3597,ONDS,sell,market,1915.0,1915.0,10.21,,filled,False,2026-03-13 16:26:05.688983+00:00,2026-03-13 16:26:06.671813+00:00,f814897c-40da-4bcf-a374-c2d258e83f59
945ca1b6-e21f-460e-9b4c-5d15810cb934,HOOD,sell,market,156.0,156.0,72.88,,filled,False,2026-03-13 19:22:17.325682+00:00,2026-03-13 19:22:17.926938+00:00,bd1cfc26-6d68-48be-9de1-175a7a5c220b
ddd1634e-8736-40bf-b9b2-18e80850cd07,WULF,sell,market,1338.0,1338.0,14.6,,filled,False,2026-03-13 19:22:17.409288+00:00,2026-03-13 19:22:18.828081+00:00,9b69ba92-df60-410c-8d12-accec3077a7b
3f1363b8-87d9-4253-8187-3369afdfe5f0,MARA,buy,limit,1930.0,1930.0,9.34,9.77,filled,True,2026-03-13 19:23:16.390416+00:00,2026-03-13 19:23:17.010106+00:00,6e6d1b94-3853-4cd1-9ef8-4424c31169f4
f4cd0475-a5dd-420c-bb3c-d5cc3706baa4,MARA,sell,market,1930.0,0.0,,,canceled,False,2026-03-13 20:05:01.184535+00:00,,d432785a-c89f-40ed-a430-12121057db43
d5909419-29e4-43cc-9b19-f8f044d92a91,CLSK,sell,market,2062.0,0.0,,,canceled,False,2026-03-13 21:49:07.930491+00:00,,0e77e300-1976-4009-b416-cd9c0aa7fab5
fe5d9253-b5a8-49ed-935f-664b140b47f6,ONDS,buy,limit,1915.0,1915.0,10.63,10.63,filled,True,2026-03-16 13:46:35.578669+00:00,2026-03-16 13:48:27.475980+00:00,e20a682d-bfc4-45d8-8518-a4a05025375e
5d67ceae-8fdf-4d8a-8999-bf10ee365801,ONDS,sell,market,1915.0,0.0,,,canceled,False,2026-03-16 21:48:34.092995+00:00,,3c5fce63-91db-4356-9923-6f4d557474b9
fc7a405f-a184-465b-a22c-34b712926e7e,ARM,sell,market,106.0,106.0,126.25,,filled,False,2026-03-17 13:35:16.830438+00:00,2026-03-17 13:35:17.177959+00:00,fe707a20-d401-4603-88a6-37a8ed00da9c
aa476d5d-e6f7-4ed4-b911-d337ba9e8968,ARM,buy,limit,164.0,164.0,125.78,126.55,filled,True,2026-03-17 13:45:50.974468+00:00,2026-03-17 13:45:52.391858+00:00,7d194dde-1107-47a1-a43f-c8fd82db9d41
cc667b06-98fc-469d-8bc9-559d1f50dd28,ARM,sell,market,164.0,0.0,,,canceled,False,2026-03-17 21:47:15.982632+00:00,,9349af8c-33e5-411e-8977-396666ced877
b2457245-2bd9-4318-9023-0e994f933c07,MARA,sell,market,1930.0,0.0,,,canceled,False,2026-03-18 20:27:15.842586+00:00,,c38e8dfa-e16d-4b21-8aeb-a8ebb80f6a3e
99c39c3f-ce2b-4680-ac5e-63455c6d521d,MARA,sell,market,1930.0,1930.0,8.452933,,filled,False,2026-03-19 08:00:11.854176+00:00,2026-03-19 13:33:22.235954+00:00,cd6433f8-6b46-4369-a520-9152d0071dfc
e221f3e2-8700-4480-9b6b-70819c3c5673,FNGU,sell,market,619.0,619.0,18.19,,filled,False,2026-03-19 12:29:19.362230+00:00,2026-03-19 13:31:14.398817+00:00,b4bbfcd1-159c-4793-ad04-c66de4ee4add
469ef8ad-e9f4-4a46-a641-35f38ba88ab1,CLSK,sell,market,2062.0,2062.0,9.16711,,filled,False,2026-03-19 13:31:06.388248+00:00,2026-03-19 13:34:17.434191+00:00,9157e923-ff3a-4e98-837d-254fa32231ba
b85c594f-bc89-4403-8030-e0a33504d11c,RIVN,buy,limit,1093.0,1093.0,16.71,16.71,filled,True,2026-03-19 13:35:58.486787+00:00,2026-03-19 13:37:07.460467+00:00,7aa33a94-5413-4f79-883d-d9fd7f0601a4
71836894-a563-4a57-a6d5-1a794903d0b6,RIVN,sell,market,1093.0,1093.0,15.85,,filled,False,2026-03-19 16:36:43.629605+00:00,2026-03-19 16:36:43.977277+00:00,e444b90c-9983-4179-a9bb-dbd92dee093a
9826804a-e237-48fc-a86d-b1772cfc61a5,SOXL,buy,limit,352.0,352.0,54.62,54.64,filled,True,2026-03-20 13:46:19.054768+00:00,2026-03-20 13:49:56.474781+00:00,9fb1e610-56b4-4735-a9af-aa12e4b79ef2
70ef4e27-851c-4921-be86-dca951dbabeb,SOXL,sell,market,352.0,352.0,51.78892,,filled,False,2026-03-20 14:26:13.481600+00:00,2026-03-20 14:26:19.428765+00:00,8ea2bb6e-1ae5-43fa-9fda-fb7c41440713
5a72f7fe-cf9c-4f59-b337-ee77c5cbed74,OXY,buy,limit,301.0,301.0,60.83,61.09,filled,True,2026-03-20 14:51:38.613518+00:00,2026-03-20 14:51:39.966689+00:00,1ec52dba-9dd8-4211-b5bc-d4d76d82bdaa
8d97dd16-e95e-41e6-b372-6f50c8f7485e,MRVL,buy,limit,204.0,204.0,89.49,89.79,filled,True,2026-03-20 15:10:36.591585+00:00,2026-03-20 15:10:36.999952+00:00,b09e6c52-bb89-4c5c-afe9-3a18128b7339
b041439c-65dd-43ea-bc65-9a700b4422c9,ONDS,sell,market,1915.0,1915.0,10.05,,filled,False,2026-03-20 17:26:25.943242+00:00,2026-03-20 17:26:27.771004+00:00,590ab5a9-35ab-4689-a03e-fb1527d1bc75
e7c5ea79-2ffb-4d2a-b81a-38e3f6ea72a4,TQQQ,sell,market,260.0,260.0,43.44,,filled,False,2026-03-20 17:36:42.806355+00:00,2026-03-20 17:36:44.517893+00:00,98b0b956-8c5e-4bb2-bfd1-0f4b8f7e6542
a6966fad-7798-47ca-847f-c3fe0925f72f,RBLX,buy,limit,313.0,313.0,56.74,57.04,filled,True,2026-03-20 17:55:53.984216+00:00,2026-03-20 17:55:55.718223+00:00,98ceff46-1971-4a38-9af1-7ab8050dd817
41632fd5-c845-4e27-9031-3626505934ca,IREN,sell,market,496.0,496.0,39.17,,filled,False,2026-03-20 19:09:09.015896+00:00,2026-03-20 19:09:09.305829+00:00,b32a9bdd-ef6b-493d-bffb-816c1b5dc75c
12c0e82d-1373-4b4d-9090-6806760064bf,OXY,sell,market,301.0,0.0,,,canceled,False,2026-03-20 22:53:54.145580+00:00,,2709528b-215a-451e-bdc0-f58c44b520be
56f18452-8ac0-4c68-8cc8-be7ce2cdcd87,RKLB,sell,market,516.0,516.0,66.57,,filled,False,2026-03-23 08:00:14.161408+00:00,2026-03-23 13:30:43.739187+00:00,4a4e7604-bc27-4f90-8c3c-7892f58bd862
378d729a-64a2-4b35-9d59-ba5a5d91ff94,AMD,buy,limit,51.0,51.0,206.67,206.69,filled,False,2026-03-23 13:45:53.272755+00:00,2026-03-23 13:46:27.281373+00:00,2e80525e-f999-476c-8f17-bfed8cdc8e39
ee2a4162-f52b-4f93-b159-dd36826182a0,SMCI,buy,limit,540.0,0.0,,19.88,expired,False,2026-03-23 13:45:53.465868+00:00,,3ec1a8ce-bdfd-4483-96b6-9c4e6b0190d9
8c023a63-4ff9-4c75-aad7-a447ec43d2c1,RKLB,buy,limit,158.0,158.0,67.66,67.66,filled,False,2026-03-23 13:45:54.547813+00:00,2026-03-23 13:45:56.385809+00:00,0bc1f490-3052-422f-bc97-b173258a918c
6e7b3fa3-1e54-4d6f-b52a-9547e623b66f,MARA,buy,limit,1228.0,1228.0,8.75,8.75,filled,False,2026-03-23 13:45:54.811768+00:00,2026-03-23 17:20:54.353523+00:00,06240b87-20a3-4f1e-b695-f70e83694306
144a2917-bab2-4e15-9803-2f9d15e1cf24,RIOT,buy,limit,786.0,0.0,,13.66,expired,False,2026-03-23 13:45:55.113271+00:00,,a2327d47-3f0d-403f-a350-e2d685a0b48c
a94e6699-5a0a-480f-957b-0605330a2be1,AMD,sell,market,51.0,51.0,203.780785,,filled,False,2026-03-23 19:47:38.294596+00:00,2026-03-23 19:47:39.604189+00:00,c9a2db92-bc6c-4031-8370-ea0b3d173735
19ecff28-670a-4ab2-8321-f3b9d267fb6e,RKLB,sell,market,158.0,158.0,68.55,,filled,False,2026-03-23 19:47:38.391731+00:00,2026-03-23 19:47:40.223288+00:00,97140390-f96a-4b09-b024-1b8ce432b644
bf69cec3-97a5-4a68-96dc-d9e5673708fa,MARA,sell,market,1228.0,1228.0,8.97,,filled,False,2026-03-23 19:47:38.445419+00:00,2026-03-23 19:47:38.727008+00:00,b88c8af1-21aa-4e56-9ddf-6299849361b8
a6f88950-d8fe-4f0a-971b-f1e24737f099,SMCI,buy,limit,515.0,0.0,,21.11,expired,False,2026-03-23 19:48:51.699814+00:00,,4f548d27-0134-44f4-8fdb-6d73e9c5f81f
1efebdc5-5db4-4595-beeb-abde2cf5b02b,IONQ,buy,limit,335.0,0.0,,32.44,expired,False,2026-03-23 19:48:52.530945+00:00,,7fedbb19-d1e2-4d26-9d2a-53e832457a39
37a83524-d50f-411a-9ba4-fa0b0d95dec9,SMCI,buy,limit,515.0,0.0,,21.11,expired,False,2026-03-23 19:49:41.036176+00:00,,b3e3f534-73c5-461a-8250-eecfb8f4b445
d28e3b18-4d03-44ec-a37c-c0bedf884af3,ONDS,buy,limit,1602.0,1602.0,11.04,11.21,filled,True,2026-03-24 13:45:18.363047+00:00,2026-03-24 13:45:19.869291+00:00,dfbb69bd-e45c-4478-8e25-011319b5c49f
d07d637d-b4ae-4d65-a42b-3dff4e04e264,CLSK,buy,limit,1771.0,1771.0,10.02,10.11,filled,True,2026-03-24 13:51:30.765119+00:00,2026-03-24 13:51:32.768460+00:00,9b21bbc2-7e6d-4d42-923b-6de7e6faaf3e
3f5c7515-c962-41c8-96f9-7ab9941bc032,WULF,buy,limit,1087.0,1087.0,16.085988,16.47,filled,True,2026-03-24 13:51:31.433307+00:00,2026-03-24 13:51:33.342027+00:00,77183419-70fd-496d-8cbc-89a3501a4cf8
951fc8e5-6784-4246-9a5e-8e4da9e0435f,SLB,buy,limit,361.0,0.0,,50.16,canceled,True,2026-03-24 14:10:20.498926+00:00,,cc2efdd5-869a-4a4b-91c9-c19d9e52f978
ae3e38c7-cc13-4c97-a030-64b0cba5e1bc,SLB,buy,limit,351.0,0.0,,50.16,canceled,True,2026-03-24 14:13:29.699472+00:00,,53616993-7991-4945-9539-46a8e79f03b9
e9172d00-6aca-4299-ab77-efd3ec8672a7,TSLA,buy,limit,45.0,45.0,384.98,385.49,filled,True,2026-03-24 14:16:36.783333+00:00,2026-03-24 14:16:37.924777+00:00,5494ab2d-a766-42ed-aa76-939426826a40
f21734aa-f5d7-4c6b-9d86-c47a631bce91,SLB,buy,limit,349.0,349.0,50.38,50.39,filled,True,2026-03-24 14:16:39.113881+00:00,2026-03-24 17:05:06.928733+00:00,7f2a9e9f-ad40-4af8-8273-4f10b1c8614d
5cbcf370-ffcd-41d4-82ff-f314bcf09985,RIOT,buy,limit,1203.0,1203.0,14.34,14.62,filled,True,2026-03-24 14:16:39.922597+00:00,2026-03-24 14:16:41.092454+00:00,ed5baaa7-074e-4257-973d-3527898e015b
b9c9feac-ed2d-44ff-a7fb-fea0ee3d29f3,CIFR,buy,limit,1165.0,1165.0,14.64,15.1,filled,True,2026-03-24 14:16:40.585574+00:00,2026-03-24 14:16:41.063551+00:00,bd702dd9-ed92-4f4d-9f88-ab835c501a06
bb9fdfb8-3c10-4736-8d65-62d01edf6caa,COIN,sell,market,59.0,59.0,188.541355,,filled,False,2026-03-24 14:22:53.513327+00:00,2026-03-24 14:22:56.657216+00:00,5245fcd4-6c29-4899-8123-bcf5ad22e0d0
44b55a4b-bfef-4193-83c9-9f389a863109,CLSK,sell,market,1771.0,1771.0,9.46,,filled,False,2026-03-24 17:18:53.505881+00:00,2026-03-24 17:18:54.057870+00:00,140734a8-8584-41e5-9bc5-2e1bcf12430e
90adac78-2ca5-447f-aab0-b1a7cb0e800e,ARM,sell,market,164.0,0.0,,,canceled,False,2026-03-24 20:27:13.613654+00:00,,a5fc5268-7cca-492a-acbb-66af3ea7e4bd
d94ffd2c-f5cb-4946-a52d-27d40db2a133,ONDS,sell,market,1602.0,0.0,,,canceled,False,2026-03-24 21:48:55.916810+00:00,,5d4213cc-f931-4ca1-b644-50d742154b28
db86fb80-b1a1-4a1d-95e6-6350131b195e,TSLA,sell,market,45.0,0.0,,,canceled,False,2026-03-24 22:19:35.409108+00:00,,f3fb1836-6e01-465b-9a7e-27f6fc1c7daa
c23965aa-4b1e-4cd4-9389-1a08cfd40254,RIOT,sell,market,1203.0,0.0,,,canceled,False,2026-03-24 22:19:35.458145+00:00,,2d152067-8129-4375-80ce-46e6ea6c99b2
fc8a8634-9867-4db9-845d-e5b25a9737cb,CIFR,sell,market,1165.0,0.0,,,canceled,False,2026-03-24 22:19:35.513445+00:00,,6809e9f9-5060-4cf3-a047-6570f39cc80d
1ff5d148-36ef-426c-98f1-34b5055029aa,ARM,sell,market,164.0,164.0,150.575975,,filled,False,2026-03-25 08:00:11.404366+00:00,2026-03-25 13:33:10.742361+00:00,3fa1dab6-d40e-4c5a-b33f-050e4450007d
59c49522-982d-4700-a4eb-42ae5d1109ad,CIFR,sell,market,1165.0,1165.0,16.402532,,filled,False,2026-03-25 11:49:02.060091+00:00,2026-03-25 13:32:26.998218+00:00,28bca7f2-6af3-4313-837d-60cc7a5aba7d
7d0aba37-e59f-43d3-a6d9-7ab50d687e9b,LCID,buy,limit,1791.0,1791.0,10.73,10.76,filled,True,2026-03-25 13:45:45.184068+00:00,2026-03-25 13:45:45.752882+00:00,b24bb2fc-757a-4827-9319-13027964d52a
22cc5b58-ae52-46a9-aba6-c8da82c9b920,HOOD,buy,limit,260.0,260.0,73.931423,73.95,filled,True,2026-03-25 13:45:45.869726+00:00,2026-03-25 13:46:04.396400+00:00,eb575113-7fa0-470a-9d18-1939e71da271
9c0bb8e6-f9ff-4e16-bc3d-71f3f780a790,ONDS,sell,market,1602.0,1602.0,10.46,,filled,False,2026-03-25 14:49:09.514269+00:00,2026-03-25 14:49:10.006536+00:00,eafd76d8-fa13-472c-8ef4-02531fa1733e
975349f4-facc-43ec-9277-d2309eb77000,HOOD,sell,market,260.0,0.0,,,canceled,False,2026-03-25 21:49:38.997862+00:00,,d401152b-cdd1-410b-81f6-fe6cf5a8fe2a
b15c3284-5efc-481e-ab71-e65fe3177ad7,ARM,buy,limit,59.0,59.0,158.0,158.18,filled,True,2026-03-26 11:08:14.292016+00:00,2026-03-26 11:08:15.204838+00:00,a5538e05-ffa4-44d3-9ebe-68ff0cfb2d2c
3e8a8c8c-eb4d-45d0-bf3c-2feca6af9f62,RXRX,buy,limit,5866.0,5866.0,3.2,3.2,filled,True,2026-03-26 13:51:52.474700+00:00,2026-03-26 14:38:02.356883+00:00,070f29bc-7694-4cde-a43c-71e0674ea089
c468e88d-8ffb-4528-9759-d3ca6cdd5b64,CLSK,buy,limit,1902.0,1902.0,9.87,9.87,filled,True,2026-03-26 13:51:54.300598+00:00,2026-03-26 14:03:21.484011+00:00,66b0f5b8-e845-4eea-8066-6efc698535b8
c3cec054-0332-496b-9119-c9fd637b58e1,RXRX,buy,limit,5876.0,5876.0,3.2,3.2,filled,True,2026-03-26 13:55:01.673438+00:00,2026-03-26 14:38:00.206602+00:00,d7ff7bee-722e-4852-90a0-75852f6d0bd3
2f83b006-f5d6-456e-b4dd-0ff25a58cf77,MARA,buy,limit,2061.0,2061.0,9.07,9.13,filled,True,2026-03-26 13:55:03.291932+00:00,2026-03-26 13:55:06.164333+00:00,1a2208d4-5139-4aa1-aef9-2f7ac0afa51a
44ed4808-40ef-4d8d-b808-2be8ca4df966,LCID,sell,market,1791.0,1791.0,10.18,,filled,False,2026-03-26 15:17:09.973765+00:00,2026-03-26 15:17:11.199634+00:00,ee0a7f67-23a0-4f96-a87d-cd5b42b74f35
53a447d3-4569-4ebd-9836-c0f46ed871e3,HOOD,sell,market,260.0,260.0,70.17,,filled,False,2026-03-26 16:23:43.686669+00:00,2026-03-26 16:23:44.588901+00:00,741990af-50c9-42bb-8403-ffa0da84118e
44ac942f-c597-4d57-bdad-ba5973555ea3,RBLX,sell,market,313.0,313.0,53.85,,filled,False,2026-03-26 16:30:19.671963+00:00,2026-03-26 16:30:20.152671+00:00,1ca6cce9-26ef-4813-afb6-5133c532c3c3
83b1b71a-87ae-40fe-b930-4b790bf73309,MARA,sell,market,2061.0,2061.0,8.61,,filled,False,2026-03-26 17:50:46.280694+00:00,2026-03-26 17:50:47.270137+00:00,776fc8f5-25cd-43f0-a43d-2a7f6e6006a8
44566987-5254-44e1-86db-81d3e450e30b,CLSK,sell,market,1902.0,1902.0,9.36,,filled,False,2026-03-26 17:58:27.401275+00:00,2026-03-26 17:58:28.032601+00:00,989b40e4-355f-4269-b3f0-69af3cc8dc94
d78cacb8-566d-4ebe-ab1c-cdf8346ff6f8,WULF,sell,market,1087.0,1087.0,15.279476,,filled,False,2026-03-26 18:27:26.440038+00:00,2026-03-26 18:27:27.851591+00:00,a6261945-e961-4ee4-886a-ac90fc938113
650fb272-bec8-403d-b777-a6d8e199d33e,ARM,sell,market,59.0,59.0,155.4,,filled,False,2026-03-26 19:08:29.148786+00:00,2026-03-26 19:08:31.705403+00:00,da14981a-fa42-4445-b46d-49f4b9524737
83bf5dfb-ba94-4f35-8b86-4d0425d000ae,RXRX,sell,market,11742.0,0.0,,,canceled,False,2026-03-26 21:54:33.238765+00:00,,90e6e8db-77d9-4aeb-ab98-b902a28dabbd
6250484d-f894-4669-acd8-140557dcdd4a,PLTR,sell,market,76.0,76.0,145.296973,,filled,False,2026-03-27 08:40:41.927725+00:00,2026-03-27 13:33:17.483305+00:00,7fb6cc9f-3646-42c4-9884-fa5cf2560e6b
8d57032a-6ac2-442d-a632-c31b381f7b89,MSTR,sell,market,87.0,87.0,129.862989,,filled,False,2026-03-27 10:47:50.699331+00:00,2026-03-27 13:31:00.072042+00:00,23b5b415-1ede-47f6-8de2-f0bbcba7c9e2
21380ce0-9473-4099-bd09-da87e00ec982,RIOT,sell,market,1203.0,1203.0,13.536733,,filled,False,2026-03-27 11:03:06.924213+00:00,2026-03-27 13:32:42.089388+00:00,bf594725-3f1b-4352-9f02-a06c89d43362
4699c5af-c266-4894-8607-cc6b60ae729b,RKLB,buy,limit,125.0,125.0,65.68,67.92,filled,True,2026-03-27 12:19:35.889761+00:00,2026-03-27 12:19:36.009413+00:00,43a6852b-27b3-4996-87ea-458f5a13d685
7a4d20bd-fb3d-4abc-adf6-c554e5544ea8,TSLA,sell,market,45.0,45.0,364.4,,filled,False,2026-03-27 13:35:17.624386+00:00,2026-03-27 13:35:18.165426+00:00,19e6fee1-6d7f-4633-b8f6-283b99e1f5cb
ca4471ae-213b-4807-a80a-ddeb0605f2fb,RXRX,sell,market,11742.0,11742.0,3.02,,filled,False,2026-03-27 13:42:32.643907+00:00,2026-03-27 13:42:33.225256+00:00,e1d857c9-73f0-41a9-aa33-3435f9f50b6d
7781e6dd-cff7-459d-8729-80b15e8b68e7,SMCI,buy,limit,460.0,460.0,21.75,21.84,filled,False,2026-03-27 13:45:22.174981+00:00,2026-03-27 13:45:22.786426+00:00,2497545a-135d-4d18-b7e4-90775571206a
defb8fe0-3ea9-4448-a027-24c702998c8f,SOXL,buy,limit,209.0,209.0,47.96,47.96,filled,False,2026-03-27 13:45:24.285155+00:00,2026-03-27 13:52:01.150638+00:00,5d1d2cf2-8042-4f31-a0d3-7f924d20ecb0
bc699089-ed8a-4096-8c21-776795228670,RKLB,sell,market,125.0,125.0,62.32,,filled,False,2026-03-27 14:06:42.084821+00:00,2026-03-27 14:06:42.453455+00:00,08c7f4ce-22a2-4fc9-87fa-a9def4639ba1
27657797-d1e5-43ec-8539-d14a412991fc,MU,buy,limit,46.0,46.0,359.39,360.96,filled,True,2026-03-27 14:08:05.170353+00:00,2026-03-27 14:08:05.665759+00:00,d77a258e-75f6-4a03-afff-d3b544da1c00
37090dd4-052a-481a-a871-f82fe6662f5b,MU,sell,market,46.0,0.0,,,canceled,False,2026-03-27 22:09:30.307797+00:00,,88851599-6acd-4324-93ba-a85b913ad12e
c90b9cc5-28a5-479c-ac83-7089739dfcaa,SOXL,sell,market,209.0,209.0,45.573828,,filled,False,2026-03-30 13:39:55.223658+00:00,2026-03-30 13:39:57.989484+00:00,8b563f9e-6b64-4281-bc65-173ff789a525
e0d691da-6800-448a-8635-612e0f585f51,SOXL,buy,limit,208.0,208.0,45.089903,47.2,filled,False,2026-03-30 13:46:07.496069+00:00,2026-03-30 13:46:09.882690+00:00,79e6d53c-eeca-4e57-9858-d496a5029981
8bf5447f-62cc-495e-9286-d28f421222ad,SOFI,buy,limit,1055.0,1055.0,15.309526,15.52,filled,True,2026-03-30 13:51:48.501863+00:00,2026-03-30 13:51:50.493336+00:00,e3df0d94-cb5c-485e-b3de-7549fc936aa8
44b4931a-5144-4b79-b65f-6d05f8f39dd1,MU,sell,market,46.0,46.0,341.27,,filled,False,2026-03-30 13:58:05.322133+00:00,2026-03-30 13:58:05.839186+00:00,f7db819c-55d6-4e3f-a87d-c8bf743ca1ea
e5d50505-7b62-473c-b2fc-922cd94d2bb4,SNAP,buy,limit,4038.0,4038.0,4.02,4.02,filled,True,2026-03-30 14:01:22.944520+00:00,2026-03-30 14:53:13.012900+00:00,eef51192-e8f7-4479-a26c-18a4119070ab
c756a69f-601e-47eb-87e2-f15a79d92c9e,SNAP,buy,limit,4049.0,4049.0,4.02,4.02,filled,True,2026-03-30 14:04:33.506053+00:00,2026-03-30 14:53:12.991994+00:00,df079a6c-9712-4b3a-bdac-03e36156ad40
5d149f83-088a-44dc-b4eb-ff86348bf569,AMD,buy,limit,47.0,47.0,202.72,203.46,filled,False,2026-03-30 14:06:12.127771+00:00,2026-03-30 14:06:12.778094+00:00,e3c2d140-384f-43d7-90d4-5510793e48b2
3ae1ab51-54be-468e-9126-7f8e56090b5e,SNAP,buy,limit,4019.0,4019.0,4.04,4.04,filled,True,2026-03-30 14:07:42.512783+00:00,2026-03-30 14:07:43.510341+00:00,ff750b4a-f4c6-4402-9a36-caed5d696a3f
c7a7f47a-bb6a-48e9-99c4-19b3b3ff7d67,SOXL,sell,market,208.0,208.0,42.629327,,filled,False,2026-03-30 14:36:07.206645+00:00,2026-03-30 14:36:09.124733+00:00,b4015a7b-6d20-4295-99eb-026cab69060c
788f01a6-98d0-42b4-94a2-4321127f44e1,RKLB,buy,limit,135.0,135.0,60.34,60.45,filled,True,2026-03-31 12:50:12.278180+00:00,2026-03-31 12:50:12.652573+00:00,1496f0ea-7982-404e-bd3e-105b6d14f37e
dced86de-e758-4a9e-9385-59819ab928b3,HUT,buy,limit,375.0,375.0,44.06,44.06,filled,True,2026-03-31 13:42:28.750774+00:00,2026-03-31 14:51:24.374959+00:00,a4db5a56-b834-4906-a1be-8246204644c8
12d5e60d-2e3f-4b78-81f2-5d3fe920f880,SPCE,buy,limit,6818.0,6818.0,2.42,2.42,filled,True,2026-03-31 13:42:31.329718+00:00,2026-03-31 14:53:39.140698+00:00,18c329f3-3f07-4ccd-ba3b-3544ed344761
ca5a571a-1432-428f-a760-debe94e3018c,RXRX,buy,limit,5574.0,5574.0,2.94,2.96,filled,True,2026-03-31 13:45:38.333539+00:00,2026-03-31 13:45:42.254814+00:00,212d0ef3-d2dc-4173-ac21-8d3e07f2ec24
f9d03ec4-7f4b-44d4-90e1-48a341b60c05,IREN,buy,limit,503.0,503.0,32.692406,32.83,filled,True,2026-03-31 13:45:39.430591+00:00,2026-03-31 13:45:42.355180+00:00,a0249ff5-3b25-438f-b7ef-115da2dd4016
99468ce1-aa1e-48b6-b17f-6fd64d18affe,HUT,buy,limit,371.0,371.0,44.18,44.41,filled,True,2026-03-31 13:45:40.379829+00:00,2026-03-31 13:45:40.893536+00:00,ffa5e29a-9763-4548-bcb2-20c00cbfca34
701389c5-ae09-453f-acc4-51f7b4bc4dbf,RBLX,buy,limit,305.0,305.0,53.7,54.04,filled,True,2026-03-31 13:45:42.775131+00:00,2026-03-31 13:45:46.278643+00:00,8e1e2715-0c86-491b-bc08-6002d83cd841
9051e8ae-cd14-4105-a970-80101fd57342,SNAP,sell,market,12106.0,12106.0,4.59,,filled,False,2026-03-31 15:24:15.280479+00:00,2026-03-31 15:24:16.568443+00:00,3d9d208a-a7f5-40ae-afef-d7051444bd5d
d6bca128-4f1a-4a7f-9ad8-c0993f4e0132,RKLB,sell,market,135.0,0.0,,,canceled,False,2026-03-31 20:53:25.140755+00:00,,103a2ce6-1ce1-486d-9cb1-268fa84a8f47
13abf3c9-1ef7-4c6c-8c78-8091eccabc89,SPCE,sell,market,6818.0,0.0,,,canceled,False,2026-03-31 21:44:37.461333+00:00,,43360275-af83-40b8-9e68-1a425f5e2126
d03ad6f8-3b94-4315-913c-013be2edc1e1,HUT,sell,market,746.0,0.0,,,canceled,False,2026-03-31 21:49:44.689370+00:00,,c682407b-0f81-4c00-8270-c67fdcd50f31
291fe6fa-0bba-44c2-be81-6f8fd4764df3,RXRX,sell,market,5574.0,0.0,,,canceled,False,2026-03-31 21:49:44.745102+00:00,,fd0fb83c-f97d-4533-bc97-9571e593ba69
c5ff0026-df22-48da-8650-77f638014abf,IREN,sell,market,503.0,0.0,,,canceled,False,2026-03-31 21:49:44.795456+00:00,,c49725e4-e114-4049-aa94-43c76461664f
aa38be4c-0e83-4cbe-8b4f-7e4bf03c58fb,RBLX,sell,market,305.0,0.0,,,canceled,False,2026-03-31 21:49:44.844051+00:00,,6495e9c1-1fb0-4894-8904-fe0982f8e686
91c270c2-7548-42b3-8d46-7b0e466f6e73,MRVL,sell,market,204.0,204.0,101.417647,,filled,False,2026-04-01 11:49:02.237332+00:00,2026-04-01 13:33:02.744103+00:00,188171a4-5a89-4f3d-a9cf-df2e72aea4ce
4aa0a3ea-f637-4576-b201-e9ad6fb5d8f6,ARM,buy,limit,123.0,123.0,156.926585,157.05,filled,True,2026-04-01 13:53:05.671288+00:00,2026-04-01 13:55:06.934270+00:00,32ca92df-7106-4cd1-9fce-4a860abbdd4a
8543a7b7-5d19-485e-9183-ed3e0665d0aa,CORZ,buy,limit,1260.0,1260.0,15.36,15.36,filled,True,2026-04-01 13:53:11.988320+00:00,2026-04-01 14:02:25.844975+00:00,733e1e38-d21f-4092-922a-0e740fbcd811
1621eb65-89fe-46e0-b8b6-6f6afa235fb4,CORZ,buy,limit,1251.0,1251.0,15.39,15.39,filled,True,2026-04-01 13:56:22.758141+00:00,2026-04-01 13:59:49.353340+00:00,ec98692f-1e73-437f-b8a8-5b906771e688
eb6f64f9-feae-401d-a48c-692a2ebe1a8f,RKLB,sell,market,135.0,135.0,67.66,,filled,False,2026-04-01 14:28:01.873945+00:00,2026-04-01 14:28:03.050763+00:00,05825440-57b6-47c1-a8d3-20ad9af5ecc5
18dde16f-54a7-4c35-ba00-f1ebc873e87e,HUT,sell,market,746.0,746.0,49.41,,filled,False,2026-04-01 15:57:18.420828+00:00,2026-04-01 15:57:19.679147+00:00,a12e93d7-a917-4360-9e8e-bf982933e7f7
69a93157-4ca5-4a67-b5d7-04ddfe64ede1,CORZ,sell,market,2511.0,0.0,,,canceled,False,2026-04-01 21:59:58.454891+00:00,,a918d0da-f35f-4f49-b22e-8ada3e72c683
d27b213c-e254-4e87-87e6-cab643348e8e,ARM,sell,market,123.0,123.0,150.0,,filled,False,2026-04-02 09:44:15.290271+00:00,2026-04-02 13:31:47.407700+00:00,3b68fd72-e6d3-4dc1-a716-a8f39e6d5d88
cfca4139-bcc7-4a58-a850-c50d9f0faece,CORZ,sell,market,2511.0,2511.0,14.620581,,filled,False,2026-04-02 10:21:31.697370+00:00,2026-04-02 13:33:59.655346+00:00,4036b74f-ed4c-4f5d-9f6b-9a39090c844d
a814b16f-2c6a-4f2c-a26c-4d0879e0cd1e,SPCE,sell,market,6818.0,6818.0,2.29,,filled,False,2026-04-02 13:36:27.583422+00:00,2026-04-02 13:36:28.732519+00:00,fa95a4d9-44b6-454f-ba1c-f0afe8902f2c
5404becf-7032-48e9-b844-cf41df9c0602,RIVN,buy,limit,1206.0,1206.0,14.879942,14.95,filled,True,2026-04-02 13:42:08.989799+00:00,2026-04-02 13:42:14.264637+00:00,43a6fbab-c1c5-4177-80c5-24b5c0bd65c3
5d12bc4e-ecbd-40fa-8909-689a03cb6971,NVDA,buy,limit,54.0,0.0,,176.6,expired,True,2026-04-02 20:22:18.666576+00:00,,232af721-4896-4899-b0bc-d1b42297c7b6
a58a7dce-9b8c-41b9-96f9-091e0c7fd9da,MRVL,buy,limit,173.0,173.0,109.27,111.3,filled,True,2026-04-06 13:47:58.287879+00:00,2026-04-06 13:47:58.948614+00:00,7a3dba48-390a-4b10-bcf7-7b36348fc471
d9cf1ab7-78c2-4ec6-a6fa-36b98467abcd,SPCE,buy,limit,6748.0,6748.0,2.86,2.86,filled,True,2026-04-06 13:47:59.399108+00:00,2026-04-06 13:49:40.225511+00:00,c41d9efb-c631-4a97-86b7-ecc875cddb2c
d15e1a1e-700b-4d96-bd9f-9b88256581cc,IONQ,buy,limit,639.0,639.0,30.043678,30.21,filled,True,2026-04-06 13:51:02.278478+00:00,2026-04-06 13:51:03.739487+00:00,97178a6c-23ab-4e7b-966d-bd9c81cfdcaa
6dad995e-379b-4046-b46f-7702802ee734,MARA,buy,limit,2126.0,2126.0,8.92,9.09,filled,True,2026-04-06 13:51:04.578217+00:00,2026-04-06 13:51:06.435053+00:00,295afe55-326c-40d9-8f8e-0fc4dc8b1852
5de1be5f-942f-4fa8-8ccf-5750aaa285d7,CIFR,buy,limit,1431.0,1431.0,13.48,13.5,filled,True,2026-04-06 13:51:05.173338+00:00,2026-04-06 13:51:08.397987+00:00,1e6c13ab-2e99-415c-9592-1b2c11a6c6a1
23376990-ab00-4078-bfe0-4f82d0989990,ONDS,buy,limit,1952.0,1952.0,9.85,9.9,filled,True,2026-04-06 13:51:08.030701+00:00,2026-04-06 13:51:11.141611+00:00,80a65d14-e409-430c-89ff-646fa302c45b
15181aaa-bf14-4664-903f-9b88be52d2fc,CLSK,buy,limit,2109.0,2109.0,9.17,9.17,filled,True,2026-04-06 14:00:27.726801+00:00,2026-04-06 14:01:49.751204+00:00,0a947f50-df5a-4c76-8ac1-d8b7b9b31217
73612163-ffcb-4bd0-9f77-3bc4e703bd7c,MRVL,sell,market,173.0,0.0,,,canceled,False,2026-04-06 21:52:43.837044+00:00,,4266346b-d4ab-46ef-b2f9-d9b7eb95fbc5
36e15b0a-f55e-413d-a1d6-837a726c2a1c,SPCE,sell,market,6748.0,0.0,,,canceled,False,2026-04-06 21:52:43.885560+00:00,,c5fa089c-ba31-4974-869e-6427d6391ac1
b5d14f51-059a-446b-9939-72cab42d0fb3,IONQ,sell,market,639.0,0.0,,,canceled,False,2026-04-06 21:52:43.936939+00:00,,71d169dc-7100-485a-84b2-265967f097f2
4f08a4dc-4f70-4ad4-8408-e9c90c023b9e,CIFR,sell,market,1431.0,0.0,,,canceled,False,2026-04-06 21:52:43.992232+00:00,,8be5487c-98ef-47ce-93ba-857a0b0e0f84
aae567d0-10c4-4453-b29c-a44c3d74632c,CLSK,sell,market,2109.0,0.0,,,canceled,False,2026-04-06 22:02:55.226629+00:00,,5088efa5-9b61-4ba7-9d1e-70b7f9b48af4
c55e32b7-e4e1-4481-9c2c-5550a9d1bb55,SPCE,sell,market,6748.0,6748.0,3.014911,,filled,False,2026-04-07 08:55:58.978666+00:00,2026-04-07 13:34:46.786483+00:00,7c64d395-5cfe-40be-82ea-5717a26a149d
88fc6964-992b-4f88-9193-227a6253c731,ONDS,sell,market,1952.0,1952.0,9.468761,,filled,False,2026-04-07 10:57:56.796630+00:00,2026-04-07 13:33:41.289781+00:00,0fedd74b-b9cf-4368-baac-1c83d2d5d845
f3d35f84-6167-4a24-a464-235f90c695b6,IONQ,sell,market,639.0,639.0,28.308372,,filled,False,2026-04-07 13:35:47.939838+00:00,2026-04-07 13:35:49.412485+00:00,079b9d16-7474-4cb7-8cdc-a2d9363751de
c9e2180e-5837-4dda-b8fe-92adce8d2762,MARA,sell,market,2126.0,2126.0,8.459887,,filled,False,2026-04-07 14:00:39.175407+00:00,2026-04-07 14:00:43.543819+00:00,df935a65-6b3c-4156-af94-e646408c8f5a
21391fde-67f5-4bae-94a2-c9d19a0d60f4,CLSK,sell,market,2109.0,2109.0,8.657031,,filled,False,2026-04-07 14:03:47.625868+00:00,2026-04-07 14:03:50.407925+00:00,c382b264-f4a8-4243-9a2b-2e6c7c80847b
3da87789-e8b1-44af-8308-26e156db575b,CIFR,sell,market,1431.0,1431.0,12.780398,,filled,False,2026-04-07 14:06:13.320478+00:00,2026-04-07 14:06:20.349481+00:00,5485733a-0226-408d-b7bf-c9e743449ce3
ce9b13c7-b84e-4b55-8893-e5bd27b20e9c,IREN,sell,market,503.0,0.0,,,canceled,False,2026-04-07 22:40:15.213966+00:00,,daff73c9-7298-4726-9eed-aed96ccfd790
42bd4153-eb2e-40de-8625-35c79a65e822,OXY,sell,market,301.0,0.0,,,canceled,False,2026-04-07 23:21:05.353520+00:00,,6e721d57-d3c6-435d-a8b8-3f809127270b
b5dd5476-8699-4801-8f53-e8b41f0d6285,SLB,sell,market,349.0,0.0,,,canceled,False,2026-04-07 23:31:17.673620+00:00,,86460c6c-b351-45c1-8ad4-001ef08e679e
3cf6ec5b-8bd6-4c31-bf55-25813d9cac4a,IREN,sell,market,503.0,503.0,38.137972,,filled,False,2026-04-08 08:00:15.246061+00:00,2026-04-08 13:35:55.154064+00:00,362d4855-6fbf-4a84-8c9c-9a34f409a35a
9457f12c-69f5-4546-b5ee-54fce118bf41,AMD,sell,market,47.0,47.0,229.322128,,filled,False,2026-04-08 08:05:08.937622+00:00,2026-04-08 13:36:40.174672+00:00,da5f07d1-ee77-4f28-89fd-3701815ac55a
f58a99b8-6447-40e7-9b90-8564d7a1ed1f,RXRX,sell,market,5574.0,5574.0,3.321658,,filled,False,2026-04-08 08:05:09.034167+00:00,2026-04-08 13:33:31.935422+00:00,3b44379e-9d05-4124-abc2-45d47a047ffc
4ab21f58-23a7-4e7c-9894-d4b1b071da25,SOFI,sell,market,1055.0,1055.0,17.54,,filled,False,2026-04-08 08:20:24.536906+00:00,2026-04-08 13:33:07.659360+00:00,793a5672-19bc-4b2f-850d-048e054f4168
48f26536-c6a7-4e5d-a5ec-ffa0c1aef79a,OXY,sell,market,301.0,301.0,56.586877,,filled,False,2026-04-08 08:25:29.502850+00:00,2026-04-08 13:37:19.657794+00:00,80be3073-7fad-4917-991e-c2853afac4bc
e7e68956-80c4-40f1-9cbc-21b890a39537,HUT,buy,limit,334.0,0.0,,57.06,canceled,True,2026-04-08 13:42:20.087250+00:00,,ea460e23-1965-46aa-8b73-00421fb0c29e
1daf94d4-c7d8-42aa-9b4f-e83a185dd2b7,ARM,buy,limit,75.0,75.0,150.83,151.8,filled,False,2026-04-08 13:45:11.663610+00:00,2026-04-08 13:45:12.819708+00:00,5c92d5eb-aa30-441f-85c2-42ff11769ef4
2d6f76e7-dff2-4d61-be1f-fa6066f64f86,COIN,buy,limit,61.0,61.0,183.64,185.12,filled,False,2026-04-08 13:45:12.167794+00:00,2026-04-08 13:45:12.886434+00:00,17277e91-fd13-4da7-b50a-4b20fecd7dbb
9489bb5f-9ff5-45ba-9986-122244aeddd3,HOOD,buy,limit,150.0,150.0,75.408734,76.16,filled,False,2026-04-08 13:45:12.463276+00:00,2026-04-08 13:45:17.337428+00:00,5884707f-ce83-464f-a8e5-79b28eb58230
4fbca4e1-a2fa-42f9-ab2d-1970786b61e3,SPCE,buy,limit,5900.0,5900.0,3.1,3.23,filled,True,2026-04-08 13:45:32.411039+00:00,2026-04-08 13:45:39.193279+00:00,2b645eec-e91d-4b60-9ce7-ffa877576f86
ab2c8de1-3374-40e9-9620-4b41d2cbe73e,HUT,buy,limit,322.0,322.0,58.73,58.74,filled,True,2026-04-08 13:51:45.538485+00:00,2026-04-08 13:51:47.422350+00:00,6866b665-4b67-4b0e-8573-dc5ddbb46e3e
dcf370a3-a349-490e-9767-17120714ad9b,HOOD,sell,market,150.0,150.0,71.65,,filled,False,2026-04-08 18:50:12.658306+00:00,2026-04-08 18:50:13.586135+00:00,526be2ed-44a4-43df-b14c-d8bed1766fca
2adf09d4-85c4-4c2c-8151-ade6acac0eb3,OXY,buy,limit,319.0,0.0,,58.47,canceled,True,2026-04-08 18:52:23.693670+00:00,,f7bc965d-273f-4ede-a32d-5ca1e021e9b1
71f42332-a078-4149-85a1-cadc1ee50bab,COIN,sell,market,61.0,61.0,173.970492,,filled,False,2026-04-08 18:56:47.016071+00:00,2026-04-08 18:56:49.923114+00:00,c679f992-0b26-45be-9155-88a1757ea188
cd3ebdb1-80a3-4e62-bdc5-39ea99282302,SPCE,sell,market,5900.0,0.0,,,canceled,False,2026-04-08 21:48:42.269291+00:00,,bb3df732-612f-4e00-9e0f-0b9c9190f641
865bcce7-5a96-49e2-bf7a-3d660610457e,HUT,sell,market,322.0,0.0,,,canceled,False,2026-04-08 21:53:49.155740+00:00,,8f33e38a-2991-4832-ab5e-5650a6f758ae
7b709506-2df1-43a0-9d47-c349016c2ad7,SPCE,sell,market,5900.0,5900.0,2.889667,,filled,False,2026-04-09 08:25:24.874527+00:00,2026-04-09 13:34:38.305568+00:00,97ced983-5099-4d61-a3ae-d8ac25defcc4
5b88d159-83fc-42d4-a48f-65af94c7616b,AMD,buy,limit,49.0,0.0,,231.32,expired,False,2026-04-09 13:47:12.369984+00:00,,dc408151-3971-4a6a-97b7-796bf886af79
77934d58-feea-4163-889f-9d401f89b848,AMD,buy,limit,49.0,0.0,,231.32,expired,False,2026-04-09 13:47:50.078340+00:00,,fa4de709-1b40-4720-a0b0-cef55d5f9c54
d8c028ba-d43f-4b09-9551-de2c2b21f4c6,AMD,buy,limit,49.0,0.0,,231.32,expired,False,2026-04-09 13:48:39.448261+00:00,,b9809373-cd52-455a-bc49-2f7b24682ed5
5697246d-e667-444a-86f7-9b5207544c40,AMD,buy,limit,49.0,0.0,,231.32,expired,False,2026-04-09 13:49:51.158462+00:00,,0ff6af08-fb27-407c-aac1-db12ba953f10
ee1dc70d-d6d8-46df-8c2e-3700ed38c963,CLSK,buy,limit,1904.0,1904.0,9.85,10.0,filled,True,2026-04-09 13:51:55.672721+00:00,2026-04-09 13:51:56.253678+00:00,60e7cf0d-05c8-4760-84e7-b15ef28c8816
cd6cb76f-a28a-4293-9597-d69ffc7fd2a9,HUT,sell,market,322.0,322.0,65.99,,filled,False,2026-04-09 13:55:40.664774+00:00,2026-04-09 13:55:42.371900+00:00,35d4150b-0039-48b0-8eb5-115d19a51584
aa41d6eb-9a4f-4c3c-8719-9e9849577eb0,AMD,buy,limit,48.0,48.0,233.317499,235.5,filled,False,2026-04-09 13:57:16.446026+00:00,2026-04-09 13:57:18.873585+00:00,9c5c1d26-f0d9-40c8-b7c1-49b045790c26
8aecbc0d-56d9-4f50-b551-c809a84c7586,MSTR,buy,limit,88.0,88.0,126.842955,129.18,filled,False,2026-04-09 13:57:16.920982+00:00,2026-04-09 13:57:19.078281+00:00,72a53cb5-a16d-46c0-9ce2-159e191dec9f
deccd583-da27-435f-bafd-651c4b435b64,MARA,buy,limit,1208.0,1208.0,9.47,9.49,filled,False,2026-04-09 13:57:17.927467+00:00,2026-04-09 13:57:18.455231+00:00,c56336ac-67f6-428a-9997-98f7f081cdd7
3f1b3053-0687-4610-a10d-99f301614c4b,CIFR,buy,limit,1216.0,1216.0,15.677714,15.68,filled,True,2026-04-09 14:01:20.176732+00:00,2026-04-09 14:01:28.353250+00:00,384e1269-e619-4fff-ac63-6f732a2a13ce
50195540-d25a-40c9-b202-67d2b6c3c5d0,HUT,buy,limit,300.0,0.0,,62.72,canceled,True,2026-04-09 14:26:26.462775+00:00,,6cceaa98-d320-42a0-90dc-34766ca3be63
7bb76d29-2e1b-4a75-8f80-d588368e0f68,AMD,sell,market,48.0,0.0,,,canceled,False,2026-04-09 20:08:52.410460+00:00,,3f91221a-4162-435c-a3e3-246aca836973
1ff2fb99-9913-41c9-a5e0-8e829eff30ac,CLSK,sell,market,1904.0,0.0,,,canceled,False,2026-04-09 21:53:23.904714+00:00,,a829eac4-2137-4dc5-aaa3-efff92631b05
c91f746d-7436-4709-a5b7-d8c642605c2b,CIFR,sell,market,1216.0,0.0,,,canceled,False,2026-04-09 22:03:36.745797+00:00,,969a6e2d-69ae-485b-bcae-1b0167ce5491
6b0f1aba-f064-4df4-b17e-cf02d0e17eca,MRVL,sell,market,173.0,173.0,126.3,,filled,False,2026-04-10 12:14:03.623399+00:00,2026-04-10 13:31:20.245037+00:00,51fc2495-587c-422c-bdc7-d77d73dc0ded
4f47cc03-67dd-4be8-981b-a80506134eba,SMCI,sell,market,460.0,460.0,24.4,,filled,False,2026-04-10 13:46:43.206613+00:00,2026-04-10 13:46:45.955610+00:00,00b8c35f-de33-4db1-bc8e-c7b538c3c569
76a55b92-327b-4524-8244-e648be0df0df,ACHR,buy,limit,3721.0,3721.0,5.47,5.48,filled,True,2026-04-10 13:48:00.176963+00:00,2026-04-10 13:48:08.533335+00:00,1d56859d-c940-4840-a974-873404b96f87
bd50bcd6-07eb-4770-a011-f584dc6022f1,HUT,buy,limit,311.0,311.0,65.42,65.48,filled,True,2026-04-10 13:48:02.099045+00:00,2026-04-10 17:08:34.663889+00:00,0419316f-5334-401d-a413-de35e44287c9
af9bc849-20bc-46da-ad7e-77321c7ff158,MRVL,buy,limit,160.0,160.0,126.150813,127.08,filled,True,2026-04-10 13:48:02.887714+00:00,2026-04-10 13:48:12.494305+00:00,1cfc8781-1e94-47d6-82c0-646a7534af13
981014bb-1bb6-4a8d-bbef-b00caa7855bf,SNAP,buy,limit,4026.0,4026.0,4.96,5.07,filled,True,2026-04-10 13:48:03.695500+00:00,2026-04-10 13:48:05.807685+00:00,81057b5c-e56f-41e5-92e6-c29d2eb80b58
d12e3fea-3e8e-48b4-9ae4-0785787c2ddf,SPCE,buy,limit,6639.0,6639.0,3.07,3.07,filled,True,2026-04-10 13:48:04.889484+00:00,2026-04-10 15:17:39.837451+00:00,74fc8baf-2dd0-4568-8c63-708a3f45c682
a06aaf3f-954e-42dc-a46a-c7f81d71d0e8,HUT,buy,limit,308.0,308.0,65.64,65.67,filled,True,2026-04-10 13:51:10.216265+00:00,2026-04-10 16:39:05.728304+00:00,ae1960ee-bca7-46b2-9fe9-1db3f8458ea4
e294420c-03c9-4331-afde-dd85d95a9bcc,SMCI,buy,limit,398.0,0.0,,24.91,expired,True,2026-04-10 20:21:30.705596+00:00,,2a21f345-f1db-40de-b61b-698ae6ac9d67
a8fac0f3-1c34-4e40-a4c3-50de1500a304,SNAP,sell,market,4026.0,0.0,,,canceled,False,2026-04-10 21:48:15.936804+00:00,,1421a1bf-f702-4a02-8719-24b9213f9a61
8a4c78f8-30ea-457f-a33d-816124351212,SPCE,sell,market,6639.0,0.0,,,canceled,False,2026-04-10 21:48:15.991048+00:00,,63c09acc-9e9e-42d9-9d83-ff5e53a7012f
ed6168b3-fb13-479b-af95-f5d174491f27,SNAP,sell,market,4026.0,4026.0,4.790859,,filled,False,2026-04-13 09:46:47.779608+00:00,2026-04-13 13:32:10.111881+00:00,549dac59-d736-4574-958e-e2d9b9da7a1c
527984a9-3233-4219-8d20-069e8b2fabca,SPCE,sell,market,6639.0,6639.0,2.849275,,filled,False,2026-04-13 13:35:54.262895+00:00,2026-04-13 13:37:15.112859+00:00,f61fe3af-ff08-43fd-b75f-6ac2a4b71aa2
c5234378-e32b-47c8-9159-a9dbc4c43b8d,CIFR,sell,market,1216.0,1216.0,17.71,,filled,False,2026-04-13 19:19:27.365099+00:00,2026-04-13 19:19:28.208388+00:00,0a7e401a-6cb3-41e0-b750-5e30873a514c
53373c63-f6e3-4540-82f3-81ee2136156a,CLSK,sell,market,1904.0,1904.0,11.56,,filled,False,2026-04-14 15:01:25.846737+00:00,2026-04-14 15:01:28.045250+00:00,1720a180-1782-43db-baae-dd657f5ae2a5
d2a8b655-c69d-4b7c-82c4-75fa3aff2da2,MARA,sell,market,1208.0,1208.0,10.78,,filled,False,2026-04-14 15:01:26.778166+00:00,2026-04-14 15:01:27.549920+00:00,1c436bae-fb34-4585-97fc-9fd2fbcc145e
e323d739-1e97-465b-b9e9-c9a6399673e4,SMCI,buy,limit,817.0,817.0,27.23,27.5,filled,True,2026-04-14 18:00:51.875233+00:00,2026-04-14 18:00:52.142266+00:00,c3d55f82-a307-45de-aed4-f7e19b506c93
84c317f6-ed5c-4b1a-b10e-a70fafb1bfe0,COIN,buy,limit,121.0,121.0,184.38,185.84,filled,True,2026-04-14 18:01:04.208369+00:00,2026-04-14 18:01:05.042657+00:00,4d4d1186-e3dc-4c16-8cb8-80fcf4a479ea
e1e73331-68dc-474d-905d-0f160435bb43,AVGO,buy,limit,59.0,59.0,378.953559,378.99,filled,True,2026-04-14 18:01:21.700211+00:00,2026-04-14 18:42:47.669052+00:00,b06888b2-9d66-4251-85f1-a47dcba7f99b
ee82dda4-c304-4585-bc8c-ea9032beceee,AVGO,buy,limit,59.0,59.0,378.98,378.99,filled,True,2026-04-14 18:04:40.185654+00:00,2026-04-14 18:42:40.123253+00:00,56499bdb-688b-4dab-a8e9-c69b58138ed7
40bb638f-2d11-45a5-b7df-cbab3c9084c1,SMCI,sell,market,817.0,817.0,27.16,,filled,False,2026-04-15 18:14:08.518083+00:00,2026-04-15 18:14:09.554536+00:00,90dcf8c4-4b2e-4a3b-a1e6-7a0fd687c394
b203d01a-18fd-4730-a001-5c19ac7c6bd0,COIN,sell,market,121.0,121.0,191.29,,filled,False,2026-04-15 18:14:10.089139+00:00,2026-04-15 18:14:11.632487+00:00,aacd73bc-bfa5-4a2d-b077-f20cb7aff1cc
d40dbeed-4127-4fa2-98da-a28bb7cc1812,RBLX,sell,market,305.0,305.0,60.3,,filled,False,2026-04-15 18:16:34.785273+00:00,2026-04-15 18:16:35.929097+00:00,85e6ea05-05a2-4926-8b55-6ba1edb5cb1c
dda35d6b-c194-4937-b51a-f81463b65c61,AMD,sell,market,48.0,48.0,284.417083,,filled,False,2026-04-20 08:01:11.718504+00:00,2026-04-20 13:36:04.172651+00:00,f972d5dd-7f0d-4afc-b73f-01b5faf60ace
30e7d130-f3ad-47a2-a04a-4a5a594f1e2c,RIVN,sell,market,1206.0,1206.0,16.96,,filled,False,2026-04-20 08:01:13.684484+00:00,2026-04-20 13:33:26.729672+00:00,df0398be-507d-46c1-88c4-e3d19dba91f2
9a00e0dc-8c64-4880-9085-e9f0c7c88b3e,MSTR,sell,market,88.0,88.0,163.288295,,filled,False,2026-04-20 08:01:13.688530+00:00,2026-04-20 13:32:47.641435+00:00,2305e032-79b4-483c-ae35-5126a8b6f3f5
cd2ff443-b521-4ac8-9996-ceede7d5752f,HUT,sell,market,619.0,619.0,74.95895,,filled,False,2026-04-20 08:01:13.691933+00:00,2026-04-20 13:36:27.375821+00:00,97e1ffdc-b655-4190-8207-b6290784755e
992bf24d-7bf4-4a81-a9a7-4228fb268ce8,ARM,sell,market,75.0,75.0,173.28,,filled,False,2026-04-20 18:22:29.997326+00:00,2026-04-20 18:22:31.107524+00:00,3b07d910-7a5f-4ffd-8c23-cce00a27706b
7726665a-6599-4897-a0b3-abd1e3a18abc,MRVL,sell,market,160.0,160.0,148.26,,filled,False,2026-04-20 18:22:30.049868+00:00,2026-04-20 18:22:30.560527+00:00,360e2ab8-5f1d-4d87-b3a5-0597de48c7cb
92cb50b4-dcff-4cb1-8252-8c606ea21658,RKLB,buy,limit,172.0,172.0,88.399942,89.01,filled,False,2026-04-20 18:22:31.880617+00:00,2026-04-20 18:22:34.634117+00:00,44ed89da-2601-4b9b-b3f6-e5dafd08a0cb
8d28ffdd-966f-41e5-995d-ba6bb1ddb0b7,ARM,buy,limit,90.0,0.0,,171.63,expired,False,2026-04-20 18:56:11.441872+00:00,,aa9dae76-fcb6-4820-ac09-00380d2c7414
d486ddcb-4709-4d28-b23d-bdad1f5b0d8e,RKLB,sell,market,172.0,172.0,87.36,,filled,False,2026-04-21 18:24:36.485458+00:00,2026-04-21 18:24:37.099683+00:00,339b50e6-fb12-49af-96fe-bd6caa86b24d
301cd8a1-1d3d-409f-8407-f54367bda2af,LCID,buy,limit,3396.0,3396.0,7.1,7.55,filled,True,2026-04-21 18:51:34.810246+00:00,2026-04-21 18:51:36.694629+00:00,7c77fa80-a914-4f71-8485-25734a8b42a4
58f78a46-d734-4a7d-91af-26161c7c7da6,COIN,buy,limit,75.0,75.0,208.11,209.38,filled,False,2026-04-22 15:31:01.062741+00:00,2026-04-22 15:31:01.623208+00:00,d1277f05-d316-4643-88e9-98cb805e37fa
fd46a8f5-38f3-4cd1-a305-6fa18ac846c0,MARA,buy,limit,1313.0,1313.0,11.96,11.97,filled,False,2026-04-22 15:31:06.448689+00:00,2026-04-22 16:26:25.534346+00:00,2e593070-95c9-421a-9d18-f08378d9c48e
249f5a50-0e79-42c6-8680-c96e12aa456e,COIN,sell,market,75.0,75.0,197.151733,,filled,False,2026-04-24 14:27:53.323342+00:00,2026-04-24 14:27:54.668723+00:00,58955b19-e264-4a82-9c38-e7a1d637fae1
4bb114e5-5643-44e4-8d3f-e4560409181b,LCID,sell,market,3396.0,3396.0,6.210389,,filled,False,2026-04-24 14:27:53.372797+00:00,2026-04-24 14:27:56.813588+00:00,8a3d2dd1-2b0c-4d3f-a262-a28e7ee96cf8
751b1df2-a4fa-4173-aede-40be8073ecbb,AMD,buy,limit,43.0,43.0,346.48,346.89,filled,False,2026-04-24 14:27:58.902235+00:00,2026-04-24 14:27:59.520355+00:00,12a1de42-6358-4e15-b9d5-8602f71f7184
b2bfd174-f290-435c-aedd-c65bded6cab8,SMCI,buy,limit,526.0,0.0,,28.46,expired,False,2026-04-24 14:27:59.883938+00:00,,46c19e55-4b50-4af1-a81b-88569372cf81
15b2d870-b028-41e2-a324-b8de61ffa0ff,ARM,buy,limit,65.0,65.0,227.81,228.6,filled,False,2026-04-24 14:28:01.244166+00:00,2026-04-24 14:28:01.741823+00:00,6db18152-5ca6-4e31-9f0c-955dd76e9160
38371d4f-3665-418f-8379-67440907452f,MSTR,buy,limit,85.0,85.0,170.95,175.09,filled,False,2026-04-27 17:40:47.377791+00:00,2026-04-27 17:40:47.776053+00:00,b18f21a0-ae83-477b-970e-fb769f6d45b4
807f9760-d248-4253-ac0e-8cc563e26423,AMD,sell,market,43.0,43.0,336.505348,,filled,False,2026-04-27 17:47:31.172561+00:00,2026-04-27 17:47:33.554917+00:00,9ac0cb37-222e-47b4-88a4-0f98fff3d2a6
47fb3624-f494-4872-9235-c23e196589a1,ARM,sell,market,65.0,65.0,216.95,,filled,False,2026-04-27 17:47:31.282590+00:00,2026-04-27 17:47:32.937430+00:00,edd28299-f2f6-4451-842c-83298856fcc5
74eafddf-9922-4bc2-bf1a-d00cdfeac813,MARA,sell,market,1313.0,1313.0,11.25,,filled,False,2026-04-27 17:50:51.855112+00:00,2026-04-27 17:50:52.833899+00:00,08b991a3-2d65-4252-8881-af6233d65a40
dce8541f-9de7-42ae-b380-537c2c2be869,AMD,buy,limit,45.0,45.0,320.086667,322.53,filled,False,2026-04-28 14:45:15.317264+00:00,2026-04-28 14:45:18.084486+00:00,6eb2a04b-c477-4c48-afd3-7983867b9a93
34e37472-69e6-4ac1-99d5-52f2d46dc884,IONQ,buy,limit,334.0,334.0,43.67003,43.89,filled,False,2026-04-28 14:45:16.544362+00:00,2026-04-28 14:45:17.905707+00:00,d6a77593-38f8-4427-b5a5-e88a09907ab7
c3ac2020-8204-41ff-ae70-ed602af8ed4b,MSTR,sell,market,85.0,85.0,165.88,,filled,False,2026-04-28 17:40:35.990170+00:00,2026-04-28 17:40:36.487556+00:00,0648bada-41f2-448f-ac81-e8565327cecc
38dfb20e-fc4e-4c37-8bad-7079cc117a07,IONQ,sell,market,334.0,0.0,,,canceled,False,2026-04-28 22:38:25.191983+00:00,,ce61bc13-5da2-4cd2-8134-3d52f0dd0880
2f1e9f8a-d7b2-4452-a52a-09588c6a8b06,IONQ,sell,market,334.0,334.0,41.07,,filled,False,2026-04-29 17:40:49.719052+00:00,2026-04-29 17:40:51.019730+00:00,6126d2b2-0db8-47b6-a86a-03c966ffdb47
39a285f7-73de-4781-b243-617c08d11ba9,SOXL,buy,limit,123.0,123.0,114.589919,117.81,filled,False,2026-04-29 17:40:57.835334+00:00,2026-04-29 17:40:59.402961+00:00,6ffeadd3-e888-40da-9f40-f5f4b7094f6a
ccc0a5f6-2e47-4bcc-835e-0b8b1d8aaa18,RKLB,buy,limit,180.0,180.0,81.96,82.06,filled,False,2026-04-30 14:44:47.985422+00:00,2026-04-30 14:44:48.604793+00:00,4b7668c9-72be-4500-a5f5-8216383ea7fa
49dc075b-4084-451f-b2a0-f5dc56763e99,MARA,buy,limit,1274.0,0.0,,11.59,expired,False,2026-04-30 14:44:48.816303+00:00,,1e7c2eac-922e-4a60-ae87-f54e35be1609
32601b2d-409f-402a-b5c5-d4df201c0113,RIOT,buy,limit,888.0,0.0,,16.62,expired,False,2026-04-30 14:44:49.935067+00:00,,1cae8367-1703-40ef-b172-f9555e8bedeb
63e57b91-6695-43a9-b88f-bf247227a794,SLB,sell,market,349.0,349.0,56.62,,filled,False,2026-04-30 17:41:03.357071+00:00,2026-04-30 17:41:05.049573+00:00,47ef5f2c-7c6f-45f9-8ea6-a9c8c3d3067a
ade9b736-02bc-4d2e-b32d-8d96cc720d7e,SOXL,sell,market,123.0,123.0,126.190163,,filled,False,2026-04-30 17:41:03.404078+00:00,2026-04-30 17:41:05.308864+00:00,988fcb4d-7020-490f-856f-adaba173e877
45b0642b-f566-460e-933c-90cdf15dbce3,AAPL,buy,limit,53.0,53.0,282.153585,284.54,filled,False,2026-05-01 14:46:09.550300+00:00,2026-05-01 14:46:11.663970+00:00,be0b700c-bc4e-4b06-bfab-007ca22ee075
b805bcb9-d8a1-40d9-accf-2269ddcd990f,AMZN,buy,limit,55.0,55.0,270.81,270.9,filled,False,2026-05-01 14:46:11.265049+00:00,2026-05-01 14:46:11.617072+00:00,73b40a92-e24c-43a8-934e-9ae6519aba53
248db4ed-8331-4646-a159-b1dc51112483,ARM,buy,limit,71.0,71.0,212.75,212.75,filled,False,2026-05-01 14:46:17.248635+00:00,2026-05-01 14:49:06.763414+00:00,531463d4-b758-48de-b020-af23d040c74d
655ab69d-0f3d-44fb-b2c5-e8e7d935316b,SOXL,buy,limit,120.0,120.0,125.946,126.04,filled,False,2026-05-01 14:46:18.387240+00:00,2026-05-01 14:50:15.043270+00:00,0c273d69-82f7-4ad0-b84b-f363e1c1d0f5
e3b01c13-7357-42fa-8288-f1641330fcf8,FNGU,buy,limit,599.0,599.0,25.3,25.3,filled,False,2026-05-01 14:46:18.704991+00:00,2026-05-01 14:50:13.369397+00:00,4e5f129f-0762-4dde-beb5-ad9cc8481f2f
ea3f4f4b-7189-45f5-b1ab-277893531858,AMD,sell,market,45.0,45.0,361.59,,filled,False,2026-05-01 18:07:01.243510+00:00,2026-05-01 18:07:01.500340+00:00,8e5c582d-b885-4202-8dc6-51cc361caf6c
99b9b620-5a00-4553-a07c-fde1ab3ff52a,SMCI,buy,limit,887.0,887.0,27.96,28.29,filled,True,2026-05-04 17:05:14.442488+00:00,2026-05-04 17:05:15.178932+00:00,7929be63-ef52-4ae4-9c0a-e440a4425bbd
513f89b5-765e-4c81-a5d9-db5343e752f1,COIN,buy,limit,122.0,122.0,203.89,204.14,filled,True,2026-05-04 17:05:21.571305+00:00,2026-05-04 17:05:21.982251+00:00,2a59fdcb-60a4-45b9-b69c-0363dcae3fb1
e20cc785-993c-4676-ba52-a11fa0d71085,WULF,buy,limit,1148.0,1148.0,21.85,21.85,filled,True,2026-05-04 17:05:34.187016+00:00,2026-05-04 17:07:33.901701+00:00,df4ab9d2-ff2a-47a7-8d63-85a146fc12b0
632a2c9d-7a39-4ea5-b692-39a82067f3ba,IONQ,buy,limit,521.0,521.0,46.6219,48.45,filled,True,2026-05-04 17:48:17.488891+00:00,2026-05-04 17:48:19.968051+00:00,a5a4431a-f25e-400e-80b7-0a2a1b185e6d
d1711ea6-b446-4464-96bf-6626116ecd34,IREN,buy,limit,500.0,500.0,50.35,50.39,filled,True,2026-05-04 18:18:32.108222+00:00,2026-05-04 18:18:32.848104+00:00,37fb6fed-ade1-423d-a1c8-6eda607fdba5
9b307010-6eb2-4221-9951-03237e0c3939,ARM,sell,market,71.0,71.0,201.95,,filled,False,2026-05-04 18:47:48.659330+00:00,2026-05-04 18:47:49.030694+00:00,a76342ae-e67d-49c1-9685-14f2392df896
190fcbf0-35c0-4585-ac2f-6246c2e5c5ba,HOOD,buy,limit,161.0,161.0,76.83,77.89,filled,True,2026-05-04 22:02:42.475025+00:00,2026-05-04 22:02:42.710638+00:00,35af9ac7-6d45-478d-938b-0c4012559593
ce2ca6ac-68b4-457b-adb1-83f34ef16176,MSFT,buy,limit,29.0,29.0,412.9,419.35,filled,True,2026-05-04 22:53:45.873756+00:00,2026-05-04 22:53:46.673712+00:00,c739962b-8a82-417a-bcdf-7d6e2ddca226
6efd68e3-9c78-4f90-a3fd-7be2b55cfe34,IONQ,sell,market,521.0,0.0,,,canceled,False,2026-05-05 00:30:09.691982+00:00,,f3ff0bf5-2c7b-4d97-bd4d-c471aed76dc0
97edaf94-d43c-40ea-9797-eaf8e86399ab,IREN,sell,market,500.0,0.0,,,canceled,False,2026-05-05 00:30:09.748590+00:00,,d83dce2f-0a35-4204-a3dc-083a4e11742a
e16a7027-e019-412a-a99e-64c43841e7a1,HOOD,sell,market,161.0,0.0,,,canceled,False,2026-05-05 00:30:09.797558+00:00,,807cf4eb-bd59-4546-8f96-aad9477a943c
c0aa4640-e01c-4ca7-aea4-4d8ccf7f20b9,MSFT,sell,market,29.0,0.0,,,canceled,False,2026-05-05 00:30:09.847674+00:00,,caa68920-375a-40af-a80d-b0bec6c5e45e
2f16c34f-3a7c-4eec-af47-59496595b5b8,CIFR,buy,limit,1391.0,0.0,,18.53,canceled,True,2026-05-05 13:45:02.929327+00:00,,6b3169c3-d7e9-4ebf-b714-dd4e9023c149
67612f4b-503e-43ae-b3c0-b134a4dff9e5,CIFR,buy,limit,1396.0,0.0,,18.53,canceled,True,2026-05-05 13:48:34.177762+00:00,,11c120ad-bf18-4625-8e4e-010c198222ea
d4c4ac57-1c67-407e-8c4e-8502a23c6f90,AVGO,sell,market,118.0,118.0,425.357034,,filled,False,2026-05-05 13:49:00.218464+00:00,2026-05-05 13:49:01.602397+00:00,195e78f3-019c-49fe-8c77-c4921de86d6e
8832ed0a-29be-450e-9fc3-75ffc9fa96f7,CLSK,buy,limit,1953.0,1953.0,13.274465,13.28,filled,True,2026-05-05 13:51:54.869096+00:00,2026-05-05 13:59:46.866066+00:00,247d3fb8-ca1f-4424-b88c-a04908d5e44f
e4237cc4-bb48-4360-a6be-19225cdd22f7,CIFR,buy,limit,1369.0,1369.0,18.921001,18.94,filled,True,2026-05-05 13:51:55.235327+00:00,2026-05-05 14:15:25.475093+00:00,c6ca60a1-f728-4e7d-8aeb-d24a4b8cf5b9
1932ec94-cb1f-4461-b1d0-83e617e2222f,RKLB,sell,market,180.0,180.0,77.374222,,filled,False,2026-05-05 14:16:25.071143+00:00,2026-05-05 14:16:26.547486+00:00,7b07133d-915e-4c84-aac9-4dd1e4961854
6fc0b8d2-c614-4179-8ab2-dce588782d7a,SOXL,sell,market,120.0,120.0,142.249417,,filled,False,2026-05-05 14:29:39.778394+00:00,2026-05-05 14:29:40.555364+00:00,b60a9db7-c7b7-44dc-a54d-d72df9de95c5
c4d9d77a-7a46-4767-bc30-4d4460c2e5b4,CIFR,sell,market,1369.0,1369.0,21.22,,filled,False,2026-05-05 18:30:42.297138+00:00,2026-05-05 18:30:43.045432+00:00,f112de1a-19e7-4a06-8f9c-2919659ba6bc
5f438c0d-bb0a-422e-a466-fdc70b8de83f,QCOM,buy,limit,149.0,149.0,182.75,182.79,filled,True,2026-05-05 18:32:08.917439+00:00,2026-05-05 18:40:56.493266+00:00,eabfb828-9598-4c0a-b6af-38d501556f77
637695f1-c6ea-4b6c-935f-1bd232e0f71d,SMCI,sell,market,887.0,0.0,,,canceled,False,2026-05-05 20:23:01.008145+00:00,,5857a04d-d8d4-4e34-8949-3ebf4c26ce9e
304825f0-6792-4a23-8d63-5ffb38c8c189,QCOM,sell,market,149.0,0.0,,,canceled,False,2026-05-06 00:32:30.917902+00:00,,bbb53f8f-cd44-47bc-ba6f-a5704deb1848
9b9e8da9-77d8-4800-9c62-1872e2de4099,SMCI,sell,market,887.0,887.0,32.02,,filled,False,2026-05-06 08:00:52.283635+00:00,2026-05-06 13:30:13.441550+00:00,c791287e-ed3d-45b0-abc5-317f5f51a103
ef95b810-a818-4d06-a555-27ccb778f412,AMD,buy,limit,34.0,34.0,423.890588,423.92,filled,True,2026-05-06 10:52:58.534771+00:00,2026-05-06 11:32:35.712734+00:00,a65afda0-3031-43d5-bd2a-85b6f550e579
1afb5172-333b-40d6-b833-fa213f85c114,AMD,buy,limit,34.0,34.0,426.07,426.25,filled,True,2026-05-06 10:58:04.100392+00:00,2026-05-06 10:58:06.262316+00:00,c0ae4c5f-7b1f-443b-b007-29f47104b18c
8252e81e-3bfb-4dcc-b7c3-ae7b8828f9c3,IREN,sell,market,500.0,500.0,57.34,,filled,False,2026-05-06 11:08:14.745648+00:00,2026-05-06 13:31:16.911926+00:00,33cc0d5c-696a-4315-9516-b9b643e806ea
49aed499-f4b6-441a-af7c-613344e41ef2,ARM,buy,limit,63.0,63.0,235.3,235.39,filled,True,2026-05-06 11:18:26.332291+00:00,2026-05-06 11:23:11.037170+00:00,00066a67-2c13-4e8b-8568-bb2811b76392
cab6842f-ff94-4241-8335-3bca8add2374,LCID,buy,limit,2488.0,2488.0,6.04,6.04,filled,True,2026-05-06 11:28:38.646863+00:00,2026-05-06 11:39:04.752391+00:00,87603a0f-69fb-475d-9db9-baa7b118ae42
fd1e2d07-898b-4fd2-bad3-c0f7070f71e4,LCID,buy,limit,2478.0,2478.0,6.05,6.08,filled,True,2026-05-06 11:38:51.577263+00:00,2026-05-06 11:38:51.846279+00:00,13d81d87-95e3-4578-bf5f-7f465ae85f99
c685ebfe-727f-4bd2-8e65-ddf2c6c3d459,WULF,sell,market,1148.0,1148.0,24.67,,filled,False,2026-05-06 11:49:03.734424+00:00,2026-05-06 13:31:11.236334+00:00,43babfd3-a116-42d7-a1f5-ce3f23d5f753
8b03a1f0-26c0-4450-a476-1bebdb9018a9,OXY,buy,limit,527.0,527.0,56.34,56.34,filled,True,2026-05-06 13:45:41.385715+00:00,2026-05-06 13:48:10.574793+00:00,5236bd0b-47b9-4e45-8a57-ee08bd8a601e
ab4c6745-d4a9-4e79-b1f3-5b1338c0373b,VLO,buy,limit,122.0,122.0,240.96,242.67,filled,True,2026-05-06 13:45:41.862085+00:00,2026-05-06 13:45:43.413025+00:00,dd4e3667-0788-481d-875f-a8166b3d0979
2aaf4578-e00e-428b-bcc3-7fc50cfecbce,FANG,buy,limit,149.0,149.0,196.66,198.76,filled,True,2026-05-06 13:45:42.204062+00:00,2026-05-06 13:45:43.771118+00:00,2bc603e9-3b05-4a77-9079-80512deab502
d06817e2-e6ec-4179-b789-9cd238deca5c,COP,buy,limit,246.0,246.0,119.02,119.08,filled,True,2026-05-06 13:51:57.384340+00:00,2026-05-06 13:52:35.121961+00:00,8dbc6392-914a-45d7-bf83-547c2e3710db
b1d74ad0-945b-420a-88b8-18a6fbd781a4,ACHR,sell,market,3721.0,3721.0,6.168431,,filled,False,2026-05-06 13:56:14.698898+00:00,2026-05-06 13:56:17.019697+00:00,73786943-7f3e-4244-bfc1-46495df8f3c3
7a9c8368-cffb-4c74-94f5-40b148ffcbaa,COIN,sell,market,122.0,122.0,193.614098,,filled,False,2026-05-06 14:06:17.794484+00:00,2026-05-06 14:06:22.810165+00:00,8b57b6d7-07e4-4ac6-8539-f819c5f4e039
447e47fc-3919-42fc-ab9e-7a2511b6da06,ARM,sell,market,63.0,63.0,221.57,,filled,False,2026-05-06 14:20:13.657241+00:00,2026-05-06 14:20:13.968381+00:00,fd1e1e01-fd8f-44bd-80e6-a288f88454b4
761999c1-a690-4f4d-9432-831676957023,AMD,sell,market,68.0,68.0,403.62,,filled,False,2026-05-06 14:23:23.341204+00:00,2026-05-06 14:23:24.065955+00:00,2b60c78e-8c34-438a-b02c-e9f6f4e28fc1
fac2e6eb-d89f-47d1-9376-80a7080305d8,NVDA,buy,limit,140.0,140.0,204.48,205.64,filled,True,2026-05-06 14:26:31.221552+00:00,2026-05-06 14:26:32.162625+00:00,254ebce6-9b9f-4fea-9c21-2341c7da0958
ff542062-014b-4bf6-9b48-c00c2c09907b,IONQ,sell,market,521.0,521.0,52.518906,,filled,False,2026-05-06 17:27:20.725278+00:00,2026-05-06 17:27:22.277294+00:00,6cd29776-90c5-4069-9637-63107ca98d74
e49cfa87-375f-477c-b0ee-89cc04b81239,NVDA,sell,market,140.0,0.0,,,canceled,False,2026-05-06 22:28:12.407944+00:00,,a5224cce-784a-4bc8-a8ec-20e042a57d26
c105c1fe-0fcc-4ea5-a4ce-0158d3c9940c,IONQ,buy,limit,574.0,574.0,50.17,50.22,filled,True,2026-05-07 13:42:15.025579+00:00,2026-05-07 14:24:54.157164+00:00,91300904-f120-437d-be77-d6a1dc7fd2fb
234cc249-c996-4c4c-ad93-3757bcc85987,MRNA,buy,limit,559.0,559.0,51.420573,51.58,filled,True,2026-05-07 13:42:16.754126+00:00,2026-05-07 13:42:19.433383+00:00,ba7a2529-e975-4bdf-a065-1947b33df0ab
cc70e016-0af2-4cf2-9f9f-04e2eb41ccec,RIOT,buy,limit,1209.0,1209.0,23.13,23.77,filled,True,2026-05-07 13:45:29.788638+00:00,2026-05-07 13:45:30.122330+00:00,8a622ad0-49a0-4256-9881-80378749f6d8
c7af2ac5-f948-430f-8bfa-e5852a4cd7ff,AMD,buy,limit,68.0,68.0,413.17,417.9,filled,True,2026-05-07 13:51:46.684789+00:00,2026-05-07 13:51:48.043497+00:00,b05a38c6-1700-48e9-b7de-594d0b465b73
391fddc1-7b5f-49e0-af72-dd78f5929074,ARM,buy,limit,127.0,127.0,221.189843,224.55,filled,True,2026-05-07 13:51:47.304983+00:00,2026-05-07 13:51:48.391195+00:00,d41ba237-087e-48ce-badc-535680a3e1c9
3021cc15-41e0-422e-a674-952b992597df,VLO,sell,market,122.0,122.0,228.13,,filled,False,2026-05-07 14:04:28.651782+00:00,2026-05-07 14:04:28.875460+00:00,848e145d-37ac-4dbc-b841-e7ef37aa36d8
32f7b153-7e77-4f6c-aeae-1785120d2cca,OXY,sell,market,527.0,527.0,53.51,,filled,False,2026-05-07 14:10:47.123037+00:00,2026-05-07 14:10:48.723726+00:00,e70d8e31-d5f9-4945-a759-34eb3f4b1195
bb791ea2-f828-4371-bacb-2fe48b8af58e,MRNA,sell,market,559.0,559.0,48.72,,filled,False,2026-05-07 14:26:33.119544+00:00,2026-05-07 14:26:37.686358+00:00,1c59f196-5470-4adc-838f-a2d6aabe4a8b
a5153adf-5c46-4b46-953f-b639f2536881,FNGU,sell,market,599.0,599.0,28.39,,filled,False,2026-05-07 14:28:26.007550+00:00,2026-05-07 14:28:26.299217+00:00,047b2a13-523b-497b-ac39-e2f37d6c7ff2
c13de743-0f9a-480b-b10d-73995bf70cec,MARA,buy,limit,2209.0,2209.0,12.94,13.04,filled,True,2026-05-07 14:32:54.044411+00:00,2026-05-07 14:32:55.766121+00:00,bb10c823-94f5-40a1-bc8a-9b6d235645a6
4888a12c-8a4d-4de8-b9bc-dfd85c65dfc7,QCOM,sell,market,149.0,149.0,206.85,,filled,False,2026-05-07 15:18:43.939849+00:00,2026-05-07 15:18:44.341527+00:00,172b6d24-7bf0-4c56-91c8-218214da4ed5
c077e99b-070a-405a-bccc-b0a3a4608d9f,IONQ,sell,market,574.0,574.0,47.639844,,filled,False,2026-05-07 16:07:26.917009+00:00,2026-05-07 16:07:30.370588+00:00,04691e19-0ce6-40f0-ac95-f796ff662acb
2ece859f-ee02-4fb5-ada0-0d59872b777d,TSLA,buy,limit,68.0,68.0,406.312206,413.98,filled,True,2026-05-07 16:10:40.723175+00:00,2026-05-07 16:10:43.269406+00:00,f7b71229-cbbd-4152-b422-7cd2314fd573
8dc01ad0-94db-49ae-b7b7-ddcb6b5ad1ae,MARA,sell,market,2209.0,2209.0,12.28,,filled,False,2026-05-07 17:26:33.383350+00:00,2026-05-07 17:26:33.965361+00:00,37ccd08a-3736-401d-ba79-505a1b8f6b8f
683277d0-75f7-4f89-9488-b75b58b54dbf,SMCI,buy,limit,789.0,789.0,33.056616,35.07,filled,True,2026-05-07 17:29:42.599259+00:00,2026-05-07 17:29:44.319187+00:00,7a213c3d-597a-467f-9d8b-62f9470d2981
f4a06c1a-8275-440c-acc6-f669d99168d9,ARM,sell,market,127.0,0.0,,,canceled,False,2026-05-07 21:49:48.797664+00:00,,4786c086-c86f-4fdf-9f06-f53c2c4fb4d8
38cc6931-67a4-4e0a-8a26-bb7953f2af30,SMCI,sell,market,789.0,0.0,,,canceled,False,2026-05-08 00:32:40.487160+00:00,,46ac9b34-270a-413c-aa70-8d4bbfe28b19
aa115923-c7d5-4310-bb5d-22d29fff1728,RKLB,buy,limit,168.0,168.0,84.9,85.34,filled,True,2026-05-08 11:58:58.665338+00:00,2026-05-08 11:58:59.526887+00:00,647579e6-db04-4a29-8437-f51172933bb1
ee9000d9-ae05-47da-be33-292882103473,IREN,buy,limit,444.0,444.0,62.710541,64.68,filled,True,2026-05-08 13:35:48.268858+00:00,2026-05-08 13:35:49.283629+00:00,f074a1c6-ffff-415e-9169-e31ce98b650d
19fbfe27-c2bf-46e8-a2f8-7c238ae3694a,IREN,sell,market,444.0,444.0,59.21,,filled,False,2026-05-08 13:51:22.308671+00:00,2026-05-08 13:51:23.622026+00:00,592638a5-56d2-4a18-8fa2-897abba6fe89
92b211be-6f25-4379-ac0a-4ee9d52654ab,MRNA,buy,limit,574.0,0.0,,49.99,canceled,True,2026-05-08 13:54:32.259459+00:00,,7bc983f6-e26a-4a50-b5c3-b761b71e48cb
4f6026e6-b2d2-49f7-bfd2-8c64a6d1a63a,RKLB,sell,market,168.0,168.0,97.15,,filled,False,2026-05-08 14:05:21.000168+00:00,2026-05-08 14:05:21.745361+00:00,bd49c2d1-6a6a-4991-86ff-965d36903040
a4ed8975-785e-4357-899f-f73c112b2852,MRNA,buy,limit,570.0,0.0,,51.12,canceled,True,2026-05-08 14:07:03.772048+00:00,,9167bd93-b515-4e6a-b663-7b976b774da0
3d80f3a2-ed51-4419-92b0-03de3d519619,ARM,sell,market,127.0,127.0,207.850866,,filled,False,2026-05-11 08:03:21.585608+00:00,2026-05-11 13:36:14.349878+00:00,412c454a-8276-456b-9911-95890fb7f88d
c9f4d2e3-dcda-4dfe-9a3a-69021a4bdc85,AMD,sell,market,68.0,68.0,461.973529,,filled,False,2026-05-11 11:28:35.437871+00:00,2026-05-11 13:34:31.235461+00:00,cd366b9d-04be-4882-a46a-b251ceb1752e
e7f7cd30-576f-411c-8223-e354203b20ed,MU,buy,limit,37.0,37.0,783.741892,794.45,filled,True,2026-05-11 13:42:14.905560+00:00,2026-05-11 13:42:16.953136+00:00,5fc53469-17d2-4f6d-b45d-7100e4510cbb
1666b998-96bc-4222-84cd-6c4df242f12d,WOLF,buy,limit,609.0,609.0,49.069852,49.19,filled,True,2026-05-11 13:42:15.367234+00:00,2026-05-11 13:49:03.988919+00:00,62954a11-d487-4097-b2c8-983ea96e3605
60b59ccd-e417-4cd4-afb5-3e11524cca09,CLSK,sell,market,1953.0,1953.0,14.9,,filled,False,2026-05-11 15:29:42.027221+00:00,2026-05-11 15:29:45.702953+00:00,32fc0c21-fe68-4f8c-b054-0571a3189f9f
efa7d197-d2f5-4bdc-9996-576b45b02855,RKLB,buy,limit,130.0,130.0,117.49,118.62,filled,True,2026-05-11 20:23:07.976524+00:00,2026-05-11 20:23:08.787220+00:00,cb7cfd1c-ae45-4f26-8910-bc00e65cee51
c500f347-0c27-4d2b-822f-b5ee586c0556,RKLB,sell,market,130.0,0.0,,,canceled,False,2026-05-12 00:32:28.111700+00:00,,13a51757-bb46-4e21-80be-743ace81f5ba
3af8d338-4bf0-451c-bb08-9db88423e1f1,IREN,buy,limit,275.0,275.0,54.97,54.98,filled,True,2026-05-12 13:15:26.579510+00:00,2026-05-12 13:16:31.911598+00:00,598d7c36-1970-47af-8420-7bb6bea27ffb
83bdcbc3-f829-419e-a76d-19f5d385a78e,AMD,buy,limit,67.0,67.0,456.62,456.97,filled,True,2026-05-12 13:45:12.738145+00:00,2026-05-12 13:45:13.843800+00:00,c2df35c6-ad4a-4723-9886-b16d78be94c7
be27dc5f-66b3-481a-bd4f-effab231e82d,ARM,buy,limit,145.0,145.0,211.59,211.69,filled,True,2026-05-12 13:45:13.149329+00:00,2026-05-12 13:57:34.449873+00:00,859087b7-cf70-4d16-9304-2f072d9c58f8
b924cc00-2138-467d-8193-acc6d22c362d,WOLF,sell,market,609.0,609.0,46.28,,filled,False,2026-05-12 14:50:47.119497+00:00,2026-05-12 14:50:49.349822+00:00,4097d198-0441-46a7-8297-3b64885a5a07
4c71ccbf-4308-40e1-a718-d5a69696b68b,MU,sell,market,37.0,37.0,742.175676,,filled,False,2026-05-12 15:12:46.701936+00:00,2026-05-12 15:12:48.800686+00:00,bcaa5f3c-c127-4fc2-a1c3-7db0ffa2185b
7449ffc2-394f-4adc-9a6d-59977ac0f118,AMD,sell,market,67.0,67.0,432.51,,filled,False,2026-05-12 15:59:33.996625+00:00,2026-05-12 15:59:34.287957+00:00,8bd4d3d0-fe35-4c9d-94ae-c4db5df048b7
e672e56e-1a29-48cd-9c98-86d496a56f6b,SMCI,sell,market,789.0,789.0,31.29,,filled,False,2026-05-12 15:59:34.052668+00:00,2026-05-12 15:59:35.024951+00:00,b35e5c19-bfa8-484d-be3f-5a4616fe5423
1b024899-9a5b-4b1c-92de-e5da3944835e,ENPH,buy,limit,781.0,781.0,36.51,36.68,filled,True,2026-05-12 17:30:01.186477+00:00,2026-05-12 17:30:02.667710+00:00,1aab2523-0714-433b-ad19-fcf052e0aa26
57700d52-751f-442f-b5d9-ec743029cd27,IREN,sell,market,275.0,0.0,,,canceled,False,2026-05-12 21:19:30.332126+00:00,,ffdfbda0-4b07-41f1-b49e-1250c55f654e
7c6b82d9-2c51-4b05-a6df-329e559aaf4d,CORZ,buy,limit,1221.0,1221.0,23.43,24.08,filled,True,2026-05-13 13:43:02.370406+00:00,2026-05-13 13:43:02.817381+00:00,e145e24f-3723-4505-b220-7038730cdad5
47aa1048-a21c-4a8a-9def-5579d3663ab4,MRVL,buy,limit,169.0,0.0,,172.42,canceled,True,2026-05-13 13:46:09.904392+00:00,,6f82d4f3-686e-4500-b764-5a579e4b09e8
92fa85bd-0c0c-409e-93d4-cd2b1b381414,MRVL,buy,limit,168.0,0.0,,172.42,canceled,True,2026-05-13 13:49:16.768802+00:00,,f653a5c4-613e-4ca3-b5ab-be2e39e4b44a
4ba8d953-52b3-4a4d-96b3-bc12e5378093,ENPH,sell,market,781.0,781.0,41.26,,filled,False,2026-05-13 14:26:26.489655+00:00,2026-05-13 14:26:26.886369+00:00,fbc227e8-a85c-4e0c-a3fe-a8bbd5cf9b22
672a289c-ef7f-489d-b82f-d0f38c28be87,NVDA,sell,market,140.0,140.0,231.07,,filled,False,2026-05-14 13:37:50.602350+00:00,2026-05-14 13:37:51.218704+00:00,1e4cd821-e5a5-4e39-9d1f-dfc294d14981
818f789f-92cf-4b72-bea8-101d960ade25,IONQ,buy,limit,563.0,563.0,54.95,54.95,filled,True,2026-05-14 13:51:41.500645+00:00,2026-05-14 13:53:35.774362+00:00,06e3a359-b4b6-4ab1-bfde-a3b89e32850a
22b642b4-3661-48a6-a748-9774754ba930,MU,buy,limit,38.0,38.0,802.07,802.39,filled,True,2026-05-14 13:51:44.991829+00:00,2026-05-14 13:55:08.141436+00:00,d5b93f69-81e7-4a3c-8f80-487fc3d0aead
59da32dc-433b-4221-85c5-290ae670635c,MU,buy,limit,38.0,38.0,802.156316,802.39,filled,True,2026-05-14 13:54:51.950337+00:00,2026-05-14 13:55:08.983283+00:00,31346312-86a3-466d-ba60-f51ae5cba374
beab6a85-7cc9-4bdc-be5c-54445481b148,RKLB,sell,market,130.0,130.0,131.56,,filled,False,2026-05-14 16:28:36.310012+00:00,2026-05-14 16:28:38.332867+00:00,92510edc-d2c1-4cdc-aa30-9cb75aa2351d
3aea425b-402c-48ed-83db-58524281ba70,SMCI,buy,limit,477.0,477.0,33.02,33.7,filled,True,2026-05-14 20:22:19.170778+00:00,2026-05-14 20:22:19.391248+00:00,51eb29af-8742-4c81-a78f-15eb82183c1f
8afa2ded-50fd-40cb-9b89-8325592f396c,SMCI,sell,market,477.0,0.0,,,canceled,False,2026-05-15 00:31:55.478805+00:00,,6b9cde11-32c8-41e0-a9ab-e89716fbc84f
2afd620d-5976-4f89-bef6-c29a816b2d8b,MU,sell,market,76.0,76.0,740.34,,filled,False,2026-05-15 08:05:07.720953+00:00,2026-05-15 13:30:33.155575+00:00,65f32daa-e85e-499c-a2cf-c4d258971d86
9f71723e-1da4-4ca4-830d-607a63f00eae,ONDS,buy,limit,1398.0,1398.0,10.95,11.01,filled,True,2026-05-15 11:04:16.056159+00:00,2026-05-15 11:04:17.172515+00:00,982b68ca-79fe-4c77-842b-3fd773a55721
4ef73a87-d5bc-41a8-8240-03a313036c01,SMCI,sell,market,477.0,477.0,31.29,,filled,False,2026-05-15 13:39:39.581719+00:00,2026-05-15 13:39:39.980355+00:00,bfee189e-f53f-4d80-80d4-6715e20dd055
1ee1018c-7516-4f59-81db-babe7747b6a4,IONQ,sell,market,563.0,563.0,52.114885,,filled,False,2026-05-15 13:40:10.667574+00:00,2026-05-15 13:40:11.775164+00:00,fef8c052-3950-4e72-b31a-915453cf3df8
fcfb7309-ca83-4c55-8747-855bf61ec5c5,SPCE,buy,limit,9748.0,9748.0,2.98,2.99,filled,True,2026-05-15 13:46:29.814527+00:00,2026-05-15 13:46:30.846196+00:00,8700e256-1c7f-4e0b-b1b8-e57217150d32
f209d308-6f61-4de1-90a2-9da0cbc122ab,SPCE,sell,market,9748.0,9748.0,2.81,,filled,False,2026-05-15 13:49:41.836335+00:00,2026-05-15 13:49:42.123460+00:00,3c107c98-bdd5-49de-878a-07497fae5dfe
6e0d771e-9303-48fa-9822-c765fe69534a,QCOM,buy,limit,142.0,142.0,203.513662,203.57,filled,True,2026-05-15 13:53:06.906297+00:00,2026-05-15 13:58:07.503748+00:00,8a39e0f4-4482-4474-84bc-2b0936a370ba
31de5f30-e164-4c7b-a9dd-fd771874d915,IREN,sell,market,275.0,275.0,52.276072,,filled,False,2026-05-18 08:03:35.645291+00:00,2026-05-18 13:37:44.564400+00:00,14500f71-05d5-42e0-a999-355648d42f9e
7a4e2ae9-c30f-4d9c-9be4-8dcb57f48054,MRVL,buy,limit,79.0,79.0,182.13,182.19,filled,True,2026-05-18 12:55:06.459440+00:00,2026-05-18 13:25:46.332164+00:00,dbfbe517-d1bd-4ffe-8adb-ee57036c128b
23b4f485-0293-49fd-8e19-463b498a848e,MRVL,buy,limit,78.0,78.0,183.68,183.7,filled,True,2026-05-18 13:00:13.700660+00:00,2026-05-18 13:00:15.030712+00:00,807a5684-32ac-44b1-a8ca-b46d75e9affe
b4257d12-67c1-4d12-93a9-f367879ad850,ONDS,sell,market,1398.0,1398.0,10.24,,filled,False,2026-05-18 13:39:01.507415+00:00,2026-05-18 13:39:05.331927+00:00,b42e6d83-900e-412b-bd80-319ccd0ecc87
80fc2a25-2174-4f7f-9273-2e11dcdf3bd7,MU,buy,limit,36.0,36.0,734.85,750.93,filled,True,2026-05-18 13:42:16.629864+00:00,2026-05-18 13:42:17.664017+00:00,953491d0-f78f-4e42-a7b4-45a09f786c31
2ea8e3ce-4bba-488e-a002-3d5b84639aae,UNH,buy,limit,70.0,70.0,384.999714,386.77,filled,True,2026-05-18 13:45:23.193403+00:00,2026-05-18 13:45:29.392487+00:00,8cc026c1-5349-4b43-82d7-7de1dc976981
636102d7-ab0f-4c6c-ba32-4d917f862de4,MRVL,sell,market,157.0,157.0,173.55,,filled,False,2026-05-18 13:48:29.270170+00:00,2026-05-18 13:48:30.498295+00:00,d9e5df00-26be-4cff-9c30-768fa4ac5bac
c7f4b406-2304-4eb1-9f12-170d3b8ac91e,WOLF,buy,limit,424.0,424.0,63.0,65.23,filled,True,2026-05-18 13:51:41.037866+00:00,2026-05-18 13:51:41.597478+00:00,5e8c7bef-5bba-4638-a174-b955c690c997
6913759c-f33d-419a-b424-adf8138a7f34,LCID,sell,market,4966.0,4966.0,5.73,,filled,False,2026-05-18 14:00:59.092392+00:00,2026-05-18 14:01:07.071406+00:00,28c73109-2773-4772-86cc-cafd35c14039
c8ae5e99-b94b-45c0-ba6b-3ed40aab3bc0,WOLF,sell,market,424.0,424.0,59.4,,filled,False,2026-05-18 14:29:17.068507+00:00,2026-05-18 14:29:17.317805+00:00,f938b807-e47c-4a67-9a28-a8ae4dbfb1f8
d4206525-6c14-412a-a37e-6eafbe0a4f2f,SOFI,buy,limit,1661.0,1661.0,16.07,16.17,filled,True,2026-05-18 14:30:11.431721+00:00,2026-05-18 14:30:12.776603+00:00,1e138440-13c2-4141-bf9f-ae7c31a8486d
39f1a302-9ac0-49c9-9529-146a486b56b0,MU,sell,market,36.0,36.0,696.05,,filled,False,2026-05-18 14:45:49.368147+00:00,2026-05-18 14:45:50.115525+00:00,ebe295d0-2515-4fc2-9dd5-2cb108ba1db2
87301e2d-a96d-4a1f-80c8-b83345bf865d,SOFI,sell,market,1661.0,0.0,,,canceled,False,2026-05-18 22:33:23.742730+00:00,,dbc3dcca-4753-4955-a83e-cf95796b4ca6
81050565-2b96-4aa5-9c8d-a9485211fa41,SOFI,sell,market,1661.0,1661.0,15.23,,filled,False,2026-05-19 13:42:02.742969+00:00,2026-05-19 13:42:03.982249+00:00,2956c7a3-f0a1-442c-b0cc-ba8d8ca923d6
d63bef89-c05a-4321-9900-159ce10f6570,CLSK,buy,limit,1978.0,1978.0,13.39,13.39,filled,True,2026-05-19 13:45:13.996368+00:00,2026-05-19 13:46:06.537012+00:00,7d1fcafc-0b5a-4829-9bcd-89e8b6346c35
a377dd81-a2e3-4856-b051-7b36f3269908,MRVL,buy,limit,156.0,156.0,169.28,169.31,filled,True,2026-05-19 13:45:15.084080+00:00,2026-05-19 13:46:35.437226+00:00,da58a0e3-975c-4d4a-a854-b1161dcfb0e1
7e7d1bd8-cd96-4f92-b13c-1fc947313974,CORZ,sell,market,1221.0,1221.0,22.19,,filled,False,2026-05-19 14:10:28.718391+00:00,2026-05-19 14:10:30.294616+00:00,aaac5165-60a5-458c-a519-c202e9126f4d
277fcaa3-48f5-4a57-a7a5-a20b0f4f74cd,QCOM,sell,market,142.0,142.0,192.508169,,filled,False,2026-05-19 14:10:28.774109+00:00,2026-05-19 14:10:31.627832+00:00,6b5a05a8-4af5-4d8c-8fa2-a3d1d8bd3b22
c47fbba2-95c5-46b9-85d7-fc2cae4bc6f3,RIOT,sell,market,1209.0,1209.0,21.91,,filled,False,2026-05-19 14:17:14.927240+00:00,2026-05-19 14:17:15.439945+00:00,4a6e86e5-de66-4e3a-93fe-feb6d6dc74c4
8a775817-9dde-47e9-a24c-6ad363664de9,AMZN,sell,market,55.0,55.0,257.17,,filled,False,2026-05-19 14:23:50.268867+00:00,2026-05-19 14:23:51.375190+00:00,5133c974-c931-4cc8-bc3e-df176746091a
dbb317c9-25df-4c9c-aa8f-af346bfda27b,MRVL,sell,market,156.0,0.0,,,canceled,False,2026-05-19 21:48:43.817579+00:00,,ffa9ebf3-fae9-498c-8d7a-96ffb2757463
7392176b-eef2-4abc-a5cc-033d17976ae3,ARM,sell,market,145.0,145.0,242.372345,,filled,False,2026-05-20 13:38:05.075355+00:00,2026-05-20 13:38:07.732779+00:00,ac2ff073-1620-4e73-b81e-7f6db0e66246
80254983-5e81-493b-a3c1-881aaf043185,CLSK,sell,market,1978.0,1978.0,15.269975,,filled,False,2026-05-20 13:38:05.145594+00:00,2026-05-20 13:38:09.336874+00:00,ea53a321-77d7-4284-9503-c4e8952fda91
91770802-428d-4c98-be82-942e32d322ee,HUT,buy,limit,293.0,293.0,96.863243,96.92,filled,True,2026-05-20 13:45:14.965369+00:00,2026-05-20 13:47:18.913632+00:00,09602c80-9e62-44dc-bea0-0e6ce3681dee
d76dcebe-d4ab-45c2-8d61-b9f3c61a82d4,SOXL,buy,limit,173.0,173.0,164.24,164.25,filled,True,2026-05-20 13:45:17.932556+00:00,2026-05-20 13:51:15.309403+00:00,bbe0b356-121e-4ff5-b860-7206c3448dc6
de5caf82-96a3-448b-bb44-59cdc59b205e,MRVL,sell,market,156.0,156.0,189.856924,,filled,False,2026-05-20 13:48:06.944103+00:00,2026-05-20 13:48:10.010478+00:00,7220c760-587f-401f-ad4e-ba36a5f67a0d
140c2019-3066-4669-9fb2-87d4d9b19770,MRVL,buy,limit,149.0,149.0,189.112886,189.19,filled,True,2026-05-20 13:48:23.242399+00:00,2026-05-20 13:51:13.832455+00:00,60f3fbec-970a-48e6-9503-6204034a2915
6cf91040-b0b1-446f-b8cb-e1b063146c92,AMD,buy,limit,65.0,0.0,,430.23,canceled,True,2026-05-20 13:51:26.451533+00:00,,0b9d1c95-7474-485a-ac17-8f2dc4ed25b9
4ea4b0f7-684f-4c65-8df9-7b636a8f5d0e,CORZ,buy,limit,1213.0,1213.0,23.780816,23.79,filled,True,2026-05-21 13:45:45.065562+00:00,2026-05-21 13:47:04.218586+00:00,f15d6822-6544-4806-af7f-4733ec62742d
fdded3ef-08d8-4e42-bca5-7d15f9d53a38,QCOM,buy,limit,141.0,141.0,204.313262,204.36,filled,True,2026-05-21 13:45:45.609288+00:00,2026-05-21 15:01:30.573646+00:00,f7213429-7a30-45d4-b21e-ce3a81d4055d
bf9326b9-6246-4934-8919-d8028d29c06e,WOLF,buy,limit,473.0,0.0,,60.96,canceled,True,2026-05-21 13:45:46.262377+00:00,,bfbfcc90-4d2d-4fd6-8f9f-1b2c42a0963f
3209529f-aa5b-426c-915a-147e41e9a774,ENPH,buy,limit,517.0,517.0,55.619826,55.82,filled,True,2026-05-21 13:45:47.635266+00:00,2026-05-21 13:47:26.176010+00:00,05ce90b5-c1cb-46f3-a5c7-60e912737ac8
65ff5c84-f70f-410c-a527-444172ed89f1,QCOM,buy,limit,141.0,141.0,204.33,204.36,filled,True,2026-05-21 13:48:53.059998+00:00,2026-05-21 15:01:28.275156+00:00,7e7e5d97-3328-40c0-80fe-6c8f62777396
6cb5ceff-a966-4cd0-b175-2189acf0d38d,ENPH,sell,market,517.0,517.0,62.729923,,filled,False,2026-05-21 17:51:07.828604+00:00,2026-05-21 17:51:10.297956+00:00,c4282468-97e6-462a-8ca5-eb61690664c2
af426552-a846-4c90-824f-52ba373a412e,QCOM,sell,market,282.0,0.0,,,canceled,False,2026-05-21 21:53:55.111676+00:00,,1dab86c8-eac4-4069-aa0b-245e9a56e1c1
87dc944f-e0f1-431f-85f8-1b239d2ac798,SOXL,sell,market,173.0,173.0,187.47,,filled,False,2026-05-22 13:36:46.833104+00:00,2026-05-22 13:36:47.850895+00:00,b6ff3844-a97d-4b16-86d4-dd2b787a175d
f92a5ba2-0226-41f3-a5c2-750921cbbdb0,CLSK,buy,limit,1989.0,0.0,,15.84,canceled,True,2026-05-22 13:45:27.328388+00:00,,4961f47b-b2eb-4c24-b0fd-a19022a6bbd8
4206900f-094e-42b2-975a-2ac20e4a6cd6,CLSK,buy,limit,1995.0,0.0,,15.84,canceled,True,2026-05-22 13:48:35.506508+00:00,,742b76cc-068b-494f-84b5-bc94a295db6c
2e37ecaa-c5f8-4d21-8322-26645230a886,CLSK,buy,limit,1981.0,1981.0,15.984518,15.99,filled,True,2026-05-22 13:51:43.021778+00:00,2026-05-22 14:10:29.076541+00:00,3fb12a01-0b13-49d6-af17-c317a2278852
ac375a7a-5e0a-42c9-a686-1a603b701881,QCOM,sell,market,282.0,282.0,232.619716,,filled,False,2026-05-22 14:16:56.924498+00:00,2026-05-22 14:16:59.439874+00:00,3a916d23-4b17-4b73-a307-6c85b0ee0a8d
ac3a458a-16e7-4117-9980-fc170bfe089f,HUT,sell,market,293.0,293.0,108.21,,filled,False,2026-05-22 18:58:15.942403+00:00,2026-05-22 18:58:17.922643+00:00,e4eb86ae-8d56-4adf-9228-631e408c7b43
9a0d2232-3802-4d48-9ca6-696773d622b5,CLSK,sell,market,1981.0,0.0,,,canceled,False,2026-05-22 21:54:55.009136+00:00,,4ba4b012-750e-4907-b261-68e567ea1d04
6aefcc1a-287d-446a-ace6-8742cb685c01,WULF,buy,limit,1353.0,1353.0,24.77,24.77,filled,True,2026-05-26 13:35:54.770998+00:00,2026-05-26 16:22:55.128088+00:00,71a1ec60-ecc6-4d60-b0f3-443de3106326
ac0e3029-c023-4d39-8e79-9f87af9a3fef,MRVL,sell,market,149.0,149.0,211.388993,,filled,False,2026-05-26 13:37:08.296076+00:00,2026-05-26 13:45:46.693743+00:00,425c124e-25e9-4f55-b1e4-6649d83163a6
d9f669f4-ad3a-46ca-9892-75faf64c5895,WULF,buy,limit,1354.0,1354.0,24.77,24.77,filled,True,2026-05-26 13:39:23.310933+00:00,2026-05-26 16:22:54.696772+00:00,1de8bd9c-6646-44f5-9996-5f582aa6d7d9
9db1d7b0-9005-440a-a9a0-0a6da8cdfc8b,WULF,buy,limit,1368.0,0.0,,24.47,canceled,True,2026-05-26 13:43:05.986267+00:00,,82e493af-f5bc-49c8-828b-232609e178cf
10ffd67b-2e39-43eb-bc37-de53b9a7ed48,WOLF,buy,limit,429.0,429.0,76.45,77.69,filled,True,2026-05-26 13:43:12.228115+00:00,2026-05-26 13:44:26.741581+00:00,478f9c3a-5290-47d2-8618-d593752b8971
be8456c5-7805-46a5-992a-a7223bfbfb0b,BTBT,buy,limit,16148.0,16148.0,2.02,2.05,filled,True,2026-05-26 13:46:51.809270+00:00,2026-05-26 13:47:07.022153+00:00,f818aa90-01ae-4719-88a9-1eaabb6d0001
85e49928-e219-412d-871b-a20f57bd6e84,WULF,buy,limit,1313.0,1313.0,25.221249,25.24,filled,True,2026-05-26 13:46:54.255247+00:00,2026-05-26 13:48:30.567455+00:00,c3cc6ae9-3d33-4a4c-a0e7-1b0ba4cb8490
800b4a5b-e58b-44d6-968a-e209535d3991,WOLF,sell,market,429.0,429.0,72.373847,,filled,False,2026-05-26 14:00:41.901640+00:00,2026-05-26 14:00:49.534870+00:00,b7ee05fa-953f-4a9f-870b-f55b6deb0e18
11d2c8f3-5ed1-4d82-b454-feff6056465c,HUT,buy,limit,294.0,294.0,111.899729,111.91,filled,True,2026-05-26 14:01:26.842351+00:00,2026-05-26 18:37:45.703811+00:00,5e69be01-4a09-4057-88bc-d63024b9f39c
de575b25-3973-4a0b-bedc-b0f212043a4e,AMD,buy,limit,66.0,66.0,488.81697,491.69,filled,True,2026-05-26 14:08:12.702685+00:00,2026-05-26 14:08:18.660893+00:00,de61a9d5-d391-4602-86d6-c2c4a30d2687
a86a1376-2dab-4d9f-8671-21944d441767,CORZ,sell,market,1213.0,1213.0,26.7,,filled,False,2026-05-26 14:59:00.131990+00:00,2026-05-26 14:59:01.660837+00:00,ce76530c-a43b-428e-aa68-5aa3f483f508
3191ea5e-c49d-4ac9-bc44-cd45d3e2c71c,AVGO,buy,limit,38.0,38.0,421.49,435.25,filled,True,2026-05-26 20:20:43.921449+00:00,2026-05-26 20:20:45.257266+00:00,e5ae2e07-e394-4775-b467-7d629c7126c9
3328a076-a104-4e50-82bd-53f43af8af90,WULF,sell,market,4020.0,0.0,,,canceled,False,2026-05-26 21:47:27.960727+00:00,,26a67553-70af-4c7c-b4d9-23b193461de3
61eefee7-1f66-4ba5-a055-c1e5d07c04d0,AMD,sell,market,66.0,0.0,,,canceled,False,2026-05-26 22:12:59.361745+00:00,,6785d29e-426a-470d-86bb-f697ef2d795c
8dbe60e3-b773-476c-8ed0-705090ca90b1,AVGO,sell,market,38.0,0.0,,,canceled,False,2026-05-27 00:35:16.577970+00:00,,23412676-7549-4275-9574-6be84f9a1916
46a48912-1823-4df3-b170-565394d546fd,TSM,buy,limit,39.0,39.0,431.5,432.95,filled,True,2026-05-27 12:19:26.603963+00:00,2026-05-27 12:19:27.460505+00:00,6f2f0352-e9b8-4037-ab5a-5ebc86f5996a
4997f7cc-1993-4945-a07d-af3ad2656677,ENPH,buy,limit,475.0,475.0,68.51,69.61,filled,True,2026-05-27 13:46:50.839039+00:00,2026-05-27 13:46:51.812861+00:00,10f3fc93-4f7c-403b-8885-e47146173366
3abb55eb-ba8f-43ed-8ce1-4b5a542f037a,CLSK,sell,market,1981.0,1981.0,17.94,,filled,False,2026-05-27 18:23:02.062420+00:00,2026-05-27 18:23:04.577128+00:00,d5a02aff-5f34-4675-a0de-a72ce996ad95
3cfaf8f8-81e5-4ad2-85c5-13aa1184b6ca,TSM,sell,market,39.0,0.0,,,canceled,False,2026-05-27 20:20:36.957873+00:00,,ab723b78-eb7d-4224-bf17-ca2b4a61618a
6303d274-89f3-42f1-800d-c4c9db35cd54,MU,buy,limit,37.0,37.0,918.914594,928.25,filled,True,2026-05-28 13:45:28.202299+00:00,2026-05-28 13:45:32.627615+00:00,14511e8b-71c8-4077-9bce-8d924578123b
1b2aa916-34d9-4c5d-8fd7-829aee16a6f7,RKLB,buy,limit,235.0,235.0,148.68,149.33,filled,True,2026-05-28 13:45:29.720137+00:00,2026-05-28 13:45:33.058098+00:00,aeffae90-ba25-4992-a6ce-01a4ddb8fc3c
15b4e486-b7ac-4e66-b483-e81473e9c3dd,HUT,sell,market,294.0,294.0,125.19,,filled,False,2026-05-28 16:09:49.502069+00:00,2026-05-28 16:09:51.211573+00:00,0db9bfb5-7e78-4a08-8d6e-4a4dd9d98d35
9927b287-baf7-4f60-bd9a-aa7c950bc957,RKLB,sell,market,235.0,0.0,,,canceled,False,2026-05-28 21:47:23.421946+00:00,,ce9b47df-05ff-4a88-829e-4ee7279a0ea0
a77fb2b6-f82d-4351-84aa-c721e6943afa,RKLB,sell,market,235.0,235.0,137.583191,,filled,False,2026-05-29 09:56:51.867392+00:00,2026-05-29 13:33:57.955526+00:00,f7a61421-903a-4d77-a3c3-5d67eadfedb8
858f9afe-b1de-4fe0-bc13-f01b965f243c,HOOD,sell,market,161.0,161.0,87.328012,,filled,False,2026-05-29 13:36:34.712432+00:00,2026-05-29 13:39:06.297382+00:00,c7fa860d-7796-4e78-b320-e13fc62e53fa
70e30a63-b8dd-4009-b762-99617f118e93,SMCI,buy,limit,765.0,765.0,46.75,46.75,filled,True,2026-05-29 13:51:36.636914+00:00,2026-05-29 14:21:50.797952+00:00,44bb51c8-85db-4129-a2ed-a30abaa18f6e
45bf3512-cdd6-4e49-b91d-d5ca8660e15e,COP,sell,market,246.0,246.0,112.93,,filled,False,2026-05-29 15:09:05.251821+00:00,2026-05-29 15:09:06.315152+00:00,f719b381-70ec-4c52-b742-c999eeb1e240
72ec14ab-d110-4fd5-bf93-93e460494e02,SMCI,sell,market,765.0,0.0,,,canceled,False,2026-05-30 12:00:03.504771+00:00,,3ad4be24-7865-46ba-becc-7fd88733cac5
990a836b-c39e-48df-b6c9-3eb57f42035b,SPCE,buy,limit,2252.0,2252.0,7.79,7.79,filled,True,2026-06-01 12:55:05.246334+00:00,2026-06-01 13:02:28.055855+00:00,931de30a-48e1-4f88-ac7f-644702ac38d8
f560b020-64e4-4d40-81f4-ac1453825799,SPCE,buy,limit,2141.0,2141.0,8.0,8.18,filled,True,2026-06-01 13:00:20.005428+00:00,2026-06-01 13:00:20.618860+00:00,f8254366-2f58-497c-b008-dfba13c426d8
6270a236-c60e-4954-b40f-fdd559da2d06,ENPH,sell,market,475.0,475.0,63.171074,,filled,False,2026-06-01 13:31:35.915008+00:00,2026-06-01 13:38:44.827690+00:00,cdbd0162-cf90-4209-994f-a66b375c1c17
97530771-a03f-4e4f-b933-f0716328a719,MU,sell,market,37.0,37.0,1024.802703,,filled,False,2026-06-01 13:36:42.183426+00:00,2026-06-01 13:42:05.658547+00:00,c9070eec-ef3b-4b94-b890-45d6402ebded
6425da2c-1578-4f5f-b6eb-dfc020a3d627,QCOM,buy,limit,146.0,146.0,232.508768,232.85,filled,True,2026-06-01 13:46:01.539452+00:00,2026-06-01 13:46:07.559918+00:00,71e9e06a-80c7-4c6e-83ba-cc01400d5b8d
16bc410d-2452-4872-8604-7342e4dbc2c6,MSFT,sell,market,29.0,29.0,463.61,,filled,False,2026-06-01 13:46:44.836212+00:00,2026-06-01 13:46:45.677159+00:00,e1bb7c75-c154-4246-bd67-a60123a58a9f
8c87cfbd-5dbf-4f9d-b34f-836792bac050,SPCE,sell,market,4393.0,4393.0,7.163045,,filled,False,2026-06-01 14:23:49.744563+00:00,2026-06-01 14:23:58.257812+00:00,e97556b5-3184-440d-834b-7521e59a554f
57a9d364-f1c3-4218-a2ef-e39ea9ad99b1,SPCE,buy,limit,4466.0,4466.0,6.93,7.69,filled,True,2026-06-01 14:27:06.447383+00:00,2026-06-01 14:27:07.490932+00:00,87146b78-9cf7-4dbd-af43-52b50b3e0aa0
b8f1346f-ba67-40d6-96e9-42d717b64e77,SPCE,sell,market,4466.0,4466.0,6.51,,filled,False,2026-06-01 14:47:04.569680+00:00,2026-06-01 14:47:05.036475+00:00,e57ccc65-36c3-4478-9eb0-79c55bc85579
dfb37e6e-1f2f-4c92-9564-6c7be6bb2dd4,ARM,buy,limit,84.0,84.0,406.35,406.71,filled,True,2026-06-01 14:49:14.262939+00:00,2026-06-01 14:49:15.940901+00:00,7c433b99-a24d-4aee-bb3a-8dfe64144e71
6c8f8774-0105-4c84-a36f-47e9e7ffe2bb,QCOM,sell,market,146.0,0.0,,,canceled,False,2026-06-01 21:48:38.412552+00:00,,910df0ba-1494-4e6a-911c-a779f804bbde
c187c1ff-6a2e-4140-b143-328d5549c9f3,ARM,sell,market,84.0,0.0,,,canceled,False,2026-06-01 22:50:31.818199+00:00,,4d6dae85-7e6e-451a-8bb2-897743a72d17
4dcbd29a-b08d-4f22-bda7-edc83c5c1cb7,AVGO,sell,market,38.0,38.0,486.883158,,filled,False,2026-06-02 08:06:20.795066+00:00,2026-06-02 13:35:32.623230+00:00,448303eb-5302-4650-b354-4c97d42f686b
35213a4d-2b50-4e9d-b8e5-520c43215812,MRVL,buy,limit,64.0,64.0,273.714687,277.04,filled,True,2026-06-02 10:44:17.363528+00:00,2026-06-02 10:44:18.998840+00:00,4ee6f6d1-519c-4c46-a63f-b62c405b6fd7
dc073ed2-0558-497a-92c2-9fa349ef1d42,MRVL,sell,market,64.0,64.0,261.623125,,filled,False,2026-06-02 12:26:01.124749+00:00,2026-06-02 13:36:09.825219+00:00,92b168eb-2601-4929-9533-fcb4e526e6a8
60997b81-136b-4ced-a802-8d45e8ddefe8,IONQ,buy,limit,510.0,510.0,70.91,70.92,filled,True,2026-06-02 13:46:37.037982+00:00,2026-06-02 13:50:09.794501+00:00,985d9c50-b35a-4e3a-b36d-95ea9ed34bbc
e3b2720e-ff5b-40eb-afa7-1dcc4e635fde,WOLF,buy,limit,625.0,0.0,,57.93,canceled,True,2026-06-02 13:46:40.940409+00:00,,dc20d471-b764-4c3f-a288-3b29b91db916
2ec61210-7a52-4bf2-9e44-2840456b9223,AAPL,sell,market,53.0,53.0,316.360754,,filled,False,2026-06-03 13:35:55.934061+00:00,2026-06-03 13:39:51.444121+00:00,9893a27c-838f-4cd2-a279-7baaaaa90b93
680b385a-80fa-405a-8a1c-ca2f261ee79e,ARM,sell,market,84.0,84.0,384.247143,,filled,False,2026-06-03 13:42:14.425513+00:00,2026-06-03 13:42:17.879574+00:00,05a1406a-c879-470c-8008-a58f96075f63
2b1ee2d5-55a3-4e6e-8de5-17a794284561,CIFR,buy,limit,1260.0,1260.0,27.011628,28.12,filled,True,2026-06-03 13:45:27.631590+00:00,2026-06-03 13:45:38.691230+00:00,245f40f3-9f44-40aa-9b8e-d2cf7f4696e6
e71974a8-9252-410c-9c26-69328fd8d2da,BTBT,sell,market,16148.0,16148.0,1.91,,filled,False,2026-06-03 13:48:25.407000+00:00,2026-06-03 13:48:26.612425+00:00,c03895d7-9d10-4a65-a1f2-e4c6d123f435
570434ed-4e83-4d7c-b2ee-b61ea9ecf681,IONQ,sell,market,510.0,0.0,,,canceled,False,2026-06-03 21:16:48.091617+00:00,,3a52b7b7-bd22-495d-8bbe-758348acff9d
6e87eec2-0fb4-465f-9af6-a8b4830fce8c,CIFR,sell,market,1260.0,0.0,,,canceled,False,2026-06-03 21:37:19.284542+00:00,,c3d293f7-8fbe-4cef-97a2-cd748e503a2e
eb739239-514e-4d73-8249-c839969ff06c,CIFR,sell,market,1260.0,1260.0,24.812738,,filled,False,2026-06-04 08:00:39.690623+00:00,2026-06-04 13:36:17.791374+00:00,51d56373-0d34-45c6-a39f-76a592a4951b
9ece9313-adfd-4ba2-84a8-0f38d38ad368,IONQ,sell,market,510.0,510.0,66.752314,,filled,False,2026-06-04 08:00:39.767670+00:00,2026-06-04 13:34:42.583792+00:00,66cec6f6-f51d-478b-b877-aee4bfefef90
4cbe9374-d517-4cb8-8f2b-70ea8cceaa84,SMCI,sell,market,765.0,765.0,46.223961,,filled,False,2026-06-04 09:16:30.310251+00:00,2026-06-04 13:36:43.336679+00:00,e7df07e1-f3cc-4bcd-9938-2342dcf8749b
eb10ab45-5716-43fc-8f85-9a8c35fb8c94,CIFR,buy,limit,1329.0,1329.0,25.061302,25.27,filled,True,2026-06-04 13:36:55.468013+00:00,2026-06-04 13:37:52.493773+00:00,d04223be-64de-488c-b43e-151efb571ff9
9709293f-2445-4f11-99b3-21e28cf112fe,RXRX,buy,limit,9762.0,0.0,,3.44,canceled,True,2026-06-04 13:40:02.581989+00:00,,dbe01806-c084-4c68-9817-6968ee7a86db
5b5b099e-ea27-43a9-9298-3383f940129e,CIFR,sell,market,1329.0,1329.0,23.572664,,filled,False,2026-06-05 13:36:10.342941+00:00,2026-06-05 13:40:01.130010+00:00,0e4fe7f9-a9a0-4e04-a5df-b6cfe80d1822
b5bb0e67-a80e-4303-98b1-34b4f11aa296,QCOM,sell,market,146.0,146.0,220.544109,,filled,False,2026-06-05 16:34:30.162152+00:00,2026-06-05 16:34:31.933792+00:00,5efff7c2-c412-45ae-8c82-b0ea4cefc13f
deeb29cc-9bfd-41f4-bcec-674641da6ffa,WULF,sell,market,4020.0,4020.0,23.66,,filled,False,2026-06-05 16:41:00.676461+00:00,2026-06-05 16:41:04.166243+00:00,fe8fb119-6706-4aad-8f68-ffe5f94cf592
6989ed13-8da4-4ff8-a17f-05a225805f19,AMD,sell,market,66.0,0.0,,,canceled,False,2026-06-05 20:32:27.796052+00:00,,d3567ae2-d463-4f0d-832e-f2cd5091c4a1
39e91b23-6c35-4bc5-a744-38b634d8d6ac,TSM,sell,market,39.0,0.0,,,canceled,False,2026-06-05 20:32:27.848277+00:00,,7ed5095f-9c70-49e4-a4c5-2b049b3d1e78
197c7bc6-fce0-4491-9fd7-ecb78e05d73d,LRCX,buy,limit,93.0,93.0,321.12,321.18,filled,True,2026-06-08 13:45:41.249117+00:00,2026-06-08 13:45:57.573472+00:00,86de210d-6fca-4605-b6ef-d6df13aa3c28
e6a51a81-af08-4a04-b7d9-47327b81bfbf,AMAT,buy,limit,63.0,0.0,,478.48,canceled,True,2026-06-08 13:45:41.647351+00:00,,c21fc989-3181-4e23-a07e-d517eb66b1e1
2500d0b4-be71-49b6-a6d9-42f6c9e85aab,AMAT,buy,limit,62.0,0.0,,478.48,canceled,True,2026-06-08 13:48:49.028052+00:00,,171073d9-1571-48b5-90e3-de299bbecbde
d20b52a0-2d59-47ed-a1fb-4169ffeb20d8,MARA,buy,limit,1407.0,1407.0,12.84,12.85,filled,False,2026-06-08 13:50:07.377636+00:00,2026-06-08 13:50:08.009716+00:00,7f287d25-4461-4b04-937b-3c0498d01e76
9ab72211-08cd-435f-963b-ec49ae0c17c9,SOXL,buy,limit,87.0,87.0,206.51,206.59,filled,False,2026-06-08 13:50:07.914047+00:00,2026-06-08 13:57:18.183392+00:00,8751472e-5f95-46fc-9f3c-2df457f1ccfb
6357758c-0677-4c6b-9ed7-ac492a66d9fa,AMAT,buy,limit,62.0,62.0,479.052581,479.12,filled,True,2026-06-08 13:51:56.134987+00:00,2026-06-08 14:00:13.969127+00:00,066fa05a-e76f-457d-b2ab-ad825c5d388e
bee53e8e-65f3-45d7-a663-6f243e2f9ccd,AMAT,buy,limit,62.0,62.0,482.874355,483.16,filled,True,2026-06-08 13:55:03.931277+00:00,2026-06-08 13:56:06.265585+00:00,3551c6fd-6f28-4f38-abf6-65c802f626ad
df97dde9-ccf7-429d-8752-c43ec07e7832,IONQ,buy,limit,490.0,490.0,61.030306,61.04,filled,True,2026-06-08 14:01:15.297623+00:00,2026-06-08 14:02:58.132454+00:00,b2a87a34-e8e6-489f-9809-f96820c65b4e
ccec84c4-9534-4081-a383-4f21ac7ef11d,CLSK,buy,limit,1847.0,1847.0,15.738447,16.22,filled,True,2026-06-08 14:01:18.729456+00:00,2026-06-08 14:01:21.425500+00:00,6a2773e0-835a-4ed9-be28-e64cace73d21
12e2356b-8036-4693-b2d5-db44d687f04d,LLY,buy,limit,25.0,25.0,1172.01,1172.55,filled,True,2026-06-08 14:07:33.950933+00:00,2026-06-08 14:10:15.683880+00:00,db37ef54-8fb3-4448-8ff3-f0842bb48a37
352387cd-a25b-4f01-85d6-e2d376091f70,MRVL,buy,limit,106.0,106.0,290.911415,290.96,filled,True,2026-06-08 14:37:16.773624+00:00,2026-06-08 19:45:19.283971+00:00,900c3d4a-fc6e-4f22-a183-a3151d7494c0
74cd39c3-6bd0-40b0-b31b-2c32bf5feb49,MRVL,buy,limit,105.0,105.0,294.62,294.63,filled,True,2026-06-08 14:40:24.529746+00:00,2026-06-08 19:02:35.796519+00:00,b89a45d6-febc-4612-8810-85f928470d80
67253753-c769-4611-a829-202d4ab352a1,SOXL,sell,market,87.0,0.0,,,canceled,False,2026-06-08 20:06:54.427801+00:00,,86c1efac-636c-4ec6-90f0-354fe8757a1d
f5521741-1031-4751-83e7-bd9d1c7a1769,IONQ,sell,market,490.0,0.0,,,canceled,False,2026-06-08 22:05:26.576456+00:00,,3406416e-933e-4a85-9adc-d5ae2e4ceca3
7fbd9003-8ce7-472c-9c41-74d14b622ccc,CLSK,sell,market,1847.0,0.0,,,canceled,False,2026-06-08 22:05:26.634475+00:00,,c5e74b70-c636-4580-a5a1-8629e287599f
4bf1e68e-80f2-4d5e-b903-347fa0833fd6,MRVL,sell,market,211.0,0.0,,,canceled,False,2026-06-08 22:41:10.682416+00:00,,0b646811-7e70-4361-b30a-f2fa9be5bc4a
a7b42687-33e0-4f7e-a392-87b5d965995e,AVGO,buy,limit,81.0,81.0,400.81037,402.19,filled,True,2026-06-09 13:42:04.064007+00:00,2026-06-09 13:42:07.604838+00:00,f026c905-8202-4bf2-a3d9-ea28cc119910
5add26a7-76a8-4252-aea7-b7155ee00d74,LCID,buy,limit,6335.0,6335.0,5.24,5.24,filled,True,2026-06-09 13:45:10.572443+00:00,2026-06-09 14:18:31.402854+00:00,7fa0c158-ae54-48db-9394-762c4c92677f
afd849e2-ac66-4299-ad2b-beaeae1ba10b,MRVL,sell,market,211.0,211.0,274.487109,,filled,False,2026-06-09 14:10:36.586501+00:00,2026-06-09 14:10:38.913387+00:00,5e0775e5-a9e4-48b0-aa7d-b05fda2d6c11
bf15f857-fa65-416c-bd7c-2d3956afccc0,COIN,buy,limit,191.0,191.0,162.25,164.75,filled,True,2026-06-09 14:14:10.998638+00:00,2026-06-09 14:14:11.380741+00:00,39281dd2-0aa5-4834-bc01-2c22870e72c9
83a6fe63-8cb0-4120-a3d5-1665cb3f3b4c,IONQ,sell,market,490.0,490.0,57.73147,,filled,False,2026-06-09 14:47:18.818316+00:00,2026-06-09 14:47:22.192523+00:00,d62be91d-f8d7-4f0f-af96-1864695e4c8c
f427eecf-a80a-4081-b730-1f8873f6662b,SOXL,sell,market,87.0,87.0,193.57,,filled,False,2026-06-09 15:26:04.375411+00:00,2026-06-09 15:26:04.735989+00:00,d1774f03-a757-4cc9-87d8-569dfdeae206
59a1851a-303d-4a6c-a7b8-f78e63bb6a52,AVGO,sell,market,81.0,81.0,380.186544,,filled,False,2026-06-09 15:29:12.578371+00:00,2026-06-09 15:29:16.301934+00:00,36a30823-e851-4b44-a320-321e46a9eea2
7d799ffe-b050-4c6b-a85f-59de56ccc6e9,AMD,sell,market,66.0,66.0,460.458333,,filled,False,2026-06-09 15:57:26.077630+00:00,2026-06-09 15:57:27.931523+00:00,022990ca-2ccc-44c9-a838-40c86722718b
e9f7f8e4-dfc5-4ee7-86d9-1db0ed3c44e6,COIN,sell,market,191.0,191.0,153.63,,filled,False,2026-06-09 15:57:26.140132+00:00,2026-06-09 15:57:26.760846+00:00,12e860de-1340-4a9a-b867-7dcb631096f8
a4abc380-f2f4-4fe8-a03d-2b68616286a6,TSM,sell,market,39.0,39.0,409.13,,filled,False,2026-06-09 16:17:43.515134+00:00,2026-06-09 16:17:43.979873+00:00,316f9bbd-16fe-4305-b2f0-5900213e5710
ec293122-0c50-4867-8a99-df373f687592,TSLA,sell,market,68.0,68.0,385.2,,filled,False,2026-06-09 16:41:22.686664+00:00,2026-06-09 16:41:22.979738+00:00,0d3ed478-980f-4e8e-9a63-98ec1a22c736
88450f2a-fbd2-4875-88a5-a8225fe062e2,LCID,sell,market,6335.0,6335.0,4.95,,filled,False,2026-06-10 13:34:58.156452+00:00,2026-06-10 13:35:03.417742+00:00,a3b43c4e-fc2c-4432-b4ac-06564cb44c4e
741d9add-b69d-4ad1-833b-ba6cfe55d5a2,AMD,buy,limit,36.0,36.0,466.4325,466.6,filled,False,2026-06-10 13:38:53.335182+00:00,2026-06-10 13:41:25.592705+00:00,59a4b0a0-ed7b-42a3-9f16-d35e172913ed
7368e627-1c91-4e18-9684-dfb7236b5e43,MSTR,buy,limit,147.0,147.0,115.86,115.86,filled,False,2026-06-10 13:38:53.765104+00:00,2026-06-10 19:21:55.232734+00:00,2bb8d040-401c-478b-82fc-b18a99e1277c
69df9148-2932-423b-b20a-ff5274ddd26e,HOOD,buy,limit,205.0,0.0,,82.98,expired,False,2026-06-10 13:38:54.216811+00:00,,d3a22aa8-7223-4933-995e-d07dfede890b
77f14307-431c-4749-af0d-bc013bdc0862,IONQ,buy,limit,301.0,0.0,,56.58,expired,False,2026-06-10 13:38:55.255483+00:00,,e40c34ad-e6bd-4ac8-959c-c6faed32cff4
e34937c3-b06e-45d8-a335-7ce98a092010,RKLB,buy,limit,159.0,159.0,106.83,106.89,filled,False,2026-06-10 13:38:55.646485+00:00,2026-06-10 14:49:34.054278+00:00,c7348214-6ba1-452b-8524-acdc7bc94913
126d7e6e-b111-4fbc-b639-c00b714caaa1,RIOT,buy,limit,687.0,687.0,24.84,24.84,filled,False,2026-06-10 13:38:56.139850+00:00,2026-06-10 14:56:41.443237+00:00,35a3b402-2750-4190-a96d-b140912ab5e6
779280a1-ed17-4bf0-8fac-53c26b1c8bf0,TQQQ,buy,limit,237.0,237.0,71.81,71.84,filled,False,2026-06-10 13:38:56.402819+00:00,2026-06-10 13:41:51.538138+00:00,adcc24ad-4e97-4cf5-8d29-d55540109d98
dc19622f-9dea-40b3-82b2-9f6b31298092,SOXL,buy,limit,88.0,88.0,192.8375,192.92,filled,False,2026-06-10 13:38:56.634092+00:00,2026-06-10 13:41:45.841928+00:00,510b36c8-d2ca-4128-82ad-8a1be35db241
d627430e-7b37-431d-93c9-e17269ed6d66,FNGU,buy,limit,653.0,653.0,26.141884,26.15,filled,False,2026-06-10 13:38:56.889375+00:00,2026-06-10 13:39:43.876250+00:00,775f29ae-0b52-4d09-a64b-891d093c91bf
951744e7-d640-4b7a-b689-e07b3d1d686d,MSTR,buy,limit,242.0,242.0,116.43,116.43,filled,True,2026-06-10 13:40:12.211407+00:00,2026-06-10 18:44:51.143675+00:00,c593c870-14af-412e-9480-923a31350ce5
d4ebff0d-0ecd-4ac9-af07-76f2349ef71f,SOXL,sell,market,88.0,88.0,181.801932,,filled,False,2026-06-10 15:48:42.593414+00:00,2026-06-10 15:48:45.586039+00:00,7f917acf-9c23-4e8b-b4f0-841a52f62a4f
d4ebff0d-0ecd-4ac9-af07-76f2349ef71f,SOXL,sell,market,88.0,88.0,181.801932,,filled,False,2026-06-10 15:48:42.593414+00:00,2026-06-10 15:48:45.586039+00:00,7f917acf-9c23-4e8b-b4f0-841a52f62a4f
52e40fca-fff0-4ae3-bf9f-8bd7820e074b,CLSK,sell,market,1847.0,1847.0,14.94,,filled,False,2026-06-10 19:18:40.973187+00:00,2026-06-10 19:18:42.791243+00:00,d2e1fcdf-ed0d-4367-b6b5-36f9c0510e1c
17c7777f-584d-4cfd-bc85-665538e7a876,AMD,sell,market,36.0,36.0,454.1325,,filled,False,2026-06-10 19:40:39.912861+00:00,2026-06-10 19:40:41.555717+00:00,a8e6b4bf-f7d6-48ca-905a-3a07f0f2da6a
45812089-cecf-40ce-a64d-43cd14bfbaed,RKLB,sell,market,159.0,159.0,105.33,,filled,False,2026-06-10 19:40:39.999426+00:00,2026-06-10 19:40:41.027645+00:00,363335e5-c692-4af3-8a7b-a214283081c9
2b2d2e97-5c50-48ce-aec3-7629df6ac8ef,FNGU,sell,market,653.0,0.0,,,canceled,False,2026-06-10 20:28:11.246255+00:00,,4db64e3a-eff0-41ac-b0ba-7840fd9fc6e4
f5ad6c81-21e0-4218-9de4-912b67297438,TQQQ,sell,market,237.0,0.0,,,canceled,False,2026-06-10 22:10:21.470064+00:00,,8cfa4824-a3f8-4d09-969b-4fd1c51e32d5
32459964-2f60-45f8-afab-3953ca9f061e,RIOT,sell,market,687.0,0.0,,,canceled,False,2026-06-10 23:11:39.848067+00:00,,61cee5d6-19a3-432c-ab22-9bea2d7aaba5
38b6d1c4-67cc-42ce-a742-1e35567da5b3,MRVL,buy,limit,52.0,52.0,263.75,265.06,filled,True,2026-06-11 12:19:24.401170+00:00,2026-06-11 12:19:24.892703+00:00,c3977706-9a06-4837-b04c-6aeabe9e9d9d
1a0af314-9443-4168-a9f0-17da4424e90e,FNGU,sell,market,653.0,653.0,24.868714,,filled,False,2026-06-11 13:35:54.826710+00:00,2026-06-11 13:38:08.555955+00:00,5ba2b7b0-7625-4d46-a75a-c249c612af9f
ec764d3c-5af6-4318-985a-4acdcb03aad6,ARM,buy,limit,85.0,85.0,321.794118,321.97,filled,True,2026-06-11 13:45:19.996932+00:00,2026-06-11 14:56:49.315395+00:00,61a649ed-b1a5-45f8-979f-37cede9d6b05
842d87d4-c9ed-4d41-8150-9d4eeef44dad,AMAT,sell,market,124.0,124.0,539.0,,filled,False,2026-06-11 17:37:03.156533+00:00,2026-06-11 17:37:04.831842+00:00,64fe9387-4d93-4f9d-986f-12c3629bb75d
bd948071-fcc3-4ce4-9422-f6ca5e01939c,MRNA,buy,limit,589.0,589.0,48.9,49.12,filled,True,2026-06-11 17:55:46.411246+00:00,2026-06-11 17:55:48.497085+00:00,efa66f10-7729-4c1d-a752-42edb25146c9
880efc81-6209-41ce-8ff5-b5d9d29385b8,CORZ,buy,limit,1087.0,1087.0,26.91,26.91,filled,True,2026-06-11 18:02:03.766650+00:00,2026-06-11 18:07:22.998786+00:00,ce152aab-02c3-43d3-b3cd-af4e286d4be3
8fb04c3a-f231-4288-8f34-3f0dd9436294,LRCX,sell,market,93.0,93.0,359.59,,filled,False,2026-06-11 19:17:30.234214+00:00,2026-06-11 19:17:31.253262+00:00,32b235b8-d123-46ab-a85f-2632eb0cb7c7
2f9a3827-48c7-4e1f-b506-4dee2ab9eee3,ARM,sell,market,85.0,0.0,,,canceled,False,2026-06-11 21:48:14.402408+00:00,,eb340bcf-fcd7-4d05-9d79-8c26aaf3a8da
445674ec-3cae-424f-adaa-bea1d09a9e8d,MRNA,sell,market,589.0,0.0,,,canceled,False,2026-06-12 00:30:50.944499+00:00,,7e0cb091-3f45-40db-a2a4-4cb15e63eb5f
2e1334bf-5d27-4f5f-8f4f-27a0b39b420d,ARM,sell,market,85.0,85.0,362.625529,,filled,False,2026-06-12 13:37:46.554177+00:00,2026-06-12 13:37:50.259071+00:00,1f9aa217-2eae-4450-ae0d-17dbd920cb44
e43338a8-bdb1-40ff-807e-bc892f06bf84,ARM,buy,limit,84.0,0.0,,355.45,canceled,True,2026-06-12 13:42:35.279061+00:00,,40e53c4e-d10c-4edd-9ec1-8dd6c4fecb36
667209f2-15e8-4f1c-ae55-611bbbfdbd33,AMD,buy,limit,59.0,59.0,502.297288,502.46,filled,True,2026-06-12 13:45:43.366276+00:00,2026-06-12 13:45:46.501284+00:00,7af0cd8b-e363-4df2-acd9-6bb068c52cee
6c73f864-ebe7-4d8a-bffa-cc201e43e865,ARM,buy,limit,84.0,0.0,,364.64,canceled,True,2026-06-12 14:01:32.646363+00:00,,f410c10b-f3da-4047-a5a9-f204f2a082c8
dbb36a28-5e19-401a-9b3c-3bf9c89d8ea2,MARA,sell,market,1407.0,1407.0,14.47,,filled,False,2026-06-12 14:58:15.021286+00:00,2026-06-12 14:58:16.389985+00:00,38afd75f-3215-4240-bbd2-5a3cbcedc13a
5f072a49-2274-4042-abbc-cee36eb7642a,ARM,buy,limit,85.0,85.0,372.56,372.66,filled,True,2026-06-12 15:08:18.808163+00:00,2026-06-12 15:57:24.467454+00:00,c08f60b4-7fe9-4475-a350-20543f2ea088
b976ae41-cd5b-4e6b-9204-69ce4cd242ec,ARM,sell,market,85.0,0.0,,,canceled,False,2026-06-12 23:09:31.830318+00:00,,cb3a40c9-2a38-4ea3-ae19-d830ed903d11
78589a22-8492-42eb-8805-bd6b10124e64,TQQQ,sell,market,237.0,237.0,83.351307,,filled,False,2026-06-15 08:01:33.856032+00:00,2026-06-15 13:40:07.860741+00:00,dcaf462b-36ee-416c-b16e-29eadf06ca20
3059b6e1-c7e0-42b8-8e2d-6e38d56d5fc9,FANG,sell,market,149.0,149.0,184.09,,filled,False,2026-06-15 11:03:00.958596+00:00,2026-06-15 13:36:09.602620+00:00,3596e4ec-c4b1-48fa-842b-59383700f3ac
592a6a9d-43e5-4776-9404-62672cb06a1a,RIOT,sell,market,687.0,687.0,28.138152,,filled,False,2026-06-15 11:28:25.958485+00:00,2026-06-15 13:38:57.543003+00:00,d7ddfeec-95b8-4717-9e21-196471c421a3
a788828c-7434-4bd8-998e-e46c23b49689,MSTR,sell,market,389.0,389.0,134.2,,filled,False,2026-06-15 12:49:49.792343+00:00,2026-06-15 13:33:11.833444+00:00,a0273d56-6916-4289-b7ac-e076a14cb8e4
4a975951-a375-40a1-bef3-d90dc83f2868,LLY,sell,market,25.0,25.0,1121.208,,filled,False,2026-06-15 13:35:42.660498+00:00,2026-06-15 13:38:33.038859+00:00,4469817f-f37d-48b7-a0a8-8f2079a74193
9fb71b1e-2cd2-4f26-9de6-e7e156136de9,HOOD,buy,limit,329.0,329.0,98.543921,100.06,filled,True,2026-06-15 13:45:03.410558+00:00,2026-06-15 13:45:05.573377+00:00,59f1933b-7401-4854-ba7e-a860d0b115ac
117f298e-9f5e-4c5b-a369-335128817ff5,WOLF,buy,limit,650.0,650.0,49.555923,50.65,filled,True,2026-06-15 13:45:07.081059+00:00,2026-06-15 13:45:13.021102+00:00,0193a0cf-5a74-418e-8ed8-ddb63bd574ea
1d606970-0212-4335-89be-3e328c2fd3a8,RKLB,buy,limit,304.0,304.0,108.21,108.26,filled,True,2026-06-15 13:45:07.833829+00:00,2026-06-15 13:52:38.484615+00:00,b2a32a3b-b481-4b5b-828f-50bbf8cdef5d
f6159577-7c5f-4377-b116-5d4440885261,RKLB,buy,limit,304.0,304.0,108.21,108.26,filled,True,2026-06-15 13:48:14.521124+00:00,2026-06-15 13:52:38.413707+00:00,b1e3ae38-57e5-4624-8230-86a529feb881
151183b4-7a38-4d1a-a684-e7d3a84519f8,RKLB,buy,limit,302.0,302.0,108.74,108.75,filled,True,2026-06-15 13:51:21.606186+00:00,2026-06-15 13:51:37.944237+00:00,c48399a5-87df-4bfd-a283-1a1cf482f0c9
8e12b182-272c-4a7d-966a-4a1b46b5e4b4,BULL,buy,limit,4773.0,4773.0,6.87,6.9,filled,True,2026-06-15 13:51:22.818782+00:00,2026-06-15 13:51:23.462170+00:00,d8e4ddb2-bc06-49b1-a8f4-5473b0b170df
ebd25526-68ab-46f4-bf2b-b56b44706d91,RXRX,buy,limit,9927.0,9927.0,3.31,3.31,filled,True,2026-06-15 13:57:32.592208+00:00,2026-06-15 16:45:39.242854+00:00,3ddb1464-8f5d-491f-90ee-6b8721c62c47
38445883-073d-44f6-95b0-b6f948c9542d,SPCE,buy,limit,8096.0,8096.0,3.990939,4.06,filled,True,2026-06-15 13:57:35.993169+00:00,2026-06-15 13:57:37.959731+00:00,af3dffbb-a288-46d9-ae7a-4a64799cedd8
b1b42568-9729-4734-94f0-b83e748ae7d0,LCID,buy,limit,6026.0,6026.0,5.45,5.45,filled,True,2026-06-15 14:00:39.479448+00:00,2026-06-15 14:02:45.577515+00:00,b0023272-902d-4108-9cfa-f96584fca335
a2a30361-a604-4d50-bcc8-c6a1b3588de8,WOLF,sell,market,650.0,650.0,46.552923,,filled,False,2026-06-15 14:23:00.803697+00:00,2026-06-15 14:23:03.047368+00:00,f258c960-bbab-4157-aaf0-e959854afb7c
51d53736-3a4a-413f-abeb-dc773908bd5f,SPCE,sell,market,8096.0,8096.0,3.76,,filled,False,2026-06-15 14:26:08.114123+00:00,2026-06-15 14:26:08.873640+00:00,c0006242-5e6d-490e-8a1b-5166b3a54749
7e8c9c2c-8027-4570-8d24-66625e280932,RBLX,buy,limit,713.0,0.0,,44.59,canceled,True,2026-06-15 14:26:13.287066+00:00,,d9339820-ba49-41be-b237-11c635c77914
3ca8ffcf-8371-4b17-87f5-1ef0c027e48f,RBLX,buy,limit,712.0,0.0,,44.59,canceled,True,2026-06-15 14:29:20.490243+00:00,,a92b3708-0176-40f0-9d39-fb5ebc8f019a
a5fd1652-736e-4545-a6e2-0e60d09c8da5,RBLX,buy,limit,708.0,0.0,,45.0,canceled,True,2026-06-15 14:32:27.977848+00:00,,d0c2f353-d372-4c84-b006-a582b7b81a3a
422f0350-8b08-410b-9f49-20d6df6fe31b,MRVL,sell,market,52.0,52.0,296.130577,,filled,False,2026-06-15 15:47:35.846383+00:00,2026-06-15 15:47:38.470981+00:00,97aa2f46-a98b-482e-b766-79decc10a505
1e4e0d62-cebb-4d1c-9aaa-61baecb346b6,HOOD,sell,market,329.0,0.0,,,canceled,False,2026-06-15 21:47:21.920631+00:00,,23310e46-f2f1-4537-ad97-87cd4b340266
c2e0495e-ce04-4756-9ad6-10c7755f50f9,RKLB,sell,market,910.0,0.0,,,canceled,False,2026-06-15 21:52:28.317279+00:00,,6f3319e3-fac4-42a3-8ee7-38705760e603
d5303363-1c1e-4851-acbe-49a3efeb371e,BULL,sell,market,4773.0,0.0,,,canceled,False,2026-06-15 21:52:28.367535+00:00,,3dd88f0d-2c01-4e8f-9b47-00ed489ccf09
f3d1d6af-1706-4a88-ad73-4d685e0a5f5c,META,buy,limit,27.0,27.0,592.3,593.59,filled,True,2026-06-15 23:24:18.148371+00:00,2026-06-15 23:24:18.523089+00:00,b5cf67f9-88da-425f-b31b-7c3c5101dac3
f4447af9-4179-48f3-ad96-9bb2af900e4f,META,sell,market,27.0,0.0,,,canceled,False,2026-06-16 00:35:05.724971+00:00,,7382fa3f-175b-4e9e-b510-e93365f2cd43
be5c6836-a949-4de4-987d-feb47cefed82,LCID,sell,market,6026.0,6026.0,5.135727,,filled,False,2026-06-16 13:30:19.847392+00:00,2026-06-16 13:35:28.614407+00:00,97e131f1-d5b5-490f-b6d4-2feb48fa7e18
369589d2-bab7-496b-b677-273c6c4062f4,ARM,sell,market,85.0,85.0,422.568,,filled,False,2026-06-16 13:38:44.058647+00:00,2026-06-16 13:38:45.570956+00:00,6e8c1426-0f69-45e8-bc96-b6f63017ef95
f315ef60-3245-403a-a8f2-0f83a21dcaef,RBLX,buy,limit,692.0,692.0,46.628439,46.63,filled,True,2026-06-16 13:47:56.843081+00:00,2026-06-16 14:13:14.027352+00:00,51559960-1a85-456c-8dcf-b0b2f079b635
124ec9d7-70f7-4c14-a3ba-8a59073d866e,MARA,buy,limit,2166.0,2166.0,14.89,14.89,filled,True,2026-06-16 13:51:02.339529+00:00,2026-06-16 14:19:52.209649+00:00,5c813873-0b95-4760-9d9f-b0143e7e6886
8073d500-3fe8-49e8-96f5-110c6e4eba33,WULF,buy,limit,1121.0,1121.0,28.75,28.77,filled,True,2026-06-16 13:51:03.235898+00:00,2026-06-16 14:00:43.846747+00:00,14e4e9fd-d092-4e9a-96a0-7e6bf2787e16
3a85c8e7-a97c-43ce-8ff3-7cdc87fa35bd,MRVL,buy,limit,103.0,103.0,310.632913,310.73,filled,True,2026-06-16 13:51:04.174621+00:00,2026-06-16 13:57:44.775138+00:00,66b1665f-5e36-4ca5-9f7c-220d285bf9db
bf606e73-c6c3-41cc-907f-4571c3d7aad6,RBLX,buy,limit,692.0,692.0,46.58987,46.6,filled,True,2026-06-16 13:51:04.777741+00:00,2026-06-16 14:13:14.617452+00:00,2f533d82-0269-479c-a676-a748c7b46fd0
1ea8952d-415b-4e9b-8c48-fcb54a2271ef,MRVL,sell,market,103.0,103.0,294.82,,filled,False,2026-06-16 15:28:47.521095+00:00,2026-06-16 15:28:49.343653+00:00,a2ecb547-a51d-4123-9b18-0ddaeab07ef2
c46f6741-196e-4360-9d4b-2a4a6ce81e71,MRNA,sell,market,589.0,589.0,55.07,,filled,False,2026-06-16 15:59:20.307669+00:00,2026-06-16 15:59:21.866595+00:00,d9129dae-379a-424b-aa5a-0b1a9c7f2e3b
263f2890-cf70-4b89-9720-63d2f3a0e8d6,MRNA,buy,limit,575.0,575.0,55.82,55.84,filled,True,2026-06-16 17:02:47.069029+00:00,2026-06-16 19:24:44.610199+00:00,b60a7293-848c-42f0-a50c-43c3f7b466ed
da14371a-d6a8-4e21-97c7-167ec835e55b,MRNA,buy,limit,568.0,568.0,56.4,56.42,filled,True,2026-06-16 17:05:54.508874+00:00,2026-06-16 17:23:09.570800+00:00,6c66ecf5-365f-40e6-9d1a-e8b00d4985f1
7230cf54-4398-417b-b015-437445b1294f,MRNA,buy,limit,570.0,570.0,56.400755,56.42,filled,True,2026-06-16 17:09:01.862468+00:00,2026-06-16 17:23:11.829546+00:00,2121ccf3-332d-461c-9cad-01c219634a90
57ccfc8f-2bf6-4177-9d7b-0fada0b13794,MARA,sell,market,2166.0,0.0,,,canceled,False,2026-06-16 21:53:04.148767+00:00,,7229e958-3b8c-4af5-99a9-96657173fff3
7fefa7b7-1a24-4cf0-81d1-4b08d8213f07,MRNA,sell,market,1713.0,0.0,,,canceled,False,2026-06-17 00:30:38.517194+00:00,,a7ec50d8-c8e5-4018-88ff-ac91dbaf88d0
5a25ab5d-b887-411f-9a92-13ef2370b00e,RXRX,sell,market,9927.0,9927.0,3.13,,filled,False,2026-06-17 13:35:30.910177+00:00,2026-06-17 13:35:37.571923+00:00,0192c612-de8a-472c-aab7-f9ce421a6129
ac690581-7191-4892-89c6-9f4bca3e2688,MARA,sell,market,2166.0,2166.0,14.0788,,filled,False,2026-06-17 19:39:43.677768+00:00,2026-06-17 19:39:46.714937+00:00,894df3c7-9138-4e2e-9e89-32ebfe6320d7
618fc149-ff6b-47ac-848a-96c6365af731,MRNA,sell,market,1713.0,1713.0,65.08,,filled,False,2026-06-18 11:43:36.790128+00:00,2026-06-18 13:30:36.106532+00:00,bb59f0eb-239c-4675-a92a-7ac70e5b0cf9
5394f8f7-4883-4621-8cf8-f4b85576c741,RKLB,sell,market,910.0,910.0,102.754649,,filled,False,2026-06-18 13:44:55.349773+00:00,2026-06-18 13:44:57.140080+00:00,f3d951b1-50e6-4c0f-8bf4-0f55146fddba
f64419e9-4805-4ec6-b0af-230a1ca4d7f5,MRNA,buy,limit,544.0,544.0,61.54,65.19,filled,True,2026-06-18 13:51:12.135860+00:00,2026-06-18 13:51:16.632746+00:00,3616307b-7f78-4ccb-9d30-fd2a0c3bb69d
3d066b71-ce1d-4541-bed9-26b07aa1f0a0,SOXL,buy,limit,131.0,131.0,269.626031,269.67,filled,True,2026-06-18 13:51:16.098693+00:00,2026-06-18 13:54:37.745968+00:00,3f4cf0c1-c301-4cbc-a2f0-a6969d47db19
c6346339-94e4-4f36-8caf-f3518ac985c3,SOXL,buy,limit,132.0,132.0,269.628636,269.67,filled,True,2026-06-18 13:54:23.186953+00:00,2026-06-18 13:54:33.998205+00:00,a3c1bb49-9ac8-4a06-b29c-f57a48147a49
a5aab1a9-6616-4784-bd2f-52998f0f83ea,RXRX,buy,limit,11057.0,11057.0,3.18,3.22,filled,True,2026-06-18 13:57:26.959348+00:00,2026-06-18 13:57:28.401993+00:00,55229c7b-3994-4878-b034-d67ab94b87d1
9f64f6ad-7ab0-4ca7-aec4-db60f8855b2a,RBLX,sell,market,1384.0,1384.0,52.2,,filled,False,2026-06-18 15:07:40.934642+00:00,2026-06-18 15:07:42.123871+00:00,b8a6b06d-b4e6-495d-8de0-b94f298bc544
ea01cdc4-6d53-4318-8a49-d1d94c976d4f,WOLF,buy,limit,683.0,683.0,54.180381,54.38,filled,True,2026-06-18 15:16:53.959096+00:00,2026-06-18 15:16:55.015130+00:00,eeb3bbdb-1e96-4e0e-a67f-54f0a8a0c54b
ffb41ff4-5f41-49e7-9c74-0d772c642c7d,LCID,buy,limit,6990.0,6990.0,5.26,5.28,filled,True,2026-06-18 15:26:13.213468+00:00,2026-06-18 15:26:15.326974+00:00,fd10576d-25bb-45c1-92c3-06cebfe62fe0
5262d8b6-0ebe-4cc5-b9f5-f33d9f2bd9a0,MRNA,sell,market,544.0,0.0,,,canceled,False,2026-06-18 21:54:23.734671+00:00,,cd47169c-949b-4b0c-8f5c-8bd7820f248e
c2deab5c-6d85-4d57-a88c-818a6d0c2295,SOXL,sell,market,263.0,0.0,,,canceled,False,2026-06-18 21:54:23.786334+00:00,,1ff8ccf5-1f19-4f9a-ae07-50187c3f737f
45d54c46-6868-4af4-bde3-868645208f0c,WOLF,sell,market,683.0,0.0,,,canceled,False,2026-06-18 23:21:04.681535+00:00,,c95ab785-8c99-42d5-8b85-cb38092c1ae8
e6a1b338-5d93-4b54-954a-1ba78fa5ef17,LCID,sell,market,6990.0,0.0,,,canceled,False,2026-06-18 23:26:10.564202+00:00,,d0c2f13d-6724-4d7f-baea-bdf35f5b7c1a
f11ea301-06cf-4afc-8224-b76e622bdd4f,CORZ,sell,market,1087.0,1087.0,30.17,,filled,False,2026-06-22 13:57:23.200163+00:00,2026-06-22 13:57:23.753949+00:00,dda01788-4cd3-41cf-a15c-a2ee3b68cb2a
645989e8-4344-4376-974c-259003edb331,HOOD,sell,market,329.0,329.0,111.754558,,filled,False,2026-06-22 13:57:23.232883+00:00,2026-06-22 13:57:25.826662+00:00,447fc554-f14b-4d01-b441-312c9308c2b0
3fdb5f05-f26e-413b-84a5-fecc613332ff,ABBV,buy,limit,173.0,173.0,226.47,226.74,filled,True,2026-06-22 13:58:40.410769+00:00,2026-06-22 13:58:42.386555+00:00,6ddd3e3e-38b9-4a7b-a96d-2344688f4d6b
2456bd31-a556-4064-95a3-8149230b303d,MSTR,buy,limit,333.0,333.0,117.91,118.02,filled,True,2026-06-22 13:58:41.966766+00:00,2026-06-22 14:02:45.999013+00:00,d1b9683b-f15c-42f6-95f5-b761dbe7bad0
713d6aa2-1a9b-48da-b35a-5586a6798052,META,sell,market,27.0,27.0,562.07,,filled,False,2026-06-22 14:55:13.978735+00:00,2026-06-22 14:55:14.458146+00:00,392bf584-77b9-41d9-81f3-a21b2168c092
9e4ced55-f6d0-46a4-97e6-34ece54ea8cf,MRNA,sell,market,544.0,544.0,58.382721,,filled,False,2026-06-22 14:55:14.066595+00:00,2026-06-22 14:55:15.519288+00:00,a7b4b336-ef6b-4869-9a9b-4914e00ec374
7fe6cde2-4fa7-434c-bb2c-2063f872019e,MSTR,sell,market,333.0,333.0,111.86054,,filled,False,2026-06-22 15:57:50.494038+00:00,2026-06-22 15:57:54.587192+00:00,be3165ef-149d-49ce-8a5b-7d3f7cdce576
ec107fc4-02c9-469b-a891-ef5670dd96da,MARA,buy,limit,2408.0,2408.0,15.374697,15.44,filled,True,2026-06-22 16:13:35.024523+00:00,2026-06-22 16:13:37.150884+00:00,3e4bf0a2-ba7b-4f8e-9073-1cf4eedc5bbf
e0e64ac5-41b6-4884-8099-0e572eb8f5d8,ENPH,buy,limit,686.0,686.0,54.05532,54.09,filled,True,2026-06-22 16:16:45.323068+00:00,2026-06-22 16:26:18.271054+00:00,37183fe1-e3b6-4a22-a461-85a7cf7728bc
433a9727-ece2-43ce-94a5-714422ba3944,ENPH,buy,limit,685.0,685.0,54.06,54.09,filled,True,2026-06-22 16:19:52.892356+00:00,2026-06-22 16:26:14.349348+00:00,2ededbe6-2e07-4bb0-aec2-fec8dc8c72a8
bec4190d-22d0-4e66-9e6e-820d618828fc,MARA,sell,market,2408.0,0.0,,,canceled,False,2026-06-23 00:32:18.759202+00:00,,b05cde5e-ba33-4d84-8b1c-ca27e123be41
8ce649f4-13e0-485d-a0c0-be6f40b1e735,ENPH,sell,market,1371.0,0.0,,,canceled,False,2026-06-23 00:32:18.820256+00:00,,e494222b-6481-47f8-a477-a1b438326a71
a10d1642-483f-4fc8-981a-d4d42c266f59,ENPH,sell,market,1371.0,1371.0,50.28,,filled,False,2026-06-23 08:02:46.655522+00:00,2026-06-23 13:32:02.134589+00:00,9b633a6d-d9da-4d53-bf26-57b67dbe80ed
2fb890be-6d9b-41b5-a4d9-05a94d84f2df,MARA,sell,market,2408.0,2408.0,14.14,,filled,False,2026-06-23 08:02:46.669428+00:00,2026-06-23 13:30:40.428334+00:00,eef862a4-bfcb-4268-aa57-7b3829c2614f
46e26e19-691a-4cf7-97e0-a0af1ae00022,WOLF,sell,market,683.0,683.0,46.02978,,filled,False,2026-06-23 08:02:46.692560+00:00,2026-06-23 13:38:08.600689+00:00,98f0f3bd-23b3-4ce7-9e36-b0fd07fb111e
18147cc4-7603-43e4-bd2b-54c265b1392b,SOXL,sell,market,263.0,263.0,240.87,,filled,False,2026-06-23 08:05:13.524921+00:00,2026-06-23 13:32:13.633408+00:00,6cedae8b-975a-458b-835f-117f3a89160a
299df840-f88d-4e54-88b3-eaa7bde68acf,WULF,sell,market,1121.0,1121.0,26.97,,filled,False,2026-06-23 08:05:13.637123+00:00,2026-06-23 13:31:56.030447+00:00,096c044a-6ec0-4087-bb2e-bc852cd7221f
f27ed4ac-ae60-4fe1-af8e-b7730397956e,RXRX,sell,market,11057.0,11057.0,3.171671,,filled,False,2026-06-23 08:51:06.206620+00:00,2026-06-23 13:38:25.513380+00:00,7087d2d8-a0ff-4007-b270-036e1f2151d1
c417dc93-f4fe-4b3c-b2c2-e9b7f5bd5f9f,MRNA,buy,limit,517.0,0.0,,60.01,canceled,True,2026-06-23 13:46:15.417998+00:00,,103aec06-6949-4770-b413-8663b927b9e4
1931b05c-b780-45a8-8514-3d90350f61c5,CORZ,buy,limit,1103.0,0.0,,28.13,canceled,True,2026-06-23 13:46:17.616897+00:00,,4e82d15d-9ca4-493f-bfe7-8e32f4efdbc8
71753970-fd60-4899-b795-fc25c27c423f,SOFI,buy,limit,1098.0,0.0,,16.97,expired,False,2026-06-23 13:49:14.985563+00:00,,38d12be2-c644-4305-9c22-df79c6a9b364
323b996c-7736-4cf0-979c-57f576e75bec,IONQ,buy,limit,311.0,311.0,59.863891,59.88,filled,False,2026-06-23 13:49:15.228086+00:00,2026-06-23 13:49:21.026638+00:00,524eee30-f565-414a-abc0-691c14b2c06c
641cb77a-7762-413d-a744-4040457831e7,MRNA,buy,limit,517.0,0.0,,60.01,canceled,True,2026-06-23 13:49:23.530117+00:00,,931d455a-0d98-4415-a185-8f124a14f5a8
539e3f32-35ab-4165-aae2-b3cfd8572807,CORZ,buy,limit,1104.0,0.0,,28.13,canceled,True,2026-06-23 13:49:25.532825+00:00,,3a55c73d-6605-4d82-8b6e-603f87a914b6
8ae366c4-d139-40db-b809-22f8a82b5f0a,CORZ,buy,limit,1096.0,0.0,,28.46,canceled,True,2026-06-23 13:52:32.455785+00:00,,cdc783cf-41e5-466e-94c8-17a9c2338509
a6c52a6a-6e10-49c7-962b-314e386a93c8,RBLX,buy,limit,649.0,649.0,48.03,48.03,filled,True,2026-06-23 13:52:33.834463+00:00,2026-06-23 18:26:03.684777+00:00,bb48ee3d-b768-46fe-b508-a6d8c249c843
4b9128f6-9d62-4bee-8830-550c51d0fc81,HOOD,buy,limit,299.0,299.0,103.47,103.62,filled,True,2026-06-23 13:55:38.041761+00:00,2026-06-23 16:45:44.878660+00:00,562b6e65-4f59-4c61-8412-8bd4095bec4c
99cfc327-6240-442b-95c0-e214435bd9eb,HUT,buy,limit,260.0,260.0,119.16,119.17,filled,True,2026-06-23 13:55:40.387611+00:00,2026-06-23 18:44:04.882612+00:00,53449b0c-b212-4459-adc8-45248cc27e66
c6cf1955-3f86-4d81-947f-2ad54136accb,CORZ,buy,limit,1078.0,1078.0,28.78537,28.79,filled,True,2026-06-23 13:55:40.848081+00:00,2026-06-23 13:56:41.699232+00:00,0b008d8a-4762-4e11-bb66-7e1aa4f10419
1ddf915b-d152-48de-8b32-931f1be20e4a,HOOD,buy,limit,300.0,300.0,103.47,103.62,filled,True,2026-06-23 13:58:46.177530+00:00,2026-06-23 16:45:45.203148+00:00,ceb27c81-31c3-4369-ad1a-97fda6e415ee
906c79b4-bcba-44fb-83d1-68f72faa62a8,HUT,buy,limit,261.0,261.0,119.073793,119.17,filled,True,2026-06-23 13:58:48.036415+00:00,2026-06-23 18:44:07.085211+00:00,271c351a-6ea6-47ea-8ec2-041cbd7cee85
9e8f68b7-31a7-4f40-9fb3-a6bbdd10311b,IONQ,sell,market,311.0,311.0,56.79,,filled,False,2026-06-23 18:46:21.084296+00:00,2026-06-23 18:46:22.161802+00:00,fcc026ef-33c3-4631-9f39-fc1c0be1bcb6
50ffb3c2-7b15-44f8-a264-cda5d706df36,CORZ,sell,market,1078.0,0.0,,,canceled,False,2026-06-23 21:59:52.605133+00:00,,b6ba5e26-c85d-4e2d-871f-1b6d028dde91
480bbda7-973c-4c9a-b981-8163c5e7e240,HOOD,sell,market,599.0,0.0,,,canceled,False,2026-06-23 21:59:52.658049+00:00,,ef147aa6-6914-46a6-b384-3a67bef01474
88f280ec-b05c-4aef-ac0f-11018e957091,HUT,sell,market,521.0,0.0,,,canceled,False,2026-06-23 21:59:52.709687+00:00,,57819f68-27c4-49c2-9a0b-b6e2401d8333
dace09ab-3988-41b9-84ee-556db50f9da4,PLTR,buy,limit,256.0,256.0,116.0,117.19,filled,True,2026-06-24 13:50:55.945174+00:00,2026-06-24 13:50:58.148345+00:00,8b7c88cb-848a-463a-a84f-a1de2963e7eb
5d919b02-144f-45b7-8527-2940a2bf3779,SOFI,buy,limit,1701.0,1701.0,17.82,17.82,filled,True,2026-06-24 14:00:22.067143+00:00,2026-06-24 16:06:31.824861+00:00,f1dca2e7-c876-49bd-a256-5c5d1abf26f4
44c674d9-d536-4ef9-bcea-5ad7d03a28cc,SOFI,buy,limit,1686.0,1686.0,17.82,17.82,filled,True,2026-06-24 14:03:35.936135+00:00,2026-06-24 16:06:31.861357+00:00,d6fe8394-1d5f-46db-906d-01f686920106
6b567dcf-fb5e-44fb-9db7-a4dfc31e28b2,RXRX,buy,limit,9144.0,9144.0,3.23,3.31,filled,True,2026-06-24 14:06:44.854627+00:00,2026-06-24 14:06:47.725624+00:00,6bdceca5-a72d-4c04-8526-8bf17b7006d0
b393ea91-688b-4cba-97b6-f5fd9d94e235,HOOD,sell,market,599.0,599.0,97.89207,,filled,False,2026-06-24 14:16:05.496270+00:00,2026-06-24 14:16:07.504154+00:00,0da724f0-3bcb-48ed-8f71-a567a3cda607
5f2e08c6-2d5c-4f76-a46f-c22e0a827eca,SOFI,buy,limit,1630.0,1630.0,17.84,17.91,filled,True,2026-06-24 14:19:17.140967+00:00,2026-06-24 14:19:21.632787+00:00,c68fadad-a9da-48e3-ae6d-80845d577198
a89fca23-f24c-43ff-882e-ec8d2655898a,CORZ,sell,market,1078.0,1078.0,27.3,,filled,False,2026-06-24 17:32:44.052204+00:00,2026-06-24 17:32:44.725123+00:00,882dd969-120f-4a47-b9cf-26f19c868729
b8253ccc-385a-4f01-840a-bbfa63af101c,HUT,sell,market,521.0,521.0,113.13,,filled,False,2026-06-24 18:01:32.622709+00:00,2026-06-24 18:01:33.338630+00:00,e4e4f802-9374-40fb-9054-851ec8f307d2
1b2d2334-f33c-40e0-a92d-6587042f30cd,PLTR,sell,market,256.0,0.0,,,canceled,False,2026-06-24 21:52:40.784540+00:00,,fdaa1e7f-14e2-4de8-bcd4-f6f79962c3d2
b4bf1d05-53c8-4097-8c05-b66e7851543f,RXRX,sell,market,9144.0,0.0,,,canceled,False,2026-06-24 22:07:58.196624+00:00,,edefd9b0-a8eb-4e8c-ab57-a199fb04eb4f
22c13ccb-01a9-4ada-9b8c-db8ca8a60554,SOFI,sell,market,5017.0,0.0,,,canceled,False,2026-06-24 22:23:16.311390+00:00,,5a0ad689-23bf-4df8-910f-c9ed19c6254e
66785a1f-39e1-4533-91b7-96235a4a5cf5,PLTR,sell,market,256.0,256.0,109.29,,filled,False,2026-06-25 13:35:28.436855+00:00,2026-06-25 13:36:27.316195+00:00,1730daa5-27c3-4b1a-8c2d-fc04dd111403
9862782d-6d37-4d62-b8d7-d1252a47053f,BULL,sell,market,4773.0,4773.0,6.51,,filled,False,2026-06-25 13:41:43.738514+00:00,2026-06-25 13:41:45.165807+00:00,9dd542ae-7999-4996-b4fb-6cb561666bf4
d7b5c1a1-3067-4caf-a940-c4bda3ec0342,RBLX,sell,market,649.0,649.0,45.51,,filled,False,2026-06-25 13:41:43.795116+00:00,2026-06-25 13:41:45.148912+00:00,eb7cb930-a670-4f31-bc60-80ac1383167a
437c5b59-331e-4438-a227-e010f3074083,SOFI,sell,market,5017.0,5017.0,16.903729,,filled,False,2026-06-25 13:41:43.848512+00:00,2026-06-25 13:41:45.144011+00:00,65788b0b-ff1d-4b02-b0a3-85da640f4b11
422e6428-bf81-4bbe-b253-7bada9bf3f4d,SOXL,buy,limit,62.0,62.0,242.76,267.09,filled,False,2026-06-25 13:47:51.459300+00:00,2026-06-25 13:47:52.134488+00:00,54534225-a7c9-472f-854a-2b51bf800a7c
c32eab76-eef9-4dc3-b829-138a217dc5cb,MU,buy,limit,22.0,22.0,1191.32,1251.24,filled,True,2026-06-25 13:47:59.876587+00:00,2026-06-25 13:48:01.250999+00:00,8b5be426-be2d-4b90-89b6-6a47a57ffe2e
a17f508b-7859-401c-bf7c-9fbdb31caf61,MRNA,buy,limit,457.0,457.0,59.45,60.74,filled,True,2026-06-25 13:51:05.871011+00:00,2026-06-25 13:51:07.079508+00:00,3d66f48f-c492-4417-beb7-dc346e4132c6
67abd1f7-4e54-4c58-a27a-019acfba4184,SOXL,sell,market,62.0,62.0,230.280806,,filled,False,2026-06-25 14:00:26.851570+00:00,2026-06-25 14:00:30.131768+00:00,1d226693-5480-4e55-9de5-74f961332dfa
f808e45d-3e32-4759-adce-e1090a3d0420,CAT,buy,limit,26.0,26.0,1042.12,1042.39,filled,True,2026-06-25 14:25:49.595520+00:00,2026-06-25 15:15:34.484859+00:00,2afff9fa-c56c-413d-96f0-94dd3c081bd2
ade7a9a0-0a66-4b18-8ae7-f2853fe4bdcc,CAT,buy,limit,26.0,26.0,1042.128462,1042.39,filled,True,2026-06-25 14:28:58.112481+00:00,2026-06-25 15:16:14.859987+00:00,cbb338e8-e7bd-43d5-aa99-00980269c403
eb335281-5dab-4277-b597-ce49c2dd6efe,UDOW,buy,limit,390.0,390.0,70.019538,70.93,filled,True,2026-06-25 15:12:57.923287+00:00,2026-06-25 15:13:00.676643+00:00,53cb272b-62b8-44ae-b085-5f2503ba99af
ef918f3d-e416-467f-80c9-d58cd82de25b,CORZ,buy,limit,997.0,997.0,27.68,27.96,filled,True,2026-06-25 16:30:54.955142+00:00,2026-06-25 16:30:55.384498+00:00,315fe9a7-1082-42e3-bfa0-6f2067550f30
7587722d-4964-4b29-9d0a-142714806d47,MU,sell,market,22.0,22.0,1141.013181,,filled,False,2026-06-26 13:04:55.013022+00:00,2026-06-26 13:34:00.245650+00:00,bcad3b7d-d174-4c0b-8b62-386bcda74e03
eb01bfc3-204a-425c-bc60-d3383a01a44d,CORZ,sell,market,997.0,997.0,26.172387,,filled,False,2026-06-26 13:35:42.261518+00:00,2026-06-26 13:35:51.774895+00:00,ba08625b-7025-4873-b9f9-e854773550f6
efc41ef8-762b-47a7-b0b0-be43207bb1f8,MRNA,sell,market,457.0,457.0,67.546302,,filled,False,2026-06-26 14:50:01.377794+00:00,2026-06-26 14:50:04.863224+00:00,387c1922-5a1d-4b4b-8abe-493a0ba0725e
af87e72a-d657-4206-a404-b883f4276425,LCID,sell,market,6990.0,0.0,,,canceled,False,2026-06-27 13:37:14.207031+00:00,,f7e7970e-dad5-4743-8752-559e97b5dfea
ca9f3866-f6c3-497a-8bf0-a1291b08cb11,LCID,sell,market,6990.0,0.0,,,canceled,False,2026-06-28 13:38:35.269196+00:00,,8e3c1f67-6ef4-46de-91b0-c7b6f7952606
f3f808c1-935d-4bd7-8f71-f6fffd27f7f7,RKLB,buy,limit,155.0,155.0,95.007355,95.43,filled,True,2026-06-29 11:59:07.131195+00:00,2026-06-29 11:59:07.925032+00:00,25795b5b-1831-465f-ab7a-f989dd7be483
c55b101d-1911-48e2-85fc-6800ee7fdb05,LCID,sell,market,6990.0,6990.0,6.14,,filled,False,2026-06-29 13:35:54.337643+00:00,2026-06-29 13:37:34.776775+00:00,282a5078-c5db-46f6-a8d9-2bb49418c01f
b1eebe22-16ef-42dd-bb81-18805c42e7ea,RXRX,sell,market,9144.0,9144.0,3.68,,filled,False,2026-06-29 13:39:03.043145+00:00,2026-06-29 13:39:04.018136+00:00,a5ca9edd-6a08-462b-84b4-211670badc92
e036a2ec-56dc-4fbf-8bdf-4c1f29216b93,MSTR,buy,limit,209.0,209.0,85.470622,85.79,filled,False,2026-06-29 13:40:08.707302+00:00,2026-06-29 13:40:13.268219+00:00,0b1a9210-e732-4776-8001-1a00cba046a1
dbf1788e-9657-4013-a699-5d3fc92ef17e,HOOD,buy,limit,178.0,178.0,99.388764,100.67,filled,False,2026-06-29 13:40:09.233513+00:00,2026-06-29 13:40:12.496732+00:00,3953b62c-2936-42ee-9f20-b15487761f6d
293edd84-b860-4f64-a351-f27adfa6c803,WOLF,buy,limit,622.0,622.0,46.35,48.27,filled,True,2026-06-29 13:45:22.296493+00:00,2026-06-29 13:45:24.695361+00:00,92bb53ac-15cc-40e0-bc11-7c84d1f1d9e6
5bfcc454-0094-4da4-a826-bbe1dc0def38,WOLF,sell,market,622.0,622.0,43.22,,filled,False,2026-06-29 13:57:47.472440+00:00,2026-06-29 13:57:49.224393+00:00,10f369e0-317a-4b0f-b73f-0fe885b6860a
49b5461a-ce23-4181-8218-6e190cea32cd,AMAT,buy,limit,44.0,44.0,658.384318,662.15,filled,True,2026-06-29 14:01:02.096389+00:00,2026-06-29 14:01:05.434886+00:00,6b66202f-16f6-4b6a-8b98-bddf29f23ee4
e6b5c2fa-c50a-4dd8-afef-f531111f7656,RBLX,buy,limit,548.0,548.0,53.619489,53.8,filled,True,2026-06-29 14:01:03.398252+00:00,2026-06-29 14:01:08.212201+00:00,1d7ac0eb-3c1b-47f3-8877-8a8376aad067
429af943-9167-47a6-be32-f8c39e701a34,IONQ,buy,limit,565.0,565.0,51.064354,51.78,filled,True,2026-06-29 14:07:18.000337+00:00,2026-06-29 14:07:19.441630+00:00,3857176a-cd0d-41e5-8bd9-ec78ba1862be
5d800382-09d6-42c3-899e-6f33c3b9eb01,RXRX,buy,limit,7919.0,7919.0,3.62,3.66,filled,True,2026-06-29 14:10:28.021278+00:00,2026-06-29 14:10:29.092973+00:00,c9d52212-9b4b-4c6a-95e7-40de78c0c247
36fe4fba-8f5b-443c-b528-98663b9cbe41,RKLB,sell,market,155.0,155.0,89.882774,,filled,False,2026-06-29 14:13:34.063373+00:00,2026-06-29 14:13:36.629030+00:00,5e96b869-e706-4547-ad8b-c8486614a615
d4399dc3-39d9-40b9-b669-7249784c31bc,ABBV,sell,market,173.0,173.0,253.69,,filled,False,2026-06-29 14:40:28.710449+00:00,2026-06-29 14:40:29.427482+00:00,e09fdb98-34f4-4a93-8791-0abf4a999969
b3e7a58e-35b4-469d-9888-6416a9c04f34,LCID,buy,limit,4739.0,4739.0,6.28,6.34,filled,True,2026-06-29 15:06:54.306839+00:00,2026-06-29 15:06:55.847640+00:00,d8bc985e-56d0-4f64-8b40-aac1b1016e79
44d99026-5488-4700-92c3-749dfe3821f0,MSTR,sell,market,209.0,209.0,92.84,,filled,False,2026-06-29 19:41:53.565893+00:00,2026-06-29 19:41:56.496119+00:00,eb9699ab-cdb6-4243-b3eb-0f9ff0cea6dc
7f0b76d4-4420-47fa-b6b6-1179283697b6,HOOD,sell,market,178.0,178.0,102.409775,,filled,False,2026-06-29 19:41:53.648762+00:00,2026-06-29 19:41:56.407658+00:00,d6ac8f5f-8ebd-4e01-858f-767b7856230a
58c72d47-14fb-402f-927f-d9cd666b1084,AMZN,buy,limit,64.0,64.0,239.85,244.82,filled,True,2026-06-29 20:21:33.839537+00:00,2026-06-29 20:21:34.527616+00:00,e9bad654-99f2-42c0-b64d-997985101a04
95ea5052-fcc7-4fd2-ba1f-b0472ae16c6d,AMAT,sell,market,44.0,0.0,,,canceled,False,2026-06-29 22:03:40.133787+00:00,,9bfa3edb-e249-4ad0-a0a9-b8728d17227b
e7f189e2-a5ac-4efc-a114-baa11b3f0e0f,RBLX,sell,market,548.0,0.0,,,canceled,False,2026-06-29 22:03:40.182531+00:00,,99b23f00-65d1-438e-b0c5-ae28e66a4598
8ec3fba5-536e-42f1-85ea-7d87cf3a9246,IONQ,sell,market,565.0,0.0,,,canceled,False,2026-06-29 22:08:46.905971+00:00,,7be60481-2c9d-4358-80bb-5547b4172273
72497730-394c-4f82-bd37-035ac3cece50,RXRX,sell,market,7919.0,0.0,,,canceled,False,2026-06-29 22:13:53.695369+00:00,,a5f3b471-202e-4283-a33d-6fc5d30d829b
f4e3b3b5-1cd0-4ad8-98df-9fbd21823f1f,LCID,sell,market,4739.0,0.0,,,canceled,False,2026-06-29 23:10:03.913740+00:00,,206f3d90-c96c-40d0-99ed-f60cf3989fce
50064700-accb-4f4b-a389-9a2e5fbe3398,AMZN,sell,market,64.0,0.0,,,canceled,False,2026-06-30 00:31:07.889742+00:00,,4f77d62c-6bf8-4b6e-9ff2-8a2e43315ccc
2be1f49c-3afd-4a6c-9b24-302d29a7b1df,ONDS,buy,limit,1860.0,1860.0,8.56,8.56,filled,True,2026-06-30 11:03:04.193324+00:00,2026-06-30 11:09:22.965009+00:00,ca853fd7-fd37-4f42-909f-965d250bdc62
59f1795c-125c-498a-902c-30f0a25f6a74,ONDS,buy,limit,1861.0,1861.0,8.57,8.57,filled,True,2026-06-30 11:08:09.539399+00:00,2026-06-30 11:09:07.110839+00:00,496d38a9-7165-4bed-b995-6a8d6f0d8c6b
2d66ecbd-e2b7-4d85-b9ca-c168e64e93d5,WOLF,buy,limit,692.0,0.0,,45.55,canceled,True,2026-06-30 13:45:05.941092+00:00,,c58ef251-6740-409b-adc6-ffed77962df6
d7b725f2-e3c0-4c82-bc0f-0bdc718078b2,WOLF,buy,limit,692.0,0.0,,45.55,canceled,True,2026-06-30 13:48:14.358136+00:00,,7bd90c80-c610-4607-86ea-992c57761969
84a76de9-19eb-4313-9f10-96d74af52ba0,MRVL,buy,limit,111.0,0.0,,284.29,canceled,True,2026-06-30 13:57:36.610113+00:00,,02712ff3-171b-48d9-b178-0c0ef56c2dbb
5bc98835-1f98-48e6-a22d-9467d5d4e5bb,MRVL,buy,limit,112.0,0.0,,284.66,canceled,True,2026-06-30 14:00:48.515885+00:00,,38c0dc77-3653-4a9a-9c63-59909e3b6bed
15ea6843-7961-4931-8742-516a5082b4b0,ONDS,sell,market,3721.0,3721.0,8.1,,filled,False,2026-06-30 15:06:37.051931+00:00,2026-06-30 15:06:38.563205+00:00,a69d811c-3bd9-4940-9b43-af14a6b4a52f
6e8fdf43-5610-42ee-9fcd-40b1c93cc903,AMAT,sell,market,44.0,44.0,737.182273,,filled,False,2026-06-30 15:07:27.633750+00:00,2026-06-30 15:07:30.629708+00:00,4e1d2e8b-3a2e-43d7-bc74-d490665532ca
a9dc6d3f-cf2c-41dc-b71c-6543e5309370,AMD,sell,market,59.0,59.0,563.952203,,filled,False,2026-06-30 15:07:27.698233+00:00,2026-06-30 15:07:30.571025+00:00,76efe8fa-2221-4178-9a7c-40b7d6a02d08
5ebf56ac-4245-4f8b-a558-0cec038ab494,WOLF,buy,limit,656.0,656.0,48.689558,48.76,filled,True,2026-06-30 15:09:48.701520+00:00,2026-06-30 19:50:05.016688+00:00,387651b9-3050-41ad-8892-2556036d4537
71021ed8-bdde-4882-9017-1b9141dda200,WOLF,buy,limit,628.0,628.0,50.94,51.27,filled,True,2026-06-30 16:37:15.474904+00:00,2026-06-30 16:37:17.607632+00:00,2989d1ca-74e6-4947-a8c1-2a5ea1794acc
781c6752-d9e1-4a89-b9f6-59d47cabf319,SNAP,buy,limit,7242.0,7242.0,4.46,4.47,filled,True,2026-06-30 16:52:50.679643+00:00,2026-06-30 16:52:51.624281+00:00,026a3e40-a9a4-4590-902f-0d180b7e1166
a004ee8d-f646-46c3-8089-5b393b39dbbc,AMAT,buy,limit,21.0,21.0,725.5,727.62,filled,True,2026-06-30 20:20:54.928271+00:00,2026-06-30 20:20:55.018905+00:00,e6cd8e9c-3f29-40c0-93f0-14bd5b1db456
4c818b4f-afa3-4bda-8e59-7beeda18252d,WOLF,sell,market,1284.0,0.0,,,canceled,False,2026-07-01 00:30:21.298428+00:00,,29f0f7c6-983c-4bfa-8378-b4a9421a504a
69514d17-b914-4642-911c-d5a7e466b6e4,AMAT,sell,market,21.0,0.0,,,canceled,False,2026-07-01 00:30:21.346112+00:00,,f9e129bf-d3af-4365-aeca-973316d3b8c8
5f661f1b-60b1-4b82-83be-d812ec2171d5,WOLF,sell,market,1284.0,1284.0,47.029798,,filled,False,2026-07-01 12:39:45.001808+00:00,2026-07-01 13:36:51.073149+00:00,bc622bab-e143-48e3-985a-0e9e8e46a340
3268adff-78cf-4204-83fa-56f5b9e7df30,PLTR,buy,limit,126.0,126.0,120.2,120.49,filled,True,2026-07-01 12:55:05.029019+00:00,2026-07-01 12:55:05.175453+00:00,9b8e821b-02a8-4794-8d1c-04c484f9e780
517273df-5b5e-43ce-a750-bdb8a727be1a,AMAT,sell,market,21.0,21.0,680.01,,filled,False,2026-07-01 13:10:29.931646+00:00,2026-07-01 13:32:06.746340+00:00,ad209e00-2b8b-4e66-9fb5-3a55af45194c
606aa3c5-c396-45e7-90a8-f1c284cd3dd8,NKE,buy,limit,748.0,748.0,40.258182,41.15,filled,True,2026-07-01 13:36:17.850096+00:00,2026-07-01 13:37:00.087781+00:00,ed06172c-8b45-4a95-85a1-d159d321dc21
590bc687-554f-4466-bc5d-82335c2ea0a0,COIN,buy,limit,210.0,0.0,,148.57,canceled,True,2026-07-01 13:45:45.795274+00:00,,7532fe4a-568d-4fec-99ba-adb4b2bec2de
6059f7f3-53e1-4a70-981c-42382135aab8,ACHR,buy,limit,6472.0,0.0,,4.83,canceled,True,2026-07-01 13:45:47.701414+00:00,,655e1bb4-e3fa-4648-a86c-08aa169968d9
63912160-210e-4b34-8288-f1a8eed68348,QCOM,buy,limit,167.0,167.0,185.5,187.27,filled,True,2026-07-01 13:45:51.382030+00:00,2026-07-01 13:45:52.886695+00:00,8fceb9f0-f980-4678-aba8-02f8956fd3a5
d0239c4e-737a-4de1-bfaf-a538e3df2850,CAT,sell,market,52.0,52.0,989.2675,,filled,False,2026-07-01 18:21:40.222345+00:00,2026-07-01 18:21:43.654726+00:00,3aa62c0e-1410-4502-ac83-ab56b541cb9a
2c880eb1-001b-461c-8c97-08530ea542a8,MSTR,buy,limit,340.0,340.0,94.56,94.57,filled,True,2026-07-01 18:24:51.576723+00:00,2026-07-01 19:25:38.697078+00:00,37573298-26bb-4dfd-929f-e8d6eb4dbb32
2de55d5e-2cf2-4b18-97f1-4165c2e4df56,MSTR,buy,limit,338.0,338.0,94.559704,94.57,filled,True,2026-07-01 18:37:26.689104+00:00,2026-07-01 19:25:40.906729+00:00,159d0818-ea43-46cc-b554-51f487e22858
f0571e9f-7e1f-4b4a-872a-3bb6fc149b34,MSTR,sell,market,678.0,0.0,,,canceled,False,2026-07-02 00:32:06.935977+00:00,,1c9ea709-c7a5-479f-9ce6-97e7179db9ef
479c1197-0246-4d8f-ab6b-dc65e4661e95,QCOM,sell,market,167.0,167.0,175.74,,filled,False,2026-07-02 15:06:19.348709+00:00,2026-07-02 15:06:20.420087+00:00,300c05df-7afa-4c60-9352-b1a02f2fe3c1
467ef1bd-e852-4cf3-aba7-6725e5853c22,IONQ,sell,market,565.0,565.0,48.447204,,filled,False,2026-07-02 19:05:14.787774+00:00,2026-07-02 19:05:16.035940+00:00,8adc4905-7c3e-4dd6-83d7-ed63b97354a2
4983fd58-33d7-4a10-b450-c58ce3d993eb,AMZN,sell,market,64.0,0.0,,,canceled,False,2026-08-11 13:04:55.962253+00:00,,a72774e6-877b-4d2a-87da-e8e534fded92
d380c787-bb90-48c7-9e54-8e15f2c2a043,PLTR,sell,market,126.0,0.0,,,canceled,False,2026-08-11 13:04:56.010449+00:00,,7ac4f109-64a0-4b2c-81f6-f6a2d3eae61d
5d297097-af7d-42f8-9e77-97aeb70f94b5,RBLX,sell,market,548.0,0.0,,,canceled,False,2026-08-11 13:04:56.115961+00:00,,ad8a0dd0-727b-4189-b921-331b46a8486f
916799fd-0e36-465c-9f46-d289e0921398,RXRX,sell,market,7919.0,0.0,,,canceled,False,2026-08-11 13:04:56.120423+00:00,,eaadb539-402f-4f59-a109-66c22a6fba05
54e82072-4f21-4803-837f-7ce114318aa7,SNAP,sell,market,7242.0,0.0,,,canceled,False,2026-08-11 13:04:56.153424+00:00,,59b6db08-f472-4376-88c2-90df66591d3b
fc0aacbb-502c-48e7-8541-ef16c5bf7006,AMZN,sell,market,64.0,64.0,275.38,,filled,False,2026-08-11 13:30:34.121510+00:00,2026-08-11 13:33:30.375977+00:00,84bb99d2-9dd3-49de-96fe-5999a28fff24
2482cf36-b65a-4fa6-aacb-c795eab245a0,PLTR,sell,market,126.0,126.0,174.805159,,filled,False,2026-08-11 13:30:34.143028+00:00,2026-08-11 13:34:45.051145+00:00,4fe93eeb-f521-45f0-886e-d14ddc3968f7
5c6b63a9-72b6-4487-a3ce-47353cf22a24,RBLX,sell,market,548.0,548.0,36.753102,,filled,False,2026-08-11 13:30:34.190959+00:00,2026-08-11 13:34:32.185659+00:00,4baeab68-1994-475d-8de3-31c2dddd27ad
db1bebea-7040-4dab-9374-54cab28cb786,RXRX,sell,market,7919.0,7919.0,3.305756,,filled,False,2026-08-11 13:30:34.230668+00:00,2026-08-11 13:34:59.480057+00:00,1c28cb4b-72d1-438b-86e4-681a76e873b4
7bbf348a-4cc9-43b9-8487-2316ea885717,SNAP,sell,market,7242.0,7242.0,5.40906,,filled,False,2026-08-11 13:30:34.269072+00:00,2026-08-11 13:34:20.282395+00:00,e613cb29-8b6a-4285-a288-ee58f1ba9aa5
87665499-fb44-4b60-b3f0-2406e1b9c9da,CLSK,buy,limit,2555.0,2555.0,11.96,12.24,filled,True,2026-08-11 13:42:16.390761+00:00,2026-08-11 13:42:17.076792+00:00,e6229538-bdda-4edf-809d-1eaa9918183f
7f170e88-4095-43e2-9070-e39007ee6cd5,ACHR,buy,limit,4845.0,0.0,,6.43,expired,True,2026-08-11 13:51:53.891384+00:00,,b04b48d2-14e0-41a1-ad4d-cfa69740ffbd
346be9a7-9040-419b-a549-e5d83256271b,JOBY,buy,limit,3495.0,3495.0,8.76,8.91,filled,True,2026-08-11 13:51:59.037853+00:00,2026-08-11 13:52:00.442201+00:00,ede99662-5a12-4c27-8039-bb1195357723
b05b1379-f836-4d05-82e3-edefbd66302f,WULF,buy,limit,1824.0,1824.0,17.099941,17.1,filled,True,2026-08-11 14:05:02.686208+00:00,2026-08-11 14:31:06.351353+00:00,c6f30c59-3441-45e2-934c-e23b2c6cd043
530d27d9-ac41-40f4-b11e-95678911658c,IREN,buy,limit,775.0,775.0,40.383031,40.4,filled,True,2026-08-11 14:11:16.526464+00:00,2026-08-11 14:19:51.463989+00:00,ce9822bd-d875-42a5-ab30-e4428d832f7e
809e4825-2a0b-447e-ac07-af717abcae5c,JOBY,sell,market,3495.0,3495.0,8.31,,filled,False,2026-08-11 17:23:01.086103+00:00,2026-08-11 17:23:01.603505+00:00,7483a606-6618-4bcf-bcee-94721ff723d2
362e818b-e4ad-4aff-b800-c9708ebae870,PLTR,buy,limit,171.0,171.0,175.861111,176.4,filled,True,2026-08-11 17:26:12.404288+00:00,2026-08-11 17:26:14.317913+00:00,23ae8be5-3c30-43b3-beed-6bf091eafcee
e8bdcaaf-70c4-42ec-bbe5-5cc7cbed2d7d,WULF,sell,market,1824.0,0.0,,,canceled,False,2026-08-11 22:09:14.580184+00:00,,87804f83-5f6a-4096-b01f-37b172ba073b
8a776fd0-dcfd-4490-bb93-63aaa3fb4fa5,IREN,sell,market,775.0,0.0,,,canceled,False,2026-08-11 22:14:21.667005+00:00,,4cadaf24-be00-4c56-a602-3905df7f64a0
16bac00b-f7d8-422f-85a2-41b653e615ac,PLTR,sell,market,171.0,0.0,,,canceled,False,2026-08-12 00:31:33.392869+00:00,,4f1d9c8e-d69f-4971-ade0-9d3f97468eed
a995d5ca-8d74-4a12-a44d-74b538678fb0,SMCI,buy,limit,456.0,456.0,34.592741,34.61,filled,True,2026-08-12 13:10:18.679732+00:00,2026-08-12 13:12:34.449755+00:00,fd95e212-020e-49b1-a1a4-c1879fb75b99
cf5ab6ae-b61f-4c4b-8dbb-3c6de6a5640f,MU,buy,limit,34.0,0.0,,908.24,expired,True,2026-08-12 13:45:45.855647+00:00,,3c382e28-2a5d-42dd-b281-a1fd76efb6a7
a48e9a0b-6e44-4e61-b70d-af573b054bd3,WULF,sell,market,1824.0,1824.0,17.426639,,filled,False,2026-08-12 14:01:36.359850+00:00,2026-08-12 14:01:38.676397+00:00,d1b8bb85-99e3-4b90-bfdd-919c7b372426
ec246d4b-e3ab-4dc0-af2e-3eac82ee8ba4,WOLF,buy,limit,957.0,957.0,31.62,32.35,filled,True,2026-08-12 14:02:13.880955+00:00,2026-08-12 14:02:15.451500+00:00,e2023a09-08e3-4c0c-835f-e9da9eeba8bc
7af9ced9-17de-4533-bd39-f37c327b801b,IREN,sell,market,775.0,775.0,42.341987,,filled,False,2026-08-12 14:34:02.389358+00:00,2026-08-12 14:34:04.640477+00:00,f2437526-e1a5-49fd-9505-6b544cb1b16f
fcd92aa5-6360-47cb-a7c2-5fa2ffdcf481,RKLB,buy,limit,378.0,378.0,80.943016,81.22,filled,True,2026-08-12 14:37:28.378853+00:00,2026-08-12 14:37:30.962411+00:00,7e9e0d10-7162-4e6f-a809-d032da0a2960
9acd250b-1cc1-4564-b8af-24af5c99cb1b,LCID,sell,market,4739.0,4739.0,6.48,,filled,False,2026-08-12 14:50:09.825049+00:00,2026-08-12 14:50:10.475913+00:00,ed4304d0-9c76-424d-ab84-ad80c606b9ca
9bca77a3-9abc-4d32-8414-38fa04523952,NVDA,buy,limit,136.0,136.0,224.353971,224.86,filled,True,2026-08-12 14:50:33.735877+00:00,2026-08-12 14:50:36.102937+00:00,a484ef26-ed8c-40d6-b56e-b64a184cd8e5
7e2141b6-15ac-403e-8d11-8335bc569135,SMCI,sell,market,456.0,456.0,35.66114,,filled,False,2026-08-12 15:03:28.978250+00:00,2026-08-12 15:03:31.665061+00:00,a9b77ec8-efe5-46d3-938c-fe209e5d6437
64803d29-37d3-4b00-9cbb-ba2a2ff336ce,WOLF,sell,market,957.0,0.0,,,canceled,False,2026-08-12 22:03:28.338234+00:00,,c8b36ffc-3752-443c-9850-8ccd47bbf256
92bc223e-0022-4557-ac30-11ac27c80ed0,RKLB,sell,market,378.0,0.0,,,canceled,False,2026-08-12 22:39:00.804301+00:00,,a4b2a062-3378-4779-8999-99ab5c22aca0
a88980f8-bdf4-4b6d-852b-931118d37898,SMCI,buy,limit,393.0,393.0,38.38,38.74,filled,True,2026-08-13 11:08:23.507372+00:00,2026-08-13 11:08:24.358006+00:00,4a274731-2773-4400-9318-37d4844e67de
9db8ec65-f0e4-4b74-93ab-cceafce094c4,SMCI,buy,limit,393.0,393.0,38.38,38.74,filled,True,2026-08-13 11:08:23.999487+00:00,2026-08-13 11:08:25.126871+00:00,30784761-e5a4-4de8-ad9b-2d8dbcb5f240
baf05588-9da8-4034-b8e2-59267868c3b4,LRCX,buy,limit,97.0,0.0,,330.62,expired,True,2026-08-13 14:15:10.319795+00:00,,2a9d58a8-ca02-47c8-be83-ad9d4124f818
c0de9f30-43e3-4e61-ac15-0a6c50e64919,CLSK,sell,market,2555.0,2555.0,12.05,,filled,False,2026-08-13 14:50:26.493078+00:00,2026-08-13 14:50:27.395431+00:00,513b006f-387f-41a3-8a7a-15b5e08ef32d
54f52c77-7f8c-45a9-9973-917c513763b1,ARM,buy,limit,111.0,111.0,288.77,288.8,filled,True,2026-08-13 14:50:30.311806+00:00,2026-08-13 14:54:11.607279+00:00,0d1cb362-8ed8-417f-a247-2f8c931c0531
454c6cda-9cd4-407d-95f7-8eb00b5abfcd,WOLF,sell,market,957.0,957.0,31.96,,filled,False,2026-08-13 15:35:23.834061+00:00,2026-08-13 15:35:27.222809+00:00,fe1dffa6-28e8-44a2-8bd8-b3e18f717600
ba8fba6a-b2a9-40a2-af5d-5a904d24c091,SMCI,sell,market,786.0,786.0,40.68,,filled,False,2026-08-13 16:04:31.698614+00:00,2026-08-13 16:04:32.443510+00:00,05d4fc99-b702-4ad8-aa61-65ed5323df00
6a8591be-25a7-4ae1-bb89-92e6fcad8737,SMCI,buy,limit,750.0,750.0,40.677467,41.46,filled,True,2026-08-13 16:04:35.803790+00:00,2026-08-13 16:04:39.399414+00:00,cb1fe152-c3c5-4174-929d-2d3ff3f2504c
9eeaec8a-cb94-4620-af99-29e7463f01d6,SMCI,sell,market,750.0,750.0,40.64,,filled,False,2026-08-13 16:07:49.855250+00:00,2026-08-13 16:07:50.586055+00:00,2706ecdf-0922-42de-93e7-a93135e6fcc2
ec3ff1a0-4e35-4d71-8c63-105001d39edb,SMCI,buy,limit,748.0,748.0,40.65,41.46,filled,True,2026-08-13 16:07:54.399171+00:00,2026-08-13 16:07:55.536310+00:00,65e3a488-524e-4957-b6f5-5c7d79b021ee
e89bb4e9-025c-46f7-8dd5-a8fd42a69fe0,SMCI,sell,market,748.0,748.0,40.43,,filled,False,2026-08-13 16:11:08.399549+00:00,2026-08-13 16:11:09.569334+00:00,c778aea2-631b-4d79-ad93-56d2827a6d19
b2179b5e-50cd-4911-9dc9-cd15dd414e99,SMCI,buy,limit,745.0,745.0,40.174282,41.46,filled,True,2026-08-13 16:14:28.610691+00:00,2026-08-13 16:14:35.032936+00:00,c6ae03e2-f581-4253-83b5-a60effbb159e
22e1c6f0-e45a-4749-84c5-7e85eff2ea17,ARM,sell,market,111.0,0.0,,,canceled,False,2026-08-13 22:54:11.883729+00:00,,61b2c901-14d6-4794-b7dd-57d8b2fcdfc2
3123fc99-40fb-4024-b9d5-48d45b754197,SMCI,sell,market,745.0,0.0,,,canceled,False,2026-08-14 00:30:40.519604+00:00,,6a5a32bb-021b-48d1-907a-fa101953836a
ec885463-f8b6-486f-be69-21199a64ea38,SMCI,sell,market,745.0,0.0,,,canceled,False,2026-08-14 00:30:40.810510+00:00,,1619157f-90da-4b19-b20b-af9255f5c139
5ea61e2a-7dd3-4d42-aff5-69f1fb72aeb0,LCID,buy,limit,4699.0,4699.0,6.51,6.57,filled,True,2026-08-14 13:45:35.404510+00:00,2026-08-14 13:45:35.775398+00:00,c8359632-26a6-430b-97dd-0e9a263c9f03
abd54dbf-785b-4b59-9c33-6198b2b5c74d,LCID,sell,market,4699.0,4699.0,6.17,,filled,False,2026-08-14 18:37:50.953545+00:00,2026-08-14 18:37:58.330617+00:00,bfcda035-73ec-49cc-b392-2ae9a7e9e0d9
aea19022-d938-4fb3-9297-f641d90e5aea,MRVL,buy,limit,129.0,129.0,234.933179,234.95,filled,True,2026-08-17 17:09:21.873716+00:00,2026-08-17 19:07:05.998172+00:00,a6dc2b3c-658d-4f70-b221-94d2232d1f92
1e340288-6ba5-4dd2-9fd1-6c21af8990b8,UDOW,sell,market,390.0,390.0,73.91,,filled,False,2026-08-17 17:19:33.111909+00:00,2026-08-17 17:19:33.912064+00:00,80e9ee8e-7974-4255-bc0b-358b44a8601b
1fe5d7f7-ab35-4d8b-9f59-de2b1531b491,UNH,sell,market,70.0,70.0,394.01,,filled,False,2026-08-17 17:35:24.251306+00:00,2026-08-17 17:35:26.729340+00:00,befa717c-d561-4673-b277-b805e1910afd
bea2c032-fd61-4f15-973e-274d153b83a7,SMCI,sell,market,745.0,745.0,37.93996,,filled,False,2026-08-17 17:51:46.957195+00:00,2026-08-17 17:51:50.101128+00:00,7fd2df4d-27fa-4560-81b7-e16010781181
70577d98-cfb6-4405-987d-f1c07672f2f1,ARM,sell,market,111.0,111.0,274.01,,filled,False,2026-08-17 18:11:18.425975+00:00,2026-08-17 18:11:18.740151+00:00,6c663eac-7e7f-4247-a128-7ce1716b5c4c
ce05230c-893c-4209-9278-80c7598b6773,MU,buy,limit,29.0,29.0,1016.78,1021.86,filled,True,2026-08-17 18:56:07.158651+00:00,2026-08-17 18:56:10.806776+00:00,8ec786eb-6c63-4a89-831d-1da500e15129
fc57fad2-423a-469b-b6a7-449459aba329,MU,buy,limit,29.0,29.0,1016.692069,1021.86,filled,True,2026-08-17 18:56:10.578816+00:00,2026-08-17 18:56:13.731328+00:00,e83a06d8-90c8-43d8-b7f4-5b5cdf354e96
23735c7c-d898-44cf-8431-5e51c50954ec,MU,sell,market,58.0,0.0,,,canceled,False,2026-08-18 00:30:37.975801+00:00,,74d4f4c5-7d1a-448a-a362-e48314e2e048
bb9b5b59-de29-4f43-8e2a-3d27c245cb63,MU,sell,market,58.0,0.0,,,canceled,False,2026-08-18 00:30:41.092320+00:00,,b251c0d9-4cf5-466a-b16f-3c069ef3490e
aa6c29de-74bf-4c4d-94d5-63d8d76a00c6,MRVL,sell,market,129.0,0.0,,,canceled,False,2026-08-18 00:32:55.843870+00:00,,6b100e00-878b-45ad-9048-eaa8c351e70b
41baf69d-cd86-4f7d-beaa-1e6eb4a8a219,MRVL,sell,market,129.0,129.0,222.5,,filled,False,2026-08-18 08:25:38.384740+00:00,2026-08-18 13:30:35.610195+00:00,113f5917-c4bd-4190-80d1-1f42c79c67a2
12a284a8-9fc5-40fb-b248-bc65512d7293,MU,sell,market,58.0,58.0,971.48,,filled,False,2026-08-18 09:01:15.446225+00:00,2026-08-18 13:32:33.411258+00:00,530258cc-dd24-4be3-bf98-b16b2d1b74e0
6ab8e72e-7ffa-40c1-b185-54087cf824b7,IREN,buy,limit,636.0,636.0,43.95,44.84,filled,True,2026-08-18 13:50:02.461745+00:00,2026-08-18 13:50:03.227352+00:00,33aa7a29-a7bf-44f8-a35b-b68d87ed9ede
37a7a6d8-2b66-4b14-abe5-8805d1cc755e,RIOT,buy,limit,1430.0,1430.0,19.384601,19.95,filled,True,2026-08-18 13:50:02.983477+00:00,2026-08-18 13:50:04.869669+00:00,68bf4212-e74c-4d23-ab9b-d64261303f02
d493ee8e-f822-442c-92dc-77f61478898d,IONQ,buy,limit,623.0,623.0,44.84183,45.51,filled,True,2026-08-18 13:55:40.935004+00:00,2026-08-18 13:55:47.271203+00:00,8230746b-59e4-4437-8e79-a6f21b7ca9d3
224eee3e-56e3-4857-bc90-8c1c08b9822a,ONDS,buy,limit,3197.0,3197.0,8.94,8.94,filled,True,2026-08-18 14:02:15.083847+00:00,2026-08-18 14:10:40.428570+00:00,8c698b74-a54f-4489-8299-9b7c02179529
14803b47-cadd-42d8-bf96-3c6a8375038b,ONDS,buy,limit,3200.0,3200.0,8.94,8.94,filled,True,2026-08-18 14:02:22.894312+00:00,2026-08-18 14:10:40.404346+00:00,0f9bec5f-f0ec-41c7-8d53-4a201dcad705
2d596e2d-9b07-4ae1-9a05-58bce4c571d4,IREN,sell,market,636.0,636.0,41.731761,,filled,False,2026-08-18 19:22:19.607977+00:00,2026-08-18 19:22:25.506489+00:00,4c1dce72-0405-449b-9d3e-67f57c6e60ac
6bd00c7d-bdfe-4c98-9d66-510375631947,IONQ,sell,market,623.0,0.0,,,canceled,False,2026-08-18 21:58:17.683681+00:00,,bfde324b-6e46-433c-82ee-6315a285e586
68896048-16fd-47f1-a494-c78b23b9ce61,ONDS,sell,market,6397.0,0.0,,,canceled,False,2026-08-18 22:03:23.990282+00:00,,5f96f9cb-4e57-46d5-b964-6bfe3633d087
db8baf17-479c-49f3-a56e-e7bddc4befa4,RKLB,sell,market,378.0,378.0,76.260793,,filled,False,2026-08-19 11:49:14.017367+00:00,2026-08-19 13:34:02.007922+00:00,88970bc0-a219-4a9a-9142-059adbfabad4
4367549b-9489-4d4a-8b89-6816e2fdbd49,MRVL,buy,limit,58.0,58.0,238.229311,240.32,filled,True,2026-08-19 12:50:34.446006+00:00,2026-08-19 12:50:36.412096+00:00,a668912f-b641-4a33-b20a-e6bebe46105f
b5075e8e-da80-4ec1-a0dc-1df3bb537921,RIOT,sell,market,1430.0,1430.0,18.28,,filled,False,2026-08-19 13:39:56.025842+00:00,2026-08-19 13:39:57.461704+00:00,ed808331-f850-40d1-aa7c-80657e8603aa
5df0c00b-a38d-4db2-bd1e-ec2bf0136426,ARM,buy,limit,107.0,107.0,256.08,256.2,filled,True,2026-08-19 13:40:03.803418+00:00,2026-08-19 13:41:03.857358+00:00,22be4740-ea9c-4ba4-8dd5-fdbfcf14581e
74cc075a-5944-411a-807d-bbabff7e9b21,CORZ,buy,limit,1442.0,1442.0,18.51,19.1,filled,True,2026-08-19 13:40:12.084749+00:00,2026-08-19 13:40:14.270693+00:00,bd26e6ee-439a-4489-83c7-4dd4e1ec44fa
133710cd-3e65-4c8b-81c9-4fad6ea34933,WOLF,buy,limit,861.0,861.0,29.329617,31.93,filled,True,2026-08-19 13:40:13.862370+00:00,2026-08-19 13:40:21.020440+00:00,7f7f230d-81a2-41a7-b6e6-d0e4b18400b9
2dcc8bd4-5b9d-4bc4-b896-368456023dcd,ACHR,buy,limit,4447.0,4447.0,6.31,6.31,filled,True,2026-08-19 13:46:29.178577+00:00,2026-08-19 13:46:32.189861+00:00,18acb06e-2c13-4432-b1ac-86a8ee0fd557
2c30bb6d-9164-4962-ad47-ef72e996e73f,IONQ,sell,market,623.0,623.0,42.203242,,filled,False,2026-08-19 13:52:47.887319+00:00,2026-08-19 13:52:49.424515+00:00,de9ed584-6d68-4038-afd6-0780d8dbd6f1
bc975c50-f081-4680-9897-d18077e90853,IONQ,buy,limit,622.0,622.0,42.481977,43.57,filled,True,2026-08-19 13:55:59.912599+00:00,2026-08-19 13:56:03.635851+00:00,47a3be2d-ace1-4606-8cab-3e847ace39eb
d1f97ce0-837f-45f9-9002-f91a9a32ead1,ARM,sell,market,107.0,107.0,242.68,,filled,False,2026-08-19 14:09:18.333656+00:00,2026-08-19 14:09:19.650261+00:00,00bb9304-4e1b-40a2-a0d9-67e315463194
768324b8-5a48-4847-be4b-0ab04b224651,MRNA,buy,limit,190.0,190.0,143.790211,144.05,filled,True,2026-08-19 14:28:44.086848+00:00,2026-08-19 14:47:05.286471+00:00,e004514e-54d9-4294-b3ed-70a6048828c6
d244bdab-4a28-4d0e-b7c7-736056f10b9c,WOLF,sell,market,861.0,861.0,27.81,,filled,False,2026-08-19 15:36:24.249949+00:00,2026-08-19 15:36:24.745953+00:00,5466d703-196f-4120-8258-ac13ccd96abf
10847d92-1f1d-496d-ade5-834d0adcbcb7,MSTR,sell,market,678.0,678.0,102.88,,filled,False,2026-08-19 17:34:09.359234+00:00,2026-08-19 17:34:10.506586+00:00,f960abe1-a055-4d3d-aa2d-a0fb8246e330
2ae2e0df-30c5-42cb-8b9f-c636c7e1541a,TSLA,buy,limit,82.0,0.0,,345.33,expired,True,2026-08-19 17:36:50.515274+00:00,,fc3d1268-c006-4e55-ad8e-4fbcac1a79e3
1968a037-b23d-4f59-8e5e-2eb859113c6e,COIN,buy,limit,175.0,175.0,160.46,163.09,filled,True,2026-08-19 17:36:52.606604+00:00,2026-08-19 17:36:55.760290+00:00,0b270a07-57d2-449a-810e-4e322fe7dceb
573b619a-2a23-4f15-868e-5c631026760a,MSTR,buy,limit,284.0,0.0,,100.39,expired,True,2026-08-19 17:36:55.821539+00:00,,40bae25b-ee83-484c-98f3-5f4004ca232a
214fe071-0f3c-422f-baca-b327bff62593,SOFI,buy,limit,1541.0,1541.0,18.43,18.54,filled,True,2026-08-19 17:37:30.502699+00:00,2026-08-19 17:37:33.903031+00:00,0f654167-f3a7-4a02-b0be-bf56781d423c
55e93e96-d246-414d-9328-bcec6a6ab43b,MRNA,sell,market,190.0,190.0,151.12,,filled,False,2026-08-19 18:09:23.151196+00:00,2026-08-19 18:09:24.280002+00:00,43514d96-7d35-414d-9198-f1c53fbce9b9
79a0f28e-a84b-4a52-90f3-708582d14285,MRNA,buy,limit,187.0,187.0,150.43369,151.53,filled,True,2026-08-19 18:09:40.673619+00:00,2026-08-19 18:09:42.377723+00:00,06053b85-0348-49c7-812e-165f4787dcb0
d3bc12bf-8440-4a63-b46e-b7a9de4eacd0,MRNA,sell,market,187.0,187.0,150.513102,,filled,False,2026-08-19 18:10:07.170550+00:00,2026-08-19 18:10:08.850213+00:00,d81f1fdc-b2f9-4b0b-ab5f-db0df5118109
e1b32084-a548-48f4-b684-19f6b2917f6f,MRNA,buy,limit,187.0,187.0,149.87,151.53,filled,True,2026-08-19 18:12:41.633061+00:00,2026-08-19 18:12:43.226623+00:00,335c71ce-1740-4038-9d30-ce6ddbe3f920
9ba4c194-da68-4f39-b0d3-37b252afca79,MRNA,sell,market,187.0,187.0,149.536791,,filled,False,2026-08-19 18:13:25.412045+00:00,2026-08-19 18:13:26.620925+00:00,e011d639-982f-4819-b60a-4193b4680f83
4a52ac2a-084f-46a0-aaeb-9ac37a6d3fad,MRNA,buy,limit,187.0,187.0,148.0,151.53,filled,True,2026-08-19 18:15:56.191216+00:00,2026-08-19 18:15:56.634634+00:00,211aefa6-eb67-4be5-9032-970ad22f56a1
a7af2f70-51a7-48cf-9a35-609dca5be85e,MRNA,sell,market,187.0,187.0,149.09,,filled,False,2026-08-19 18:16:39.124475+00:00,2026-08-19 18:16:41.944464+00:00,135739ac-db7d-4ffb-8f9d-69fcb48fcb97
719b0a44-083b-46a3-b92d-1c831091d1a1,MRNA,buy,limit,187.0,187.0,150.3,151.53,filled,True,2026-08-19 18:19:12.859667+00:00,2026-08-19 18:19:13.505266+00:00,fd280652-8a31-4215-9839-ba67653af152
5cdcafe4-5a28-4a1e-a4f1-ea7b84362515,MRNA,sell,market,187.0,187.0,151.35,,filled,False,2026-08-19 18:19:53.245709+00:00,2026-08-19 18:19:53.911562+00:00,ab6b9dda-e081-4f4e-9552-c180d89f5cde
a24973e0-9041-4427-b111-e1e9018d9c5f,MRNA,buy,limit,187.0,187.0,150.701551,151.53,filled,True,2026-08-19 18:22:27.026833+00:00,2026-08-19 18:25:38.486587+00:00,ab35f472-8d1e-441f-ab16-8b96c4295114
5138475b-b1ed-47f4-b055-7f4812b891ce,HOOD,buy,limit,291.0,291.0,95.81,97.64,filled,True,2026-08-19 18:28:54.830201+00:00,2026-08-19 18:28:55.375254+00:00,d3c199e7-a8c8-42a1-b95c-50289be73230
2bd29159-9a87-40f7-827a-36feeeee21b3,MRNA,sell,market,187.0,0.0,,,canceled,False,2026-08-19 20:20:33.931019+00:00,,fda0f4cc-f842-4ff3-9285-6d56e901ba50
3cbb04a7-9651-4386-8310-c7adad242d00,MRVL,sell,market,58.0,0.0,,,canceled,False,2026-08-19 20:51:34.211293+00:00,,8e164dfc-f3fe-477f-b069-0bfa76fa73a0
83b89768-de4a-482f-9e8e-441faf2c0083,IONQ,sell,market,622.0,0.0,,,canceled,False,2026-08-19 21:58:14.263260+00:00,,ad53c301-daba-4ee1-8541-8c1c71aa8fbc
a317acd9-b31d-478f-9a5f-1d4a33218782,COIN,sell,market,175.0,0.0,,,canceled,False,2026-08-20 00:31:08.831120+00:00,,df46e292-e93f-492f-baf0-d6feadc9ffc1
23e84f80-94f3-4181-b5a3-9715f4f30375,HOOD,sell,market,291.0,0.0,,,canceled,False,2026-08-20 00:31:08.924868+00:00,,9b627a33-5c81-4a38-b26a-c58fb25fc07e
a54dfbb1-f026-4d1e-b4a8-8677e8bd9197,SOFI,sell,market,1541.0,0.0,,,canceled,False,2026-08-20 00:31:48.400960+00:00,,1f346373-9e19-400c-b3bd-cacde7566493
98147852-9289-431e-8fe3-b043ca4fe9b7,MRNA,sell,market,187.0,187.0,150.5,,filled,False,2026-08-20 08:00:08.834689+00:00,2026-08-20 13:30:37.213379+00:00,656f968f-1bcd-4856-a783-98ed8d7cc6c7
7d228ab3-3e89-4da1-bd48-3e90bda6f6c8,COIN,sell,market,175.0,175.0,166.41,,filled,False,2026-08-20 13:36:50.426165+00:00,2026-08-20 13:36:51.422464+00:00,cdaa8918-1fc3-4fe2-afe8-46183bf23f32
e675d125-4298-4e0f-b86e-aa4c31d6a493,HOOD,sell,market,291.0,291.0,96.46,,filled,False,2026-08-20 13:36:50.546742+00:00,2026-08-20 13:36:51.022653+00:00,8a64c286-d493-43e8-a180-411ef914e90e
6038757e-a133-4ca8-9343-51dedc423ee0,CLSK,buy,limit,2318.0,2318.0,12.28,12.3,filled,True,2026-08-20 13:46:50.958915+00:00,2026-08-20 13:51:26.523734+00:00,ade09b4f-aa04-4cfb-94c5-c9756b166a53
609d5b65-a307-4c24-8c6e-974375cdddcc,CLSK,buy,limit,2318.0,2318.0,12.28,12.3,filled,True,2026-08-20 13:46:51.243553+00:00,2026-08-20 13:51:25.282488+00:00,49bf9e50-36a3-4d77-84be-6f5a07b81620
38789505-1a55-4fc8-85f6-1a748d4a54d3,WOLF,buy,limit,1036.0,1036.0,26.12,27.53,filled,True,2026-08-20 13:46:54.944418+00:00,2026-08-20 13:46:55.641925+00:00,ccf6a73c-703e-4819-a3f6-2900e748b854
4d7a930f-3e42-4bae-a712-68f183293836,WOLF,buy,limit,1036.0,1036.0,26.12,27.53,filled,True,2026-08-20 13:46:55.051858+00:00,2026-08-20 13:46:55.920650+00:00,eb2591ab-1fd5-4dfc-befd-8017dd2ec4fb
9e2dca16-e657-4347-bbca-7c9fe9ac0a29,BULL,buy,limit,2924.0,2924.0,9.77,9.77,filled,True,2026-08-20 13:50:14.433208+00:00,2026-08-20 13:51:12.425728+00:00,a0486a12-5285-4c81-8932-688dca8e00ed
ed0f24da-d936-4a59-abf9-6a9e0a74fa82,BULL,buy,limit,2924.0,2924.0,9.77,9.77,filled,True,2026-08-20 13:50:14.732463+00:00,2026-08-20 13:51:11.768007+00:00,848c9447-f5e9-443b-8a0f-a4cc992d724c
48969382-5086-499f-92df-0fc59d19f221,ONDS,sell,market,6397.0,6397.0,8.47,,filled,False,2026-08-20 13:53:15.289511+00:00,2026-08-20 13:53:16.571362+00:00,823d0116-032e-4721-b166-859687ee0400
dd355a81-ec18-4796-95eb-57624c52bfc9,AMD,buy,limit,60.0,60.0,466.392833,467.59,filled,True,2026-08-20 14:00:08.282577+00:00,2026-08-20 14:00:11.616061+00:00,254e735b-27ea-4505-83b8-85c1d000ad11
d8d6bf2b-621f-45d9-a3b2-5623a3483797,SMCI,buy,limit,744.0,744.0,37.021789,37.79,filled,True,2026-08-20 14:00:09.394037+00:00,2026-08-20 14:00:20.131495+00:00,0f792acb-cdb0-422a-82f0-87768925015d
980799e5-240a-459a-af64-8a27819d98d0,SOXL,buy,limit,234.0,234.0,119.676923,119.73,filled,True,2026-08-20 14:00:28.623405+00:00,2026-08-20 14:01:44.362693+00:00,9ffe96e0-d7bb-4a1e-bcd6-f25876bd4aa1
f969113b-2908-4839-bb14-15c279df9989,BULL,sell,market,5848.0,5848.0,9.2,,filled,False,2026-08-20 14:22:26.906864+00:00,2026-08-20 14:22:28.371652+00:00,5f1bc76c-f545-4c8d-a8ec-02ab1ccefef0
e9e456d7-abb1-47d0-9c68-1b64f3eb667b,WOLF,sell,market,2072.0,2072.0,24.72,,filled,False,2026-08-20 15:37:48.483838+00:00,2026-08-20 15:37:51.890664+00:00,64dd4cac-f345-4f7d-935e-dc98b54900f8
ae68d5a0-4c94-44f7-b9ac-c78a1bc8f8cf,MARA,buy,limit,2415.0,2415.0,10.56,10.57,filled,True,2026-08-20 15:38:41.513170+00:00,2026-08-20 15:38:47.284467+00:00,8f7cd6b6-384a-41a9-8a72-00fbd80b8474
908ea2d6-9f32-42f5-bfe6-4669fb56da8a,IONQ,sell,market,622.0,622.0,40.344823,,filled,False,2026-08-20 15:45:03.498179+00:00,2026-08-20 15:45:05.700179+00:00,d5267b25-c262-4906-b529-6de11f3bea04
16b68184-69b0-4b78-a8e9-8db84b72d595,MU,buy,limit,26.0,26.0,956.76,961.3,filled,True,2026-08-20 16:40:06.597315+00:00,2026-08-20 16:40:08.629985+00:00,5c2e1ccb-f67b-4b6d-b472-c1bbbaef9735
28bfd4c2-191c-4306-9317-e7365c561ba9,ACHR,sell,market,4447.0,4447.0,5.99,,filled,False,2026-08-20 18:20:32.138266+00:00,2026-08-20 18:20:32.717336+00:00,f6ac190e-7deb-44ed-b7a6-f36d869a09c3
b127b949-97f6-4126-81ac-733eade22159,SMCI,sell,market,744.0,0.0,,,canceled,False,2026-08-20 22:03:00.545161+00:00,,97d2e6e8-9e1b-4bda-9113-d10dfddb554d
1e7c06ae-0833-432b-940a-e3f80b71ddfb,SOXL,sell,market,234.0,0.0,,,canceled,False,2026-08-20 22:03:00.596338+00:00,,fb7800bf-d867-4f3e-a261-78b1f379a2c6
dfa09616-6167-4a70-8189-a1f265c8dff1,AMD,sell,market,60.0,0.0,,,canceled,False,2026-08-20 22:45:20.395541+00:00,,e1c9b705-956a-4826-9410-561af589397e
25b260ac-328b-4e04-a32e-a97ba3a33b22,CLSK,sell,market,4636.0,0.0,,,canceled,False,2026-08-20 22:45:20.396872+00:00,,97bbcd0b-2569-4feb-809c-e8c4e487fa5f
9ac37a84-e635-4201-aa99-453911d20839,CORZ,sell,market,1442.0,0.0,,,canceled,False,2026-08-20 22:45:20.397881+00:00,,10946258-3c0f-4410-83e7-2297cb01803b
98e8bc12-dd74-437f-b1e3-ae82d78ce5b7,MARA,sell,market,2415.0,0.0,,,canceled,False,2026-08-20 22:45:20.398693+00:00,,6e53c1d4-2122-4e3f-afff-d7a974325623
b89b93c9-02ec-4054-aa71-85198ed98695,MRVL,sell,market,58.0,0.0,,,canceled,False,2026-08-20 22:45:20.399833+00:00,,0bc9b7a5-9a3a-4d92-8645-c919b8dc0242
79e4c5b3-0a5c-49e5-b8a0-7fabc46203a6,MU,sell,market,26.0,0.0,,,canceled,False,2026-08-20 22:45:20.401303+00:00,,5ac9346a-2073-4dc8-aff6-adfa6a06e59c
50e7a427-7ae8-494c-896e-c317ff6fcaac,NKE,sell,market,748.0,0.0,,,canceled,False,2026-08-20 22:45:20.401874+00:00,,ca8653d7-3237-4e9a-b817-c4eb5d1cc375
54796780-3faf-48c4-a9ed-78f27ad959e9,NVDA,sell,market,136.0,0.0,,,canceled,False,2026-08-20 22:45:20.403923+00:00,,7a0e6104-36b1-4135-978c-1364ac75d0c3
ea867cec-0cc7-4bf0-97df-e69653b9969f,PLTR,sell,market,171.0,0.0,,,canceled,False,2026-08-20 22:45:20.404455+00:00,,c3b7ea68-4990-4de1-8fb0-c3e846369b66
9f94b5c4-4cae-483e-906d-559525b770ae,SMCI,sell,market,744.0,0.0,,,canceled,False,2026-08-20 22:45:20.404922+00:00,,08c4f2fa-96e5-4350-ba51-06e63ab4a102
72e20681-8eed-44b0-9ae4-731f17f532da,SOFI,sell,market,1541.0,0.0,,,canceled,False,2026-08-20 22:45:20.409793+00:00,,713ebdc3-524c-4e7e-9b93-b0578a1eac60
dfce450e-3100-40da-a57d-9a3342c6156e,SOXL,sell,market,234.0,0.0,,,canceled,False,2026-08-20 22:45:20.410486+00:00,,afddd7f5-4b47-41e2-b00a-2dd77a1b98a0
e5105003-518f-48ae-95b1-ea96e6afe3a9,AMD,sell,market,60.0,0.0,,,canceled,False,2026-08-20 22:48:21.078868+00:00,,03177f0f-05d0-404b-b3f1-9adad6f3bc19
4aac58e7-433c-4f5b-85e4-952cf36e7c24,CLSK,sell,market,4636.0,0.0,,,canceled,False,2026-08-20 22:48:21.083135+00:00,,9c317b9c-9b95-4020-82b5-c97fb5c74633
f741998b-973e-469b-8d0b-6411000dfd10,CORZ,sell,market,1442.0,0.0,,,canceled,False,2026-08-20 22:48:21.084312+00:00,,736bc93c-7b94-4460-99a4-cc7c79363aa1
ffecc87b-dd1c-4caf-9015-337fd600a698,MARA,sell,market,2415.0,0.0,,,canceled,False,2026-08-20 22:48:21.085035+00:00,,5d4bda8d-b1e2-4ead-8593-15b8c6fd55dc
e3354ccf-0de8-4b13-b3a5-f0f1fae01273,MRVL,sell,market,58.0,0.0,,,canceled,False,2026-08-20 22:48:21.085672+00:00,,977ae20f-89f3-4de8-ab8c-fb39250b93c7
49492b74-23fe-4189-895e-eb8f35e67682,MU,sell,market,26.0,0.0,,,canceled,False,2026-08-20 22:48:21.086324+00:00,,b7b25baf-f58d-41b2-9b5b-1fe27ec0731a
ba66a8ee-3794-40b9-b5fd-ee7abcfec69e,NKE,sell,market,748.0,0.0,,,canceled,False,2026-08-20 22:48:21.086948+00:00,,82ecde49-84c2-44bb-b78d-2ce6752ad866
ddba5698-82da-4938-83df-42ef931f4afb,NVDA,sell,market,136.0,0.0,,,canceled,False,2026-08-20 22:48:21.087668+00:00,,6e135649-22b4-420a-a1fe-0dbb7abc0a16
1f39b435-78ac-4455-8dcc-7da1b943b955,PLTR,sell,market,171.0,0.0,,,canceled,False,2026-08-20 22:48:21.088341+00:00,,d9060a10-6f5a-402c-8085-68d0d5436085
3a961dd2-533c-427c-aadc-3d1a6a683c04,SMCI,sell,market,744.0,0.0,,,canceled,False,2026-08-20 22:48:21.089020+00:00,,97e36722-65ec-4e74-9b46-15eec1b5d824
92a1b345-c46e-4532-9223-411f2fb8fa11,SOFI,sell,market,1541.0,0.0,,,canceled,False,2026-08-20 22:48:21.089709+00:00,,129caf39-4926-4d85-b66b-bf07ae10ba1d
b2dd263d-3a3f-4357-86b8-9ca989422e90,SOXL,sell,market,234.0,0.0,,,canceled,False,2026-08-20 22:48:21.090417+00:00,,74b30e43-1527-4081-be07-1aa7033d0d65
401aa38b-2ffa-4a02-bc62-6d6d23192cab,MU,sell,market,26.0,0.0,,,canceled,False,2026-08-21 00:32:22.684415+00:00,,7a7dff81-a0d7-4a2d-be4d-0acfc149e3ba
5e628641-a16c-4f54-9a63-bcfbbaff299f,MARA,sell,market,2415.0,2415.0,12.07925,,filled,False,2026-08-21 13:36:18.626754+00:00,2026-08-21 13:36:21.801727+00:00,011945c3-5f71-480a-8411-8daac3d0f663
b9175cc4-ecf1-4e22-9152-eca9e7e45c12,SOXL,sell,market,234.0,234.0,122.462051,,filled,False,2026-08-21 13:39:44.372005+00:00,2026-08-21 13:39:47.094536+00:00,83ee3bb3-4dcc-4585-9821-1b2595737255
ad6f2495-275f-4e0c-8d20-804cf22a0558,MARA,buy,limit,2352.0,2352.0,12.09,12.09,filled,True,2026-08-21 13:46:28.664792+00:00,2026-08-21 14:04:05.793930+00:00,2d8c56cc-136c-42e7-90b9-dcab2b93742e
658b06d3-68fc-46e0-bf54-a2ec855cb327,MARA,buy,limit,2352.0,2352.0,12.09,12.09,filled,True,2026-08-21 13:46:28.691143+00:00,2026-08-21 14:04:06.365029+00:00,994c381f-9a69-41f2-a973-38f0b746e9b1
5a10798f-c3f0-40ab-bc86-41db67c772bf,MRNA,buy,limit,197.0,197.0,143.004112,143.13,filled,True,2026-08-21 13:52:56.871390+00:00,2026-08-21 17:59:08.887041+00:00,22bd2de8-8793-497e-a6c8-871bc9db62c6
de08d53d-4909-4398-af5a-390ca4a01a88,MRNA,buy,limit,197.0,197.0,143.012183,143.13,filled,True,2026-08-21 13:52:56.881876+00:00,2026-08-21 17:59:14.261548+00:00,85675aee-df3f-4e4e-b60a-dfdc22fa902d
6535f46f-5f5b-4f64-87e8-787c79ff29f8,IONQ,buy,limit,650.0,650.0,42.657169,43.15,filled,True,2026-08-21 13:56:09.748287+00:00,2026-08-21 13:56:11.766439+00:00,71e55a8e-160f-4a55-b473-23949eedc435
9206dd31-5a35-4f39-842f-9820573bb237,IONQ,buy,limit,650.0,650.0,42.6456,43.15,filled,True,2026-08-21 13:56:09.755215+00:00,2026-08-21 13:56:11.074868+00:00,c6e1947c-afb7-4eb7-8689-bc72d9ecb858
43f4b236-2edf-455f-9616-104cfb674845,CLSK,sell,market,4636.0,4636.0,12.776216,,filled,False,2026-08-21 13:56:25.865540+00:00,2026-08-21 13:56:28.303885+00:00,2bef4135-6626-4103-b624-18a786b9a42c
f44847b3-8883-4acd-afdb-46fc244b2cf9,BULL,buy,limit,3045.0,3045.0,9.237517,9.25,filled,True,2026-08-21 14:00:03.053278+00:00,2026-08-21 14:18:34.361030+00:00,fc3e36e1-e0e7-4760-9b6c-4300ead8a634
b742fffa-7c3c-4b3d-b905-5421d76130b3,WOLF,buy,limit,1012.0,1012.0,27.4,27.66,filled,True,2026-08-21 14:02:49.929479+00:00,2026-08-21 14:02:50.520062+00:00,798dbd8b-7727-4885-aa20-d285e16d1d58
31d302f4-5f54-4d37-8ff7-08162f20af7a,WOLF,buy,limit,1012.0,1012.0,27.4,27.66,filled,True,2026-08-21 14:02:49.932872+00:00,2026-08-21 14:02:51.654914+00:00,8689f659-3036-4f2e-ac4d-b51dfca2e5fb
397df94c-66dc-4853-94aa-7eb8f6e21062,MRVL,sell,market,58.0,58.0,243.27,,filled,False,2026-08-21 14:03:05.050482+00:00,2026-08-21 14:03:05.869086+00:00,2de96705-88f3-4f60-8905-094e1588064a
ab6a4f6c-c457-4e8b-b48c-5464113c9eb0,MARA,sell,market,4704.0,4704.0,11.465032,,filled,False,2026-08-21 14:26:19.413861+00:00,2026-08-21 14:26:22.053015+00:00,655ad65d-87d6-4ccd-a78a-2aa4bd018096
61d419f7-d382-4cbc-8eec-794c39eb3ef2,COIN,buy,limit,144.0,144.0,187.282639,187.97,filled,True,2026-08-21 14:29:15.487828+00:00,2026-08-21 14:29:18.012569+00:00,fcdeb3e8-4cfe-4a05-9ad7-15238d9d5f5f
fe4f35f4-4d2e-4344-b2c5-b49e26329719,WOLF,sell,market,2024.0,2024.0,26.02,,filled,False,2026-08-21 16:15:06.153778+00:00,2026-08-21 16:15:11.849606+00:00,dfb5c9d5-d4d3-4ddd-9246-45e5728d34cb
76159f4e-a07b-4f43-aeb5-e04912d6d3be,BULL,sell,market,3045.0,0.0,,,canceled,False,2026-08-21 20:28:19.440480+00:00,,4bca492a-0b81-469d-a2bf-be1ea9da74b2
b2ee18a3-1d87-4e9e-b0f5-8716ac3ff50c,MRNA,sell,market,394.0,0.0,,,canceled,False,2026-08-21 21:55:41.925148+00:00,,a8180075-5c0f-4aaf-a522-2d4c549c7d94
4439db8d-1b4e-49e5-89ab-343021411d48,COIN,sell,market,144.0,0.0,,,canceled,False,2026-08-21 22:31:37.089120+00:00,,c61cc07d-3552-46ec-9729-af2015338776
1e48d523-6052-4ff8-acd5-8ba49ebf0cbd,CORZ,sell,market,1442.0,1442.0,17.48,,filled,False,2026-08-24 08:05:16.158498+00:00,2026-08-24 13:31:59.012415+00:00,84c43617-c00e-4675-9879-8dd740dae2e4
230d54e9-bad9-4dac-86b1-7cf05f3cfeca,IONQ,sell,market,1300.0,1300.0,42.67,,filled,False,2026-08-24 08:05:16.210002+00:00,2026-08-24 13:32:20.524094+00:00,1190d903-1c70-4a70-8ae2-e5dd1916a4e8
40e68ebc-a524-4902-a60b-2b48d8ca4222,BULL,sell,market,3045.0,3045.0,8.55,,filled,False,2026-08-24 08:10:21.832007+00:00,2026-08-24 13:32:55.674114+00:00,c804dd39-c54a-45fe-afdd-1957a3f010b2
855aea55-0a0a-46b9-ab73-696a34b41e1b,NVDA,sell,market,136.0,136.0,213.522059,,filled,False,2026-08-24 11:03:24.002724+00:00,2026-08-24 13:36:55.461962+00:00,b7092822-3716-4e52-a9e1-aa77b56f807c
71152b67-85aa-41f1-8f6d-35f7d3cb7308,MRNA,sell,market,394.0,394.0,133.741979,,filled,False,2026-08-24 13:36:29.433349+00:00,2026-08-24 13:39:04.624906+00:00,79fa8e4f-56a7-4883-8008-e1da370b09cc
70e557f1-de94-4c9b-9f55-a7f5bc06c087,MU,sell,market,26.0,26.0,907.700769,,filled,False,2026-08-24 13:39:43.475882+00:00,2026-08-24 13:39:45.196193+00:00,861059ad-ecd5-4ef1-a830-5deb2fcb72b2
442f0d6b-3e72-4262-af86-adde0a7c186c,SMCI,sell,market,744.0,744.0,35.1,,filled,False,2026-08-24 13:42:54.615513+00:00,2026-08-24 13:42:55.198015+00:00,38047671-d634-405e-9adb-0ee600242475
10908a2e-61de-4347-a971-8160c83305bf,RIOT,buy,limit,1209.0,1209.0,20.139793,20.14,filled,True,2026-08-24 14:05:27.679764+00:00,2026-08-24 14:06:24.378545+00:00,01ad3ed1-9463-43dd-a0d3-7548ce5a780d
e408dcea-e435-496a-8644-dc199eb97118,RIOT,buy,limit,1209.0,1209.0,20.14,20.14,filled,True,2026-08-24 14:05:27.692870+00:00,2026-08-24 14:06:09.915199+00:00,444847df-d235-4ee1-b17f-069c6c776b1a
c25c89bc-3e0b-40d5-9c6f-18beaf5462f7,MARA,buy,limit,2145.0,2145.0,11.43,11.43,filled,True,2026-08-24 14:15:07.186675+00:00,2026-08-24 15:02:07.903076+00:00,7945ae30-d895-4f28-a58f-834438685207
3ec652f3-aa15-4422-98db-8aea891a1389,MARA,buy,limit,2145.0,2145.0,11.43,11.43,filled,True,2026-08-24 14:15:07.752876+00:00,2026-08-24 15:02:09.637102+00:00,179d032c-e437-4333-b114-8b80d48e1b2a
a9a8574a-0cf9-41c8-a21c-9c3274f45be9,SNAP,buy,limit,4605.0,4605.0,5.31,5.33,filled,True,2026-08-24 14:15:11.777772+00:00,2026-08-24 14:15:13.766600+00:00,ceb026fb-576a-42a8-9507-6cb014bd14ba
8ffb134a-bfdc-4c85-85eb-92c793607356,SNAP,buy,limit,4607.0,4607.0,5.31,5.33,filled,True,2026-08-24 14:15:12.152296+00:00,2026-08-24 14:15:17.062114+00:00,00d06369-0bf0-4140-af1f-a525f389cf00
b30ef4d8-0a71-4d9c-8607-5ce1edc097b1,RIOT,sell,market,2418.0,0.0,,,canceled,False,2026-08-24 22:09:15.613535+00:00,,ae842bfd-2b41-438e-a366-cfc46dd237ab
b0d24fe6-7330-427d-8ee4-e94e7191593f,MARA,sell,market,4290.0,0.0,,,canceled,False,2026-08-24 22:19:27.481420+00:00,,1671d382-1cff-4024-986a-3c8ec4d079df
28a7a164-0a13-45f7-9f1c-317c7da09a1a,COIN,sell,market,144.0,144.0,176.86,,filled,False,2026-08-25 13:30:36.705307+00:00,2026-08-25 13:33:10.265559+00:00,83cd8472-2254-4c19-804e-2e3a8676d08f
1bd7f59d-7144-43cd-a5c2-4b347cb9e403,MARA,sell,market,4290.0,4290.0,11.38,,filled,False,2026-08-26 12:39:34.447115+00:00,2026-08-26 13:31:14.535970+00:00,b593f0e4-9a6c-4c1c-8d69-a0ed9d1663e7
c4e2d4aa-da9f-4287-b806-8402c3f550ee,SNAP,sell,market,9212.0,9212.0,5.653748,,filled,False,2026-08-26 13:38:51.089005+00:00,2026-08-26 13:38:52.898393+00:00,b35a1e20-8e3c-4d49-96b9-d8435e19882f
91bc3a11-58c6-45c9-a822-8d76fc4446a7,RIOT,sell,market,2418.0,2418.0,20.73,,filled,False,2026-08-26 13:39:12.118246+00:00,2026-08-26 13:39:15.505030+00:00,72ac2651-5733-4631-a0b9-cd2e81167834
1236271b-768c-44f5-b5b7-7b88268f5c67,ACHR,buy,limit,4129.0,4129.0,6.08,6.09,filled,True,2026-08-26 13:51:20.718700+00:00,2026-08-26 13:51:24.097970+00:00,d9b9f1a2-e933-4a1a-87c7-58ac5527181e
8cd71d4b-995f-4571-85de-0ea5cf4d392b,ACHR,buy,limit,4128.0,4128.0,6.08,6.09,filled,True,2026-08-26 13:51:21.958383+00:00,2026-08-26 13:51:24.670927+00:00,056788ee-899f-49ae-ae15-20889ef445f3
21404a9d-5580-456c-90ff-eefda16667ea,WOLF,buy,limit,953.0,953.0,26.35,26.38,filled,True,2026-08-26 13:57:35.810715+00:00,2026-08-26 17:07:34.642648+00:00,3d9534cd-17e4-4df8-a2e9-b9269ed81af8
b21bd6cc-b8d1-4ad9-8e29-f2cf5e02930b,WOLF,buy,limit,953.0,953.0,26.35,26.38,filled,True,2026-08-26 13:57:36.902169+00:00,2026-08-26 17:07:35.111430+00:00,6797feeb-f6c8-41f5-b368-dd58eb99d225
16be9ce3-aa66-4eed-8c3f-f36573518ead,WULF,buy,limit,1520.0,1520.0,16.27,16.46,filled,True,2026-08-26 14:22:35.300642+00:00,2026-08-26 14:22:36.804773+00:00,116a4d24-f831-4457-8956-fb99d5491550
f59d9e10-9840-4daa-b733-8c672bc887b8,WULF,buy,limit,1519.0,1519.0,16.27,16.46,filled,True,2026-08-26 14:22:36.312302+00:00,2026-08-26 14:22:36.476708+00:00,bc79d4f3-a4a7-4089-a743-8b41aa47b89b
19ba6980-305a-441b-b0ef-013880d257aa,HUT,buy,limit,288.0,288.0,85.67,86.49,filled,True,2026-08-26 14:25:42.086236+00:00,2026-08-26 14:25:42.632091+00:00,2e6731c9-6804-405b-961e-271e43b2aa79
5e8b33de-f649-4dd4-935e-9053c57ac87e,HUT,buy,limit,288.0,288.0,85.67,86.49,filled,True,2026-08-26 14:25:43.250172+00:00,2026-08-26 14:25:43.564151+00:00,4e66b4a7-2803-4f10-a59a-1f62ece0cb24
2ad112e9-64ce-4b98-b31f-c475aa1c8851,RKLB,buy,limit,373.0,373.0,66.78,66.8,filled,True,2026-08-26 14:25:43.886714+00:00,2026-08-26 14:25:51.562910+00:00,4eaabf42-96cc-4446-93cd-a636e26dc5e1
424df980-777e-4636-9d52-f14b32ecfe10,RKLB,buy,limit,373.0,373.0,66.77,66.8,filled,True,2026-08-26 14:25:45.248581+00:00,2026-08-26 14:25:52.657290+00:00,75393073-d6dd-4ba5-9355-62a666649020
9146c39e-cb1b-4220-a71f-6f2719b87663,CIFR,buy,limit,1516.0,1516.0,16.01,16.34,filled,True,2026-08-26 14:31:56.035400+00:00,2026-08-26 14:31:56.461440+00:00,bec428f0-1006-4eb3-a3e3-b9a7c208c6a2
35fc6c32-9933-41db-a5ba-8ac69db41647,WOLF,sell,market,1906.0,0.0,,,canceled,False,2026-08-26 21:59:57.862013+00:00,,9f73511d-81d9-4f4a-bc80-790540c39dbe
2616652c-7840-49bf-abff-1e4223688d77,WULF,sell,market,3039.0,0.0,,,canceled,False,2026-08-26 22:25:28.175290+00:00,,78bb37e4-d971-4b04-b29a-c4ad00218758
6f2853b2-6c5a-4cf1-865e-d7794bf2fc8d,HUT,sell,market,576.0,0.0,,,canceled,False,2026-08-26 22:30:33.788761+00:00,,678ce138-e8ca-4cb3-b72b-21d38cae0d10
2b7ca77c-e51b-4215-8821-21735887343b,CIFR,sell,market,1516.0,0.0,,,canceled,False,2026-08-26 22:35:41.342048+00:00,,0d0b21f4-e5d9-40ea-9dcf-9f89ec0906c2
ee174b67-2f70-45ed-8ee8-922218e93899,WOLF,sell,market,1906.0,1906.0,26.72,,filled,False,2026-08-27 13:35:43.717081+00:00,2026-08-27 13:36:00.375199+00:00,e5b5eb37-6e1d-44b3-8045-d1de1a935927
990deda3-8daf-4241-9644-17557780d743,MSTR,buy,limit,203.0,0.0,,128.42,expired,True,2026-08-27 13:57:40.045054+00:00,,85cac01b-eed1-4329-859b-1156cd4fc033
6b65f2e2-9acc-44df-9f10-738fe484e095,MARA,buy,limit,2239.0,2239.0,11.67,11.67,filled,True,2026-08-27 13:57:40.430680+00:00,2026-08-27 14:01:01.116877+00:00,c61ef1c1-19e6-4258-ab57-b4b8a38f9d9c
3cc43719-5c7c-459b-8f39-d90ef5625041,CIFR,sell,market,1516.0,1516.0,16.76,,filled,False,2026-08-27 15:47:55.566239+00:00,2026-08-27 15:47:56.225669+00:00,0fe9ed43-72bd-4fdf-a3cb-d303142e033a
d1dc2c08-0314-47b5-801b-2c9ccb0746de,AVGO,buy,limit,70.0,0.0,,366.77,expired,True,2026-08-27 15:50:26.390862+00:00,,346a9d56-7712-4674-9ce7-d86cffa90153
d52290f1-21ad-4077-b0d5-4a39ba116c35,HUT,sell,market,576.0,576.0,86.2,,filled,False,2026-08-27 16:02:48.916209+00:00,2026-08-27 16:02:50.186526+00:00,b36209d9-8b08-46c4-ba25-ea92ad67931d
95dc0f7b-5063-4449-9b57-146f152cf257,ENPH,buy,limit,659.0,659.0,39.02,39.26,filled,True,2026-08-27 16:12:18.679715+00:00,2026-08-27 16:12:19.192591+00:00,631b5fa5-2c68-43a1-ae71-ff00df26926d
4aa5a303-eca3-48e7-b2d9-be515e54750d,ENPH,buy,limit,658.0,658.0,39.02,39.26,filled,True,2026-08-27 16:12:20.627781+00:00,2026-08-27 16:12:21.938276+00:00,b7e4c55f-3048-4f92-814c-cfecc150053b
c116ffa1-7177-465e-9c33-0a66b463de7b,WULF,sell,market,3039.0,3039.0,16.61,,filled,False,2026-08-27 16:19:09.000259+00:00,2026-08-27 16:19:10.832998+00:00,07a39ad4-1459-4c4c-b5e3-1f12f0cf737f
b8ad669d-19dd-4296-8fd5-70d437897ba3,AMD,sell,market,60.0,60.0,471.51,,filled,False,2026-08-27 16:22:15.621991+00:00,2026-08-27 16:22:16.025247+00:00,b4aaa072-fd79-4aa2-9294-d4a881a9cd04
2f78c490-7182-403e-9d43-d212f1e2c740,NKE,sell,market,748.0,748.0,38.24,,filled,False,2026-08-27 17:55:52.445934+00:00,2026-08-27 17:55:53.808403+00:00,3b9e3c88-093b-4dd8-add0-28d364857a78
6e594879-1a75-4a6c-a70e-37c1da0249ef,MARA,sell,market,2239.0,2239.0,11.52,,filled,False,2026-08-28 08:05:17.887892+00:00,2026-08-28 13:31:14.434566+00:00,c911c5ff-bc2c-43d7-801e-78aeae22823d
ea6fa795-7d71-488d-b678-94485614bdb1,MRVL,buy,limit,112.0,112.0,225.387501,225.43,filled,True,2026-08-28 13:42:20.729124+00:00,2026-08-28 13:42:41.301207+00:00,5b11a759-3952-4e25-8a64-2bd6f5aee1a3
99dbe350-a2df-447a-b863-4e92ea520594,MRVL,buy,limit,112.0,112.0,225.406429,225.43,filled,True,2026-08-28 13:42:21.459665+00:00,2026-08-28 13:42:41.386490+00:00,2ddaec7a-990b-4bd0-8542-eb2e4b61f77f
3a0a233c-01a4-483b-8ed5-69affbe9259c,ACHR,sell,market,8257.0,8257.0,5.74,,filled,False,2026-08-28 13:48:31.780775+00:00,2026-08-28 13:48:31.985466+00:00,789cb51b-d12a-47e2-9034-42fb03cf0caf
ca9d24dd-de45-44b8-b85e-9ea96a369281,SNAP,buy,limit,4483.0,4483.0,5.51,5.51,filled,True,2026-08-28 13:55:16.281460+00:00,2026-08-28 14:00:06.659952+00:00,32126b71-85aa-4e14-9e45-d5052f834786
be9318e1-2c41-44e4-bd7a-e1b7d86abb61,MU,buy,limit,26.0,26.0,932.421538,932.69,filled,True,2026-08-28 14:01:07.768718+00:00,2026-08-28 14:06:28.034958+00:00,9ed44923-ef9b-4878-b683-dde03166747c
d517177a-22d9-4613-83aa-87fa4baca7e4,MU,buy,limit,26.0,26.0,932.55,932.69,filled,True,2026-08-28 14:01:08.069538+00:00,2026-08-28 14:06:25.545997+00:00,265e3a44-b8d2-41f4-a86f-6090abd21112
4d09720c-3bf4-489e-a066-b4f24b5cffcd,BULL,buy,limit,2527.0,2527.0,9.52,9.66,filled,True,2026-08-28 14:07:27.534233+00:00,2026-08-28 14:07:29.329932+00:00,d30c742b-3a0a-4e87-b5a3-0224a7f03c47
f8e17771-2052-4b11-a3c9-89f346b10515,BULL,buy,limit,2527.0,2527.0,9.52,9.66,filled,True,2026-08-28 14:07:27.555958+00:00,2026-08-28 14:07:28.201625+00:00,cf64c096-1789-4966-b02e-000a59b2084e
68709e6d-1d5f-411e-b497-01d9554cd72a,FNGU,buy,limit,744.0,744.0,33.56,33.56,filled,True,2026-08-28 14:35:41.628971+00:00,2026-08-28 16:01:16.758782+00:00,06f89ec0-70ed-41f5-b93e-4cf54f2d1d1d
630d259a-30e7-4e8e-a88b-f69ab6603ba4,FNGU,buy,limit,744.0,744.0,33.56,33.56,filled,True,2026-08-28 14:35:42.126470+00:00,2026-08-28 16:01:18.744311+00:00,c0d15902-64ae-4961-94f4-bfa756afcc2a
1a8baca3-0e35-4f0d-8327-9ed9c2751eb0,SOFI,sell,market,1541.0,1541.0,18.71,,filled,False,2026-08-28 14:44:58.269942+00:00,2026-08-28 14:44:59.228777+00:00,882854e3-2af8-4005-ba8c-4da7ebe5d084
2178dbaa-d6c8-47c1-9010-7c2074633af4,META,buy,limit,42.0,42.0,584.65,586.25,filled,True,2026-08-28 15:00:36.770544+00:00,2026-08-28 15:00:37.300805+00:00,7a5d9904-c323-4a81-a3cb-6b32b894b797
e0d45911-723e-4bfa-b101-1f028317cebb,META,buy,limit,42.0,42.0,584.64,586.25,filled,True,2026-08-28 15:00:37.224952+00:00,2026-08-28 15:00:37.895164+00:00,fa0e3c37-5969-4981-9911-a824ad52590f
39051adf-93f6-48d6-926b-fc0cfd143fa8,ENPH,sell,market,1317.0,1317.0,37.01,,filled,False,2026-08-28 15:50:41.603582+00:00,2026-08-28 15:50:42.455919+00:00,ded5363e-f5e2-4b76-a964-2dcbb5c42ad2
aa03d077-c00d-4a20-9bb6-e05d5bcec4cd,BULL,sell,market,5054.0,0.0,,,canceled,False,2026-08-28 22:08:22.611953+00:00,,5ddf72d2-fe4c-4002-9e38-d2e8ab4aa9af
26287ad2-1fbf-4a64-a067-83c9bcb3fdb5,RKLB,sell,market,746.0,746.0,63.122332,,filled,False,2026-08-31 09:46:57.982038+00:00,2026-08-31 13:36:26.962581+00:00,e7e02343-4b48-4ce1-b3d8-3d006aa15a9f
cf962c99-785b-408d-9d21-e0ae146c10b2,SNAP,sell,market,4483.0,4483.0,5.613065,,filled,False,2026-08-31 09:57:00.376800+00:00,2026-08-31 13:38:07.356702+00:00,5799815b-9bb3-4691-b628-1ab40a330614
de818915-a48d-4131-9a92-bc49f895f70c,MRVL,sell,market,224.0,224.0,214.35,,filled,False,2026-08-31 13:36:16.909311+00:00,2026-08-31 13:36:48.200344+00:00,8fcfda90-9487-4c3f-93be-c480272d67c0
be9500ba-3807-4c25-b306-4c26607660d8,IREN,buy,limit,631.0,631.0,36.15,36.41,filled,True,2026-08-31 13:45:22.754864+00:00,2026-08-31 13:45:23.903980+00:00,2bea23eb-3ebe-415a-b339-e4227cb1ab0e
dbb2a235-6370-4743-b4c4-d652d0c6407a,IREN,buy,limit,631.0,631.0,36.160079,36.41,filled,True,2026-08-31 13:45:24.204061+00:00,2026-08-31 13:45:27.623580+00:00,4377d80f-3fcd-4309-8d29-6e5659355c5e
e9337f52-3cfd-4a3f-b5ef-ac33e17695d1,SOXL,buy,limit,200.0,200.0,112.671351,114.46,filled,True,2026-08-31 13:45:26.345140+00:00,2026-08-31 13:45:30.800063+00:00,24ef70e1-b86c-4c50-a052-98705c96e4eb
156929dc-59ef-4dd2-a118-25012cc21d86,SOXL,buy,limit,201.0,201.0,112.7,114.46,filled,True,2026-08-31 13:45:27.464738+00:00,2026-08-31 13:45:27.931719+00:00,5bfa6039-e01b-4f29-864d-b9dadce8b4b6
40dc18e3-852f-4e99-9aff-3e33b665f54c,SOXL,sell,market,401.0,401.0,106.264838,,filled,False,2026-09-01 11:58:57.486709+00:00,2026-09-01 13:33:23.911251+00:00,72c67a33-cdb6-4543-9a92-9da709628780
e0ce4048-c264-4049-8ca3-3c1a45d2331c,BULL,sell,market,5054.0,5054.0,9.04,,filled,False,2026-09-01 13:38:59.181267+00:00,2026-09-01 13:39:02.195769+00:00,a8a9c0a1-9c5f-4b30-8363-7784c6b729a4
72cd816f-91bd-49d1-829e-3097d560543b,RXRX,buy,limit,3786.0,3786.0,3.36,3.36,filled,True,2026-09-01 14:50:59.180392+00:00,2026-09-01 14:51:59.795674+00:00,c080e16e-0773-405e-b9e5-8602a42c6361
e5d4a67e-a808-4502-b8f5-da58aa455c53,WOLF,buy,limit,490.0,490.0,26.05,26.25,filled,True,2026-09-01 15:25:21.254635+00:00,2026-09-01 15:25:22.964268+00:00,ad76bd31-e86f-49d5-8b48-f6930392eb3b
9ab91816-ad4b-4bc1-b9b7-a3e8191740ca,PLTR,sell,market,171.0,171.0,181.109591,,filled,False,2026-09-01 18:33:38.377666+00:00,2026-09-01 18:33:40.065875+00:00,ffe6de43-df94-4b43-a213-20776fb52f80
81c53868-be8f-4e92-845c-0138ecc47908,FNGU,sell,market,1488.0,1488.0,31.814335,,filled,False,2026-09-02 08:30:36.735708+00:00,2026-09-02 13:32:56.443672+00:00,40a5dde7-20c2-417d-8748-01b19d3f2512
5d998a9a-4527-4caa-9a56-a40b536f155b,RBLX,buy,limit,555.0,555.0,40.438756,40.98,filled,True,2026-09-02 13:45:32.843243+00:00,2026-09-02 13:45:36.912573+00:00,430c52f0-a916-4f30-9ed8-0d14bbc632cd
85af14b7-2cf4-4c22-9de7-4d5da90d7cd0,RBLX,buy,limit,556.0,556.0,40.44,40.98,filled,True,2026-09-02 13:45:33.851776+00:00,2026-09-02 13:45:36.076763+00:00,6510e103-c9fb-4fe2-b624-bb2427dcaa2d
8ef5a3e5-e975-4242-befe-079dff12e2be,SMCI,buy,limit,602.0,602.0,36.700997,37.52,filled,True,2026-09-02 13:51:41.739305+00:00,2026-09-02 13:51:43.730685+00:00,eaba25dd-ac1b-4e79-8083-491fe6ba218b
46e7c922-22a2-41aa-a69c-b60b565b0c65,SMCI,buy,limit,602.0,602.0,36.71,37.52,filled,True,2026-09-02 13:51:42.613109+00:00,2026-09-02 13:51:45.337732+00:00,bdebbc38-b4f6-4c36-8676-378c0aa566e0
d74656c4-69c9-45bc-bee3-f85ea48e173b,HUT,buy,limit,288.0,288.0,77.0,78.29,filled,True,2026-09-02 13:51:44.404721+00:00,2026-09-02 13:51:48.095229+00:00,ffde4695-07cc-4eda-97ab-1a1580b690e0
5f198530-899b-48d6-92a0-19a40aedfed6,HUT,buy,limit,288.0,288.0,77.0,78.29,filled,True,2026-09-02 13:51:45.175798+00:00,2026-09-02 13:51:46.408065+00:00,446c8974-0dca-4a4e-98e2-2cfc3ab62a4d
26667a0d-76d6-4674-b838-7e1eb58ebb3a,SOXL,buy,limit,214.0,214.0,102.5,105.49,filled,True,2026-09-02 13:51:46.627899+00:00,2026-09-02 13:51:47.957296+00:00,5d718d62-eddd-4ae2-ad61-e8d0b32f2824
b07b7ddc-3377-4742-b635-da736f6047a5,SOXL,buy,limit,214.0,214.0,102.458739,105.49,filled,True,2026-09-02 13:51:47.357168+00:00,2026-09-02 13:51:49.662694+00:00,2726ac54-fc38-4b6f-ae7e-5726a01c7850
e66b122a-8984-4b20-b7e5-a4c3091326d9,RBLX,sell,market,1111.0,0.0,,,canceled,False,2026-09-02 21:47:24.406019+00:00,,16905645-d3c1-48ad-8597-93185e95bf71
35b11d78-d6de-47ab-ab80-b979e08d4cde,SOXL,sell,market,428.0,428.0,101.985981,,filled,False,2026-09-03 09:57:02.775573+00:00,2026-09-03 13:33:24.768122+00:00,bd489581-bcd1-4653-94c4-f3b0cb8ec881
2e31a41a-0cff-4f5c-9652-d194fb432ff2,COIN,buy,limit,130.0,130.0,185.109076,185.27,filled,True,2026-09-03 13:45:30.142667+00:00,2026-09-03 13:53:58.728939+00:00,7c2e3e23-1e2b-4c4b-9905-e411aa5def85
4a7432c8-cd62-4c39-86ce-92d47d225c50,HOOD,buy,limit,206.0,0.0,,117.56,expired,True,2026-09-03 13:45:30.539609+00:00,,29cc22ee-afea-4dc5-8e6c-85572fefbb99
3ee477d8-7efb-4134-b486-c19e276d655c,CIFR,buy,limit,1574.0,0.0,,15.4,expired,True,2026-09-03 13:45:32.842818+00:00,,494b5c79-a998-4438-a027-ff4aa0b79281
724cad2c-cefe-46c0-af2e-c4ea89240b6a,ACHR,buy,limit,4202.0,4202.0,5.85,5.86,filled,True,2026-09-03 13:51:45.777199+00:00,2026-09-03 13:54:01.808635+00:00,4041a7e0-6e21-491e-8e66-bd38473eefb3
bffc3e72-8c93-4ad4-900a-befdcd0eb90f,IREN,sell,market,1262.0,1262.0,41.246363,,filled,False,2026-09-03 15:16:13.036668+00:00,2026-09-03 15:16:18.345221+00:00,48da76ba-7d8e-47f3-8bf6-7d9c0deb39fb
2fd29196-36aa-4cf8-8b26-4af88989303e,IONQ,buy,limit,642.0,642.0,39.34,39.35,filled,True,2026-09-03 15:16:33.094489+00:00,2026-09-03 15:52:00.402024+00:00,a8868b2d-9ea4-4fb8-8b61-3a0df6e7b92f
2e54d991-23e1-49f2-8176-974ce06ebb8f,HUT,sell,market,576.0,576.0,87.73,,filled,False,2026-09-03 19:26:06.177331+00:00,2026-09-03 19:26:06.569796+00:00,f17150af-0523-4e6a-95ff-7d2cf86f248e
45fec25d-ff4f-4b92-8044-8f6fa70baaf2,RBLX,sell,market,1111.0,0.0,,,canceled,False,2026-09-03 21:01:42.051270+00:00,,25cc1161-61de-422b-bf85-edd112dca31a
19fb6a97-272f-449f-a31e-88aaf4ed1ca3,COIN,sell,market,130.0,0.0,,,canceled,False,2026-09-03 21:47:41.870513+00:00,,c173ab2a-70f1-478f-ba46-e5d6d9faef3c
88b6e522-361b-45d9-b512-5dc5ce0f3814,IONQ,sell,market,642.0,0.0,,,canceled,False,2026-09-03 23:19:42.794987+00:00,,832ec9c2-cc39-4cdb-be58-4027a8266407
74c2dee2-3bdb-489e-9207-6e6e24a54bc6,RBLX,sell,market,1111.0,1111.0,41.636769,,filled,False,2026-09-04 08:00:09.851695+00:00,2026-09-04 13:32:40.709697+00:00,30f0f2dd-429e-4b62-aad2-2ec6a43c7e8b
7fbfa047-b01a-41ac-bfe1-6e77e36a5dcc,COIN,sell,market,130.0,130.0,187.78,,filled,False,2026-09-04 12:34:37.798960+00:00,2026-09-04 13:30:56.285134+00:00,a3ec111b-51d3-4102-80a2-ffc4528017cd
5f7fedd7-ca9f-4e39-b6ec-a203149cd4d8,AMD,buy,limit,56.0,0.0,,466.26,expired,True,2026-09-04 13:51:45.983866+00:00,,c9cabe67-2bde-4c27-8fac-92353b6a6f87
85058820-46c9-4803-93b5-46ee40110179,ARM,buy,limit,105.0,105.0,252.337429,252.39,filled,True,2026-09-04 13:55:22.569074+00:00,2026-09-04 14:46:02.832233+00:00,3fc86a4f-bc0e-482f-b12b-6b36487d9f2e
f58a88bc-e544-41a0-8b6f-993b31ba596a,LRCX,buy,limit,86.0,86.0,308.066279,308.09,filled,True,2026-09-04 14:07:38.695585+00:00,2026-09-04 14:12:41.330077+00:00,efda6f7c-2731-4a91-8f2f-e0243d8113e7
9e7defac-2ee1-4d55-b899-64fd96b50ab6,LRCX,buy,limit,86.0,86.0,308.079884,308.09,filled,True,2026-09-04 14:07:42.116249+00:00,2026-09-04 14:12:42.507098+00:00,0bc4ab2a-341d-4d13-8a24-e3a4c77d0fa7
c4bc6054-b272-491e-80da-8434efb90915,RBLX,buy,limit,627.0,627.0,42.17,42.48,filled,True,2026-09-04 14:10:49.282500+00:00,2026-09-04 14:10:50.038081+00:00,fd273f7f-34d6-4b02-bd0c-4f3d4460773c
36fcc0a7-9bdd-44db-b98b-4d08c4e53f0f,RBLX,buy,limit,627.0,627.0,42.17,42.48,filled,True,2026-09-04 14:10:52.248546+00:00,2026-09-04 14:10:53.500835+00:00,0e2056b3-6fe6-46d8-ac0f-282854cf395a
dcb538c7-2ea0-4cf5-874b-9e226ec3945f,HUT,buy,limit,302.0,0.0,,88.41,expired,True,2026-09-04 14:30:14.956669+00:00,,f747c955-db0d-4c1c-af17-8020966d7e7c
870c118f-3c08-4bd1-8dd3-88d90a59477b,HOOD,buy,limit,221.0,221.0,122.93267,122.97,filled,True,2026-09-04 18:19:56.313277+00:00,2026-09-04 18:24:00.052887+00:00,57d190bd-3f9e-4c3f-bf07-4c86c49d4031
e8c7a683-243f-4e38-94f9-7d4d30158072,SMCI,sell,market,1204.0,1204.0,39.4,,filled,False,2026-09-04 19:07:09.781579+00:00,2026-09-04 19:07:10.518533+00:00,0e16a101-00ee-44ae-95d0-87a9650284ff
8f89c62c-c43c-4e1a-addf-f5c0d8bcb0d9,ARM,sell,market,105.0,0.0,,,canceled,False,2026-09-04 21:58:42.139281+00:00,,3cfc1b8c-16fe-43fe-b786-be542d60c8e5
e750b7c6-c81e-480a-9dcb-bc7ff56a3e05,LRCX,sell,market,172.0,0.0,,,canceled,False,2026-09-04 22:08:13.959019+00:00,,d4d3cc38-9ce6-4875-8636-2bc25f088612
bfa660c8-9fe3-4122-b3c8-16ae680c6079,HOOD,sell,market,221.0,0.0,,,canceled,False,2026-09-05 00:30:28.168764+00:00,,faaf374a-c77c-4e43-92d6-f5b19f0961ee
39deca5a-2436-48de-b0e4-a30ecfee6054,RXRX,sell,market,3786.0,3786.0,3.490264,,filled,False,2026-09-08 13:31:32.245659+00:00,2026-09-08 13:35:38.176222+00:00,73047086-9589-4a5f-aca6-ebd45193cc7e
2ae47e7d-b1a4-4a6c-a1ca-38cc7468aa88,WOLF,sell,market,490.0,490.0,28.0,,filled,False,2026-09-08 13:42:50.359449+00:00,2026-09-08 13:42:53.863108+00:00,23b1c173-80b0-4c00-bd6e-c74c204719a9
5f2b742b-a0cc-4386-a0ad-2b16ab7897f0,HUT,buy,limit,295.0,295.0,94.98,95.5,filled,True,2026-09-08 13:45:59.971292+00:00,2026-09-08 13:46:01.403465+00:00,12ca75f6-dc31-4106-be18-49544130a82d
3f2609fe-47a5-449b-a08b-97e86865bfe4,HUT,buy,limit,295.0,295.0,94.98,95.5,filled,True,2026-09-08 13:46:00.085925+00:00,2026-09-08 13:46:00.262870+00:00,9264c282-1fcb-431a-b698-c394aaf17a90
6d4fa243-1042-404d-968f-b570959146f2,QCOM,buy,limit,156.0,156.0,176.20923,180.04,filled,True,2026-09-08 13:46:00.803737+00:00,2026-09-08 13:46:05.930946+00:00,2e3aedb6-28f9-4a21-b088-1e4577ab9b65
eb08df56-7196-42e7-955a-e98288d280c9,QCOM,buy,limit,156.0,156.0,176.25,180.04,filled,True,2026-09-08 13:46:00.917348+00:00,2026-09-08 13:46:01.563114+00:00,d043f521-2a64-457a-ad6b-07dc391d3d28
deafc07a-f23f-4b23-b2b6-dc0387b8ec6f,ENPH,buy,limit,753.0,0.0,,37.48,expired,True,2026-09-08 13:46:02.547496+00:00,,9c8c3f96-5753-4409-b507-4121dc390f1b
ac4fd80a-8add-48a2-b7ff-934cf3bde55f,MU,sell,market,52.0,52.0,1014.05,,filled,False,2026-09-08 14:23:17.502213+00:00,2026-09-08 14:23:18.451362+00:00,453f65ef-53e2-401a-a5b7-d0120c50357a
1f886367-a1dd-4d84-8f89-b9c0ce3f6d67,TSLA,buy,limit,78.0,0.0,,361.91,expired,True,2026-09-08 14:23:49.998362+00:00,,921d6fa9-ef05-48f5-9439-521e707b226c
ea631afd-f900-47a8-b0c2-2f88d52b6d4b,ONDS,buy,limit,3654.0,3654.0,7.77,7.77,filled,True,2026-09-08 14:23:54.919638+00:00,2026-09-08 14:27:50.411363+00:00,92a65edb-f43c-4e92-9ef6-3d988a11bc4d
cd402742-ea00-424a-9c5f-3cda912d2ef2,IONQ,sell,market,642.0,642.0,42.37,,filled,False,2026-09-08 14:35:43.886950+00:00,2026-09-08 14:35:44.239891+00:00,4def4c27-0303-44ab-ad96-b85e43b7e2d4
96540656-41bc-47cb-bdd7-343c2d089405,AMD,buy,limit,56.0,56.0,497.58,497.6,filled,True,2026-09-08 14:36:18.341961+00:00,2026-09-08 14:36:28.700115+00:00,87abb9ed-6f39-4e91-bccb-1c2c44f0ac1d
30960137-c97b-4b6c-a411-28228a775bf9,QCOM,sell,market,312.0,0.0,,,canceled,False,2026-09-08 21:47:39.255874+00:00,,1554eef1-d5a9-4a9b-9a4e-c12cca5b31a5
4301715c-9d9a-4064-aa60-984040a96180,ONDS,sell,market,3654.0,0.0,,,canceled,False,2026-09-08 22:24:17.010601+00:00,,a201f36c-9b3a-4df2-94b7-4d3a1e3facb9
f976c5c8-cea4-4560-b1a4-d9e73e2ebdad,ARM,sell,market,105.0,105.0,264.43,,filled,False,2026-09-09 10:02:57.202845+00:00,2026-09-09 13:30:57.570086+00:00,3c0d44b5-50a2-42f3-ac01-1d31ede47bea
db039f9a-5c07-4c5e-b8a1-2e1cab16b378,RBLX,sell,market,1254.0,1254.0,43.88,,filled,False,2026-09-09 13:37:39.266882+00:00,2026-09-09 13:37:40.678941+00:00,b664b717-8535-4643-a735-ef88b8d03295
dfa9c5ec-1db2-4011-b517-6c4904ba2554,IREN,buy,limit,628.0,628.0,46.62,46.81,filled,True,2026-09-09 14:05:03.283867+00:00,2026-09-09 14:05:05.652115+00:00,ee70830a-6485-4ac6-b100-af2f2ff46773
150914d7-5fdd-4478-ab4f-898733ad0457,WULF,buy,limit,1641.0,1641.0,17.84,17.92,filled,True,2026-09-09 14:05:04.507699+00:00,2026-09-09 14:05:10.284310+00:00,dcaa450c-dd4f-4609-9199-8f5f79d896aa
3f050afd-54a6-4080-9e4d-16518c0a78dc,HOOD,sell,market,221.0,221.0,116.74,,filled,False,2026-09-09 14:11:16.338134+00:00,2026-09-09 14:11:16.933701+00:00,2d139d56-a5c2-40c2-9c22-68d4cc680f15
2aa58868-a422-4f56-830a-64556a8cbed4,HUT,sell,market,590.0,590.0,97.55,,filled,False,2026-09-09 14:17:18.499287+00:00,2026-09-09 14:17:19.956737+00:00,63ee9cb1-4f7b-4de3-830f-60f123294e11
c8dab811-35d5-4357-9890-772a038add3a,TSLA,buy,limit,77.0,77.0,371.75,372.35,filled,True,2026-09-09 14:20:28.598427+00:00,2026-09-09 14:20:29.183270+00:00,baa1d76d-74d3-4499-9d7c-799c864d85d1
eb386b5e-3741-4a2f-af41-c6955e053ecf,MU,buy,limit,27.0,27.0,1035.03,1035.03,filled,True,2026-09-09 14:43:30.984016+00:00,2026-09-09 14:44:18.756830+00:00,c28715d7-91a8-4658-a3c5-25c4902c3616
c3bbb2fa-ed31-4b3b-8d11-ca7b61ee842a,BULL,buy,limit,2935.0,2935.0,9.77,9.81,filled,True,2026-09-09 14:45:38.184651+00:00,2026-09-09 14:45:39.799871+00:00,eef0a8a4-db6f-4906-a97c-739d67230c50
68eff363-39d1-440a-9a64-7b1dedfd82b1,ACHR,sell,market,4202.0,4202.0,5.55,,filled,False,2026-09-09 15:58:35.176338+00:00,2026-09-09 15:58:35.882605+00:00,b77e5267-cea1-42e5-9b1b-d1e0a873b958
6ac314ed-87d7-4fbd-9eb6-872a09d1d23c,ONDS,sell,market,3654.0,3654.0,7.38,,filled,False,2026-09-09 19:27:40.096211+00:00,2026-09-09 19:27:41.978219+00:00,ffe4d539-8c8e-419e-baad-fc940315f52d
c3745559-dbcd-45c8-882d-27a03e6888cd,TSLA,sell,market,77.0,0.0,,,canceled,False,2026-09-09 22:23:55.408673+00:00,,670ff446-295c-46a9-a582-f01f4b9b500e
2839a80a-b60f-425a-b325-b235149f78fe,MU,sell,market,27.0,0.0,,,canceled,False,2026-09-09 22:45:31.275187+00:00,,30ba0a5c-675c-420a-ad62-dc6cd5f29aa3
9ac3ea68-b8ea-445d-8204-f9804f3b75e8,BULL,sell,market,2935.0,0.0,,,canceled,False,2026-09-09 22:49:27.120479+00:00,,bb42d787-53a2-426b-90f0-31b33e8e60d0
98deb721-0090-485e-9a19-5d6c1d972a76,LRCX,sell,market,172.0,172.0,305.692093,,filled,False,2026-09-10 09:31:36.497607+00:00,2026-09-10 13:31:58.577836+00:00,0d2abe47-c4dd-497a-9a39-83ae0ca8f155
8e0cb844-45fd-45b3-94bf-f37f246bfd22,WULF,sell,market,1641.0,1641.0,16.528422,,filled,False,2026-09-10 09:36:41.286048+00:00,2026-09-10 13:32:13.386581+00:00,9baa4f94-f852-4bd5-9d7b-dc638111cd27
42a0aec2-15a7-45d1-bb61-ee28ad77f9d7,IREN,sell,market,628.0,628.0,43.93,,filled,False,2026-09-10 12:04:38.430202+00:00,2026-09-10 13:30:31.396960+00:00,bbd54821-a699-4a8e-bf30-9bbc3caf8d08
9f98cba1-7920-4123-a1b4-45457533d52c,BULL,sell,market,2935.0,2935.0,9.222889,,filled,False,2026-09-10 12:35:24.062648+00:00,2026-09-10 13:32:18.290009+00:00,377eb7ab-9b44-479b-9968-47e5bc0568ea
514d48b8-9bfb-4ebe-a5e7-c7bcc5634c2e,AMD,sell,market,56.0,56.0,505.0,,filled,False,2026-09-10 13:58:22.946368+00:00,2026-09-10 13:58:23.368744+00:00,de9ca3ef-31ce-4085-bda6-f1c3f7ce5e39
e1194e11-9b0e-4e46-8167-e2b24167d5f1,SMCI,buy,limit,683.0,683.0,38.87,38.87,filled,True,2026-09-10 14:05:08.351673+00:00,2026-09-10 14:06:32.342529+00:00,6880ea4d-2b61-4c98-a8b9-fad7f15f3934
e1194e11-9b0e-4e46-8167-e2b24167d5f1,SMCI,buy,limit,683.0,683.0,38.87,38.87,filled,True,2026-09-10 14:05:08.351673+00:00,2026-09-10 14:06:32.342529+00:00,6880ea4d-2b61-4c98-a8b9-fad7f15f3934
5bb4d083-c1c9-446b-8955-03e51cb254d9,RKLB,buy,limit,417.0,417.0,63.64,63.65,filled,True,2026-09-10 14:05:15.044694+00:00,2026-09-10 14:05:53.394603+00:00,b301fe66-e5c4-41b4-9a02-216525c942a9
58dbd7d7-2967-4bce-98eb-d8af302342d9,ONDS,buy,limit,3616.0,3616.0,7.35,7.35,filled,True,2026-09-10 14:05:16.240927+00:00,2026-09-10 14:15:42.504226+00:00,b39ebcac-9896-4090-9732-aa5c4b8a6aa0
212da9eb-9e8c-406b-91d4-385ceb760361,MU,sell,market,27.0,27.0,983.01,,filled,False,2026-09-10 14:17:09.339929+00:00,2026-09-10 14:17:10.011517+00:00,96f43893-6ba8-4bee-88f9-def026323e65
94e1174b-a0e7-4117-a839-cdef36fab925,RIVN,buy,limit,1660.0,1660.0,16.199873,16.2,filled,True,2026-09-10 14:26:33.140602+00:00,2026-09-10 15:02:52.583924+00:00,65fba9ce-2d57-4510-806a-a3c2920cf487
cfd421f9-e401-4091-be7a-5d47103de7f9,RIVN,buy,limit,1660.0,1660.0,16.2,16.2,filled,True,2026-09-10 14:26:33.332730+00:00,2026-09-10 15:02:51.009983+00:00,b70f8d14-015b-4a3a-a989-1e797999bf40
48dfc893-a0e9-4bec-b8b5-d18315bbb17d,ACHR,buy,limit,4869.0,4869.0,5.53,5.53,filled,True,2026-09-10 14:26:34.704875+00:00,2026-09-10 16:35:20.783355+00:00,c0f5d273-87d1-479e-b9e0-e0a82c7d32de
e74c2480-f4ae-406d-a1a4-f3bed8b2a383,SMCI,sell,market,683.0,0.0,,,canceled,False,2026-09-10 22:08:45.137659+00:00,,71c6154f-880c-4bdf-b32c-e4e1ec1b8c2e
587f0a5b-632d-4f09-84f3-1c37d858a8e0,RKLB,sell,market,417.0,0.0,,,canceled,False,2026-09-10 22:08:45.185447+00:00,,3af2bf76-8ead-45cf-b804-7b64ceb49b1c
8e10b0ec-b974-4ed4-afba-1afc9131e342,ONDS,sell,market,3616.0,0.0,,,canceled,False,2026-09-10 22:08:45.231906+00:00,,a5133b06-3303-433d-8f47-406f7b3234f7
3088e344-80d2-426c-87c6-660d985066c3,ACHR,sell,market,4869.0,0.0,,,canceled,False,2026-09-10 22:28:34.092178+00:00,,14ded632-1600-4047-a094-a9a30ba5a75d
951f7bd2-efb9-4862-a9d4-8b45a508fade,META,sell,market,84.0,84.0,652.094167,,filled,False,2026-09-14 08:00:16.480782+00:00,2026-09-14 13:35:01.183077+00:00,44843941-be5c-4d62-8d93-43157fa666f2
451239d9-7ee6-43ed-8f6b-77df77af1c63,QCOM,sell,market,312.0,312.0,173.354808,,filled,False,2026-09-14 08:00:16.603024+00:00,2026-09-14 13:34:08.533525+00:00,3466ead5-597d-4923-90e2-4d6d129dfa08
b91f4413-d56d-4481-8702-79ba8a1ed73c,ONDS,sell,market,3616.0,3616.0,7.06,,filled,False,2026-09-14 08:30:42.106453+00:00,2026-09-14 13:30:34.359458+00:00,b78b46bf-64cc-4be2-83ae-f942051d5675
98d89822-e6f2-4f56-ac53-dbf3fbb3a0ff,SMCI,sell,market,683.0,683.0,36.877966,,filled,False,2026-09-14 13:31:30.941869+00:00,2026-09-14 13:35:45.061359+00:00,19fc51a0-eb5d-49d9-9c04-4456db453bd3
dc284a2e-2e13-47a9-81ab-1f9687e14d69,COIN,buy,limit,137.0,137.0,185.6,188.22,filled,True,2026-09-14 13:45:29.547682+00:00,2026-09-14 13:45:30.551385+00:00,6e2209ee-288e-42f3-aa4b-0dde4dcb91ba
70102213-4da2-4a2a-bab6-c13f3e618b0f,MSTR,buy,limit,191.0,191.0,132.87,134.44,filled,True,2026-09-14 13:45:31.547355+00:00,2026-09-14 13:45:32.785845+00:00,f5cf46a5-14cf-4f12-8d11-205c210c6f4b
bcd1d5e5-67e3-4fe0-a928-615ca1d09d5b,RBLX,buy,limit,542.0,542.0,47.543081,47.6,filled,True,2026-09-14 13:45:33.378972+00:00,2026-09-14 13:45:40.059944+00:00,fdfa4b26-dc65-491e-9533-8d58d11cc01f
a09e92cf-3c49-47b1-b8ca-0d0449bb0bb1,RXRX,buy,limit,8169.0,0.0,,3.18,expired,True,2026-09-14 13:51:48.797552+00:00,,3febc42c-926b-4ab0-8cbd-50339d6dc880
fcdb7f80-0e25-40b2-bac3-9a09108add5e,COIN,sell,market,137.0,0.0,,,canceled,False,2026-09-14 21:47:05.989958+00:00,,932719f3-13a3-4833-ad81-adea512db0ad
1d41b5b4-397c-4429-845b-1580c7e09aea,RIVN,sell,market,3320.0,3320.0,15.34003,,filled,False,2026-09-15 13:35:25.752314+00:00,2026-09-15 13:35:32.391184+00:00,2cc9d9d4-2bb1-4950-96e0-595d9e7136d6
618c65b0-e5bf-4507-a58c-a323dab1e2fa,SNAP,buy,limit,4283.0,4283.0,5.94,5.97,filled,True,2026-09-15 13:47:48.731635+00:00,2026-09-15 13:47:49.810193+00:00,3818606f-2832-4985-966e-6a8b91e1e59f
57c76272-6d7b-4658-b146-5bbd75c5dcd4,SNAP,buy,limit,4284.0,4284.0,5.94,5.97,filled,True,2026-09-15 13:47:51.602798+00:00,2026-09-15 13:47:52.463401+00:00,0f57efbf-5d03-4ec1-aab7-96a816bbece7
91099ec5-935f-49f8-8ddc-c84431ef3a20,IONQ,buy,limit,674.0,674.0,37.8,37.93,filled,True,2026-09-15 13:50:51.661883+00:00,2026-09-15 13:50:52.209037+00:00,3f8826ef-73d1-4edd-a149-d534930ca316
d6fe796e-8b7f-4902-a7fe-33c49f834264,QCOM,buy,limit,136.0,136.0,186.812353,186.87,filled,True,2026-09-15 13:50:55.044400+00:00,2026-09-15 14:12:03.455127+00:00,96f4476e-dec0-4e9f-ab80-b9a7fd21a1af
9b134ec4-4968-4d0b-8cfb-49950e588844,QCOM,buy,limit,136.0,136.0,186.783824,186.87,filled,True,2026-09-15 13:50:57.841752+00:00,2026-09-15 14:12:03.988627+00:00,e5096c0f-dacd-4c3b-ab66-3cfa37404c8c
5be87a78-57f5-4ee2-bea3-122d3afce763,AMD,buy,limit,50.0,50.0,506.88,506.92,filled,True,2026-09-15 14:00:12.646658+00:00,2026-09-15 14:23:06.447230+00:00,9431b085-0d9c-4b74-a1db-a4f6bc599653
73d6d3f1-b0f2-430b-825a-e00b2014c8b4,COIN,sell,market,137.0,137.0,176.2,,filled,False,2026-09-15 18:33:38.547327+00:00,2026-09-15 18:33:39.882823+00:00,e2f287db-e981-48cc-8bd6-8f75294d464d
86b0a9f2-1017-4c0f-89a5-a0e8dc2792be,SNAP,sell,market,8567.0,0.0,,,canceled,False,2026-09-15 21:47:53.404419+00:00,,58990c87-b426-445f-9846-e3a2b8134cd6
5eb1d9f1-e5e7-4634-84ba-2b0602942d4b,QCOM,sell,market,272.0,0.0,,,canceled,False,2026-09-15 21:52:58.953579+00:00,,f1930f5d-a48c-4b31-b2fc-f08330a02b1d
175b0c6c-d569-4af0-a87f-8407b7ee4f1f,AMD,sell,market,50.0,0.0,,,canceled,False,2026-09-15 22:03:10.463042+00:00,,2b11a56a-97d1-4265-a745-57d0741a416f
c0d707f6-707d-4d6d-8d41-a407ab7f2031,RBLX,sell,market,542.0,542.0,49.28,,filled,False,2026-09-16 13:45:04.802398+00:00,2026-09-16 13:45:07.793200+00:00,c30307d5-513d-47c4-8f30-6b41eb616317
ba27bba1-3aa7-4d23-8d9d-1faae31c74cf,MSTR,sell,market,191.0,191.0,126.12,,filled,False,2026-09-16 14:51:08.663776+00:00,2026-09-16 14:51:09.635183+00:00,8ec9c2bc-7073-4eaa-8974-71e1e7959242
8dd2d435-700d-44c5-8bd1-ee7c401a2256,ACHR,sell,market,4869.0,4869.0,5.25,,filled,False,2026-09-16 17:49:51.095051+00:00,2026-09-16 17:49:51.576526+00:00,3eb982fc-87fb-44cf-97e1-8b5f95f6d1e1
6e556893-4900-4b3b-8008-613d8bd53043,IREN,buy,limit,330.0,330.0,42.84,43.58,filled,True,2026-09-16 17:52:23.582266+00:00,2026-09-16 17:52:27.329008+00:00,bb546c2a-461d-4945-b2c7-7e46e610fb46
7e63bf82-6ed9-4355-a036-af945813caae,IREN,sell,market,330.0,0.0,,,canceled,False,2026-09-17 00:30:26.198538+00:00,,5199e75b-951d-4406-a0c6-653e1cea76ef
f2d0f16c-68b3-433a-afc5-d1f1b38eb683,HOOD,buy,limit,233.0,233.0,108.189914,110.56,filled,True,2026-09-17 13:35:44.851428+00:00,2026-09-17 13:35:49.570532+00:00,86ac7784-4632-4af8-8781-adb50c654cb3
5cdae0aa-9164-4512-976f-3236b963eda5,HOOD,buy,limit,233.0,233.0,108.19,110.56,filled,True,2026-09-17 13:35:45.095113+00:00,2026-09-17 13:35:46.959502+00:00,f5ab86da-05b1-4442-b333-ec1bfedc2aaf
23e2de66-3338-476d-9305-7b8f914023fa,WULF,buy,limit,1571.0,1571.0,16.42,16.42,filled,True,2026-09-17 13:35:47.546979+00:00,2026-09-17 13:39:17.241976+00:00,f5892cf2-9592-40af-b2c4-0407fccca891
c80301e2-2830-48d0-b994-1954ce80878f,WULF,buy,limit,1571.0,1571.0,16.42,16.42,filled,True,2026-09-17 13:35:47.912457+00:00,2026-09-17 13:39:17.082707+00:00,e4431762-cb1c-476d-8f29-140275ddfb1a
9016332c-1a2b-43dd-aa1b-710bae6dc358,IREN,sell,market,330.0,330.0,43.43,,filled,False,2026-09-17 13:41:57.483628+00:00,2026-09-17 13:41:59.161645+00:00,7865d735-fe8d-44ed-ba98-399852e3c964
5faa4055-3335-4e16-9bcf-b997cd7c2d3f,HUT,buy,limit,265.0,265.0,92.9,95.99,filled,True,2026-09-17 13:45:13.151004+00:00,2026-09-17 13:45:17.727947+00:00,61e7f340-86ff-4a78-bcdd-f421f3a234d6
82155f06-bb2b-4008-9b15-906ecd8d52f2,HUT,buy,limit,265.0,265.0,92.9,95.99,filled,True,2026-09-17 13:45:13.250439+00:00,2026-09-17 13:45:20.628760+00:00,f332ba5a-a6e4-451c-bf64-14a27f0f6690
c9ef7823-9fcf-440c-bced-6dd36575ab4f,SMCI,buy,limit,641.0,641.0,40.25,40.9,filled,True,2026-09-17 15:53:53.078243+00:00,2026-09-17 15:53:54.128699+00:00,028f3275-5055-402d-955f-fea0bdb9e7b4
f2b7de4d-21a3-4aa9-83a3-35d10a6199df,MRNA,buy,limit,164.0,164.0,158.79,160.05,filled,True,2026-09-17 16:02:36.301110+00:00,2026-09-17 16:02:37.652644+00:00,8be12f02-3902-4cf7-b598-166a79b1d84d
3730e0a3-3487-44e6-b31b-bedc049f789c,SNAP,sell,market,8567.0,0.0,,,canceled,False,2026-09-17 20:32:01.164408+00:00,,be402bc6-c84a-4952-a141-d5982a0b89cf
b8b736f1-e789-4e60-93ae-1a97f4f7553c,HOOD,sell,market,466.0,0.0,,,canceled,False,2026-09-17 21:38:23.261452+00:00,,714dc55b-caa3-4131-8fe5-bc3008d5a492
a65ee00e-950f-4e2c-812a-a8accd32dc72,SMCI,sell,market,641.0,0.0,,,canceled,False,2026-09-17 23:56:52.163826+00:00,,a47d1cff-3160-469d-8e64-0476c8e58db8
4debcc93-b20f-4f34-a39c-68cac422497d,MRNA,sell,market,164.0,0.0,,,canceled,False,2026-09-18 00:31:20.469475+00:00,,cf137895-6ed8-4cd8-bbdf-087ecae1e54b
c2e3446e-1abf-4bf5-befc-ad023db2c091,SNAP,sell,market,8567.0,8567.0,5.626652,,filled,False,2026-09-18 08:00:12.124523+00:00,2026-09-18 13:32:14.489984+00:00,b6022384-338c-4ad6-b745-1cfbb2cdbbdb
38b9c446-26d0-423a-b3ee-372421a9c631,IONQ,sell,market,674.0,674.0,39.623887,,filled,False,2026-09-18 13:35:47.845460+00:00,2026-09-18 13:35:50.635201+00:00,60e69d76-a03a-4cd4-ba57-d2605f541a4c
108acbdd-9e50-46df-92e5-f948396bed4a,RKLB,sell,market,417.0,417.0,65.780624,,filled,False,2026-09-18 13:35:47.918526+00:00,2026-09-18 13:35:49.262289+00:00,d259f61a-9d09-466a-9947-0c594eb6a18f
55382efc-b1cb-4335-8b95-097136a6bb2c,WOLF,buy,limit,1045.0,1045.0,24.62,24.62,filled,True,2026-09-18 13:45:11.639630+00:00,2026-09-18 14:01:22.117613+00:00,7b82308f-c633-4fbb-9db2-0f31b68406b5
ecc1ba65-09af-42dc-89e0-b2c41b825441,WOLF,buy,limit,1045.0,1045.0,24.62,24.62,filled,True,2026-09-18 13:45:11.946088+00:00,2026-09-18 14:01:22.208277+00:00,e1de12a7-6e4c-4677-a1a5-2dbd2ce0f36d
d936506b-f147-4482-8392-9486c451eb8e,CIFR,buy,limit,1468.0,1468.0,17.64,17.64,filled,True,2026-09-18 13:57:36.908441+00:00,2026-09-18 13:57:37.095252+00:00,6f354b53-11e0-46da-9450-41fc43d8c956
b0579605-9805-4988-acfd-90bb41ebc12e,QCOM,sell,market,272.0,272.0,177.4,,filled,False,2026-09-18 16:12:54.781012+00:00,2026-09-18 16:12:56.386964+00:00,a0d83ac7-5e83-433d-9783-49c037a11f41
528de339-dd17-4383-9c30-a6fca44e9688,MSTR,buy,limit,174.0,0.0,,146.37,expired,True,2026-09-18 16:15:29.941025+00:00,,a330e45b-27d9-4e31-ac66-9e57dd17006f
90cd9cc0-4cd4-4609-81e5-f40864338c89,AMAT,buy,limit,59.0,0.0,,431.38,expired,True,2026-09-18 16:18:39.791484+00:00,,b4a316da-0493-413e-84c6-aa04c6ded6ee
8d7a4ae6-4cbc-40d0-9db3-6be5a06a5b41,COIN,buy,limit,71.0,0.0,,190.49,expired,True,2026-09-18 20:52:01.532472+00:00,,360fac5e-bcf4-4574-9236-93b7603a158e
1f186fda-1cca-460d-8769-328668130644,CIFR,sell,market,1468.0,0.0,,,canceled,False,2026-09-18 21:58:19.084456+00:00,,39b26eab-3edd-4486-8b46-9d64a20ec43f
