symbol,entry_time,exit_time,entry_price,exit_price,qty,pnl,pnl_pct,hold_hours,same_day_round_trip,entry_extended_hours,exit_extended_hours,source
SOXL,2026-03-09 13:47:25.361008+00:00,2026-03-09 19:24:53.011098+00:00,45.33,52.04,69.0,462.99000000000007,0.14802559011692037,5.624347247222222,True,False,False,live
SOXL,2026-03-09 13:47:26.228662+00:00,2026-03-09 19:24:53.011098+00:00,45.32,52.04,188.0,1263.3599999999997,0.14827890556045895,5.624106232222222,True,False,False,live
SOXL,2026-03-09 13:47:26.228662+00:00,2026-03-09 19:24:53.435043+00:00,45.32,52.05,2.0,13.459999999999994,0.14849955869373338,5.624223994722223,True,False,False,live
SOXL,2026-03-09 13:47:26.228662+00:00,2026-03-09 19:24:54.118816+00:00,45.32,52.08,1.0,6.759999999999998,0.14916151809355688,5.624413931666667,True,False,False,live
SOXL,2026-03-09 13:47:26.228662+00:00,2026-03-09 19:24:54.755950+00:00,45.32,52.09,1.0,6.770000000000003,0.14938217122683148,5.624590913333334,True,False,False,live
IONQ,2026-03-10 18:41:23.438623+00:00,2026-03-11 15:29:40.426275+00:00,35.81,33.97,54.0,-99.36000000000018,-0.05138229544819892,20.80471879222222,False,True,False,live
IONQ,2026-03-10 18:41:23.438623+00:00,2026-03-11 15:29:41.223733+00:00,35.81,33.96,94.0,-173.90000000000015,-0.0516615470538956,20.804940308333332,False,True,False,live
IONQ,2026-03-10 18:41:23.438623+00:00,2026-03-11 15:29:41.800349+00:00,35.81,33.95,196.0,-364.5599999999999,-0.05194079865959227,20.805100479444445,False,True,False,live
WOLF,2026-03-11 17:55:29.448577+00:00,2026-03-13 13:30:41.687689+00:00,17.99,17.1,225.0,-200.24999999999932,-0.049471928849360594,43.58673308666667,False,True,False,live
WOLF,2026-03-11 17:55:29.448577+00:00,2026-03-13 13:32:07.642597+00:00,17.99,17.44,940.0,-516.9999999999973,-0.030572540300166606,43.61060945,False,True,False,live
WOLF,2026-03-11 17:55:29.623560+00:00,2026-03-13 13:32:07.642597+00:00,17.99,17.44,192.0,-105.59999999999945,-0.030572540300166606,43.61056084361111,False,True,False,live
WOLF,2026-03-11 17:55:34.278354+00:00,2026-03-13 13:33:12.519565+00:00,18.0,17.44,9.0,-5.0399999999999885,-0.03111111111111104,43.62728922527777,False,True,False,live
WOLF,2026-03-11 17:55:34.124598+00:00,2026-03-13 13:33:12.519565+00:00,18.0,17.44,126.0,-70.55999999999983,-0.03111111111111104,43.62733193527778,False,True,False,live
WOLF,2026-03-11 17:55:33.795972+00:00,2026-03-13 13:33:12.519565+00:00,18.0,17.44,104.0,-58.23999999999987,-0.03111111111111104,43.62742322027778,False,True,False,live
WOLF,2026-03-11 17:55:33.644430+00:00,2026-03-13 13:33:12.519565+00:00,18.0,17.44,114.0,-63.839999999999854,-0.03111111111111104,43.62746531527778,False,True,False,live
WOLF,2026-03-11 17:55:32.965233+00:00,2026-03-13 13:33:12.519565+00:00,17.98,17.44,44.0,-23.759999999999962,-0.030033370411568363,43.62765398111111,False,True,False,live
WOLF,2026-03-11 17:55:30.674628+00:00,2026-03-13 13:33:12.519565+00:00,17.98,17.44,486.0,-262.4399999999996,-0.030033370411568363,43.62829026027777,False,True,False,live
WOLF,2026-03-11 17:55:31.375698+00:00,2026-03-13 13:33:12.519565+00:00,17.98,17.44,22.0,-11.879999999999981,-0.030033370411568363,43.62809551861111,False,True,False,live
WOLF,2026-03-11 17:55:31.229789+00:00,2026-03-13 13:33:12.519565+00:00,17.98,17.44,415.0,-224.09999999999965,-0.030033370411568363,43.628136048888884,False,True,False,live
WOLF,2026-03-11 17:55:29.623560+00:00,2026-03-13 13:33:12.519565+00:00,17.99,17.44,794.0,-436.6999999999978,-0.030572540300166606,43.628582223611104,False,True,False,live
WOLF,2026-03-11 17:55:32.528618+00:00,2026-03-13 13:33:12.519565+00:00,17.98,17.44,23.0,-12.41999999999998,-0.030033370411568363,43.62777526305556,False,True,False,live
ONDS,2026-03-13 13:57:45.694010+00:00,2026-03-13 16:26:06.671813+00:00,10.75,10.21,715.0,-386.0999999999994,-0.050232558139534804,2.4724938341666665,True,True,False,live
ONDS,2026-03-13 13:57:46.254997+00:00,2026-03-13 16:26:06.671813+00:00,10.75,10.21,1200.0,-647.999999999999,-0.050232558139534804,2.4723380044444445,True,True,False,live
WULF,2026-03-13 14:24:37.509548+00:00,2026-03-13 19:22:17.907091+00:00,15.39,14.6,454.0,-358.6600000000004,-0.0513320337881742,4.961221539722222,True,True,False,live
HOOD,2026-03-09 13:47:26.385139+00:00,2026-03-13 19:22:17.926938+00:00,76.83,72.88,52.0,-205.40000000000015,-0.051412208772614904,101.58098383305556,False,False,False,live
HOOD,2026-03-09 13:47:25.485950+00:00,2026-03-13 19:22:17.926938+00:00,76.86,72.88,8.0,-31.840000000000032,-0.051782461618527245,101.58123360777778,False,False,False,live
HOOD,2026-03-09 13:47:24.975105+00:00,2026-03-13 19:22:17.926938+00:00,76.86,72.88,96.0,-382.0800000000004,-0.051782461618527245,101.58137550916666,False,False,False,live
WULF,2026-03-13 14:24:37.509548+00:00,2026-03-13 19:22:18.247126+00:00,15.39,14.6,288.0,-227.52000000000027,-0.0513320337881742,4.961315993888889,True,True,False,live
WULF,2026-03-13 14:24:37.888959+00:00,2026-03-13 19:22:18.247126+00:00,15.39,14.6,391.0,-308.8900000000004,-0.0513320337881742,4.961210601944444,True,True,False,live
WULF,2026-03-13 14:24:37.888959+00:00,2026-03-13 19:22:18.828081+00:00,15.39,14.6,185.0,-146.15000000000018,-0.0513320337881742,4.961371978333333,True,True,False,live
WULF,2026-03-13 14:24:38.335505+00:00,2026-03-13 19:22:18.828081+00:00,15.39,14.6,20.0,-15.800000000000018,-0.0513320337881742,4.961247937777778,True,True,False,live
ARM,2026-03-09 13:43:44.424821+00:00,2026-03-17 13:35:17.177959+00:00,111.86,126.25,77.0,1108.03,0.12864294654031827,191.8590980938889,False,False,False,live
ARM,2026-03-09 13:43:45.130641+00:00,2026-03-17 13:35:17.177959+00:00,111.86,126.25,29.0,417.31,0.12864294654031827,191.85890203277776,False,False,False,live
FNGU,2026-03-09 13:53:21.031106+00:00,2026-03-19 13:31:14.398817+00:00,19.31,18.19,59.0,-66.07999999999984,-0.058001035732780815,239.63149103083333,False,False,False,live
FNGU,2026-03-09 13:53:21.835643+00:00,2026-03-19 13:31:14.398817+00:00,19.31,18.19,505.0,-565.5999999999987,-0.058001035732780815,239.63126754833334,False,False,False,live
FNGU,2026-03-09 13:53:22.415181+00:00,2026-03-19 13:31:14.398817+00:00,19.31,18.19,55.0,-61.59999999999986,-0.058001035732780815,239.63110656555554,False,False,False,live
MARA,2026-03-13 19:23:17.010106+00:00,2026-03-19 13:31:46.689488+00:00,9.34,8.38,757.0,-726.7199999999993,-0.10278372591006414,138.1415776061111,False,True,False,live
CLSK,2026-03-13 14:52:53.834405+00:00,2026-03-19 13:32:35.776643+00:00,9.99,9.15,1558.0,-1308.7199999999998,-0.08408408408408406,142.66165062166667,False,True,False,live
MARA,2026-03-13 19:23:17.010106+00:00,2026-03-19 13:33:22.235954+00:00,9.34,8.5,1173.0,-985.3199999999998,-0.0899357601713062,138.1681182911111,False,True,False,live
CLSK,2026-03-13 14:52:53.834405+00:00,2026-03-19 13:34:17.434191+00:00,9.99,9.22,504.0,-388.0799999999998,-0.07707707707707703,142.68988882944444,False,True,False,live
RIVN,2026-03-19 13:37:07.460467+00:00,2026-03-19 16:36:43.977277+00:00,16.71,15.85,1093.0,-939.9800000000013,-0.05146618791143035,2.9934768916666665,True,True,False,live
SOXL,2026-03-20 13:49:56.474781+00:00,2026-03-20 14:26:14.155831+00:00,54.62,51.79,305.0,-863.1499999999995,-0.05181252288538994,0.6049114027777778,True,True,False,live
SOXL,2026-03-20 13:49:56.474781+00:00,2026-03-20 14:26:14.625645+00:00,54.62,51.78,20.0,-56.799999999999926,-0.05199560600512626,0.6050419066666667,True,True,False,live
SOXL,2026-03-20 13:49:56.474781+00:00,2026-03-20 14:26:15.249841+00:00,54.62,51.79,15.0,-42.449999999999974,-0.05181252288538994,0.6052152944444444,True,True,False,live
SOXL,2026-03-20 13:49:56.474781+00:00,2026-03-20 14:26:16.239742+00:00,54.62,51.79,2.0,-5.659999999999997,-0.05181252288538994,0.6054902669444444,True,True,False,live
SOXL,2026-03-20 13:49:56.474781+00:00,2026-03-20 14:26:17.198121+00:00,54.62,51.77,8.0,-22.799999999999955,-0.052178689124862586,0.6057564833333333,True,True,False,live
SOXL,2026-03-20 13:49:56.474781+00:00,2026-03-20 14:26:18.388307+00:00,54.62,51.79,1.0,-2.8299999999999983,-0.05181252288538994,0.6060870905555555,True,True,False,live
SOXL,2026-03-20 13:49:56.474781+00:00,2026-03-20 14:26:19.428765+00:00,54.62,51.77,1.0,-2.8499999999999943,-0.052178689124862586,0.6063761066666667,True,True,False,live
ONDS,2026-03-16 13:48:26.943683+00:00,2026-03-20 17:26:26.625675+00:00,10.63,10.05,413.0,-239.54000000000002,-0.05456255879586078,99.63324499777778,False,True,False,live
ONDS,2026-03-16 13:48:27.475980+00:00,2026-03-20 17:26:26.625675+00:00,10.63,10.05,882.0,-511.56000000000006,-0.05456255879586078,99.63309713749999,False,True,False,live
ONDS,2026-03-16 13:48:27.475980+00:00,2026-03-20 17:26:27.218086+00:00,10.63,10.05,465.0,-269.70000000000005,-0.05456255879586078,99.63326169611112,False,True,False,live
ONDS,2026-03-16 13:48:27.475980+00:00,2026-03-20 17:26:27.771004+00:00,10.63,10.05,155.0,-89.9,-0.05456255879586078,99.63341528444444,False,True,False,live
TQQQ,2026-03-09 13:53:21.181865+00:00,2026-03-20 17:36:44.145985+00:00,45.74,43.44,180.0,-414.0000000000008,-0.050284215128990034,267.7230455888889,False,False,False,live
TQQQ,2026-03-09 13:53:21.181865+00:00,2026-03-20 17:36:44.517893+00:00,45.74,43.44,42.0,-96.60000000000018,-0.050284215128990034,267.72314889666666,False,False,False,live
TQQQ,2026-03-09 13:53:21.466590+00:00,2026-03-20 17:36:44.517893+00:00,45.73,43.44,16.0,-36.639999999999986,-0.05007653619068444,267.7230698063889,False,False,False,live
TQQQ,2026-03-09 13:53:22.067829+00:00,2026-03-20 17:36:44.517893+00:00,45.73,43.44,7.0,-16.029999999999994,-0.05007653619068444,267.72290279555557,False,False,False,live
TQQQ,2026-03-09 13:53:23.080733+00:00,2026-03-20 17:36:44.517893+00:00,45.73,43.44,4.0,-9.159999999999997,-0.05007653619068444,267.7226214333333,False,False,False,live
TQQQ,2026-03-09 13:53:23.385949+00:00,2026-03-20 17:36:44.517893+00:00,45.74,43.44,11.0,-25.300000000000047,-0.050284215128990034,267.7225366511111,False,False,False,live
IREN,2026-03-11 15:10:59.078969+00:00,2026-03-20 19:09:09.305829+00:00,41.29,39.17,16.0,-33.91999999999996,-0.05134415112618061,219.96950746111114,False,True,False,live
IREN,2026-03-11 15:10:59.832098+00:00,2026-03-20 19:09:09.305829+00:00,41.28,39.17,191.0,-403.0099999999999,-0.051114341085271305,219.9692982586111,False,True,False,live
IREN,2026-03-11 15:11:00.749172+00:00,2026-03-20 19:09:09.305829+00:00,41.28,39.17,289.0,-609.7899999999998,-0.051114341085271305,219.96904351583333,False,True,False,live
RKLB,2026-03-09 14:08:07.859101+00:00,2026-03-23 13:30:43.739187+00:00,69.66,66.57,1.0,-3.0900000000000034,-0.044358311800172315,335.37663335722226,False,False,False,live
RKLB,2026-03-09 14:08:06.471248+00:00,2026-03-23 13:30:43.739187+00:00,69.66,66.57,11.0,-33.99000000000004,-0.044358311800172315,335.3770188719444,False,False,False,live
RKLB,2026-03-09 14:08:07.367397+00:00,2026-03-23 13:30:43.739187+00:00,69.66,66.57,1.0,-3.0900000000000034,-0.044358311800172315,335.3767699416667,False,False,False,live
RKLB,2026-03-09 14:08:05.603621+00:00,2026-03-23 13:30:43.739187+00:00,69.66,66.57,172.0,-531.4800000000006,-0.044358311800172315,335.3772598794444,False,False,False,live
RKLB,2026-03-09 14:08:05.494850+00:00,2026-03-23 13:30:43.739187+00:00,69.66,66.57,172.0,-531.4800000000006,-0.044358311800172315,335.3772900936111,False,False,False,live
RKLB,2026-03-09 14:08:05.923735+00:00,2026-03-23 13:30:43.739187+00:00,69.66,66.57,159.0,-491.3100000000005,-0.044358311800172315,335.3771709588889,False,False,False,live
RKLB,2026-03-23 13:45:55.633063+00:00,2026-03-23 19:47:38.722694+00:00,67.66,68.55,90.0,80.10000000000005,0.013154005320721262,6.028636008611111,True,False,False,live
RKLB,2026-03-23 13:45:56.385809+00:00,2026-03-23 19:47:38.722694+00:00,67.66,68.55,13.0,11.570000000000007,0.013154005320721262,6.0284269125000005,True,False,False,live
MARA,2026-03-23 17:20:54.353523+00:00,2026-03-23 19:47:38.727008+00:00,8.75,8.97,1228.0,270.16000000000076,0.025142857142857217,2.445659301388889,True,False,False,live
AMD,2026-03-23 13:46:27.281373+00:00,2026-03-23 19:47:38.843795+00:00,206.67,203.8,8.0,-22.95999999999981,-0.013886872792374202,6.019878450555555,True,False,False,live
RKLB,2026-03-23 13:45:56.385809+00:00,2026-03-23 19:47:39.067392+00:00,67.66,68.55,19.0,16.91000000000001,0.013154005320721262,6.028522661944445,True,False,False,live
AMD,2026-03-23 13:46:27.281373+00:00,2026-03-23 19:47:39.172535+00:00,206.67,203.78,37.0,-106.9299999999995,-0.013983645425073724,6.019969767222222,True,False,False,live
RKLB,2026-03-23 13:45:56.385809+00:00,2026-03-23 19:47:39.499084+00:00,67.66,68.55,26.0,23.140000000000015,0.013154005320721262,6.028642576388889,True,False,False,live
AMD,2026-03-23 13:46:27.281373+00:00,2026-03-23 19:47:39.604189+00:00,206.67,203.76,6.0,-17.45999999999998,-0.014080418057773245,6.020089671111111,True,False,False,live
RKLB,2026-03-23 13:45:56.385809+00:00,2026-03-23 19:47:40.223288+00:00,67.66,68.55,10.0,8.900000000000006,0.013154005320721262,6.028843744166667,True,False,False,live
COIN,2026-03-09 13:53:20.816163+00:00,2026-03-24 14:22:53.704337+00:00,198.75,188.59,9.0,-91.43999999999997,-0.05111949685534589,360.4924689372222,False,False,False,live
COIN,2026-03-09 13:53:20.327561+00:00,2026-03-24 14:22:53.704337+00:00,198.76,188.59,37.0,-376.2899999999995,-0.05116723686858517,360.49260466,False,False,False,live
COIN,2026-03-09 13:53:20.816163+00:00,2026-03-24 14:22:54.236982+00:00,198.75,188.42,5.0,-51.65000000000006,-0.05197484276729566,360.4926168941667,False,False,False,live
COIN,2026-03-09 13:53:20.816163+00:00,2026-03-24 14:22:55.061171+00:00,198.75,188.36,1.0,-10.389999999999986,-0.05227672955974836,360.49284583555556,False,False,False,live
COIN,2026-03-09 13:53:20.816163+00:00,2026-03-24 14:22:55.509881+00:00,198.75,188.36,1.0,-10.389999999999986,-0.05227672955974836,360.49297047722223,False,False,False,live
COIN,2026-03-09 13:53:20.816163+00:00,2026-03-24 14:22:56.130269+00:00,198.75,188.34,4.0,-41.639999999999986,-0.05237735849056602,360.49314280722217,False,False,False,live
COIN,2026-03-09 13:53:20.816163+00:00,2026-03-24 14:22:56.657216+00:00,198.75,188.31,2.0,-20.879999999999995,-0.052528301886792444,360.4932891813889,False,False,False,live
CLSK,2026-03-24 13:51:31.561510+00:00,2026-03-24 17:18:54.057870+00:00,10.02,9.46,893.0,-500.07999999999885,-0.055888223552894085,3.4562489888888885,True,True,False,live
CLSK,2026-03-24 13:51:31.863347+00:00,2026-03-24 17:18:54.057870+00:00,10.02,9.46,198.0,-110.87999999999974,-0.055888223552894085,3.4561651452777777,True,True,False,live
CLSK,2026-03-24 13:51:32.250766+00:00,2026-03-24 17:18:54.057870+00:00,10.02,9.46,127.0,-71.11999999999983,-0.055888223552894085,3.4560575288888886,True,True,False,live
CLSK,2026-03-24 13:51:32.768460+00:00,2026-03-24 17:18:54.057870+00:00,10.02,9.46,553.0,-309.67999999999927,-0.055888223552894085,3.455913725,True,True,False,live
CIFR,2026-03-24 14:16:41.063551+00:00,2026-03-25 13:30:42.895253+00:00,14.64,16.37,786.0,1359.7800000000004,0.11816939890710385,23.233842139444445,False,True,False,live
ARM,2026-03-17 13:45:51.165018+00:00,2026-03-25 13:31:57.852405+00:00,125.78,150.33,15.0,368.25000000000017,0.19518206392113222,191.76852427416665,False,True,False,live
ARM,2026-03-17 13:45:52.003493+00:00,2026-03-25 13:31:57.852405+00:00,125.78,150.33,73.0,1792.1500000000008,0.19518206392113222,191.76829136444442,False,True,False,live
ARM,2026-03-17 13:45:52.003493+00:00,2026-03-25 13:32:07.322241+00:00,125.78,150.31,28.0,686.84,0.19502305612975038,191.77092187444444,False,True,False,live
ARM,2026-03-17 13:45:52.391858+00:00,2026-03-25 13:32:07.322241+00:00,125.78,150.31,2.0,49.06,0.19502305612975038,191.7708139952778,False,True,False,live
CIFR,2026-03-24 14:16:41.063551+00:00,2026-03-25 13:32:26.998218+00:00,14.64,16.47,379.0,693.5699999999994,0.12499999999999988,23.262759629722222,False,True,False,live
ARM,2026-03-17 13:45:52.391858+00:00,2026-03-25 13:33:10.742361+00:00,125.78,151.22,46.0,1170.2399999999998,0.20225791063762122,191.78843069527778,False,True,False,live
ONDS,2026-03-24 13:45:19.241655+00:00,2026-03-25 14:49:10.006536+00:00,11.04,10.46,253.0,-146.73999999999955,-0.05253623188405782,25.064101355833333,False,True,False,live
ONDS,2026-03-24 13:45:19.869291+00:00,2026-03-25 14:49:10.006536+00:00,11.04,10.46,1349.0,-782.4199999999977,-0.05253623188405782,25.063927012500002,False,True,False,live
LCID,2026-03-25 13:45:45.752882+00:00,2026-03-26 15:17:10.376829+00:00,10.73,10.18,394.0,-216.70000000000027,-0.05125815470643063,25.523506651944444,False,True,False,live
LCID,2026-03-25 13:45:45.752882+00:00,2026-03-26 15:17:11.199634+00:00,10.73,10.18,1397.0,-768.350000000001,-0.05125815470643063,25.52373520888889,False,True,False,live
HOOD,2026-03-25 13:46:03.747709+00:00,2026-03-26 16:23:44.588901+00:00,73.94,70.17,37.0,-139.48999999999984,-0.050987286989450854,26.628011442222224,False,True,False,live
HOOD,2026-03-25 13:46:04.396400+00:00,2026-03-26 16:23:44.588901+00:00,73.93,70.17,223.0,-838.4800000000012,-0.05085892060056817,26.627831250277776,False,True,False,live
RBLX,2026-03-20 17:55:54.285819+00:00,2026-03-26 16:30:20.152671+00:00,56.74,53.85,227.0,-656.0300000000001,-0.0509340853013747,142.57385190333335,False,True,False,live
RBLX,2026-03-20 17:55:54.825435+00:00,2026-03-26 16:30:20.152671+00:00,56.74,53.85,76.0,-219.64000000000004,-0.0509340853013747,142.57370201,False,True,False,live
RBLX,2026-03-20 17:55:55.233877+00:00,2026-03-26 16:30:20.152671+00:00,56.74,53.85,9.0,-26.010000000000005,-0.0509340853013747,142.5735885538889,False,True,False,live
RBLX,2026-03-20 17:55:55.718223+00:00,2026-03-26 16:30:20.152671+00:00,56.74,53.85,1.0,-2.8900000000000006,-0.0509340853013747,142.57345401333333,False,True,False,live
MARA,2026-03-26 13:55:06.164333+00:00,2026-03-26 17:50:47.270137+00:00,9.07,8.61,9.0,-4.140000000000008,-0.05071664829106955,3.9280849455555558,True,True,False,live
MARA,2026-03-26 13:55:05.630673+00:00,2026-03-26 17:50:47.270137+00:00,9.07,8.61,3.0,-1.3800000000000026,-0.05071664829106955,3.9282331844444442,True,True,False,live
MARA,2026-03-26 13:55:04.873115+00:00,2026-03-26 17:50:47.270137+00:00,9.07,8.61,9.0,-4.140000000000008,-0.05071664829106955,3.928443617222222,True,True,False,live
MARA,2026-03-26 13:55:04.567320+00:00,2026-03-26 17:50:47.270137+00:00,9.07,8.61,308.0,-141.68000000000026,-0.05071664829106955,3.9285285602777775,True,True,False,live
MARA,2026-03-26 13:55:03.481644+00:00,2026-03-26 17:50:47.270137+00:00,9.07,8.61,1732.0,-796.7200000000015,-0.05071664829106955,3.9288301369444443,True,True,False,live
CLSK,2026-03-26 14:03:21.484011+00:00,2026-03-26 17:58:28.032601+00:00,9.87,9.36,1902.0,-970.0199999999996,-0.05167173252279633,3.9184857194444445,True,True,False,live
WULF,2026-03-24 13:51:31.737692+00:00,2026-03-26 18:27:26.615606+00:00,16.09,15.28,775.0,-627.7500000000003,-0.050341827221876974,52.59857719833334,False,True,False,live
WULF,2026-03-24 13:51:32.511112+00:00,2026-03-26 18:27:26.615606+00:00,16.08,15.28,176.0,-140.7999999999998,-0.04975124378109447,52.598362359444444,False,True,False,live
WULF,2026-03-24 13:51:33.008448+00:00,2026-03-26 18:27:26.615606+00:00,16.08,15.28,12.0,-9.599999999999987,-0.04975124378109447,52.59822421055556,False,True,False,live
WULF,2026-03-24 13:51:33.342027+00:00,2026-03-26 18:27:26.615606+00:00,16.07,15.28,67.0,-52.930000000000064,-0.04915992532669576,52.598131549722225,False,True,False,live
WULF,2026-03-24 13:51:33.342027+00:00,2026-03-26 18:27:27.345193+00:00,16.07,15.27,12.0,-9.600000000000009,-0.049782202862476706,52.59833421277778,False,True,False,live
WULF,2026-03-24 13:51:33.342027+00:00,2026-03-26 18:27:27.851591+00:00,16.07,15.27,45.0,-36.00000000000003,-0.049782202862476706,52.598474878888894,False,True,False,live
ARM,2026-03-26 11:08:14.348145+00:00,2026-03-26 19:08:29.457472+00:00,158.0,155.4,26.0,-67.59999999999985,-0.01645569620253161,8.004197035277777,False,True,False,live
ARM,2026-03-26 11:08:14.653051+00:00,2026-03-26 19:08:29.457472+00:00,158.0,155.4,14.0,-36.39999999999992,-0.01645569620253161,8.004112339166667,False,True,False,live
ARM,2026-03-26 11:08:14.653051+00:00,2026-03-26 19:08:30.063579+00:00,158.0,155.4,15.0,-38.999999999999915,-0.01645569620253161,8.004280702222223,False,True,False,live
ARM,2026-03-26 11:08:14.875833+00:00,2026-03-26 19:08:30.396776+00:00,158.0,155.4,1.0,-2.5999999999999943,-0.01645569620253161,8.004311373055556,False,True,False,live
ARM,2026-03-26 11:08:14.653051+00:00,2026-03-26 19:08:30.396776+00:00,158.0,155.4,1.0,-2.5999999999999943,-0.01645569620253161,8.004373256944444,False,True,False,live
ARM,2026-03-26 11:08:14.875833+00:00,2026-03-26 19:08:31.042892+00:00,158.0,155.4,1.0,-2.5999999999999943,-0.01645569620253161,8.004490849722222,False,True,False,live
ARM,2026-03-26 11:08:15.204838+00:00,2026-03-26 19:08:31.705403+00:00,158.0,155.4,1.0,-2.5999999999999943,-0.01645569620253161,8.004583490277778,False,True,False,live
PLTR,2026-03-09 13:53:19.617314+00:00,2026-03-27 13:30:14.707956+00:00,155.17,145.15,40.0,-400.7999999999993,-0.0645743378230327,431.6153029561111,False,False,False,live
PLTR,2026-03-09 13:53:20.554537+00:00,2026-03-27 13:30:14.707956+00:00,155.19,145.15,2.0,-20.079999999999984,-0.06469489013467357,431.6150426163889,False,False,False,live
PLTR,2026-03-09 13:53:21.014344+00:00,2026-03-27 13:30:14.707956+00:00,155.15,145.15,1.0,-10.0,-0.06445375443119561,431.6149148922222,False,False,False,live
RIOT,2026-03-24 14:16:40.618481+00:00,2026-03-27 13:30:22.671833+00:00,14.34,13.55,227.0,-179.3299999999998,-0.05509065550906549,71.22834815333333,False,True,False,live
MSTR,2026-03-09 13:53:21.037771+00:00,2026-03-27 13:30:22.847556+00:00,137.4,130.16,19.0,-137.56000000000017,-0.05269286754002918,431.6171693847222,False,False,False,live
PLTR,2026-03-09 13:53:21.014344+00:00,2026-03-27 13:30:57.903143+00:00,155.15,145.59,28.0,-267.68000000000006,-0.06161778923622302,431.6269135552778,False,False,False,live
RIOT,2026-03-24 14:16:40.618481+00:00,2026-03-27 13:30:59.935766+00:00,14.34,13.55,887.0,-700.7299999999992,-0.05509065550906549,71.23869924583333,False,True,False,live
RIOT,2026-03-24 14:16:41.092454+00:00,2026-03-27 13:30:59.935766+00:00,14.34,13.55,5.0,-3.9499999999999957,-0.05509065550906549,71.23856758666668,False,True,False,live
MSTR,2026-03-09 13:53:21.037771+00:00,2026-03-27 13:31:00.072042+00:00,137.4,129.78,68.0,-518.1600000000003,-0.055458515283842824,431.6275095197222,False,False,False,live
PLTR,2026-03-09 13:53:21.014344+00:00,2026-03-27 13:32:39.920296+00:00,155.15,144.93,4.0,-40.879999999999995,-0.06587173702868192,431.6552516533333,False,False,False,live
RIOT,2026-03-24 14:16:41.092454+00:00,2026-03-27 13:32:42.089388+00:00,14.34,13.36,84.0,-82.32000000000004,-0.06834030683403071,71.26694359277778,False,True,False,live
PLTR,2026-03-09 13:53:21.014344+00:00,2026-03-27 13:33:17.483305+00:00,155.15,144.88,1.0,-10.27000000000001,-0.06619400580083797,431.6656858225,False,False,False,live
TSLA,2026-03-24 14:16:37.198947+00:00,2026-03-27 13:35:18.165426+00:00,384.98,364.4,10.0,-205.8000000000004,-0.05345732245830963,71.3113795775,False,True,False,live
TSLA,2026-03-24 14:16:37.597592+00:00,2026-03-27 13:35:18.165426+00:00,384.98,364.4,5.0,-102.9000000000002,-0.05345732245830963,71.31126884277778,False,True,False,live
TSLA,2026-03-24 14:16:37.924777+00:00,2026-03-27 13:35:18.165426+00:00,384.98,364.4,30.0,-617.4000000000012,-0.05345732245830963,71.31117795805557,False,True,False,live
RXRX,2026-03-26 14:37:59.796733+00:00,2026-03-27 13:42:33.225256+00:00,3.2,3.02,3151.0,-567.1800000000005,-0.05625000000000005,23.075952367499998,False,True,False,live
RXRX,2026-03-26 14:37:59.813385+00:00,2026-03-27 13:42:33.225256+00:00,3.2,3.02,2776.0,-499.68000000000046,-0.05625000000000005,23.075947741944447,False,True,False,live
RXRX,2026-03-26 14:38:00.206602+00:00,2026-03-27 13:42:33.225256+00:00,3.2,3.02,2725.0,-490.50000000000045,-0.05625000000000005,23.075838515,False,True,False,live
RXRX,2026-03-26 14:38:00.223756+00:00,2026-03-27 13:42:33.225256+00:00,3.2,3.02,1510.0,-271.80000000000024,-0.05625000000000005,23.07583375,False,True,False,live
RXRX,2026-03-26 14:38:01.017922+00:00,2026-03-27 13:42:33.225256+00:00,3.2,3.02,207.0,-37.26000000000003,-0.05625000000000005,23.075613148333336,False,True,False,live
RXRX,2026-03-26 14:38:01.618654+00:00,2026-03-27 13:42:33.225256+00:00,3.2,3.02,988.0,-177.84000000000015,-0.05625000000000005,23.075446278333335,False,True,False,live
RXRX,2026-03-26 14:38:02.356883+00:00,2026-03-27 13:42:33.225256+00:00,3.2,3.02,385.0,-69.30000000000007,-0.05625000000000005,23.075241214722222,False,True,False,live
RKLB,2026-03-27 12:19:36.009413+00:00,2026-03-27 14:06:42.453455+00:00,65.68,62.32,125.0,-420.0000000000008,-0.05115712545676014,1.785123345,True,True,False,live
SOXL,2026-03-27 13:51:58.567848+00:00,2026-03-30 13:39:55.795959+00:00,47.96,45.57,77.0,-184.03000000000003,-0.04983319432860718,71.79923003083333,False,False,False,live
SOXL,2026-03-27 13:52:01.150638+00:00,2026-03-30 13:39:55.795959+00:00,47.96,45.57,51.0,-121.89000000000003,-0.04983319432860718,71.79851258916666,False,False,False,live
SOXL,2026-03-27 13:52:01.150638+00:00,2026-03-30 13:39:56.651982+00:00,47.96,45.57,7.0,-16.730000000000004,-0.04983319432860718,71.79875037333333,False,False,False,live
SOXL,2026-03-27 13:52:01.150638+00:00,2026-03-30 13:39:57.069614+00:00,47.96,45.57,24.0,-57.360000000000014,-0.04983319432860718,71.79886638222222,False,False,False,live
SOXL,2026-03-27 13:52:01.150638+00:00,2026-03-30 13:39:57.597403+00:00,47.96,45.61,10.0,-23.500000000000014,-0.04899916597164306,71.79901299027777,False,False,False,live
SOXL,2026-03-27 13:52:01.150638+00:00,2026-03-30 13:39:57.989484+00:00,47.96,45.58,40.0,-95.2000000000001,-0.049624687239366194,71.79912190166667,False,False,False,live
MU,2026-03-27 14:08:05.665759+00:00,2026-03-30 13:58:05.839186+00:00,359.39,341.27,46.0,-833.5200000000002,-0.05041876512980329,71.83338150750001,False,True,False,live
SOXL,2026-03-30 13:46:07.868203+00:00,2026-03-30 14:36:07.918880+00:00,45.09,42.65,57.0,-139.08000000000027,-0.05411399423375481,0.8333474102777778,True,False,False,live
SOXL,2026-03-30 13:46:07.868203+00:00,2026-03-30 14:36:08.510635+00:00,45.09,42.63,119.0,-292.7400000000001,-0.0545575515635396,0.8335117866666667,True,False,False,live
SOXL,2026-03-30 13:46:07.868203+00:00,2026-03-30 14:36:09.124733+00:00,45.09,42.59,26.0,-65.0,-0.05544466622310933,0.8336823694444445,True,False,False,live
SOXL,2026-03-30 13:46:08.582183+00:00,2026-03-30 14:36:09.124733+00:00,45.09,42.59,4.0,-10.0,-0.05544466622310933,0.8334840416666667,True,False,False,live
SOXL,2026-03-30 13:46:09.402976+00:00,2026-03-30 14:36:09.124733+00:00,45.07,42.59,1.0,-2.479999999999997,-0.05502551586421116,0.833256043611111,True,False,False,live
SOXL,2026-03-30 13:46:09.882690+00:00,2026-03-30 14:36:09.124733+00:00,45.09,42.59,1.0,-2.5,-0.05544466622310933,0.8331227897222223,True,False,False,live
SNAP,2026-03-30 14:07:43.040524+00:00,2026-03-31 15:24:15.700466+00:00,4.04,4.59,126.0,69.29999999999998,0.1361386138613861,25.275738872777776,False,True,False,live
SNAP,2026-03-30 14:07:43.040524+00:00,2026-03-31 15:24:16.568443+00:00,4.04,4.59,3430.0,1886.4999999999993,0.1361386138613861,25.2759799775,False,True,False,live
SNAP,2026-03-30 14:07:43.510341+00:00,2026-03-31 15:24:16.568443+00:00,4.04,4.59,463.0,254.64999999999992,0.1361386138613861,25.275849472777775,False,True,False,live
SNAP,2026-03-30 14:53:12.991994+00:00,2026-03-31 15:24:16.568443+00:00,4.02,4.59,4049.0,2307.930000000001,0.14179104477611948,24.517660124722223,False,True,False,live
SNAP,2026-03-30 14:53:13.012900+00:00,2026-03-31 15:24:16.568443+00:00,4.02,4.59,4038.0,2301.660000000001,0.14179104477611948,24.5176543175,False,True,False,live
MRVL,2026-03-20 15:10:36.999952+00:00,2026-04-01 13:31:29.707225+00:00,89.49,101.0,133.0,1530.8300000000006,0.12861772265057556,286.3479742425,False,True,False,live
MRVL,2026-03-20 15:10:36.999952+00:00,2026-04-01 13:33:02.744103+00:00,89.49,102.2,71.0,902.4100000000005,0.1420270421276121,286.37381781972226,False,True,False,live
RKLB,2026-03-31 12:50:12.402854+00:00,2026-04-01 14:28:02.423317+00:00,60.34,67.66,63.0,461.15999999999957,0.12131256214782885,25.63056123972222,False,True,False,live
RKLB,2026-03-31 12:50:12.652573+00:00,2026-04-01 14:28:02.423317+00:00,60.34,67.66,13.0,95.15999999999991,0.12131256214782885,25.63049187333333,False,True,False,live
RKLB,2026-03-31 12:50:12.652573+00:00,2026-04-01 14:28:03.050763+00:00,60.34,67.66,59.0,431.8799999999996,0.12131256214782885,25.63066616388889,False,True,False,live
HUT,2026-03-31 13:45:40.893536+00:00,2026-04-01 15:57:19.001473+00:00,44.18,49.41,190.0,993.6999999999994,0.11837935717519232,26.193918871388888,False,True,False,live
HUT,2026-03-31 14:51:24.374959+00:00,2026-04-01 15:57:19.679147+00:00,44.06,49.41,8.0,42.799999999999955,0.1214253290966862,25.098695607777778,False,True,False,live
HUT,2026-03-31 14:51:23.552101+00:00,2026-04-01 15:57:19.679147+00:00,44.06,49.41,148.0,791.7999999999992,0.1214253290966862,25.09892417944444,False,True,False,live
HUT,2026-03-31 13:45:40.893536+00:00,2026-04-01 15:57:19.679147+00:00,44.18,49.41,181.0,946.6299999999994,0.11837935717519232,26.194107114166666,False,True,False,live
HUT,2026-03-31 14:51:23.145685+00:00,2026-04-01 15:57:19.679147+00:00,44.06,49.41,219.0,1171.6499999999987,0.1214253290966862,25.09903707277778,False,True,False,live
CORZ,2026-04-01 13:59:47.982770+00:00,2026-04-02 13:30:15.570668+00:00,15.39,14.74,1118.0,-726.7000000000004,-0.042235217673814184,23.507663304999998,False,True,False,live
CORZ,2026-04-01 13:59:48.535646+00:00,2026-04-02 13:30:15.570668+00:00,15.39,14.74,43.0,-27.950000000000017,-0.042235217673814184,23.507509728333332,False,True,False,live
ARM,2026-04-01 13:54:35.872930+00:00,2026-04-02 13:31:47.407700+00:00,157.01,150.0,34.0,-238.3399999999997,-0.044646837781033,23.619870769444443,False,True,False,live
ARM,2026-04-01 13:55:05.646574+00:00,2026-04-02 13:31:47.407700+00:00,156.83,150.0,25.0,-170.7500000000003,-0.043550341133711735,23.611600312777778,False,True,False,live
ARM,2026-04-01 13:55:06.585564+00:00,2026-04-02 13:31:47.407700+00:00,156.92,150.0,1.0,-6.9199999999999875,-0.0440989039000764,23.611339482222224,False,True,False,live
ARM,2026-04-01 13:55:06.934270+00:00,2026-04-02 13:31:47.407700+00:00,156.92,150.0,63.0,-435.95999999999924,-0.0440989039000764,23.611242619444443,False,True,False,live
CORZ,2026-04-01 13:59:48.535646+00:00,2026-04-02 13:32:07.953647+00:00,15.39,14.69,5.0,-3.5000000000000053,-0.04548408057179994,23.5387272225,False,True,False,live
CORZ,2026-04-01 13:59:49.353340+00:00,2026-04-02 13:32:07.953647+00:00,15.39,14.69,85.0,-59.50000000000009,-0.04548408057179994,23.53850008527778,False,True,False,live
CORZ,2026-04-01 14:02:24.934801+00:00,2026-04-02 13:32:07.953647+00:00,15.36,14.69,67.0,-44.88999999999999,-0.043619791666666664,23.49528301277778,False,True,False,live
CORZ,2026-04-01 14:02:24.934801+00:00,2026-04-02 13:32:25.938638+00:00,15.36,14.66,353.0,-247.09999999999974,-0.04557291666666662,23.50027884361111,False,True,False,live
CORZ,2026-04-01 14:02:24.934801+00:00,2026-04-02 13:33:17.778433+00:00,15.36,14.49,231.0,-200.96999999999983,-0.05664062499999995,23.514678786666668,False,True,False,live
CORZ,2026-04-01 14:02:25.844975+00:00,2026-04-02 13:33:30.916295+00:00,15.36,14.4,165.0,-158.39999999999984,-0.062499999999999944,23.518075366666668,False,True,False,live
CORZ,2026-04-01 14:02:24.934801+00:00,2026-04-02 13:33:30.916295+00:00,15.36,14.4,432.0,-414.7199999999996,-0.062499999999999944,23.51832819277778,False,True,False,live
CORZ,2026-04-01 14:02:25.844975+00:00,2026-04-02 13:33:47.115831+00:00,15.36,14.5,4.0,-3.4399999999999977,-0.0559895833333333,23.52257523777778,False,True,False,live
CORZ,2026-04-01 14:02:25.844975+00:00,2026-04-02 13:33:59.655346+00:00,15.36,14.48,8.0,-7.039999999999992,-0.0572916666666666,23.52605843638889,False,True,False,live
SPCE,2026-03-31 14:53:35.328042+00:00,2026-04-02 13:36:28.017710+00:00,2.42,2.29,5879.0,-764.2699999999994,-0.05371900826446277,46.71463601888889,False,True,False,live
SPCE,2026-03-31 14:53:35.695828+00:00,2026-04-02 13:36:28.017710+00:00,2.42,2.29,90.0,-11.69999999999999,-0.05371900826446277,46.71453385611111,False,True,False,live
SPCE,2026-03-31 14:53:37.018844+00:00,2026-04-02 13:36:28.017710+00:00,2.42,2.29,177.0,-23.00999999999998,-0.05371900826446277,46.71416635166667,False,True,False,live
SPCE,2026-03-31 14:53:37.547563+00:00,2026-04-02 13:36:28.017710+00:00,2.42,2.29,458.0,-59.53999999999995,-0.05371900826446277,46.71401948527778,False,True,False,live
SPCE,2026-03-31 14:53:37.547563+00:00,2026-04-02 13:36:28.732519+00:00,2.42,2.29,134.0,-17.419999999999987,-0.05371900826446277,46.71421804333334,False,True,False,live
SPCE,2026-03-31 14:53:38.644398+00:00,2026-04-02 13:36:28.732519+00:00,2.42,2.29,52.0,-6.7599999999999945,-0.05371900826446277,46.713913366944446,False,True,False,live
SPCE,2026-03-31 14:53:39.140698+00:00,2026-04-02 13:36:28.732519+00:00,2.42,2.29,28.0,-3.639999999999997,-0.05371900826446277,46.71377550583333,False,True,False,live
SPCE,2026-04-06 13:49:37.759468+00:00,2026-04-07 13:30:47.026072+00:00,2.86,2.96,720.0,72.00000000000006,0.034965034965034995,23.68590739,False,True,False,live
ONDS,2026-04-06 13:51:08.579458+00:00,2026-04-07 13:32:01.954140+00:00,9.85,9.45,1087.0,-434.8000000000004,-0.0406091370558376,23.68149296722222,False,True,False,live
ONDS,2026-04-06 13:51:08.579458+00:00,2026-04-07 13:32:31.944048+00:00,9.85,9.5,202.0,-70.69999999999993,-0.035532994923857836,23.68982349722222,False,True,False,live
SPCE,2026-04-06 13:49:38.516122+00:00,2026-04-07 13:32:54.782499+00:00,2.86,3.03,2501.0,425.16999999999985,0.05944055944055942,23.721185104722224,False,True,False,live
SPCE,2026-04-06 13:49:37.759468+00:00,2026-04-07 13:32:54.782499+00:00,2.86,3.03,835.0,141.94999999999993,0.05944055944055942,23.72139528638889,False,True,False,live
SPCE,2026-04-06 13:49:38.516122+00:00,2026-04-07 13:33:17.480059+00:00,2.86,3.0,945.0,132.30000000000013,0.048951048951048994,23.7274899825,False,True,False,live
SPCE,2026-04-06 13:49:38.897472+00:00,2026-04-07 13:33:17.480059+00:00,2.86,3.0,765.0,107.1000000000001,0.048951048951048994,23.727384051944444,False,True,False,live
ONDS,2026-04-06 13:51:08.579458+00:00,2026-04-07 13:33:41.289781+00:00,9.85,9.49,327.0,-117.71999999999981,-0.03654822335025375,23.709086200833337,False,True,False,live
ONDS,2026-04-06 13:51:09.425893+00:00,2026-04-07 13:33:41.289781+00:00,9.85,9.49,162.0,-58.31999999999991,-0.03654822335025375,23.708851080000002,False,True,False,live
ONDS,2026-04-06 13:51:10.085266+00:00,2026-04-07 13:33:41.289781+00:00,9.85,9.49,113.0,-40.679999999999936,-0.03654822335025375,23.708667920833335,False,True,False,live
ONDS,2026-04-06 13:51:11.141611+00:00,2026-04-07 13:33:41.289781+00:00,9.85,9.49,61.0,-21.959999999999965,-0.03654822335025375,23.708374491666667,False,True,False,live
SPCE,2026-04-06 13:49:38.897472+00:00,2026-04-07 13:33:53.661554+00:00,2.86,3.03,12.0,2.039999999999999,0.05944055944055942,23.737434467222222,False,True,False,live
SPCE,2026-04-06 13:49:38.897472+00:00,2026-04-07 13:34:26.024813+00:00,2.86,3.03,6.0,1.0199999999999996,0.05944055944055942,23.74642426138889,False,True,False,live
SPCE,2026-04-06 13:49:39.611201+00:00,2026-04-07 13:34:26.024813+00:00,2.86,3.03,841.0,142.96999999999994,0.05944055944055942,23.746226003333334,False,True,False,live
SPCE,2026-04-06 13:49:40.225511+00:00,2026-04-07 13:34:26.024813+00:00,2.86,3.03,11.0,1.8699999999999992,0.05944055944055942,23.746055361666667,False,True,False,live
SPCE,2026-04-06 13:49:40.225511+00:00,2026-04-07 13:34:28.642101+00:00,2.86,3.03,99.0,16.82999999999999,0.05944055944055942,23.74678238611111,False,True,False,live
SPCE,2026-04-06 13:49:40.225511+00:00,2026-04-07 13:34:37.574150+00:00,2.86,3.02,2.0,0.3200000000000003,0.055944055944056,23.749263510833334,False,True,False,live
SPCE,2026-04-06 13:49:40.225511+00:00,2026-04-07 13:34:44.242987+00:00,2.86,3.02,1.0,0.16000000000000014,0.055944055944056,23.751115965555552,False,True,False,live
SPCE,2026-04-06 13:49:40.225511+00:00,2026-04-07 13:34:46.786483+00:00,2.86,3.02,10.0,1.6000000000000014,0.055944055944056,23.751822492222225,False,True,False,live
IONQ,2026-04-06 13:51:02.805808+00:00,2026-04-07 13:35:48.571682+00:00,30.05,28.3,104.0,-182.0,-0.05823627287853577,23.746046076111114,False,True,False,live
IONQ,2026-04-06 13:51:02.805808+00:00,2026-04-07 13:35:49.412485+00:00,30.05,28.31,131.0,-227.94000000000025,-0.05790349417637278,23.746279632500002,False,True,False,live
IONQ,2026-04-06 13:51:03.739487+00:00,2026-04-07 13:35:49.412485+00:00,30.04,28.31,404.0,-698.9200000000002,-0.057589880159786964,23.74602027722222,False,True,False,live
MARA,2026-04-06 13:51:04.859406+00:00,2026-04-07 14:00:39.443092+00:00,8.92,8.46,762.0,-350.5199999999993,-0.0515695067264573,24.159606579444443,False,True,False,live
MARA,2026-04-06 13:51:05.528827+00:00,2026-04-07 14:00:39.443092+00:00,8.92,8.46,375.0,-172.49999999999966,-0.0515695067264573,24.159420629166668,False,True,False,live
MARA,2026-04-06 13:51:05.528827+00:00,2026-04-07 14:00:40.910461+00:00,8.92,8.46,452.0,-207.9199999999996,-0.0515695067264573,24.15982823166667,False,True,False,live
MARA,2026-04-06 13:51:06.435053+00:00,2026-04-07 14:00:40.910461+00:00,8.92,8.46,364.0,-167.43999999999966,-0.0515695067264573,24.159576502222222,False,True,False,live
MARA,2026-04-06 13:51:06.435053+00:00,2026-04-07 14:00:41.861453+00:00,8.92,8.46,149.0,-68.53999999999986,-0.0515695067264573,24.159840666666664,False,True,False,live
MARA,2026-04-06 13:51:06.435053+00:00,2026-04-07 14:00:42.978547+00:00,8.92,8.45,23.0,-10.810000000000015,-0.052690582959641324,24.160150970555556,False,True,False,live
MARA,2026-04-06 13:51:06.435053+00:00,2026-04-07 14:00:43.543819+00:00,8.92,8.45,1.0,-0.47000000000000064,-0.052690582959641324,24.160307990555555,False,True,False,live
CLSK,2026-04-06 14:01:11.405843+00:00,2026-04-07 14:03:48.243780+00:00,9.17,8.65,626.0,-325.51999999999975,-0.05670665212649941,24.043566093611112,False,True,False,live
CLSK,2026-04-06 14:01:11.405843+00:00,2026-04-07 14:03:48.420549+00:00,9.17,8.66,768.0,-391.67999999999984,-0.05561613958560521,24.043615196111112,False,True,False,live
CLSK,2026-04-06 14:01:11.405843+00:00,2026-04-07 14:03:49.379323+00:00,9.17,8.66,153.0,-78.02999999999997,-0.05561613958560521,24.04388152222222,False,True,False,live
CLSK,2026-04-06 14:01:12.058266+00:00,2026-04-07 14:03:49.379323+00:00,9.17,8.66,5.0,-2.549999999999999,-0.05561613958560521,24.04370029361111,False,True,False,live
CLSK,2026-04-06 14:01:12.058266+00:00,2026-04-07 14:03:49.599511+00:00,9.17,8.66,444.0,-226.4399999999999,-0.05561613958560521,24.043761456944445,False,True,False,live
CLSK,2026-04-06 14:01:12.890004+00:00,2026-04-07 14:03:49.599511+00:00,9.17,8.66,20.0,-10.199999999999996,-0.05561613958560521,24.043530418611113,False,True,False,live
CLSK,2026-04-06 14:01:13.255655+00:00,2026-04-07 14:03:49.599511+00:00,9.17,8.66,18.0,-9.179999999999996,-0.05561613958560521,24.04342884888889,False,True,False,live
CLSK,2026-04-06 14:01:13.255655+00:00,2026-04-07 14:03:50.407925+00:00,9.17,8.66,60.0,-30.599999999999987,-0.05561613958560521,24.043653408333334,False,True,False,live
CLSK,2026-04-06 14:01:17.651051+00:00,2026-04-07 14:03:50.407925+00:00,9.17,8.66,4.0,-2.039999999999999,-0.05561613958560521,24.042432465,False,True,False,live
CLSK,2026-04-06 14:01:49.751204+00:00,2026-04-07 14:03:50.407925+00:00,9.17,8.66,11.0,-5.609999999999998,-0.05561613958560521,24.033515755833335,False,True,False,live
CIFR,2026-04-06 13:51:05.860589+00:00,2026-04-07 14:06:14.068699+00:00,13.48,12.78,810.0,-567.0000000000009,-0.0519287833827894,24.252280030555557,False,True,False,live
CIFR,2026-04-06 13:51:06.165063+00:00,2026-04-07 14:06:14.068699+00:00,13.48,12.78,62.0,-43.40000000000006,-0.0519287833827894,24.252195454444447,False,True,False,live
CIFR,2026-04-06 13:51:07.428642+00:00,2026-04-07 14:06:14.068699+00:00,13.48,12.78,150.0,-105.00000000000016,-0.0519287833827894,24.251844460277777,False,True,False,live
CIFR,2026-04-06 13:51:07.428642+00:00,2026-04-07 14:06:14.695629+00:00,13.48,12.78,188.0,-131.6000000000002,-0.0519287833827894,24.2520186075,False,True,False,live
CIFR,2026-04-06 13:51:07.428642+00:00,2026-04-07 14:06:16.157620+00:00,13.48,12.78,2.0,-1.4000000000000021,-0.0519287833827894,24.25242471611111,False,True,False,live
CIFR,2026-04-06 13:51:07.428642+00:00,2026-04-07 14:06:17.295176+00:00,13.48,12.78,57.0,-39.90000000000006,-0.0519287833827894,24.25274070388889,False,True,False,live
CIFR,2026-04-06 13:51:07.428642+00:00,2026-04-07 14:06:18.006534+00:00,13.48,12.78,10.0,-7.000000000000011,-0.0519287833827894,24.252938303333334,False,True,False,live
CIFR,2026-04-06 13:51:07.787691+00:00,2026-04-07 14:06:18.006534+00:00,13.48,12.78,43.0,-30.100000000000044,-0.0519287833827894,24.2528385675,False,True,False,live
CIFR,2026-04-06 13:51:08.397987+00:00,2026-04-07 14:06:18.006534+00:00,13.48,12.78,34.0,-23.800000000000036,-0.0519287833827894,24.252669040833332,False,True,False,live
CIFR,2026-04-06 13:51:08.397987+00:00,2026-04-07 14:06:19.357106+00:00,13.48,12.78,18.0,-12.60000000000002,-0.0519287833827894,24.253044199722225,False,True,False,live
CIFR,2026-04-06 13:51:08.397987+00:00,2026-04-07 14:06:20.349481+00:00,13.48,12.79,57.0,-39.33000000000007,-0.05118694362017814,24.253319859444442,False,True,False,live
RXRX,2026-03-31 13:45:39.120001+00:00,2026-04-08 13:30:13.827399+00:00,2.94,3.38,1509.0,663.9599999999999,0.1496598639455782,191.74297427722223,False,True,False,live
IREN,2026-03-31 13:45:40.604429+00:00,2026-04-08 13:30:41.589566+00:00,32.69,38.21,357.0,1970.640000000001,0.16885897828081994,191.75027364916667,False,True,False,live
OXY,2026-03-20 14:51:39.104281+00:00,2026-04-08 13:30:43.150096+00:00,60.83,56.92,36.0,-140.75999999999988,-0.06427749465724143,454.6511238375,False,True,False,live
SOFI,2026-03-30 13:51:50.089963+00:00,2026-04-08 13:33:07.659360+00:00,15.31,17.54,806.0,1797.379999999999,0.1456564337034617,215.6882137213889,False,True,False,live
SOFI,2026-03-30 13:51:50.493336+00:00,2026-04-08 13:33:07.659360+00:00,15.31,17.54,154.0,343.4199999999998,0.1456564337034617,215.68810167333334,False,True,False,live
SOFI,2026-03-30 13:51:49.231299+00:00,2026-04-08 13:33:07.659360+00:00,15.3,17.54,50.0,111.99999999999991,0.14640522875816983,215.68845223916665,False,True,False,live
SOFI,2026-03-30 13:51:49.688275+00:00,2026-04-08 13:33:07.659360+00:00,15.31,17.54,45.0,100.34999999999994,0.1456564337034617,215.6883253013889,False,True,False,live
AMD,2026-03-30 14:06:12.778094+00:00,2026-04-08 13:33:24.741302+00:00,202.72,229.22,43.0,1139.5,0.13072217837411207,215.4533231133333,False,False,False,live
RXRX,2026-03-31 13:45:39.120001+00:00,2026-04-08 13:33:31.935422+00:00,2.94,3.3,2153.0,775.0799999999997,0.12244897959183669,191.7980042836111,False,True,False,live
RXRX,2026-03-31 13:45:39.584573+00:00,2026-04-08 13:33:31.935422+00:00,2.94,3.3,1113.0,400.67999999999984,0.12244897959183669,191.79787523583335,False,True,False,live
RXRX,2026-03-31 13:45:40.471763+00:00,2026-04-08 13:33:31.935422+00:00,2.94,3.3,196.0,70.55999999999997,0.12244897959183669,191.79762879416666,False,True,False,live
RXRX,2026-03-31 13:45:41.143127+00:00,2026-04-08 13:33:31.935422+00:00,2.94,3.3,102.0,36.719999999999985,0.12244897959183669,191.79744230416668,False,True,False,live
RXRX,2026-03-31 13:45:41.732876+00:00,2026-04-08 13:33:31.935422+00:00,2.94,3.3,283.0,101.87999999999997,0.12244897959183669,191.797278485,False,True,False,live
RXRX,2026-03-31 13:45:42.254814+00:00,2026-04-08 13:33:31.935422+00:00,2.94,3.3,218.0,78.47999999999998,0.12244897959183669,191.79713350222224,False,True,False,live
IREN,2026-03-31 13:45:40.604429+00:00,2026-04-08 13:33:45.453728+00:00,32.69,37.99,21.0,111.3000000000001,0.16212909146528004,191.8013470275,False,True,False,live
IREN,2026-03-31 13:45:41.249333+00:00,2026-04-08 13:33:45.453728+00:00,32.7,37.99,85.0,449.6499999999999,0.16177370030581037,191.80116788750001,False,True,False,live
IREN,2026-03-31 13:45:41.852388+00:00,2026-04-08 13:33:45.453728+00:00,32.7,37.99,1.0,5.289999999999999,0.16177370030581037,191.80100037222223,False,True,False,live
OXY,2026-03-20 14:51:39.104281+00:00,2026-04-08 13:33:46.737084+00:00,60.83,56.3,90.0,-407.7000000000001,-0.07446983396350487,454.70212022305554,False,True,False,live
IREN,2026-03-31 13:45:41.852388+00:00,2026-04-08 13:34:37.602474+00:00,32.7,38.02,15.0,79.80000000000001,0.16269113149847095,191.815486135,False,True,False,live
OXY,2026-03-20 14:51:39.104281+00:00,2026-04-08 13:34:38.162480+00:00,60.83,56.32,72.0,-324.71999999999986,-0.0741410488245931,454.7164050552778,False,True,False,live
AMD,2026-03-30 14:06:12.778094+00:00,2026-04-08 13:35:37.316795+00:00,202.72,230.37,2.0,55.30000000000001,0.1363950276243094,215.49014963916667,False,False,False,live
IREN,2026-03-31 13:45:41.852388+00:00,2026-04-08 13:35:55.154064+00:00,32.7,37.8,20.0,101.99999999999989,0.1559633027522934,191.83702824333332,False,True,False,live
IREN,2026-03-31 13:45:42.355180+00:00,2026-04-08 13:35:55.154064+00:00,32.69,37.8,4.0,20.439999999999998,0.15631691648822268,191.8368885788889,False,True,False,live
OXY,2026-03-20 14:51:39.104281+00:00,2026-04-08 13:35:55.539076+00:00,60.83,56.82,2.0,-8.019999999999996,-0.06592142035180007,454.73789855416663,False,True,False,live
OXY,2026-03-20 14:51:39.561492+00:00,2026-04-08 13:35:55.539076+00:00,60.83,56.82,11.0,-44.10999999999998,-0.06592142035180007,454.7377715511111,False,True,False,live
OXY,2026-03-20 14:51:39.966689+00:00,2026-04-08 13:35:55.539076+00:00,60.83,56.82,47.0,-188.4699999999999,-0.06592142035180007,454.7376589963889,False,True,False,live
AMD,2026-03-30 14:06:12.778094+00:00,2026-04-08 13:36:40.174672+00:00,202.72,230.47,2.0,55.5,0.13688831886345698,215.50761016055557,False,False,False,live
OXY,2026-03-20 14:51:39.966689+00:00,2026-04-08 13:37:19.657794+00:00,60.83,57.03,43.0,-163.39999999999986,-0.06246917639322698,454.7610253069444,False,True,False,live
HOOD,2026-04-08 13:45:14.127746+00:00,2026-04-08 18:50:13.586135+00:00,75.4,71.65,81.0,-303.75,-0.04973474801061008,5.083182885833333,True,False,False,live
HOOD,2026-04-08 13:45:14.923066+00:00,2026-04-08 18:50:13.586135+00:00,75.42,71.65,58.0,-218.65999999999977,-0.04998674091752845,5.082961963611111,True,False,False,live
HOOD,2026-04-08 13:45:15.945494+00:00,2026-04-08 18:50:13.586135+00:00,75.43,71.65,8.0,-30.24000000000001,-0.050112687259711,5.082677955833334,True,False,False,live
HOOD,2026-04-08 13:45:17.337428+00:00,2026-04-08 18:50:13.586135+00:00,75.37,71.65,3.0,-11.159999999999997,-0.04935650789438767,5.082291307499999,True,False,False,live
COIN,2026-04-08 13:45:12.886434+00:00,2026-04-08 18:56:47.576024+00:00,183.64,173.97,25.0,-241.7499999999997,-0.052657373121324264,5.192969330555556,True,False,False,live
COIN,2026-04-08 13:45:12.886434+00:00,2026-04-08 18:56:48.148930+00:00,183.64,173.97,27.0,-261.0899999999997,-0.052657373121324264,5.193128471111111,True,False,False,live
COIN,2026-04-08 13:45:12.886434+00:00,2026-04-08 18:56:48.647677+00:00,183.64,173.97,5.0,-48.34999999999994,-0.052657373121324264,5.193267011944445,True,False,False,live
COIN,2026-04-08 13:45:12.886434+00:00,2026-04-08 18:56:49.097160+00:00,183.64,173.97,3.0,-29.009999999999962,-0.052657373121324264,5.193391868333333,True,False,False,live
COIN,2026-04-08 13:45:12.886434+00:00,2026-04-08 18:56:49.923114+00:00,183.64,174.0,1.0,-9.639999999999986,-0.0524940100196035,5.1936213,True,False,False,live
SPCE,2026-04-08 13:45:34.263600+00:00,2026-04-09 13:31:41.762153+00:00,3.1,2.9,1552.0,-310.40000000000026,-0.06451612903225812,23.768749598055553,False,True,False,live
SPCE,2026-04-08 13:45:35.253272+00:00,2026-04-09 13:31:41.762153+00:00,3.1,2.9,1395.0,-279.0000000000002,-0.06451612903225812,23.768474689166666,False,True,False,live
SPCE,2026-04-08 13:45:35.253272+00:00,2026-04-09 13:32:33.178810+00:00,3.1,2.88,1893.0,-416.4600000000004,-0.07096774193548393,23.782757093888886,False,True,False,live
SPCE,2026-04-08 13:45:35.253272+00:00,2026-04-09 13:33:28.471018+00:00,3.1,2.88,470.0,-103.40000000000009,-0.07096774193548393,23.798116040555556,False,True,False,live
SPCE,2026-04-08 13:45:37.026355+00:00,2026-04-09 13:33:28.471018+00:00,3.1,2.88,17.0,-3.7400000000000033,-0.07096774193548393,23.7976235175,False,True,False,live
SPCE,2026-04-08 13:45:39.193279+00:00,2026-04-09 13:33:28.471018+00:00,3.1,2.88,13.0,-2.8600000000000025,-0.07096774193548393,23.797021594166665,False,True,False,live
SPCE,2026-04-08 13:45:39.193279+00:00,2026-04-09 13:33:58.967358+00:00,3.1,2.88,369.0,-81.18000000000008,-0.07096774193548393,23.80549279972222,False,True,False,live
SPCE,2026-04-08 13:45:39.193279+00:00,2026-04-09 13:34:18.936939+00:00,3.1,2.87,127.0,-29.209999999999997,-0.07419354838709677,23.811039905555553,False,True,False,live
SPCE,2026-04-08 13:45:39.193279+00:00,2026-04-09 13:34:38.305568+00:00,3.1,2.87,64.0,-14.719999999999999,-0.07419354838709677,23.816420080277776,False,True,False,live
HUT,2026-04-08 13:51:46.602076+00:00,2026-04-09 13:55:41.443517+00:00,58.73,65.99,47.0,341.2199999999999,0.12361655031500082,24.06523373361111,False,True,False,live
HUT,2026-04-08 13:51:47.422350+00:00,2026-04-09 13:55:41.976484+00:00,58.73,65.99,64.0,464.6399999999999,0.12361655031500082,24.065153926111112,False,True,False,live
HUT,2026-04-08 13:51:46.602076+00:00,2026-04-09 13:55:41.976484+00:00,58.73,65.99,165.0,1197.8999999999996,0.12361655031500082,24.06538178,False,True,False,live
HUT,2026-04-08 13:51:46.865241+00:00,2026-04-09 13:55:41.976484+00:00,58.73,65.99,18.0,130.67999999999995,0.12361655031500082,24.065308678611114,False,True,False,live
HUT,2026-04-08 13:51:47.422350+00:00,2026-04-09 13:55:42.371900+00:00,58.73,65.99,28.0,203.27999999999994,0.12361655031500082,24.06526376388889,False,True,False,live
MRVL,2026-04-06 13:47:58.948614+00:00,2026-04-10 13:31:20.245037+00:00,109.27,126.3,173.0,2946.19,0.15585247551935574,95.72258233972222,False,True,False,live
SMCI,2026-03-27 13:45:22.786426+00:00,2026-04-10 13:46:44.540203+00:00,21.75,24.4,224.0,593.5999999999997,0.12183908045977004,336.02270938249995,False,False,False,live
SMCI,2026-03-27 13:45:22.786426+00:00,2026-04-10 13:46:45.245854+00:00,21.75,24.4,201.0,532.6499999999997,0.12183908045977004,336.02290539666666,False,False,False,live
SMCI,2026-03-27 13:45:22.786426+00:00,2026-04-10 13:46:45.955610+00:00,21.75,24.4,35.0,92.74999999999994,0.12183908045977004,336.0231025511111,False,False,False,live
SNAP,2026-04-10 13:48:03.983765+00:00,2026-04-13 13:30:26.132701+00:00,4.96,4.75,1676.0,-351.9599999999999,-0.042338709677419345,71.70615248222222,False,True,False,live
SNAP,2026-04-10 13:48:03.983765+00:00,2026-04-13 13:32:10.111881+00:00,4.96,4.82,2236.0,-313.0399999999993,-0.02822580645161284,71.73503558777777,False,True,False,live
SNAP,2026-04-10 13:48:05.807685+00:00,2026-04-13 13:32:10.111881+00:00,4.96,4.82,114.0,-15.959999999999964,-0.02822580645161284,71.73452894333333,False,True,False,live
SPCE,2026-04-10 15:17:39.837451+00:00,2026-04-13 13:36:14.607356+00:00,3.07,2.85,2501.0,-550.2199999999993,-0.07166123778501621,70.30965830694444,False,True,False,live
SPCE,2026-04-10 15:17:39.837451+00:00,2026-04-13 13:36:36.772843+00:00,3.07,2.85,1779.0,-391.37999999999954,-0.07166123778501621,70.31581538666667,False,True,False,live
SPCE,2026-04-10 15:17:39.837451+00:00,2026-04-13 13:36:52.872644+00:00,3.07,2.85,16.0,-3.519999999999996,-0.07166123778501621,70.32028755361111,False,True,False,live
SPCE,2026-04-10 15:17:39.837451+00:00,2026-04-13 13:36:59.080303+00:00,3.07,2.85,2061.0,-453.4199999999995,-0.07166123778501621,70.32201190333333,False,True,False,live
SPCE,2026-04-10 15:17:39.837451+00:00,2026-04-13 13:37:07.619000+00:00,3.07,2.84,83.0,-19.09,-0.07491856677524429,70.32438376361111,False,True,False,live
SPCE,2026-04-10 15:17:39.837451+00:00,2026-04-13 13:37:13.064686+00:00,3.07,2.83,100.0,-23.99999999999998,-0.07817589576547224,70.32589645416667,False,True,False,live
SPCE,2026-04-10 15:17:39.837451+00:00,2026-04-13 13:37:15.112859+00:00,3.07,2.83,99.0,-23.759999999999977,-0.07817589576547224,70.32646539111111,False,True,False,live
CIFR,2026-04-09 14:01:26.828581+00:00,2026-04-13 19:19:27.886740+00:00,15.68,17.71,881.0,1788.430000000001,0.12946428571428578,101.30029393305556,False,True,False,live
CIFR,2026-04-09 14:01:26.828581+00:00,2026-04-13 19:19:28.208388+00:00,15.68,17.71,57.0,115.71000000000006,0.12946428571428578,101.30038327972223,False,True,False,live
CIFR,2026-04-09 14:01:27.284794+00:00,2026-04-13 19:19:28.208388+00:00,15.67,17.71,63.0,128.52000000000007,0.13018506700701984,101.30025655388889,False,True,False,live
CIFR,2026-04-09 14:01:28.353250+00:00,2026-04-13 19:19:28.208388+00:00,15.67,17.71,215.0,438.6000000000002,0.13018506700701984,101.29995976055555,False,True,False,live
CLSK,2026-04-09 13:51:56.253678+00:00,2026-04-14 15:01:26.492675+00:00,9.85,11.56,14.0,23.940000000000012,0.17360406091370567,121.15839972138889,False,True,False,live
CLSK,2026-04-09 13:51:56.253678+00:00,2026-04-14 15:01:26.996008+00:00,9.85,11.56,1863.0,3185.7300000000014,0.17360406091370567,121.1585395361111,False,True,False,live
CLSK,2026-04-09 13:51:56.253678+00:00,2026-04-14 15:01:27.515970+00:00,9.85,11.56,19.0,32.490000000000016,0.17360406091370567,121.15868397,False,True,False,live
MARA,2026-04-09 13:57:18.455231+00:00,2026-04-14 15:01:27.549920+00:00,9.47,10.78,1208.0,1582.4799999999984,0.13833157338965138,121.06919296916666,False,False,False,live
CLSK,2026-04-09 13:51:56.253678+00:00,2026-04-14 15:01:28.045250+00:00,9.85,11.56,8.0,13.680000000000007,0.17360406091370567,121.15883099222222,False,True,False,live
SMCI,2026-04-14 18:00:52.142266+00:00,2026-04-15 18:14:09.130568+00:00,27.23,27.16,1.0,-0.07000000000000028,-0.002570694087403609,24.221385639444446,False,True,False,live
SMCI,2026-04-14 18:00:52.142266+00:00,2026-04-15 18:14:09.554536+00:00,27.23,27.16,816.0,-57.12000000000023,-0.002570694087403609,24.221503408333334,False,True,False,live
COIN,2026-04-14 18:01:05.042657+00:00,2026-04-15 18:14:10.662216+00:00,184.38,191.29,3.0,20.72999999999999,0.037476949777633134,24.218227655277776,False,True,False,live
COIN,2026-04-14 18:01:05.042657+00:00,2026-04-15 18:14:11.101224+00:00,184.38,191.29,117.0,808.4699999999996,0.037476949777633134,24.218349601944446,False,True,False,live
COIN,2026-04-14 18:01:05.042657+00:00,2026-04-15 18:14:11.632487+00:00,184.38,191.29,1.0,6.909999999999997,0.037476949777633134,24.218497175,False,True,False,live
RBLX,2026-03-31 13:45:43.348120+00:00,2026-04-15 18:16:35.183714+00:00,53.7,60.3,248.0,1636.7999999999986,0.12290502793296078,364.51439877611114,False,True,False,live
RBLX,2026-03-31 13:45:43.348120+00:00,2026-04-15 18:16:35.929097+00:00,53.7,60.3,38.0,250.79999999999978,0.12290502793296078,364.5146058269445,False,True,False,live
RBLX,2026-03-31 13:45:43.831491+00:00,2026-04-15 18:16:35.929097+00:00,53.7,60.3,7.0,46.19999999999996,0.12290502793296078,364.51447155722224,False,True,False,live
RBLX,2026-03-31 13:45:44.825517+00:00,2026-04-15 18:16:35.929097+00:00,53.7,60.3,3.0,19.799999999999983,0.12290502793296078,364.5141954388889,False,True,False,live
RBLX,2026-03-31 13:45:45.519839+00:00,2026-04-15 18:16:35.929097+00:00,53.7,60.3,7.0,46.19999999999996,0.12290502793296078,364.5140025716667,False,True,False,live
RBLX,2026-03-31 13:45:46.278643+00:00,2026-04-15 18:16:35.929097+00:00,53.7,60.3,2.0,13.199999999999989,0.12290502793296078,364.5137917927778,False,True,False,live
AMD,2026-04-09 13:57:17.193142+00:00,2026-04-20 13:30:07.046585+00:00,233.32,283.33,16.0,800.1599999999999,0.21434081947539857,263.5471815119445,False,False,False,live
MSTR,2026-04-09 13:57:17.524797+00:00,2026-04-20 13:30:49.354046+00:00,126.85,163.29,70.0,2550.7999999999997,0.2872684272763106,263.55884145805555,False,False,False,live
MSTR,2026-04-09 13:57:18.284694+00:00,2026-04-20 13:30:49.354046+00:00,126.83,163.29,3.0,109.37999999999998,0.2874714184341244,263.55863037555554,False,False,False,live
AMD,2026-04-09 13:57:17.193142+00:00,2026-04-20 13:32:32.382648+00:00,233.32,285.67,12.0,628.2000000000003,0.22436996399794285,263.58755264055554,False,False,False,live
MSTR,2026-04-09 13:57:18.284694+00:00,2026-04-20 13:32:47.641435+00:00,126.83,163.28,2.0,72.9,0.28739257273515734,263.5914879836111,False,False,False,live
MSTR,2026-04-09 13:57:19.078281+00:00,2026-04-20 13:32:47.641435+00:00,126.81,163.28,13.0,474.11,0.28759561548773754,263.59126754277776,False,False,False,live
HUT,2026-04-10 16:39:05.728304+00:00,2026-04-20 13:33:26.531711+00:00,65.64,75.04,308.0,2895.2000000000016,0.14320536258379046,236.90577872416668,False,True,False,live
HUT,2026-04-10 17:08:33.852670+00:00,2026-04-20 13:33:26.531711+00:00,65.42,75.04,19.0,182.7800000000001,0.1470498318557017,236.41463306694445,False,True,False,live
RIVN,2026-04-02 13:42:14.264637+00:00,2026-04-20 13:33:26.729672+00:00,14.87,16.96,1.0,2.0900000000000016,0.14055144586415613,431.8534625097222,False,True,False,live
RIVN,2026-04-02 13:42:13.420930+00:00,2026-04-20 13:33:26.729672+00:00,14.87,16.96,3.0,6.270000000000005,0.14055144586415613,431.8536968727778,False,True,False,live
RIVN,2026-04-02 13:42:12.111391+00:00,2026-04-20 13:33:26.729672+00:00,14.88,16.96,3.0,6.24,0.13978494623655913,431.85406063361114,False,True,False,live
RIVN,2026-04-02 13:42:11.575317+00:00,2026-04-20 13:33:26.729672+00:00,14.88,16.96,2.0,4.16,0.13978494623655913,431.85420954305556,False,True,False,live
RIVN,2026-04-02 13:42:13.900293+00:00,2026-04-20 13:33:26.729672+00:00,14.87,16.96,3.0,6.270000000000005,0.14055144586415613,431.85356371638886,False,True,False,live
RIVN,2026-04-02 13:42:10.621651+00:00,2026-04-20 13:33:26.729672+00:00,14.88,16.96,111.0,230.88,0.13978494623655913,431.85447445027773,False,True,False,live
RIVN,2026-04-02 13:42:09.820666+00:00,2026-04-20 13:33:26.729672+00:00,14.88,16.96,345.0,717.6,0.13978494623655913,431.8546969461111,False,True,False,live
RIVN,2026-04-02 13:42:11.176233+00:00,2026-04-20 13:33:26.729672+00:00,14.88,16.96,377.0,784.1600000000001,0.13978494623655913,431.8543203997222,False,True,False,live
RIVN,2026-04-02 13:42:09.435092+00:00,2026-04-20 13:33:26.729672+00:00,14.88,16.96,361.0,750.88,0.13978494623655913,431.85480405,False,True,False,live
AMD,2026-04-09 13:57:17.193142+00:00,2026-04-20 13:34:08.457666+00:00,233.32,284.54,10.0,512.2000000000003,0.21952683010457752,263.6142401455555,False,False,False,live
HUT,2026-04-10 17:08:33.852670+00:00,2026-04-20 13:34:42.090529+00:00,65.42,75.05,94.0,905.2199999999996,0.147202690308774,236.43562162749998,False,True,False,live
HUT,2026-04-10 17:08:34.663889+00:00,2026-04-20 13:34:42.090529+00:00,65.42,75.05,39.0,375.5699999999998,0.147202690308774,236.43539628888888,False,True,False,live
HUT,2026-04-10 17:08:34.663889+00:00,2026-04-20 13:35:12.072393+00:00,65.42,75.22,9.0,88.19999999999997,0.14980128401100576,236.44372458444445,False,True,False,live
AMD,2026-04-09 13:57:17.193142+00:00,2026-04-20 13:35:28.488334+00:00,233.32,284.72,6.0,308.4000000000002,0.22029830276015788,263.63647088666664,False,False,False,live
HUT,2026-04-10 17:08:34.663889+00:00,2026-04-20 13:35:39.875517+00:00,65.42,74.61,129.0,1185.5099999999998,0.14047691837358603,236.45144767444444,False,True,False,live
AMD,2026-04-09 13:57:17.193142+00:00,2026-04-20 13:35:49.810000+00:00,233.32,283.9,1.0,50.579999999999984,0.21678381621806955,263.6423935716667,False,False,False,live
AMD,2026-04-09 13:57:17.810717+00:00,2026-04-20 13:35:49.810000+00:00,233.28,283.9,1.0,50.619999999999976,0.21699245541838125,263.6422220230556,False,False,False,live
AMD,2026-04-09 13:57:18.566120+00:00,2026-04-20 13:35:49.810000+00:00,233.28,283.9,1.0,50.619999999999976,0.21699245541838125,263.6420121888889,False,False,False,live
AMD,2026-04-09 13:57:18.873585+00:00,2026-04-20 13:36:04.172651+00:00,233.28,285.28,1.0,51.99999999999997,0.22290809327846353,263.6459164072222,False,False,False,live
HUT,2026-04-10 17:08:34.663889+00:00,2026-04-20 13:36:11.759080+00:00,65.42,74.82,4.0,37.599999999999966,0.1436869458881075,236.46030421972222,False,True,False,live
HUT,2026-04-10 17:08:34.663889+00:00,2026-04-20 13:36:19.903539+00:00,65.42,75.23,10.0,98.10000000000002,0.1499541424640783,236.46256656944445,False,True,False,live
HUT,2026-04-10 17:08:34.663889+00:00,2026-04-20 13:36:27.375821+00:00,65.42,75.23,7.0,68.67000000000002,0.1499541424640783,236.46464220333334,False,True,False,live
ARM,2026-04-08 13:45:12.819708+00:00,2026-04-20 18:22:30.390787+00:00,150.83,173.28,52.0,1167.3999999999994,0.1488430683551017,292.6215475219444,False,False,False,live
MRVL,2026-04-10 13:48:03.977355+00:00,2026-04-20 18:22:30.560527+00:00,126.15,148.26,132.0,2918.519999999998,0.17526753864447076,244.5740508811111,False,True,False,live
MRVL,2026-04-10 13:48:05.797306+00:00,2026-04-20 18:22:30.560527+00:00,126.18,148.26,9.0,198.71999999999986,0.17498811222063704,244.57354533916666,False,True,False,live
MRVL,2026-04-10 13:48:06.660301+00:00,2026-04-20 18:22:30.560527+00:00,126.11,148.26,12.0,265.7999999999999,0.17564031401157712,244.57330561833334,False,True,False,live
MRVL,2026-04-10 13:48:07.315650+00:00,2026-04-20 18:22:30.560527+00:00,126.23,148.26,2.0,44.059999999999974,0.17452269666481807,244.57312357694445,False,True,False,live
MRVL,2026-04-10 13:48:08.170238+00:00,2026-04-20 18:22:30.560527+00:00,126.23,148.26,2.0,44.059999999999974,0.17452269666481807,244.5728861913889,False,True,False,live
MRVL,2026-04-10 13:48:09.668206+00:00,2026-04-20 18:22:30.560527+00:00,126.14,148.26,1.0,22.11999999999999,0.1753607103218645,244.57247008916667,False,True,False,live
MRVL,2026-04-10 13:48:10.648429+00:00,2026-04-20 18:22:30.560527+00:00,126.18,148.26,1.0,22.079999999999984,0.17498811222063704,244.57219780499997,False,True,False,live
MRVL,2026-04-10 13:48:12.494305+00:00,2026-04-20 18:22:30.560527+00:00,126.15,148.26,1.0,22.109999999999985,0.17526753864447076,244.57168506166667,False,True,False,live
ARM,2026-04-08 13:45:12.819708+00:00,2026-04-20 18:22:31.107524+00:00,150.83,173.28,23.0,516.3499999999997,0.1488430683551017,292.62174661555554,False,False,False,live
RKLB,2026-04-20 18:22:34.634117+00:00,2026-04-21 18:24:37.099683+00:00,88.39,87.36,1.0,-1.0300000000000011,-0.011652901911981007,24.034018212777777,False,False,False,live
RKLB,2026-04-20 18:22:33.944623+00:00,2026-04-21 18:24:37.099683+00:00,88.4,87.36,1.0,-1.0400000000000063,-0.01176470588235301,24.03420973888889,False,False,False,live
RKLB,2026-04-20 18:22:33.486388+00:00,2026-04-21 18:24:37.099683+00:00,88.4,87.36,30.0,-31.200000000000188,-0.01176470588235301,24.03433702638889,False,False,False,live
RKLB,2026-04-20 18:22:32.863147+00:00,2026-04-21 18:24:37.099683+00:00,88.4,87.36,2.0,-2.0800000000000125,-0.01176470588235301,24.034510148888888,False,False,False,live
RKLB,2026-04-20 18:22:32.252674+00:00,2026-04-21 18:24:37.099683+00:00,88.4,87.36,138.0,-143.52000000000086,-0.01176470588235301,24.034679724722224,False,False,False,live
COIN,2026-04-22 15:31:01.623208+00:00,2026-04-24 14:27:53.892154+00:00,208.11,197.26,17.0,-184.4500000000004,-0.05213588967373035,46.947852485,False,False,False,live
LCID,2026-04-21 18:51:34.995620+00:00,2026-04-24 14:27:54.077224+00:00,7.1,6.21,28.0,-24.91999999999999,-0.1253521126760563,67.60530044555556,False,True,False,live
LCID,2026-04-21 18:51:34.995620+00:00,2026-04-24 14:27:54.484151+00:00,7.1,6.21,183.0,-162.86999999999995,-0.1253521126760563,67.60541348083333,False,True,False,live
COIN,2026-04-22 15:31:01.623208+00:00,2026-04-24 14:27:54.668723+00:00,208.11,197.12,58.0,-637.4200000000005,-0.05280861083081067,46.94806819861111,False,False,False,live
LCID,2026-04-21 18:51:34.995620+00:00,2026-04-24 14:27:54.818482+00:00,7.1,6.21,723.0,-643.4699999999998,-0.1253521126760563,67.60550635055556,False,True,False,live
LCID,2026-04-21 18:51:35.805350+00:00,2026-04-24 14:27:54.818482+00:00,7.1,6.21,1505.0,-1339.4499999999996,-0.1253521126760563,67.60528142555556,False,True,False,live
LCID,2026-04-21 18:51:36.101243+00:00,2026-04-24 14:27:54.818482+00:00,7.1,6.21,596.0,-530.4399999999998,-0.1253521126760563,67.60519923305556,False,True,False,live
LCID,2026-04-21 18:51:36.101243+00:00,2026-04-24 14:27:55.394394+00:00,7.1,6.21,1.0,-0.8899999999999997,-0.1253521126760563,67.6053592086111,False,True,False,live
LCID,2026-04-21 18:51:36.694629+00:00,2026-04-24 14:27:55.394394+00:00,7.1,6.21,78.0,-69.41999999999997,-0.1253521126760563,67.60519437916666,False,True,False,live
LCID,2026-04-21 18:51:36.694629+00:00,2026-04-24 14:27:55.979038+00:00,7.1,6.21,120.0,-106.79999999999995,-0.1253521126760563,67.60535678027779,False,True,False,live
LCID,2026-04-21 18:51:36.694629+00:00,2026-04-24 14:27:56.451500+00:00,7.1,6.21,30.0,-26.69999999999999,-0.1253521126760563,67.60548801972222,False,True,False,live
LCID,2026-04-21 18:51:36.694629+00:00,2026-04-24 14:27:56.813588+00:00,7.1,6.22,132.0,-116.15999999999998,-0.12394366197183097,67.60558859972222,False,True,False,live
AMD,2026-04-24 14:27:59.520355+00:00,2026-04-27 17:47:31.676158+00:00,346.48,336.5,22.0,-219.5600000000004,-0.02880397136919885,75.32559883416666,False,False,False,live
ARM,2026-04-24 14:28:01.741823+00:00,2026-04-27 17:47:32.060818+00:00,227.81,216.95,51.0,-553.8600000000007,-0.04767130503489756,75.32508860972221,False,False,False,live
ARM,2026-04-24 14:28:01.741823+00:00,2026-04-27 17:47:32.535517+00:00,227.81,216.95,1.0,-10.860000000000014,-0.04767130503489756,75.32522047055555,False,False,False,live
AMD,2026-04-24 14:27:59.520355+00:00,2026-04-27 17:47:32.719717+00:00,346.48,336.53,1.0,-9.950000000000045,-0.02871738628492278,75.32588871166666,False,False,False,live
ARM,2026-04-24 14:28:01.741823+00:00,2026-04-27 17:47:32.937430+00:00,227.81,216.95,13.0,-141.18000000000018,-0.04767130503489756,75.32533211305555,False,False,False,live
AMD,2026-04-24 14:27:59.520355+00:00,2026-04-27 17:47:33.111274+00:00,346.48,336.51,12.0,-119.64000000000033,-0.02877510967444016,75.3259974775,False,False,False,live
AMD,2026-04-24 14:27:59.520355+00:00,2026-04-27 17:47:33.554917+00:00,346.48,336.51,8.0,-79.76000000000022,-0.02877510967444016,75.32612071166668,False,False,False,live
MARA,2026-04-22 16:26:24.957884+00:00,2026-04-27 17:50:52.200764+00:00,11.96,11.25,226.0,-160.4600000000002,-0.05936454849498334,121.40756746666666,False,False,False,live
MARA,2026-04-22 16:26:25.534346+00:00,2026-04-27 17:50:52.200764+00:00,11.96,11.25,65.0,-46.150000000000055,-0.05936454849498334,121.40740733833333,False,False,False,live
MARA,2026-04-22 16:26:25.534346+00:00,2026-04-27 17:50:52.833899+00:00,11.96,11.25,1022.0,-725.6200000000009,-0.05936454849498334,121.40758320916667,False,False,False,live
MSTR,2026-04-27 17:40:47.776053+00:00,2026-04-28 17:40:36.487556+00:00,170.95,165.88,85.0,-430.9499999999994,-0.029657794676806046,23.99686430638889,False,False,False,live
IONQ,2026-04-28 14:45:17.274124+00:00,2026-04-29 17:40:50.571255+00:00,43.67,41.07,178.0,-462.80000000000024,-0.05953743989008475,26.92591586972222,False,False,False,live
IONQ,2026-04-28 14:45:16.681862+00:00,2026-04-29 17:40:50.571255+00:00,43.67,41.07,49.0,-127.40000000000006,-0.05953743989008475,26.926080386944445,False,False,False,live
IONQ,2026-04-28 14:45:17.274124+00:00,2026-04-29 17:40:51.019730+00:00,43.67,41.07,106.0,-275.60000000000014,-0.05953743989008475,26.92604044611111,False,False,False,live
IONQ,2026-04-28 14:45:17.905707+00:00,2026-04-29 17:40:51.019730+00:00,43.68,41.07,1.0,-2.6099999999999994,-0.05975274725274724,26.92586500638889,False,False,False,live
SOXL,2026-04-29 17:40:58.370730+00:00,2026-04-30 17:41:03.892581+00:00,114.59,126.19,83.0,962.7999999999995,0.1012304738633388,24.0015338475,False,False,False,live
SLB,2026-03-24 17:05:01.485150+00:00,2026-04-30 17:41:04.034853+00:00,50.38,56.62,192.0,1198.079999999999,0.12385867407701458,888.6007082508333,False,True,False,live
SLB,2026-03-24 17:05:03.499934+00:00,2026-04-30 17:41:04.034853+00:00,50.38,56.62,36.0,224.63999999999982,0.12385867407701458,888.6001485886112,False,True,False,live
SOXL,2026-04-29 17:40:58.370730+00:00,2026-04-30 17:41:04.345361+00:00,114.59,126.19,38.0,440.7999999999998,0.1012304738633388,24.001659619722222,False,False,False,live
SLB,2026-03-24 17:05:03.499934+00:00,2026-04-30 17:41:04.499485+00:00,50.38,56.62,81.0,505.4399999999996,0.12385867407701458,888.6002776530556,False,True,False,live
SLB,2026-03-24 17:05:04.499738+00:00,2026-04-30 17:41:04.499485+00:00,50.38,56.62,14.0,87.35999999999993,0.12385867407701458,888.5999999297222,False,True,False,live
SLB,2026-03-24 17:05:05.729785+00:00,2026-04-30 17:41:04.499485+00:00,50.38,56.62,3.0,18.719999999999985,0.12385867407701458,888.5996582500001,False,True,False,live
SLB,2026-03-24 17:05:06.928733+00:00,2026-04-30 17:41:04.499485+00:00,50.38,56.62,19.0,118.5599999999999,0.12385867407701458,888.5993252088889,False,True,False,live
SOXL,2026-04-29 17:40:58.565524+00:00,2026-04-30 17:41:04.896961+00:00,114.59,126.2,1.0,11.61,0.10131774151322104,24.0017587325,False,False,False,live
SLB,2026-03-24 17:05:06.928733+00:00,2026-04-30 17:41:05.049573+00:00,50.38,56.62,4.0,24.95999999999998,0.12385867407701458,888.5994780111112,False,True,False,live
SOXL,2026-04-29 17:40:59.402961+00:00,2026-04-30 17:41:05.308864+00:00,114.58,126.2,1.0,11.620000000000005,0.10141385931227094,24.001640528611112,False,False,False,live
AMD,2026-04-28 14:45:16.437836+00:00,2026-05-01 18:07:01.500340+00:00,320.07,361.59,6.0,249.1199999999999,0.1297216233948823,75.36251736222222,False,False,False,live
AMD,2026-04-28 14:45:16.896823+00:00,2026-05-01 18:07:01.500340+00:00,320.0,361.59,10.0,415.89999999999975,0.1299687499999999,75.36238986583332,False,False,False,live
AMD,2026-04-28 14:45:17.478800+00:00,2026-05-01 18:07:01.500340+00:00,320.12,361.59,3.0,124.40999999999991,0.1295451705610395,75.36222820555555,False,False,False,live
AMD,2026-04-28 14:45:18.084486+00:00,2026-05-01 18:07:01.500340+00:00,320.12,361.59,26.0,1078.2199999999993,0.1295451705610395,75.36205995944445,False,False,False,live
ARM,2026-05-01 14:49:04.871959+00:00,2026-05-04 18:47:49.030694+00:00,212.75,201.95,68.0,-734.4000000000008,-0.05076380728554647,75.97893298194444,False,False,False,live
ARM,2026-05-01 14:49:05.834336+00:00,2026-05-04 18:47:49.030694+00:00,212.75,201.95,1.0,-10.800000000000011,-0.05076380728554647,75.978665655,False,False,False,live
ARM,2026-05-01 14:49:06.763414+00:00,2026-05-04 18:47:49.030694+00:00,212.75,201.95,2.0,-21.600000000000023,-0.05076380728554647,75.97840757777777,False,False,False,live
AVGO,2026-04-14 18:42:40.054173+00:00,2026-05-05 13:49:00.846668+00:00,378.98,425.36,7.0,324.65999999999997,0.12238112829173042,499.10577569305553,False,True,False,live
AVGO,2026-04-14 18:42:40.123253+00:00,2026-05-05 13:49:00.846668+00:00,378.98,425.36,59.0,2736.4199999999996,0.12238112829173042,499.10575650416666,False,True,False,live
AVGO,2026-04-14 18:42:47.669052+00:00,2026-05-05 13:49:00.846668+00:00,378.95,425.36,47.0,2181.2700000000013,0.12246998284734141,499.1036604488889,False,True,False,live
AVGO,2026-04-14 18:42:47.669052+00:00,2026-05-05 13:49:01.602397+00:00,378.95,425.29,5.0,231.70000000000016,0.12228526190790351,499.10387037361113,False,True,False,live
RKLB,2026-04-30 14:44:48.604793+00:00,2026-05-05 14:16:25.543617+00:00,81.96,77.37,80.0,-367.19999999999914,-0.056002928257686546,119.52692745111112,False,False,False,live
RKLB,2026-04-30 14:44:48.604793+00:00,2026-05-05 14:16:25.921494+00:00,81.96,77.37,24.0,-110.15999999999974,-0.056002928257686546,119.52703241694444,False,False,False,live
RKLB,2026-04-30 14:44:48.604793+00:00,2026-05-05 14:16:26.547486+00:00,81.96,77.38,76.0,-348.07999999999987,-0.055880917520741806,119.52720630361112,False,False,False,live
SOXL,2026-05-01 14:50:12.850741+00:00,2026-05-05 14:29:39.902029+00:00,125.95,142.25,111.0,1809.2999999999997,0.12941643509329095,95.65751424666666,False,False,False,live
SOXL,2026-05-01 14:50:13.856874+00:00,2026-05-05 14:29:39.902029+00:00,125.9,142.25,2.0,32.69999999999999,0.1298649722001588,95.65723476527778,False,False,False,live
SOXL,2026-05-01 14:50:13.856874+00:00,2026-05-05 14:29:40.555364+00:00,125.9,142.24,1.0,16.340000000000003,0.12978554408260526,95.65741624722222,False,False,False,live
SOXL,2026-05-01 14:50:14.201591+00:00,2026-05-05 14:29:40.555364+00:00,125.89,142.24,5.0,81.75000000000004,0.1298752879497975,95.6573204925,False,False,False,live
SOXL,2026-05-01 14:50:15.043270+00:00,2026-05-05 14:29:40.555364+00:00,125.92,142.24,1.0,16.320000000000007,0.12960609911054644,95.65708669277778,False,False,False,live
CIFR,2026-05-05 14:15:24.138828+00:00,2026-05-05 18:30:43.045432+00:00,18.92,21.22,144.0,331.1999999999996,0.12156448202959814,4.2552518344444445,True,True,False,live
CIFR,2026-05-05 14:15:24.858106+00:00,2026-05-05 18:30:43.045432+00:00,18.92,21.22,1088.0,2502.399999999997,0.12156448202959814,4.255052034999999,True,True,False,live
CIFR,2026-05-05 14:15:25.475093+00:00,2026-05-05 18:30:43.045432+00:00,18.93,21.22,137.0,313.7299999999999,0.12097200211304802,4.254880649722222,True,True,False,live
SMCI,2026-05-04 17:05:15.178932+00:00,2026-05-06 13:30:13.441550+00:00,27.96,32.02,887.0,3601.220000000002,0.1452074391988556,44.41618406055556,False,True,False,live
WULF,2026-05-04 17:07:33.901701+00:00,2026-05-06 13:31:11.236334+00:00,21.85,24.67,1148.0,3237.36,0.1290617848970252,44.39370406472222,False,True,False,live
IREN,2026-05-04 18:18:32.235469+00:00,2026-05-06 13:31:16.911926+00:00,50.35,57.34,92.0,643.0800000000002,0.13882820258192655,43.21241012694444,False,True,False,live
IREN,2026-05-04 18:18:32.848104+00:00,2026-05-06 13:31:16.911926+00:00,50.35,57.34,408.0,2851.920000000001,0.13882820258192655,43.212239950555556,False,True,False,live
ACHR,2026-04-10 13:48:01.994993+00:00,2026-05-06 13:56:15.206131+00:00,5.47,6.17,1768.0,1237.6000000000004,0.12797074954296164,624.1370030938888,False,True,False,live
ACHR,2026-04-10 13:48:01.994993+00:00,2026-05-06 13:56:15.570993+00:00,5.47,6.17,1244.0,870.8000000000002,0.12797074954296164,624.1371044444444,False,True,False,live
ACHR,2026-04-10 13:48:01.994993+00:00,2026-05-06 13:56:16.071956+00:00,5.47,6.17,125.0,87.50000000000003,0.12797074954296164,624.1372436008334,False,True,False,live
ACHR,2026-04-10 13:48:01.994993+00:00,2026-05-06 13:56:17.019697+00:00,5.47,6.16,353.0,243.57000000000014,0.12614259597806224,624.1375068622223,False,True,False,live
ACHR,2026-04-10 13:48:03.432461+00:00,2026-05-06 13:56:17.019697+00:00,5.47,6.16,158.0,109.02000000000007,0.12614259597806224,624.1371075655557,False,True,False,live
ACHR,2026-04-10 13:48:04.500211+00:00,2026-05-06 13:56:17.019697+00:00,5.47,6.16,46.0,31.740000000000016,0.12614259597806224,624.1368109683333,False,True,False,live
ACHR,2026-04-10 13:48:05.373098+00:00,2026-05-06 13:56:17.019697+00:00,5.47,6.16,24.0,16.56000000000001,0.12614259597806224,624.1365684997222,False,True,False,live
ACHR,2026-04-10 13:48:06.217382+00:00,2026-05-06 13:56:17.019697+00:00,5.47,6.16,1.0,0.6900000000000004,0.12614259597806224,624.1363339763889,False,True,False,live
ACHR,2026-04-10 13:48:07.746340+00:00,2026-05-06 13:56:17.019697+00:00,5.47,6.16,1.0,0.6900000000000004,0.12614259597806224,624.1359092658333,False,True,False,live
ACHR,2026-04-10 13:48:08.533335+00:00,2026-05-06 13:56:17.019697+00:00,5.47,6.16,1.0,0.6900000000000004,0.12614259597806224,624.1356906561111,False,True,False,live
COIN,2026-05-04 17:05:21.982251+00:00,2026-05-06 14:06:18.334950+00:00,203.89,193.6,37.0,-380.7299999999997,-0.050468389818039104,45.0156535275,False,True,False,live
COIN,2026-05-04 17:05:21.982251+00:00,2026-05-06 14:06:18.908471+00:00,203.89,193.6,17.0,-174.92999999999986,-0.050468389818039104,45.015812838888884,False,True,False,live
COIN,2026-05-04 17:05:21.982251+00:00,2026-05-06 14:06:19.386828+00:00,203.89,193.61,23.0,-236.43999999999937,-0.050419343763794075,45.01594571583333,False,True,False,live
COIN,2026-05-04 17:05:21.982251+00:00,2026-05-06 14:06:20.567457+00:00,203.89,193.61,31.0,-318.67999999999915,-0.050419343763794075,45.01627366833333,False,True,False,live
COIN,2026-05-04 17:05:21.982251+00:00,2026-05-06 14:06:21.159865+00:00,203.89,193.69,7.0,-71.39999999999992,-0.05002697532983466,45.016438226111106,False,True,False,live
COIN,2026-05-04 17:05:21.982251+00:00,2026-05-06 14:06:21.679704+00:00,203.89,193.69,5.0,-50.99999999999994,-0.05002697532983466,45.01658262583334,False,True,False,live
COIN,2026-05-04 17:05:21.982251+00:00,2026-05-06 14:06:22.335400+00:00,203.89,193.69,1.0,-10.199999999999989,-0.05002697532983466,45.016764763611114,False,True,False,live
COIN,2026-05-04 17:05:21.982251+00:00,2026-05-06 14:06:22.810165+00:00,203.89,193.61,1.0,-10.279999999999973,-0.050419343763794075,45.01689664277777,False,True,False,live
ARM,2026-05-06 11:23:11.037170+00:00,2026-05-06 14:20:13.968381+00:00,235.3,221.57,63.0,-864.9900000000011,-0.058351041223969474,2.9508142252777776,True,True,False,live
AMD,2026-05-06 10:58:06.262316+00:00,2026-05-06 14:23:24.065955+00:00,426.07,403.62,34.0,-763.2999999999996,-0.05269087239186047,3.4216121219444444,True,True,False,live
AMD,2026-05-06 11:32:28.894862+00:00,2026-05-06 14:23:24.065955+00:00,423.9,403.62,9.0,-182.51999999999975,-0.04784147204529364,2.8486586369444447,True,True,False,live
AMD,2026-05-06 11:32:29.073757+00:00,2026-05-06 14:23:24.065955+00:00,423.9,403.62,1.0,-20.279999999999973,-0.04784147204529364,2.848608943888889,True,True,False,live
AMD,2026-05-06 11:32:29.341183+00:00,2026-05-06 14:23:24.065955+00:00,423.9,403.62,19.0,-385.3199999999995,-0.04784147204529364,2.8485346588888887,True,True,False,live
AMD,2026-05-06 11:32:29.721686+00:00,2026-05-06 14:23:24.065955+00:00,423.89,403.62,2.0,-40.539999999999964,-0.04781900964872958,2.848428963611111,True,True,False,live
AMD,2026-05-06 11:32:35.256454+00:00,2026-05-06 14:23:24.065955+00:00,423.8,403.62,2.0,-40.360000000000014,-0.047616800377536586,2.8468915280555556,True,True,False,live
AMD,2026-05-06 11:32:35.712734+00:00,2026-05-06 14:23:24.065955+00:00,423.8,403.62,1.0,-20.180000000000007,-0.047616800377536586,2.846764783611111,True,True,False,live
IONQ,2026-05-04 17:48:19.968051+00:00,2026-05-06 17:27:21.606977+00:00,46.63,52.52,42.0,247.38000000000002,0.126313532060905,47.65045525722223,False,True,False,live
IONQ,2026-05-04 17:48:19.283001+00:00,2026-05-06 17:27:21.606977+00:00,46.62,52.52,126.0,743.4000000000008,0.12655512655512668,47.650645548888896,False,True,False,live
IONQ,2026-05-04 17:48:17.878736+00:00,2026-05-06 17:27:21.606977+00:00,46.62,52.52,110.0,649.0000000000007,0.12655512655512668,47.651035622500004,False,True,False,live
IONQ,2026-05-04 17:48:18.247664+00:00,2026-05-06 17:27:21.606977+00:00,46.62,52.52,136.0,802.4000000000008,0.12655512655512668,47.6509331425,False,True,False,live
IONQ,2026-05-04 17:48:18.964072+00:00,2026-05-06 17:27:21.606977+00:00,46.62,52.52,50.0,295.0000000000003,0.12655512655512668,47.65073414027778,False,True,False,live
IONQ,2026-05-04 17:48:19.968051+00:00,2026-05-06 17:27:22.277294+00:00,46.63,52.51,57.0,335.15999999999974,0.1260990778468796,47.65064145638889,False,True,False,live
VLO,2026-05-06 13:45:42.021849+00:00,2026-05-07 14:04:28.875460+00:00,240.96,228.13,73.0,-936.5900000000009,-0.05324535192563086,24.313014891944444,False,True,False,live
VLO,2026-05-06 13:45:43.413025+00:00,2026-05-07 14:04:28.875460+00:00,240.96,228.13,49.0,-628.6700000000006,-0.05324535192563086,24.312628454166664,False,True,False,live
OXY,2026-05-06 13:48:10.049879+00:00,2026-05-07 14:10:47.702206+00:00,56.34,53.51,58.0,-164.14000000000033,-0.05023074192403275,24.37712564638889,False,True,False,live
OXY,2026-05-06 13:48:10.049879+00:00,2026-05-07 14:10:48.313792+00:00,56.34,53.51,187.0,-529.2100000000011,-0.05023074192403275,24.37729553138889,False,True,False,live
OXY,2026-05-06 13:48:10.049879+00:00,2026-05-07 14:10:48.723726+00:00,56.34,53.51,251.0,-710.3300000000014,-0.05023074192403275,24.377409401944444,False,True,False,live
OXY,2026-05-06 13:48:10.574793+00:00,2026-05-07 14:10:48.723726+00:00,56.34,53.51,31.0,-87.73000000000016,-0.05023074192403275,24.3772635925,False,True,False,live
MRNA,2026-05-07 13:42:17.322479+00:00,2026-05-07 14:26:33.930300+00:00,51.45,48.72,230.0,-627.9000000000009,-0.05306122448979599,0.7379466169444444,True,True,False,live
MRNA,2026-05-07 13:42:17.652891+00:00,2026-05-07 14:26:33.930300+00:00,51.4,48.72,66.0,-176.88,-0.05214007782101167,0.7378548358333333,True,True,False,live
MRNA,2026-05-07 13:42:18.275002+00:00,2026-05-07 14:26:34.512423+00:00,51.4,48.72,102.0,-273.35999999999996,-0.05214007782101167,0.7378437280555555,True,True,False,live
MRNA,2026-05-07 13:42:17.652891+00:00,2026-05-07 14:26:34.512423+00:00,51.4,48.72,52.0,-139.35999999999999,-0.05214007782101167,0.7380165366666667,True,True,False,live
MRNA,2026-05-07 13:42:18.275002+00:00,2026-05-07 14:26:35.036484+00:00,51.4,48.72,67.0,-179.55999999999997,-0.05214007782101167,0.7379893005555556,True,True,False,live
MRNA,2026-05-07 13:42:19.215551+00:00,2026-05-07 14:26:35.036484+00:00,51.4,48.72,9.0,-24.119999999999997,-0.05214007782101167,0.7377280369444444,True,True,False,live
MRNA,2026-05-07 13:42:19.215551+00:00,2026-05-07 14:26:35.559416+00:00,51.4,48.72,11.0,-29.479999999999997,-0.05214007782101167,0.7378732958333333,True,True,False,live
MRNA,2026-05-07 13:42:19.215551+00:00,2026-05-07 14:26:36.150782+00:00,51.4,48.72,3.0,-8.04,-0.05214007782101167,0.7380375641666667,True,True,False,live
MRNA,2026-05-07 13:42:19.433383+00:00,2026-05-07 14:26:36.150782+00:00,51.4,48.72,2.0,-5.359999999999999,-0.05214007782101167,0.7379770552777778,True,True,False,live
MRNA,2026-05-07 13:42:19.433383+00:00,2026-05-07 14:26:37.041199+00:00,51.4,48.72,3.0,-8.04,-0.05214007782101167,0.7382243933333333,True,True,False,live
MRNA,2026-05-07 13:42:19.433383+00:00,2026-05-07 14:26:37.686358+00:00,51.4,48.72,14.0,-37.519999999999996,-0.05214007782101167,0.7384036041666666,True,True,False,live
FNGU,2026-05-01 14:50:13.369397+00:00,2026-05-07 14:28:26.299217+00:00,25.3,28.39,599.0,1850.9099999999999,0.12213438735177864,143.63692495,False,False,False,live
QCOM,2026-05-05 18:40:55.368269+00:00,2026-05-07 15:18:44.341527+00:00,182.75,206.85,143.0,3446.2999999999993,0.13187414500683992,44.63027034944445,False,True,False,live
QCOM,2026-05-05 18:40:55.970355+00:00,2026-05-07 15:18:44.341527+00:00,182.75,206.85,3.0,72.29999999999998,0.13187414500683992,44.63010310333334,False,True,False,live
QCOM,2026-05-05 18:40:56.493266+00:00,2026-05-07 15:18:44.341527+00:00,182.75,206.85,3.0,72.29999999999998,0.13187414500683992,44.629957850277776,False,True,False,live
IONQ,2026-05-07 14:24:54.157164+00:00,2026-05-07 16:07:27.234329+00:00,50.17,47.64,562.0,-1421.8600000000006,-0.050428542953956566,1.7091881013888888,True,True,False,live
IONQ,2026-05-07 14:24:54.157164+00:00,2026-05-07 16:07:27.909850+00:00,50.17,47.64,3.0,-7.590000000000003,-0.050428542953956566,1.709375746111111,True,True,False,live
IONQ,2026-05-07 14:24:54.157164+00:00,2026-05-07 16:07:28.836132+00:00,50.17,47.64,6.0,-15.180000000000007,-0.050428542953956566,1.7096330466666667,True,True,False,live
IONQ,2026-05-07 14:24:54.157164+00:00,2026-05-07 16:07:29.384259+00:00,50.17,47.61,1.0,-2.5600000000000023,-0.0510265098664541,1.7097853041666666,True,True,False,live
IONQ,2026-05-07 14:24:54.157164+00:00,2026-05-07 16:07:30.023070+00:00,50.17,47.61,1.0,-2.5600000000000023,-0.0510265098664541,1.7099627516666667,True,True,False,live
IONQ,2026-05-07 14:24:54.157164+00:00,2026-05-07 16:07:30.370588+00:00,50.17,47.61,1.0,-2.5600000000000023,-0.0510265098664541,1.7100592844444442,True,True,False,live
MARA,2026-05-07 14:32:54.538362+00:00,2026-05-07 17:26:33.965361+00:00,12.94,12.28,1199.0,-791.3400000000001,-0.0510046367851623,2.8942852775,True,True,False,live
MARA,2026-05-07 14:32:55.766121+00:00,2026-05-07 17:26:33.965361+00:00,12.94,12.28,1010.0,-666.6000000000001,-0.0510046367851623,2.8939442333333334,True,True,False,live
IREN,2026-05-08 13:35:49.047771+00:00,2026-05-08 13:51:22.980426+00:00,62.79,59.21,192.0,-687.3599999999997,-0.057015448319796116,0.2594257375,True,True,False,live
IREN,2026-05-08 13:35:49.283629+00:00,2026-05-08 13:51:22.980426+00:00,62.65,59.21,155.0,-533.1999999999996,-0.05490822027134873,0.25936022138888887,True,True,False,live
IREN,2026-05-08 13:35:49.283629+00:00,2026-05-08 13:51:23.622026+00:00,62.65,59.21,97.0,-333.6799999999998,-0.05490822027134873,0.2595384436111111,True,True,False,live
RKLB,2026-05-08 11:58:59.005214+00:00,2026-05-08 14:05:21.745361+00:00,84.9,97.15,161.0,1972.25,0.14428739693757361,2.1063167075,True,True,False,live
RKLB,2026-05-08 11:58:59.266264+00:00,2026-05-08 14:05:21.745361+00:00,84.9,97.15,6.0,73.5,0.14428739693757361,2.1062441936111114,True,True,False,live
RKLB,2026-05-08 11:58:59.526887+00:00,2026-05-08 14:05:21.745361+00:00,84.9,97.15,1.0,12.25,0.14428739693757361,2.1061717983333335,True,True,False,live
AMD,2026-05-07 13:51:48.043497+00:00,2026-05-11 13:30:25.273378+00:00,413.17,460.76,2.0,95.17999999999995,0.11518261248396537,95.64367496694445,False,True,False,live
AMD,2026-05-07 13:51:47.188536+00:00,2026-05-11 13:30:25.273378+00:00,413.17,460.76,46.0,2189.139999999999,0.11518261248396537,95.64391245611111,False,True,False,live
ARM,2026-05-07 13:51:47.540526+00:00,2026-05-11 13:30:31.746868+00:00,221.24,207.0,36.0,-512.6400000000003,-0.06436449105044299,95.64561287277778,False,True,False,live
ARM,2026-05-07 13:51:48.391195+00:00,2026-05-11 13:30:31.746868+00:00,221.17,207.0,74.0,-1048.579999999999,-0.06406836370212952,95.64537657583332,False,True,False,live
AMD,2026-05-07 13:51:48.043497+00:00,2026-05-11 13:33:06.426600+00:00,413.17,464.35,16.0,818.8800000000001,0.12387152987874242,95.68843975083334,False,True,False,live
ARM,2026-05-07 13:51:48.391195+00:00,2026-05-11 13:33:09.953955+00:00,221.17,214.43,9.0,-60.659999999999826,-0.030474295790568255,95.68932298888889,False,True,False,live
AMD,2026-05-07 13:51:48.043497+00:00,2026-05-11 13:34:31.235461+00:00,413.17,467.03,4.0,215.43999999999983,0.13035796403417468,95.71199776777777,False,True,False,live
ARM,2026-05-07 13:51:48.391195+00:00,2026-05-11 13:34:33.118409+00:00,221.17,213.15,3.0,-24.059999999999945,-0.036261699145453644,95.71242422611111,False,True,False,live
ARM,2026-05-07 13:51:48.391195+00:00,2026-05-11 13:35:36.271455+00:00,221.17,212.37,2.0,-17.599999999999966,-0.03978839806483693,95.72996673888889,False,True,False,live
ARM,2026-05-07 13:51:48.391195+00:00,2026-05-11 13:36:14.349878+00:00,221.17,211.0,3.0,-30.509999999999962,-0.04598272821811271,95.74054407861111,False,True,False,live
CLSK,2026-05-05 13:59:46.093953+00:00,2026-05-11 15:29:42.528900+00:00,13.27,14.9,146.0,237.9800000000001,0.12283345892991716,145.4990097075,False,True,False,live
CLSK,2026-05-05 13:59:45.098617+00:00,2026-05-11 15:29:42.528900+00:00,13.28,14.9,872.0,1412.6400000000008,0.121987951807229,145.49928618972223,False,True,False,live
CLSK,2026-05-05 13:59:45.772047+00:00,2026-05-11 15:29:42.528900+00:00,13.27,14.9,54.0,88.02000000000004,0.12283345892991716,145.49909912583334,False,True,False,live
CLSK,2026-05-05 13:59:46.866066+00:00,2026-05-11 15:29:43.229709+00:00,13.27,14.9,96.0,156.48000000000008,0.12283345892991716,145.49898990083335,False,True,False,live
CLSK,2026-05-05 13:59:46.093953+00:00,2026-05-11 15:29:43.229709+00:00,13.27,14.9,615.0,1002.4500000000005,0.12283345892991716,145.49920437666665,False,True,False,live
CLSK,2026-05-05 13:59:46.866066+00:00,2026-05-11 15:29:43.628028+00:00,13.27,14.9,11.0,17.930000000000007,0.12283345892991716,145.499100545,False,True,False,live
CLSK,2026-05-05 13:59:46.866066+00:00,2026-05-11 15:29:44.044256+00:00,13.27,14.9,14.0,22.82000000000001,0.12283345892991716,145.4992161638889,False,True,False,live
CLSK,2026-05-05 13:59:46.866066+00:00,2026-05-11 15:29:44.709487+00:00,13.27,14.9,22.0,35.860000000000014,0.12283345892991716,145.4994009502778,False,True,False,live
CLSK,2026-05-05 13:59:46.866066+00:00,2026-05-11 15:29:45.139989+00:00,13.27,14.9,65.0,105.95000000000005,0.12283345892991716,145.49952053416666,False,True,False,live
CLSK,2026-05-05 13:59:46.866066+00:00,2026-05-11 15:29:45.702953+00:00,13.27,14.9,58.0,94.54000000000005,0.12283345892991716,145.49967691305557,False,True,False,live
WOLF,2026-05-11 13:48:37.581220+00:00,2026-05-12 14:50:47.997120+00:00,49.18,46.28,113.0,-327.6999999999998,-0.058967059780398505,25.03622663888889,False,True,False,live
WOLF,2026-05-11 13:48:37.581220+00:00,2026-05-12 14:50:48.499373+00:00,49.18,46.28,105.0,-304.49999999999983,-0.058967059780398505,25.036366153611112,False,True,False,live
WOLF,2026-05-11 13:48:39.522169+00:00,2026-05-12 14:50:48.499373+00:00,49.06,46.28,55.0,-152.90000000000006,-0.05666530778638404,25.03582700111111,False,True,False,live
WOLF,2026-05-11 13:49:03.988919+00:00,2026-05-12 14:50:48.499373+00:00,49.0,46.28,327.0,-889.4399999999996,-0.05551020408163263,25.02903068166667,False,True,False,live
WOLF,2026-05-11 13:49:03.988919+00:00,2026-05-12 14:50:48.838549+00:00,49.0,46.28,3.0,-8.159999999999997,-0.05551020408163263,25.02912489722222,False,True,False,live
WOLF,2026-05-11 13:49:03.988919+00:00,2026-05-12 14:50:49.349822+00:00,49.0,46.28,6.0,-16.319999999999993,-0.05551020408163263,25.0292669175,False,True,False,live
MU,2026-05-11 13:42:16.383584+00:00,2026-05-12 15:12:46.884016+00:00,783.74,742.2,20.0,-830.7999999999993,-0.05300227116135448,25.508472342222223,False,True,False,live
MU,2026-05-11 13:42:15.747948+00:00,2026-05-12 15:12:46.884016+00:00,783.75,742.2,7.0,-290.8499999999997,-0.05301435406698559,25.50864890777778,False,True,False,live
MU,2026-05-11 13:42:16.953136+00:00,2026-05-12 15:12:48.031863+00:00,783.74,742.11,3.0,-124.88999999999999,-0.053117105162426306,25.508632979722222,False,True,False,live
MU,2026-05-11 13:42:16.383584+00:00,2026-05-12 15:12:48.031863+00:00,783.74,742.11,5.0,-208.14999999999998,-0.053117105162426306,25.508791188611113,False,True,False,live
MU,2026-05-11 13:42:16.953136+00:00,2026-05-12 15:12:48.800686+00:00,783.74,742.11,2.0,-83.25999999999999,-0.053117105162426306,25.508846541666667,False,True,False,live
AMD,2026-05-12 13:45:13.843800+00:00,2026-05-12 15:59:34.287957+00:00,456.62,432.51,67.0,-1615.3700000000008,-0.052801016162235585,2.2390122658333333,True,True,False,live
SMCI,2026-05-07 17:29:43.371982+00:00,2026-05-12 15:59:34.406683+00:00,33.06,31.29,225.0,-398.2500000000007,-0.05353901996370245,118.49750963916668,False,True,False,live
SMCI,2026-05-07 17:29:43.371982+00:00,2026-05-12 15:59:35.024951+00:00,33.06,31.29,294.0,-520.3800000000009,-0.05353901996370245,118.49768138027777,False,True,False,live
SMCI,2026-05-07 17:29:43.897511+00:00,2026-05-12 15:59:35.024951+00:00,33.06,31.29,3.0,-5.310000000000009,-0.05353901996370245,118.4975354,False,True,False,live
SMCI,2026-05-07 17:29:44.319187+00:00,2026-05-12 15:59:35.024951+00:00,33.05,31.29,267.0,-469.91999999999945,-0.05325264750378209,118.49741826777777,False,True,False,live
ENPH,2026-05-12 17:30:01.556989+00:00,2026-05-13 14:26:26.886369+00:00,36.51,41.26,634.0,3011.5,0.13010134209805532,20.94036927222222,False,True,False,live
ENPH,2026-05-12 17:30:02.277203+00:00,2026-05-13 14:26:26.886369+00:00,36.51,41.26,130.0,617.5,0.13010134209805532,20.940169212777775,False,True,False,live
ENPH,2026-05-12 17:30:02.667710+00:00,2026-05-13 14:26:26.886369+00:00,36.51,41.26,17.0,80.75,0.13010134209805532,20.940060738611113,False,True,False,live
NVDA,2026-05-06 14:26:32.162625+00:00,2026-05-14 13:37:51.218704+00:00,204.48,231.07,140.0,3722.6000000000004,0.1300371674491393,191.18862668861112,False,True,False,live
RKLB,2026-05-11 20:23:08.336853+00:00,2026-05-14 16:28:37.235526+00:00,117.49,131.56,38.0,534.6600000000003,0.11975487275512817,68.0913607425,False,True,False,live
RKLB,2026-05-11 20:23:08.603189+00:00,2026-05-14 16:28:37.235526+00:00,117.49,131.56,32.0,450.24000000000024,0.11975487275512817,68.09128676027777,False,True,False,live
RKLB,2026-05-11 20:23:08.114885+00:00,2026-05-14 16:28:37.235526+00:00,117.49,131.56,18.0,253.26000000000013,0.11975487275512817,68.09142240027778,False,True,False,live
RKLB,2026-05-11 20:23:08.603189+00:00,2026-05-14 16:28:37.922875+00:00,117.49,131.56,29.0,408.0300000000002,0.11975487275512817,68.09147769055555,False,True,False,live
RKLB,2026-05-11 20:23:08.787220+00:00,2026-05-14 16:28:37.922875+00:00,117.49,131.56,1.0,14.070000000000007,0.11975487275512817,68.09142657083333,False,True,False,live
RKLB,2026-05-11 20:23:08.787220+00:00,2026-05-14 16:28:38.332867+00:00,117.49,131.56,12.0,168.8400000000001,0.11975487275512817,68.0915404575,False,True,False,live
MU,2026-05-14 13:55:07.999931+00:00,2026-05-15 13:30:33.155575+00:00,802.35,740.34,15.0,-930.1499999999999,-0.07728547392035894,23.590321012222223,False,True,False,live
MU,2026-05-14 13:55:08.141436+00:00,2026-05-15 13:30:33.155575+00:00,802.07,740.34,38.0,-2345.7400000000007,-0.07696335731295276,23.59028170527778,False,True,False,live
MU,2026-05-14 13:55:08.983283+00:00,2026-05-15 13:30:33.155575+00:00,802.03,740.34,23.0,-1418.8699999999985,-0.07691732229467718,23.59004785888889,False,True,False,live
SMCI,2026-05-14 20:22:19.391248+00:00,2026-05-15 13:39:39.980355+00:00,33.02,31.29,477.0,-825.2100000000019,-0.052392489400363534,17.289052529722223,False,True,False,live
IONQ,2026-05-14 13:53:35.774362+00:00,2026-05-15 13:40:11.257190+00:00,54.95,52.09,96.0,-274.55999999999995,-0.05204731574158324,23.776523007777776,False,True,False,live
IONQ,2026-05-14 13:53:35.774362+00:00,2026-05-15 13:40:11.775164+00:00,54.95,52.12,467.0,-1321.6100000000026,-0.05150136487716115,23.776666889444442,False,True,False,live
SPCE,2026-05-15 13:46:30.846196+00:00,2026-05-15 13:49:42.123460+00:00,2.98,2.81,3446.0,-585.8199999999997,-0.057046979865771785,0.053132573333333336,True,True,False,live
SPCE,2026-05-15 13:46:30.471487+00:00,2026-05-15 13:49:42.123460+00:00,2.98,2.81,6302.0,-1071.3399999999995,-0.057046979865771785,0.053236659166666665,True,True,False,live
IREN,2026-05-12 13:16:31.911598+00:00,2026-05-18 13:31:50.294816+00:00,54.97,52.88,29.0,-60.60999999999989,-0.03802073858468249,144.25510644944444,False,True,False,live
IREN,2026-05-12 13:16:31.911598+00:00,2026-05-18 13:35:21.499328+00:00,54.97,52.24,166.0,-453.1799999999995,-0.04966345279243218,144.31377436944445,False,True,False,live
IREN,2026-05-12 13:16:31.911598+00:00,2026-05-18 13:36:51.232451+00:00,54.97,52.02,16.0,-47.19999999999993,-0.05366563580134611,144.33870023694445,False,True,False,live
IREN,2026-05-12 13:16:31.911598+00:00,2026-05-18 13:37:44.564400+00:00,54.97,52.16,64.0,-179.84000000000015,-0.05111879206840099,144.3535146672222,False,True,False,live
ONDS,2026-05-15 11:04:16.599308+00:00,2026-05-18 13:39:05.331927+00:00,10.95,10.24,1090.0,-773.899999999999,-0.06484018264840175,74.58020350527778,False,True,False,live
ONDS,2026-05-15 11:04:16.848655+00:00,2026-05-18 13:39:05.331927+00:00,10.95,10.24,34.0,-24.13999999999997,-0.06484018264840175,74.58013424222221,False,True,False,live
ONDS,2026-05-15 11:04:17.172515+00:00,2026-05-18 13:39:05.331927+00:00,10.95,10.24,274.0,-194.53999999999974,-0.06484018264840175,74.5800442811111,False,True,False,live
MRVL,2026-05-18 13:00:14.153717+00:00,2026-05-18 13:48:29.910606+00:00,183.68,173.55,24.0,-243.1199999999999,-0.055150261324041785,0.8043769136111111,True,True,False,live
MRVL,2026-05-18 13:00:14.403637+00:00,2026-05-18 13:48:29.910606+00:00,183.68,173.55,23.0,-232.9899999999999,-0.055150261324041785,0.8043074913888889,True,True,False,live
MRVL,2026-05-18 13:00:15.030712+00:00,2026-05-18 13:48:29.910606+00:00,183.68,173.55,31.0,-314.02999999999986,-0.055150261324041785,0.8041333038888889,True,True,False,live
MRVL,2026-05-18 13:25:45.644792+00:00,2026-05-18 13:48:29.910606+00:00,182.13,173.55,8.0,-68.63999999999987,-0.047109207708779355,0.37896272611111115,True,True,False,live
MRVL,2026-05-18 13:25:46.332164+00:00,2026-05-18 13:48:29.910606+00:00,182.13,173.55,5.0,-42.89999999999992,-0.047109207708779355,0.37877178944444445,True,True,False,live
MRVL,2026-05-18 13:25:46.332164+00:00,2026-05-18 13:48:30.498295+00:00,182.13,173.55,66.0,-566.279999999999,-0.047109207708779355,0.37893503638888887,True,True,False,live
LCID,2026-05-06 11:39:03.643464+00:00,2026-05-18 14:01:00.025375+00:00,6.04,5.73,1080.0,-334.79999999999956,-0.051324503311258214,290.3656616419444,False,True,False,live
LCID,2026-05-06 11:38:51.846279+00:00,2026-05-18 14:01:00.025375+00:00,6.05,5.73,2478.0,-792.9599999999986,-0.052892561983470976,290.3689386377778,False,True,False,live
LCID,2026-05-06 11:39:03.643464+00:00,2026-05-18 14:01:00.377777+00:00,6.04,5.73,170.0,-52.69999999999993,-0.051324503311258214,290.3657595313889,False,True,False,live
LCID,2026-05-06 11:39:03.962838+00:00,2026-05-18 14:01:00.377777+00:00,6.04,5.73,299.0,-92.68999999999988,-0.051324503311258214,290.3656708163889,False,True,False,live
LCID,2026-05-06 11:39:04.146715+00:00,2026-05-18 14:01:00.377777+00:00,6.04,5.73,349.0,-108.18999999999987,-0.051324503311258214,290.36561973944447,False,True,False,live
LCID,2026-05-06 11:39:04.146715+00:00,2026-05-18 14:01:01.137680+00:00,6.04,5.73,134.0,-41.53999999999995,-0.051324503311258214,290.36583082361113,False,True,False,live
LCID,2026-05-06 11:39:04.146715+00:00,2026-05-18 14:01:02.128140+00:00,6.04,5.73,97.0,-30.06999999999996,-0.051324503311258214,290.3661059513889,False,True,False,live
LCID,2026-05-06 11:39:04.427092+00:00,2026-05-18 14:01:02.128140+00:00,6.04,5.73,51.0,-15.809999999999981,-0.051324503311258214,290.3660280688889,False,True,False,live
LCID,2026-05-06 11:39:04.752391+00:00,2026-05-18 14:01:02.128140+00:00,6.04,5.73,76.0,-23.55999999999997,-0.051324503311258214,290.3659377080556,False,True,False,live
LCID,2026-05-06 11:39:04.752391+00:00,2026-05-18 14:01:03.353845+00:00,6.04,5.73,25.0,-7.74999999999999,-0.051324503311258214,290.36627818166664,False,True,False,live
LCID,2026-05-06 11:39:04.752391+00:00,2026-05-18 14:01:03.830367+00:00,6.04,5.73,50.0,-15.49999999999998,-0.051324503311258214,290.3664105488889,False,True,False,live
LCID,2026-05-06 11:39:04.752391+00:00,2026-05-18 14:01:05.177199+00:00,6.04,5.73,104.0,-32.23999999999996,-0.051324503311258214,290.3667846688889,False,True,False,live
LCID,2026-05-06 11:39:04.752391+00:00,2026-05-18 14:01:06.083267+00:00,6.04,5.73,11.0,-3.4099999999999957,-0.051324503311258214,290.36703635444445,False,True,False,live
LCID,2026-05-06 11:39:04.752391+00:00,2026-05-18 14:01:07.071406+00:00,6.04,5.73,42.0,-13.019999999999984,-0.051324503311258214,290.3673108375,False,True,False,live
WOLF,2026-05-18 13:51:41.597478+00:00,2026-05-18 14:29:17.317805+00:00,63.0,59.4,424.0,-1526.4000000000005,-0.05714285714285717,0.6265889797222223,True,True,False,live
MU,2026-05-18 13:42:17.664017+00:00,2026-05-18 14:45:50.115525+00:00,734.85,696.05,36.0,-1396.8000000000025,-0.05279989113424517,1.0590143077777778,True,True,False,live
SOFI,2026-05-18 14:30:12.365188+00:00,2026-05-19 13:42:03.515095+00:00,16.07,15.23,1091.0,-916.4399999999998,-0.052271313005600485,23.197541640833332,False,True,False,live
SOFI,2026-05-18 14:30:12.776603+00:00,2026-05-19 13:42:03.515095+00:00,16.07,15.23,19.0,-15.959999999999997,-0.052271313005600485,23.19742735888889,False,True,False,live
SOFI,2026-05-18 14:30:12.776603+00:00,2026-05-19 13:42:03.982249+00:00,16.07,15.23,551.0,-462.8399999999999,-0.052271313005600485,23.19755712388889,False,True,False,live
CORZ,2026-05-13 13:43:02.817381+00:00,2026-05-19 14:10:28.959203+00:00,23.43,22.19,25.0,-30.99999999999996,-0.0529236022193768,144.45726161722223,False,True,False,live
QCOM,2026-05-15 13:57:50.943841+00:00,2026-05-19 14:10:29.193751+00:00,203.52,192.37,12.0,-133.80000000000007,-0.0547857704402516,96.210624975,False,True,False,live
CORZ,2026-05-13 13:43:02.817381+00:00,2026-05-19 14:10:29.540520+00:00,23.43,22.19,197.0,-244.2799999999997,-0.0529236022193768,144.45742309416667,False,True,False,live
QCOM,2026-05-15 13:57:50.943841+00:00,2026-05-19 14:10:29.791449+00:00,203.52,192.52,59.0,-649.0,-0.054048742138364775,96.21079100222222,False,True,False,live
QCOM,2026-05-15 13:57:51.104237+00:00,2026-05-19 14:10:29.791449+00:00,203.52,192.52,11.0,-121.0,-0.054048742138364775,96.21074644777778,False,True,False,live
QCOM,2026-05-15 13:57:52.172034+00:00,2026-05-19 14:10:29.791449+00:00,203.52,192.52,30.0,-330.0,-0.054048742138364775,96.21044983750001,False,True,False,live
QCOM,2026-05-15 13:58:06.081718+00:00,2026-05-19 14:10:29.791449+00:00,203.49,192.52,16.0,-175.51999999999998,-0.05390928301145018,96.2065860363889,False,True,False,live
QCOM,2026-05-15 13:58:07.503748+00:00,2026-05-19 14:10:29.791449+00:00,203.49,192.52,4.0,-43.879999999999995,-0.05390928301145018,96.20619102805556,False,True,False,live
CORZ,2026-05-13 13:43:02.817381+00:00,2026-05-19 14:10:30.294616+00:00,23.43,22.19,999.0,-1238.7599999999984,-0.0529236022193768,144.45763256527778,False,True,False,live
QCOM,2026-05-15 13:58:07.503748+00:00,2026-05-19 14:10:30.533194+00:00,203.49,192.52,6.0,-65.82,-0.05390928301145018,96.20639706833333,False,True,False,live
QCOM,2026-05-15 13:58:07.503748+00:00,2026-05-19 14:10:30.964860+00:00,203.49,192.52,2.0,-21.939999999999998,-0.05390928301145018,96.20651697555556,False,True,False,live
QCOM,2026-05-15 13:58:07.503748+00:00,2026-05-19 14:10:31.627832+00:00,203.49,192.58,2.0,-21.819999999999993,-0.0536144282274313,96.20670113444444,False,True,False,live
RIOT,2026-05-07 13:45:30.122330+00:00,2026-05-19 14:17:15.439945+00:00,23.13,21.91,1209.0,-1474.9799999999987,-0.05274535235624725,288.52925489305557,False,True,False,live
AMZN,2026-05-01 14:46:11.617072+00:00,2026-05-19 14:23:51.375190+00:00,270.81,257.17,55.0,-750.1999999999992,-0.050367416269709336,431.62771058833334,False,False,False,live
ARM,2026-05-12 13:57:32.570227+00:00,2026-05-20 13:38:05.770711+00:00,211.59,242.27,39.0,1196.5200000000002,0.14499740063330027,191.67588902333335,False,True,False,live
CLSK,2026-05-19 13:46:06.537012+00:00,2026-05-20 13:38:06.080540+00:00,13.39,15.27,1955.0,3675.3999999999983,0.14040328603435392,23.866539868888886,False,True,False,live
CLSK,2026-05-19 13:46:06.537012+00:00,2026-05-20 13:38:06.359482+00:00,13.39,15.27,16.0,30.079999999999984,0.14040328603435392,23.866617352777777,False,True,False,live
ARM,2026-05-12 13:57:32.570227+00:00,2026-05-20 13:38:06.737762+00:00,211.59,242.41,29.0,893.7799999999997,0.14565905761141829,191.6761576486111,False,True,False,live
ARM,2026-05-12 13:57:33.868030+00:00,2026-05-20 13:38:06.737762+00:00,211.59,242.41,33.0,1017.0599999999997,0.14565905761141829,191.67579714777779,False,True,False,live
CLSK,2026-05-19 13:46:06.537012+00:00,2026-05-20 13:38:07.311686+00:00,13.39,15.26,3.0,5.609999999999998,0.1396564600448095,23.866881853888888,False,True,False,live
ARM,2026-05-12 13:57:33.868030+00:00,2026-05-20 13:38:07.732779+00:00,211.59,242.41,40.0,1232.7999999999997,0.14565905761141829,191.67607354138886,False,True,False,live
ARM,2026-05-12 13:57:34.449873+00:00,2026-05-20 13:38:07.732779+00:00,211.59,242.41,4.0,123.27999999999997,0.14565905761141829,191.67591191833336,False,True,False,live
CLSK,2026-05-19 13:46:06.537012+00:00,2026-05-20 13:38:08.201006+00:00,13.39,15.27,3.0,5.639999999999997,0.14040328603435392,23.867128887222222,False,True,False,live
CLSK,2026-05-19 13:46:06.537012+00:00,2026-05-20 13:38:09.336874+00:00,13.39,15.25,1.0,1.8599999999999994,0.13890963405526507,23.86744440611111,False,True,False,live
MRVL,2026-05-19 13:46:35.437226+00:00,2026-05-20 13:48:07.257957+00:00,169.28,189.84,123.0,2528.88,0.12145557655954632,24.02550575861111,False,True,False,live
MRVL,2026-05-19 13:46:35.437226+00:00,2026-05-20 13:48:08.064275+00:00,169.28,189.92,12.0,247.67999999999984,0.12192816635160672,24.025729735833334,False,True,False,live
MRVL,2026-05-19 13:46:35.437226+00:00,2026-05-20 13:48:08.798394+00:00,169.28,189.92,14.0,288.9599999999998,0.12192816635160672,24.025933657777777,False,True,False,live
MRVL,2026-05-19 13:46:35.437226+00:00,2026-05-20 13:48:09.518886+00:00,169.28,189.92,4.0,82.55999999999995,0.12192816635160672,24.026133794444444,False,True,False,live
MRVL,2026-05-19 13:46:35.437226+00:00,2026-05-20 13:48:10.010478+00:00,169.28,189.92,3.0,61.91999999999996,0.12192816635160672,24.02627034777778,False,True,False,live
ENPH,2026-05-21 13:47:23.079688+00:00,2026-05-21 17:51:08.183915+00:00,55.62,62.73,262.0,1862.82,0.127831715210356,4.0625289519444445,True,True,False,live
ENPH,2026-05-21 13:47:23.079688+00:00,2026-05-21 17:51:09.483423+00:00,55.62,62.73,249.0,1770.3899999999999,0.127831715210356,4.0628899263888885,True,True,False,live
ENPH,2026-05-21 13:47:23.721044+00:00,2026-05-21 17:51:09.483423+00:00,55.62,62.73,2.0,14.219999999999999,0.127831715210356,4.0627117719444445,True,True,False,live
ENPH,2026-05-21 13:47:24.654638+00:00,2026-05-21 17:51:10.297956+00:00,55.62,62.72,2.0,14.200000000000003,0.12765192376842865,4.062678699444445,True,True,False,live
ENPH,2026-05-21 13:47:25.517713+00:00,2026-05-21 17:51:10.297956+00:00,55.62,62.72,1.0,7.100000000000001,0.12765192376842865,4.062438956388888,True,True,False,live
ENPH,2026-05-21 13:47:26.176010+00:00,2026-05-21 17:51:10.297956+00:00,55.53,62.72,1.0,7.189999999999998,0.12947956059787497,4.062256096111111,True,True,False,live
SOXL,2026-05-20 13:51:15.309403+00:00,2026-05-22 13:36:47.850895+00:00,164.24,187.47,173.0,4018.789999999998,0.1414393570384802,47.75903930333333,False,True,False,live
QCOM,2026-05-21 15:01:28.441442+00:00,2026-05-22 14:16:57.625808+00:00,204.31,232.62,103.0,2915.9300000000003,0.13856394694337038,23.258106768333334,False,True,False,live
QCOM,2026-05-21 15:01:28.275156+00:00,2026-05-22 14:16:57.625808+00:00,204.33,232.62,141.0,3988.889999999999,0.1384525033034796,23.258152958888886,False,True,False,live
QCOM,2026-05-21 15:01:28.441442+00:00,2026-05-22 14:16:58.004156+00:00,204.31,232.62,2.0,56.620000000000005,0.13856394694337038,23.258211865,False,True,False,live
QCOM,2026-05-21 15:01:29.438120+00:00,2026-05-22 14:16:58.004156+00:00,204.31,232.62,12.0,339.72,0.13856394694337038,23.25793501,False,True,False,live
QCOM,2026-05-21 15:01:29.438120+00:00,2026-05-22 14:16:58.670945+00:00,204.31,232.62,1.0,28.310000000000002,0.13856394694337038,23.258120229166668,False,True,False,live
QCOM,2026-05-21 15:01:30.573646+00:00,2026-05-22 14:16:58.670945+00:00,204.33,232.62,15.0,424.3499999999999,0.1384525033034796,23.25780480527778,False,True,False,live
QCOM,2026-05-21 15:01:30.573646+00:00,2026-05-22 14:16:59.439874+00:00,204.33,232.61,8.0,226.24,0.13840356286399452,23.258018396666667,False,True,False,live
HUT,2026-05-20 13:45:17.242061+00:00,2026-05-22 18:58:16.206641+00:00,96.89,108.21,7.0,79.23999999999995,0.11683352255134681,53.21637905,False,True,False,live
HUT,2026-05-20 13:47:13.663425+00:00,2026-05-22 18:58:16.206641+00:00,96.87,108.21,35.0,396.89999999999964,0.1170641065345307,53.18403978222222,False,True,False,live
HUT,2026-05-20 13:47:13.663425+00:00,2026-05-22 18:58:17.066805+00:00,96.87,108.21,39.0,442.2599999999996,0.1170641065345307,53.18427871666667,False,True,False,live
HUT,2026-05-20 13:47:14.914002+00:00,2026-05-22 18:58:17.066805+00:00,96.86,108.21,53.0,601.5499999999997,0.11717943423497826,53.183931334166665,False,True,False,live
HUT,2026-05-20 13:47:18.913632+00:00,2026-05-22 18:58:17.922643+00:00,96.86,108.21,1.0,11.349999999999994,0.11717943423497826,53.18305805861111,False,True,False,live
HUT,2026-05-20 13:47:18.611710+00:00,2026-05-22 18:58:17.922643+00:00,96.86,108.21,4.0,45.39999999999998,0.11717943423497826,53.18314192583333,False,True,False,live
HUT,2026-05-20 13:47:17.864889+00:00,2026-05-22 18:58:17.922643+00:00,96.86,108.21,2.0,22.69999999999999,0.11717943423497826,53.18334937611111,False,True,False,live
HUT,2026-05-20 13:47:15.638128+00:00,2026-05-22 18:58:17.922643+00:00,96.86,108.21,71.0,805.8499999999996,0.11717943423497826,53.18396792083333,False,True,False,live
HUT,2026-05-20 13:47:16.216718+00:00,2026-05-22 18:58:17.922643+00:00,96.86,108.21,4.0,45.39999999999998,0.11717943423497826,53.18380720138889,False,True,False,live
HUT,2026-05-20 13:47:17.185554+00:00,2026-05-22 18:58:17.922643+00:00,96.86,108.21,3.0,34.04999999999998,0.11717943423497826,53.18353808027778,False,True,False,live
HUT,2026-05-20 13:47:14.914002+00:00,2026-05-22 18:58:17.922643+00:00,96.86,108.21,74.0,839.8999999999996,0.11717943423497826,53.18416906694444,False,True,False,live
MRVL,2026-05-20 13:51:04.680038+00:00,2026-05-26 13:43:17.357467+00:00,189.18,212.0,12.0,273.8399999999999,0.1206258589702928,143.87018817472222,False,True,False,live
MRVL,2026-05-20 13:51:06.099790+00:00,2026-05-26 13:43:17.357467+00:00,189.16,212.0,9.0,205.56000000000003,0.12074434341298373,143.86979379916667,False,True,False,live
MRVL,2026-05-20 13:51:06.099790+00:00,2026-05-26 13:45:03.225621+00:00,189.16,211.17,88.0,1936.8799999999992,0.11635652357792341,143.89920161972222,False,True,False,live
MRVL,2026-05-20 13:51:06.099790+00:00,2026-05-26 13:45:46.693743+00:00,189.16,211.55,7.0,156.7300000000001,0.11836540494819209,143.91127609805554,False,True,False,live
MRVL,2026-05-20 13:51:13.832455+00:00,2026-05-26 13:45:46.693743+00:00,188.94,211.55,33.0,746.1300000000005,0.11966761935005829,143.90912813555556,False,True,False,live
WOLF,2026-05-26 13:44:26.741581+00:00,2026-05-26 14:00:43.664126+00:00,76.45,72.5,74.0,-292.3000000000002,-0.05166775670372796,0.27136737361111113,True,True,False,live
WOLF,2026-05-26 13:44:26.741581+00:00,2026-05-26 14:00:46.334470+00:00,76.45,72.38,323.0,-1314.6100000000024,-0.05323741007194254,0.27210913583333335,True,True,False,live
WOLF,2026-05-26 13:44:26.741581+00:00,2026-05-26 14:00:47.836056+00:00,76.45,72.02,28.0,-124.04000000000019,-0.05794637017658609,0.27252624305555556,True,True,False,live
WOLF,2026-05-26 13:44:26.741581+00:00,2026-05-26 14:00:48.144680+00:00,76.45,72.02,2.0,-8.860000000000014,-0.05794637017658609,0.2726119719444444,True,True,False,live
WOLF,2026-05-26 13:44:26.741581+00:00,2026-05-26 14:00:49.534870+00:00,76.45,72.02,2.0,-8.860000000000014,-0.05794637017658609,0.2729981358333333,True,True,False,live
CORZ,2026-05-21 13:47:02.454469+00:00,2026-05-26 14:59:01.006251+00:00,23.78,26.7,113.0,329.9599999999998,0.12279226240538259,121.19959771722222,False,True,False,live
CORZ,2026-05-21 13:47:02.198353+00:00,2026-05-26 14:59:01.006251+00:00,23.78,26.7,297.0,867.2399999999994,0.12279226240538259,121.19966886055556,False,True,False,live
CORZ,2026-05-21 13:47:02.454469+00:00,2026-05-26 14:59:01.660837+00:00,23.78,26.7,704.0,2055.6799999999985,0.12279226240538259,121.19977954666668,False,True,False,live
CORZ,2026-05-21 13:47:03.422032+00:00,2026-05-26 14:59:01.660837+00:00,23.79,26.7,76.0,221.16000000000003,0.12232030264817151,121.19951077916666,False,True,False,live
CORZ,2026-05-21 13:47:04.218586+00:00,2026-05-26 14:59:01.660837+00:00,23.79,26.7,23.0,66.93,0.12232030264817151,121.19928951416667,False,True,False,live
CLSK,2026-05-22 14:10:15.750314+00:00,2026-05-27 18:23:03.605502+00:00,15.99,17.94,357.0,696.1500000000004,0.12195121951219519,124.21329310777779,False,True,False,live
CLSK,2026-05-22 14:10:16.053533+00:00,2026-05-27 18:23:03.605502+00:00,15.99,17.94,198.0,386.1000000000002,0.12195121951219519,124.21320888027779,False,True,False,live
CLSK,2026-05-22 14:10:28.249410+00:00,2026-05-27 18:23:03.605502+00:00,15.99,17.94,340.0,663.0000000000003,0.12195121951219519,124.20982113666666,False,True,False,live
CLSK,2026-05-22 14:10:29.076541+00:00,2026-05-27 18:23:03.605502+00:00,15.98,17.94,671.0,1315.1600000000005,0.12265331664580731,124.20959137805555,False,True,False,live
CLSK,2026-05-22 14:10:29.076541+00:00,2026-05-27 18:23:04.577128+00:00,15.98,17.94,415.0,813.4000000000003,0.12265331664580731,124.20986127416667,False,True,False,live
HUT,2026-05-26 18:37:41.820732+00:00,2026-05-28 16:09:49.917078+00:00,111.9,125.19,29.0,385.40999999999974,0.1187667560321715,45.53558231833333,False,True,False,live
HUT,2026-05-26 18:37:41.820732+00:00,2026-05-28 16:09:50.952763+00:00,111.9,125.19,83.0,1103.0699999999993,0.1187667560321715,45.535870008611106,False,True,False,live
HUT,2026-05-26 18:37:42.366717+00:00,2026-05-28 16:09:50.952763+00:00,111.9,125.19,59.0,784.1099999999996,0.1187667560321715,45.53571834611112,False,True,False,live
HUT,2026-05-26 18:37:45.703811+00:00,2026-05-28 16:09:51.211573+00:00,111.89,125.19,1.0,13.299999999999997,0.11886674412369289,45.53486326722222,False,True,False,live
HUT,2026-05-26 18:37:44.591021+00:00,2026-05-28 16:09:51.211573+00:00,111.89,125.19,1.0,13.299999999999997,0.11886674412369289,45.53517237555556,False,True,False,live
HUT,2026-05-26 18:37:42.366717+00:00,2026-05-28 16:09:51.211573+00:00,111.9,125.19,36.0,478.4399999999997,0.1187667560321715,45.53579023777778,False,True,False,live
HUT,2026-05-26 18:37:42.946759+00:00,2026-05-28 16:09:51.211573+00:00,111.9,125.19,79.0,1049.9099999999994,0.1187667560321715,45.535629115,False,True,False,live
HUT,2026-05-26 18:37:44.007212+00:00,2026-05-28 16:09:51.211573+00:00,111.89,125.19,6.0,79.79999999999998,0.11886674412369289,45.535334544722225,False,True,False,live
RKLB,2026-05-28 13:45:32.037080+00:00,2026-05-29 13:30:12.523307+00:00,148.68,138.18,70.0,-735.0,-0.07062146892655367,23.7445795075,False,True,False,live
RKLB,2026-05-28 13:45:32.037080+00:00,2026-05-29 13:33:57.955526+00:00,148.68,137.33,25.0,-283.7499999999999,-0.07633844498251274,23.80719956833333,False,True,False,live
RKLB,2026-05-28 13:45:33.058098+00:00,2026-05-29 13:33:57.955526+00:00,148.68,137.33,140.0,-1588.999999999999,-0.07633844498251274,23.806915952222223,False,True,False,live
HOOD,2026-05-04 22:02:42.710638+00:00,2026-05-29 13:37:14.128127+00:00,76.83,87.3,147.0,1539.09,0.13627489262007028,591.5753937469444,False,True,False,live
HOOD,2026-05-04 22:02:42.710638+00:00,2026-05-29 13:38:35.483814+00:00,76.83,87.62,7.0,75.53000000000004,0.140439932318105,591.5979925488889,False,True,False,live
HOOD,2026-05-04 22:02:42.710638+00:00,2026-05-29 13:38:54.025931+00:00,76.83,87.61,6.0,64.68,0.14030977482754134,591.6031431369445,False,True,False,live
HOOD,2026-05-04 22:02:42.710638+00:00,2026-05-29 13:39:06.297382+00:00,76.83,87.71,1.0,10.879999999999995,0.1416113497331771,591.6065518733334,False,True,False,live
COP,2026-05-06 13:52:34.593942+00:00,2026-05-29 15:09:06.315152+00:00,119.02,112.93,7.0,-42.629999999999924,-0.051167870946059395,553.2754781138889,False,True,False,live
COP,2026-05-06 13:52:35.121961+00:00,2026-05-29 15:09:06.315152+00:00,119.02,112.93,1.0,-6.089999999999989,-0.051167870946059395,553.2753314419444,False,True,False,live
COP,2026-05-06 13:52:33.195770+00:00,2026-05-29 15:09:06.315152+00:00,119.02,112.93,238.0,-1449.4199999999973,-0.051167870946059395,553.2758664950001,False,True,False,live
ENPH,2026-05-27 13:46:51.812861+00:00,2026-06-01 13:36:23.568455+00:00,68.51,63.68,1.0,-4.830000000000005,-0.07050065683841782,119.825487665,False,True,False,live
ENPH,2026-05-27 13:46:51.812861+00:00,2026-06-01 13:38:44.827690+00:00,68.51,63.17,474.0,-2531.1600000000017,-0.0779448255729091,119.86472634138889,False,True,False,live
MU,2026-05-28 13:45:29.746783+00:00,2026-06-01 13:38:45.860254+00:00,918.99,1025.04,26.0,2757.299999999999,0.11539842653347691,95.8878092975,False,True,False,live
MU,2026-05-28 13:45:29.746783+00:00,2026-06-01 13:40:33.210837+00:00,918.99,1023.65,2.0,209.31999999999994,0.11388589647330218,95.91762890388888,False,True,False,live
MU,2026-05-28 13:45:31.580131+00:00,2026-06-01 13:40:33.210837+00:00,918.68,1023.65,5.0,524.8500000000001,0.114261766882919,95.91711964055557,False,True,False,live
MU,2026-05-28 13:45:31.580131+00:00,2026-06-01 13:41:17.364958+00:00,918.68,1024.7,2.0,212.0400000000002,0.11540471110724093,95.92938467416667,False,True,False,live
MU,2026-05-28 13:45:31.580131+00:00,2026-06-01 13:41:37.610880+00:00,918.68,1024.5,1.0,105.82000000000005,0.1151870074454653,95.9350085413889,False,True,False,live
MU,2026-05-28 13:45:32.627615+00:00,2026-06-01 13:42:05.658547+00:00,918.68,1027.21,1.0,108.53000000000009,0.11813689206252459,95.94250859222223,False,True,False,live
MSFT,2026-05-04 22:53:46.480311+00:00,2026-06-01 13:46:45.677159+00:00,412.9,463.61,4.0,202.84000000000015,0.12281424073625585,662.8831102355556,False,True,False,live
MSFT,2026-05-04 22:53:45.952278+00:00,2026-06-01 13:46:45.677159+00:00,412.9,463.61,22.0,1115.6200000000008,0.12281424073625585,662.8832569113889,False,True,False,live
MSFT,2026-05-04 22:53:46.250096+00:00,2026-06-01 13:46:45.677159+00:00,412.9,463.61,2.0,101.42000000000007,0.12281424073625585,662.8831741841666,False,True,False,live
MSFT,2026-05-04 22:53:46.673712+00:00,2026-06-01 13:46:45.677159+00:00,412.9,463.61,1.0,50.710000000000036,0.12281424073625585,662.8830565130555,False,True,False,live
SPCE,2026-06-01 13:00:20.618860+00:00,2026-06-01 14:23:50.897525+00:00,8.0,7.18,1279.0,-1048.7800000000004,-0.10250000000000004,1.391744073611111,True,True,False,live
SPCE,2026-06-01 13:00:20.618860+00:00,2026-06-01 14:23:53.248881+00:00,8.0,7.17,34.0,-28.220000000000002,-0.10375000000000001,1.3923972280555554,True,True,False,live
SPCE,2026-06-01 13:00:20.618860+00:00,2026-06-01 14:23:54.936570+00:00,8.0,7.16,828.0,-695.5199999999999,-0.10499999999999998,1.3928660305555556,True,True,False,live
SPCE,2026-06-01 13:02:27.547304+00:00,2026-06-01 14:23:54.936570+00:00,7.79,7.16,476.0,-299.87999999999994,-0.0808729139922978,1.3576081294444444,True,True,False,live
SPCE,2026-06-01 13:02:28.055855+00:00,2026-06-01 14:23:54.936570+00:00,7.79,7.16,870.0,-548.0999999999999,-0.0808729139922978,1.357466865277778,True,True,False,live
SPCE,2026-06-01 13:02:28.055855+00:00,2026-06-01 14:23:56.534335+00:00,7.79,7.15,125.0,-79.99999999999996,-0.08215661103979456,1.3579106888888888,True,True,False,live
SPCE,2026-06-01 13:02:28.055855+00:00,2026-06-01 14:23:56.842272+00:00,7.79,7.13,174.0,-114.84000000000003,-0.08472400513478821,1.3579962269444446,True,True,False,live
SPCE,2026-06-01 13:02:28.055855+00:00,2026-06-01 14:23:58.257812+00:00,7.79,7.15,607.0,-388.4799999999998,-0.08215661103979456,1.3583894325,True,True,False,live
SPCE,2026-06-01 14:27:07.490932+00:00,2026-06-01 14:47:05.036475+00:00,6.93,6.51,4466.0,-1875.7199999999996,-0.0606060606060606,0.3326515397222222,True,True,False,live
MRVL,2026-06-02 10:44:17.904565+00:00,2026-06-02 13:31:22.894130+00:00,273.66,259.0,14.0,-205.24000000000035,-0.053570123510926056,2.784719323611111,True,True,False,live
MRVL,2026-06-02 10:44:18.511928+00:00,2026-06-02 13:31:22.894130+00:00,273.73,259.0,18.0,-265.1400000000003,-0.05381215065940897,2.784550611666667,True,True,False,live
AVGO,2026-05-26 20:20:44.678130+00:00,2026-06-02 13:32:51.257048+00:00,421.49,487.04,6.0,393.30000000000007,0.15551970390756603,161.20182747722222,False,True,False,live
AVGO,2026-05-26 20:20:45.035109+00:00,2026-06-02 13:32:51.257048+00:00,421.49,487.04,1.0,65.55000000000001,0.15551970390756603,161.20172831638888,False,True,False,live
AVGO,2026-05-26 20:20:44.157624+00:00,2026-06-02 13:32:51.257048+00:00,421.49,487.04,18.0,1179.9,0.15551970390756603,161.20197206222224,False,True,False,live
AVGO,2026-05-26 20:20:44.486579+00:00,2026-06-02 13:32:51.257048+00:00,421.49,487.04,8.0,524.4000000000001,0.15551970390756603,161.20188068583332,False,True,False,live
AVGO,2026-05-26 20:20:45.035109+00:00,2026-06-02 13:33:42.434680+00:00,421.49,486.51,4.0,260.0799999999999,0.15426226007734462,161.21594432527777,False,True,False,live
MRVL,2026-06-02 10:44:18.511928+00:00,2026-06-02 13:34:39.458391+00:00,273.73,261.28,4.0,-49.80000000000018,-0.045482774997260236,2.839151795277778,True,True,False,live
AVGO,2026-05-26 20:20:45.257266+00:00,2026-06-02 13:35:32.623230+00:00,421.49,483.2,1.0,61.70999999999998,0.14640916747728291,161.24649054555556,False,True,False,live
MRVL,2026-06-02 10:44:18.511928+00:00,2026-06-02 13:36:09.825219+00:00,273.73,264.67,27.0,-244.62000000000006,-0.033098308552222996,2.8642536919444446,True,True,False,live
MRVL,2026-06-02 10:44:18.998840+00:00,2026-06-02 13:36:09.825219+00:00,273.73,264.67,1.0,-9.060000000000002,-0.033098308552222996,2.864118438611111,True,True,False,live
AAPL,2026-05-01 14:46:10.033943+00:00,2026-06-03 13:36:24.452094+00:00,282.18,316.55,19.0,653.0300000000001,0.1218016868665391,790.8373383752778,False,False,False,live
AAPL,2026-05-01 14:46:10.033943+00:00,2026-06-03 13:38:15.227417+00:00,282.18,316.23,9.0,306.4500000000001,0.12066765894110146,790.8681092983333,False,False,False,live
AAPL,2026-05-01 14:46:10.689566+00:00,2026-06-03 13:38:15.227417+00:00,282.12,316.23,12.0,409.32000000000016,0.12090599744789456,790.8679271808334,False,False,False,live
AAPL,2026-05-01 14:46:10.689566+00:00,2026-06-03 13:39:14.385983+00:00,282.12,316.3,8.0,273.44000000000005,0.12115411881468881,790.8843601158334,False,False,False,live
AAPL,2026-05-01 14:46:11.283417+00:00,2026-06-03 13:39:25.004487+00:00,282.14,316.26,1.0,34.120000000000005,0.12093287020628059,790.8871447416667,False,False,False,live
AAPL,2026-05-01 14:46:11.663970+00:00,2026-06-03 13:39:25.004487+00:00,282.14,316.26,2.0,68.24000000000001,0.12093287020628059,790.8870390325,False,False,False,live
AAPL,2026-05-01 14:46:11.663970+00:00,2026-06-03 13:39:51.444121+00:00,282.14,316.33,2.0,68.38,0.12118097398454668,790.8943833752777,False,False,False,live
ARM,2026-06-01 14:49:15.940901+00:00,2026-06-03 13:42:16.595473+00:00,406.35,384.22,2.0,-44.25999999999999,-0.05446044050695212,46.88351515888889,False,True,False,live
ARM,2026-06-01 14:49:14.974539+00:00,2026-06-03 13:42:16.595473+00:00,406.35,384.22,76.0,-1681.8799999999997,-0.05446044050695212,46.88378359277778,False,True,False,live
ARM,2026-06-01 14:49:15.940901+00:00,2026-06-03 13:42:17.879574+00:00,406.35,384.6,6.0,-130.5,-0.05352528608342561,46.88387185361111,False,True,False,live
BTBT,2026-05-26 13:47:07.022153+00:00,2026-06-03 13:48:26.612425+00:00,2.02,1.91,16148.0,-1776.2800000000016,-0.054455445544554504,192.02210840888887,False,True,False,live
SMCI,2026-05-29 14:21:50.797952+00:00,2026-06-04 13:31:50.406099+00:00,46.75,46.23,614.0,-319.2800000000019,-0.011122994652406484,143.16655781861112,False,True,False,live
IONQ,2026-06-02 13:50:09.794501+00:00,2026-06-04 13:32:34.261573+00:00,70.91,66.76,482.0,-2000.2999999999959,-0.05852489070652929,47.70679640888889,False,True,False,live
CIFR,2026-06-03 13:45:33.205249+00:00,2026-06-04 13:33:00.554148+00:00,26.99,24.73,785.0,-1774.0999999999985,-0.08373471656168945,23.790930249722223,False,True,False,live
CIFR,2026-06-03 13:45:35.525772+00:00,2026-06-04 13:33:00.554148+00:00,27.03,24.73,34.0,-78.20000000000002,-0.08509064002959676,23.790285660000002,False,True,False,live
SMCI,2026-05-29 14:21:50.797952+00:00,2026-06-04 13:34:04.984036+00:00,46.75,46.2,138.0,-75.89999999999961,-0.01176470588235288,143.20394057888888,False,True,False,live
SMCI,2026-05-29 14:21:50.797952+00:00,2026-06-04 13:34:22.037274+00:00,46.75,46.12,9.0,-5.670000000000023,-0.01347593582887706,143.20867758944445,False,True,False,live
IONQ,2026-06-02 13:50:09.794501+00:00,2026-06-04 13:34:42.583792+00:00,70.91,66.62,28.0,-120.11999999999978,-0.06049922436891824,47.74244146972222,False,True,False,live
CIFR,2026-06-03 13:45:35.525772+00:00,2026-06-04 13:34:52.717290+00:00,27.03,24.93,95.0,-199.50000000000014,-0.07769145394006664,23.821442088333335,False,True,False,live
CIFR,2026-06-03 13:45:36.217296+00:00,2026-06-04 13:34:52.717290+00:00,27.03,24.93,25.0,-52.500000000000036,-0.07769145394006664,23.821249998333332,False,True,False,live
SMCI,2026-05-29 14:21:50.797952+00:00,2026-06-04 13:35:57.087164+00:00,46.75,46.32,3.0,-1.2899999999999991,-0.00919786096256684,143.23508033666667,False,True,False,live
CIFR,2026-06-03 13:45:38.691230+00:00,2026-06-04 13:36:17.791374+00:00,27.08,24.98,165.0,-346.49999999999966,-0.07754800590841943,23.844194484444444,False,True,False,live
CIFR,2026-06-03 13:45:36.217296+00:00,2026-06-04 13:36:17.791374+00:00,27.03,24.98,156.0,-319.8000000000001,-0.07584165741768407,23.844881688333334,False,True,False,live
SMCI,2026-05-29 14:21:50.797952+00:00,2026-06-04 13:36:43.336679+00:00,46.75,46.47,1.0,-0.28000000000000114,-0.005989304812834249,143.24792742416668,False,True,False,live
CIFR,2026-06-04 13:37:07.135483+00:00,2026-06-05 13:38:03.017099+00:00,25.05,23.59,567.0,-827.8200000000005,-0.05828343313373257,24.01552267111111,False,True,False,live
CIFR,2026-06-04 13:37:41.420755+00:00,2026-06-05 13:38:03.017099+00:00,25.06,23.59,182.0,-267.5399999999998,-0.05865921787709493,24.005998984444446,False,True,False,live
CIFR,2026-06-04 13:37:41.420755+00:00,2026-06-05 13:38:53.850208+00:00,25.06,23.56,259.0,-388.5,-0.059856344772545894,24.020119292500002,False,True,False,live
CIFR,2026-06-04 13:37:41.420755+00:00,2026-06-05 13:39:50.842259+00:00,25.06,23.52,136.0,-209.43999999999988,-0.06145251396648042,24.035950417777777,False,True,False,live
CIFR,2026-06-04 13:37:52.493773+00:00,2026-06-05 13:39:50.842259+00:00,25.1,23.52,5.0,-7.900000000000009,-0.06294820717131482,24.032874579444446,False,True,False,live
CIFR,2026-06-04 13:37:52.493773+00:00,2026-06-05 13:40:01.130010+00:00,25.1,23.56,180.0,-277.2000000000005,-0.061354581673306874,24.035732288055556,False,True,False,live
QCOM,2026-06-01 13:46:03.311427+00:00,2026-06-05 16:34:30.832820+00:00,232.66,220.54,86.0,-1042.3200000000004,-0.052093183185764655,98.80764483138888,False,True,False,live
QCOM,2026-06-01 13:46:03.311427+00:00,2026-06-05 16:34:31.531337+00:00,232.66,220.55,4.0,-48.43999999999994,-0.052050202011518894,98.80783886388889,False,True,False,live
QCOM,2026-06-01 13:46:07.559918+00:00,2026-06-05 16:34:31.933792+00:00,232.2,220.55,1.0,-11.649999999999977,-0.050172265288544265,98.80677052055555,False,True,False,live
QCOM,2026-06-01 13:46:05.924240+00:00,2026-06-05 16:34:31.933792+00:00,232.2,220.55,47.0,-547.5499999999989,-0.050172265288544265,98.80722487555555,False,True,False,live
QCOM,2026-06-01 13:46:03.311427+00:00,2026-06-05 16:34:31.933792+00:00,232.66,220.55,1.0,-12.109999999999985,-0.052050202011518894,98.80795065694446,False,True,False,live
QCOM,2026-06-01 13:46:04.215553+00:00,2026-06-05 16:34:31.933792+00:00,232.66,220.55,7.0,-84.7699999999999,-0.052050202011518894,98.80769951083333,False,True,False,live
WULF,2026-05-26 13:47:48.172875+00:00,2026-06-05 16:41:02.460285+00:00,25.23,23.66,1206.0,-1893.4200000000003,-0.06222750693618709,242.88730205833332,False,True,False,live
WULF,2026-05-26 13:48:08.964220+00:00,2026-06-05 16:41:02.460285+00:00,25.16,23.66,51.0,-76.5,-0.05961844197138315,242.88152668472222,False,True,False,live
WULF,2026-05-26 13:48:16.626524+00:00,2026-06-05 16:41:02.460285+00:00,25.09,23.66,44.0,-62.91999999999999,-0.05699481865284973,242.87939826694443,False,True,False,live
WULF,2026-05-26 13:48:19.202321+00:00,2026-06-05 16:41:02.460285+00:00,25.1,23.66,2.0,-2.8800000000000026,-0.0573705179282869,242.87868276777778,False,True,False,live
WULF,2026-05-26 13:48:21.794514+00:00,2026-06-05 16:41:02.460285+00:00,25.08,23.66,8.0,-11.359999999999985,-0.056618819776714444,242.87796271416667,False,True,False,live
WULF,2026-05-26 13:48:26.997444+00:00,2026-06-05 16:41:02.460285+00:00,25.09,23.66,1.0,-1.4299999999999997,-0.05699481865284973,242.87651745583332,False,True,False,live
WULF,2026-05-26 13:48:30.567455+00:00,2026-06-05 16:41:02.460285+00:00,25.07,23.66,1.0,-1.4100000000000001,-0.056242520941364185,242.87552578611113,False,True,False,live
WULF,2026-05-26 16:22:52.401273+00:00,2026-06-05 16:41:02.460285+00:00,24.77,23.66,1115.0,-1237.6499999999994,-0.04481227291077915,240.30279417,False,True,False,live
WULF,2026-05-26 16:22:53.750112+00:00,2026-06-05 16:41:02.741592+00:00,24.77,23.66,8.0,-8.879999999999995,-0.04481227291077915,240.30249763333333,False,True,False,live
WULF,2026-05-26 16:22:53.634487+00:00,2026-06-05 16:41:02.741592+00:00,24.77,23.66,618.0,-685.9799999999997,-0.04481227291077915,240.30252975138887,False,True,False,live
WULF,2026-05-26 16:22:52.781507+00:00,2026-06-05 16:41:02.741592+00:00,24.77,23.66,22.0,-24.419999999999987,-0.04481227291077915,240.3027666902778,False,True,False,live
WULF,2026-05-26 16:22:52.643425+00:00,2026-06-05 16:41:02.741592+00:00,24.77,23.66,524.0,-581.6399999999996,-0.04481227291077915,240.3028050463889,False,True,False,live
WULF,2026-05-26 16:22:52.401273+00:00,2026-06-05 16:41:02.741592+00:00,24.77,23.66,122.0,-135.41999999999993,-0.04481227291077915,240.30287231083332,False,True,False,live
WULF,2026-05-26 16:22:53.750112+00:00,2026-06-05 16:41:04.166243+00:00,24.77,23.66,75.0,-83.24999999999996,-0.04481227291077915,240.30289336972223,False,True,False,live
WULF,2026-05-26 16:22:54.576901+00:00,2026-06-05 16:41:04.166243+00:00,24.77,23.66,5.0,-5.549999999999997,-0.04481227291077915,240.3026637061111,False,True,False,live
WULF,2026-05-26 16:22:54.696772+00:00,2026-06-05 16:41:04.166243+00:00,24.77,23.66,12.0,-13.319999999999993,-0.04481227291077915,240.30263040861112,False,True,False,live
WULF,2026-05-26 16:22:55.128088+00:00,2026-06-05 16:41:04.166243+00:00,24.77,23.66,206.0,-228.65999999999988,-0.04481227291077915,240.3025105986111,False,True,False,live
MRVL,2026-06-08 19:02:35.155992+00:00,2026-06-09 14:10:36.973844+00:00,294.62,274.45,75.0,-1512.7500000000011,-0.06846106849501057,19.13383829222222,False,True,False,live
MRVL,2026-06-08 19:02:35.796519+00:00,2026-06-09 14:10:36.973844+00:00,294.62,274.45,30.0,-605.1000000000005,-0.06846106849501057,19.133660368055555,False,True,False,live
MRVL,2026-06-08 19:45:16.313525+00:00,2026-06-09 14:10:36.973844+00:00,290.85,274.45,3.0,-49.2000000000001,-0.05638645349836697,18.422405644166666,False,True,False,live
MRVL,2026-06-08 19:45:16.313525+00:00,2026-06-09 14:10:37.809157+00:00,290.85,274.54,21.0,-342.51000000000005,-0.05607701564380265,18.422637675555556,False,True,False,live
MRVL,2026-06-08 19:45:16.313525+00:00,2026-06-09 14:10:38.166520+00:00,290.85,274.54,17.0,-277.27000000000004,-0.05607701564380265,18.422736943055554,False,True,False,live
MRVL,2026-06-08 19:45:17.334840+00:00,2026-06-09 14:10:38.166520+00:00,290.95,274.54,56.0,-918.9599999999982,-0.05640144354700109,18.422453244444444,False,True,False,live
MRVL,2026-06-08 19:45:19.283971+00:00,2026-06-09 14:10:38.913387+00:00,290.96,274.38,1.0,-16.579999999999984,-0.05698377783887815,18.422119282222223,False,True,False,live
MRVL,2026-06-08 19:45:17.334840+00:00,2026-06-09 14:10:38.913387+00:00,290.95,274.38,8.0,-132.55999999999995,-0.056951366214126116,18.4226607075,False,True,False,live
IONQ,2026-06-08 14:02:57.108372+00:00,2026-06-09 14:47:19.747803+00:00,61.03,57.73,315.0,-1039.5000000000014,-0.05407176798295927,24.739622064166667,False,True,False,live
IONQ,2026-06-08 14:02:57.108372+00:00,2026-06-09 14:47:19.993287+00:00,61.03,57.76,24.0,-78.48000000000008,-0.05358020645584144,24.739690254166668,False,True,False,live
IONQ,2026-06-08 14:02:57.108372+00:00,2026-06-09 14:47:21.005391+00:00,61.03,57.73,55.0,-181.50000000000023,-0.05407176798295927,24.739971394166666,False,True,False,live
IONQ,2026-06-08 14:02:57.108372+00:00,2026-06-09 14:47:21.582492+00:00,61.03,57.73,31.0,-102.30000000000013,-0.05407176798295927,24.7401317,False,True,False,live
IONQ,2026-06-08 14:02:57.108372+00:00,2026-06-09 14:47:22.192523+00:00,61.03,57.73,40.0,-132.00000000000017,-0.05407176798295927,24.740301153055555,False,True,False,live
IONQ,2026-06-08 14:02:57.502426+00:00,2026-06-09 14:47:22.192523+00:00,61.03,57.73,10.0,-33.00000000000004,-0.05407176798295927,24.74019169361111,False,True,False,live
IONQ,2026-06-08 14:02:58.132454+00:00,2026-06-09 14:47:22.192523+00:00,61.04,57.73,15.0,-49.650000000000034,-0.054226736566186144,24.740016685833332,False,True,False,live
SOXL,2026-06-08 13:57:18.183392+00:00,2026-06-09 15:26:04.735989+00:00,206.51,193.57,87.0,-1125.7799999999997,-0.06266040385453488,25.47959794361111,False,False,False,live
AVGO,2026-06-09 13:42:04.479662+00:00,2026-06-09 15:29:13.503931+00:00,400.82,380.27,2.0,-41.10000000000002,-0.05126989671174096,1.785840074722222,True,True,False,live
AVGO,2026-06-09 13:42:05.252389+00:00,2026-06-09 15:29:13.503931+00:00,400.82,380.27,17.0,-349.3500000000002,-0.05126989671174096,1.7856254283333333,True,True,False,live
AVGO,2026-06-09 13:42:05.984167+00:00,2026-06-09 15:29:14.465018+00:00,400.82,380.11,3.0,-62.12999999999994,-0.05166907838930188,1.7856891252777778,True,True,False,live
AVGO,2026-06-09 13:42:07.604838+00:00,2026-06-09 15:29:14.465018+00:00,400.8,380.11,4.0,-82.75999999999999,-0.05162175648702594,1.7852389388888887,True,True,False,live
AVGO,2026-06-09 13:42:05.252389+00:00,2026-06-09 15:29:14.465018+00:00,400.82,380.11,1.0,-20.70999999999998,-0.05166907838930188,1.7858923969444442,True,True,False,live
AVGO,2026-06-09 13:42:06.632553+00:00,2026-06-09 15:29:14.465018+00:00,400.82,380.11,19.0,-393.4899999999996,-0.05166907838930188,1.7855090180555557,True,True,False,live
AVGO,2026-06-09 13:42:07.604838+00:00,2026-06-09 15:29:15.049530+00:00,400.8,380.11,7.0,-144.82999999999998,-0.05162175648702594,1.7854013033333334,True,True,False,live
AVGO,2026-06-09 13:42:07.604838+00:00,2026-06-09 15:29:15.886736+00:00,400.8,380.21,16.0,-329.4400000000005,-0.05137225548902204,1.7856338605555555,True,True,False,live
AVGO,2026-06-09 13:42:07.604838+00:00,2026-06-09 15:29:16.301934+00:00,400.8,380.24,12.0,-246.72000000000003,-0.05129740518962076,1.7857491933333334,True,True,False,live
AMD,2026-05-26 14:08:14.117533+00:00,2026-06-09 15:57:26.641334+00:00,488.8,460.51,24.0,-678.9600000000005,-0.057876432078559775,337.8201455002778,False,True,False,live
COIN,2026-06-09 14:14:11.380741+00:00,2026-06-09 15:57:26.760846+00:00,162.25,153.63,191.0,-1646.420000000001,-0.05312788906009248,1.7209389180555557,True,True,False,live
AMD,2026-05-26 14:08:14.940049+00:00,2026-06-09 15:57:27.127489+00:00,488.71,460.51,12.0,-338.39999999999986,-0.05770293220928565,337.8200520666667,False,True,False,live
AMD,2026-05-26 14:08:14.117533+00:00,2026-06-09 15:57:27.127489+00:00,488.8,460.51,18.0,-509.22000000000037,-0.057876432078559775,337.8202805433333,False,True,False,live
AMD,2026-05-26 14:08:16.523758+00:00,2026-06-09 15:57:27.127489+00:00,489.0,460.51,1.0,-28.49000000000001,-0.05826175869120656,337.81961214750004,False,True,False,live
AMD,2026-05-26 14:08:18.660893+00:00,2026-06-09 15:57:27.931523+00:00,488.95,460.2,4.0,-115.0,-0.05879946824828715,337.81924184166667,False,True,False,live
AMD,2026-05-26 14:08:16.523758+00:00,2026-06-09 15:57:27.931523+00:00,489.0,460.2,7.0,-201.60000000000008,-0.05889570552147241,337.81983549027774,False,True,False,live
TSM,2026-05-27 12:19:27.460505+00:00,2026-06-09 16:17:43.979873+00:00,431.5,409.13,22.0,-492.1400000000001,-0.051842410196987265,315.97125538,False,True,False,live
TSM,2026-05-27 12:19:27.010459+00:00,2026-06-09 16:17:43.979873+00:00,431.5,409.13,17.0,-380.2900000000001,-0.051842410196987265,315.97138039277775,False,True,False,live
TSLA,2026-05-07 16:10:41.291455+00:00,2026-06-09 16:41:22.979738+00:00,406.31,385.2,61.0,-1287.710000000001,-0.05195540350963553,792.5115800786111,False,True,False,live
TSLA,2026-05-07 16:10:42.516775+00:00,2026-06-09 16:41:22.979738+00:00,406.31,385.2,1.0,-21.110000000000014,-0.05195540350963553,792.5112397119444,False,True,False,live
TSLA,2026-05-07 16:10:42.897190+00:00,2026-06-09 16:41:22.979738+00:00,406.31,385.2,1.0,-21.110000000000014,-0.05195540350963553,792.5111340411111,False,True,False,live
TSLA,2026-05-07 16:10:43.269406+00:00,2026-06-09 16:41:22.979738+00:00,406.34,385.2,5.0,-105.69999999999993,-0.05202539745041095,792.5110306477778,False,True,False,live
LCID,2026-06-09 14:18:30.692038+00:00,2026-06-10 13:34:58.863067+00:00,5.24,4.95,1301.0,-377.29,-0.05534351145038168,23.2744919525,False,True,False,live
LCID,2026-06-09 14:18:31.402854+00:00,2026-06-10 13:34:58.863067+00:00,5.24,4.95,4132.0,-1198.2800000000002,-0.05534351145038168,23.27429450361111,False,True,False,live
LCID,2026-06-09 14:18:31.402854+00:00,2026-06-10 13:35:03.417742+00:00,5.24,4.95,902.0,-261.58000000000004,-0.05534351145038168,23.275559691111113,False,True,False,live
SOXL,2026-06-10 13:41:37.764830+00:00,2026-06-10 15:48:43.322471+00:00,192.85,181.82,4.0,-44.120000000000005,-0.05719471091521909,2.1182104558333332,True,False,False,live
SOXL,2026-06-10 13:41:42.340022+00:00,2026-06-10 15:48:43.322471+00:00,192.8,181.82,42.0,-461.16000000000076,-0.05695020746887976,2.1169395691666666,True,False,False,live
SOXL,2026-06-10 13:41:42.340022+00:00,2026-06-10 15:48:43.777187+00:00,192.8,181.82,6.0,-65.88000000000011,-0.05695020746887976,2.1170658791666668,True,False,False,live
SOXL,2026-06-10 13:41:42.565569+00:00,2026-06-10 15:48:43.777187+00:00,192.8,181.82,5.0,-54.90000000000009,-0.05695020746887976,2.1170032272222223,True,False,False,live
SOXL,2026-06-10 13:41:45.841928+00:00,2026-06-10 15:48:43.777187+00:00,192.9,181.82,25.0,-277.00000000000034,-0.05743908761016077,2.1160931275,True,False,False,live
SOXL,2026-06-10 13:41:45.841928+00:00,2026-06-10 15:48:44.474565+00:00,192.9,181.57,1.0,-11.330000000000013,-0.05873509590461385,2.116286843611111,True,False,False,live
SOXL,2026-06-10 13:41:45.841928+00:00,2026-06-10 15:48:44.847514+00:00,192.9,181.5,3.0,-34.20000000000002,-0.05909797822706068,2.1163904405555556,True,False,False,live
SOXL,2026-06-10 13:41:45.841928+00:00,2026-06-10 15:48:45.586039+00:00,192.9,181.63,2.0,-22.54000000000002,-0.058424053913945104,2.116595586388889,True,False,False,live
CLSK,2026-06-08 14:01:18.891702+00:00,2026-06-10 19:18:41.824595+00:00,15.74,14.94,1195.0,-956.0000000000008,-0.05082592121982216,53.289703581388885,False,True,False,live
CLSK,2026-06-08 14:01:18.891702+00:00,2026-06-10 19:18:42.462963+00:00,15.74,14.94,378.0,-302.40000000000026,-0.05082592121982216,53.289880905833336,False,True,False,live
CLSK,2026-06-08 14:01:18.891702+00:00,2026-06-10 19:18:42.791243+00:00,15.74,14.94,85.0,-68.00000000000006,-0.05082592121982216,53.289972094722216,False,True,False,live
CLSK,2026-06-08 14:01:19.761504+00:00,2026-06-10 19:18:42.791243+00:00,15.74,14.94,16.0,-12.800000000000011,-0.05082592121982216,53.28973048305555,False,True,False,live
CLSK,2026-06-08 14:01:20.056304+00:00,2026-06-10 19:18:42.791243+00:00,15.73,14.94,59.0,-46.610000000000056,-0.05022250476795937,53.289648594166664,False,True,False,live
CLSK,2026-06-08 14:01:20.730921+00:00,2026-06-10 19:18:42.791243+00:00,15.72,14.94,20.0,-15.600000000000023,-0.04961832061068709,53.28946120055556,False,True,False,live
CLSK,2026-06-08 14:01:21.425500+00:00,2026-06-10 19:18:42.791243+00:00,15.72,14.94,94.0,-73.3200000000001,-0.04961832061068709,53.28926826194444,False,True,False,live
AMD,2026-06-10 13:41:18.210975+00:00,2026-06-10 19:40:40.318564+00:00,466.43,454.13,29.0,-356.70000000000033,-0.02637051647621296,5.989474330277778,True,False,False,live
RKLB,2026-06-10 14:49:33.679825+00:00,2026-06-10 19:40:40.322948+00:00,106.83,105.33,47.0,-70.5,-0.014040999719180006,4.8518453119444445,True,False,False,live
AMD,2026-06-10 13:41:18.745189+00:00,2026-06-10 19:40:41.023429+00:00,466.43,454.13,1.0,-12.300000000000011,-0.02637051647621296,5.9895217333333335,True,False,False,live
AMD,2026-06-10 13:41:18.210975+00:00,2026-06-10 19:40:41.023429+00:00,466.43,454.13,5.0,-61.50000000000006,-0.02637051647621296,5.989670126111111,True,False,False,live
RKLB,2026-06-10 14:49:33.679825+00:00,2026-06-10 19:40:41.027645+00:00,106.83,105.33,22.0,-33.0,-0.014040999719180006,4.852041061111111,True,False,False,live
RKLB,2026-06-10 14:49:34.054278+00:00,2026-06-10 19:40:41.027645+00:00,106.83,105.33,90.0,-135.0,-0.014040999719180006,4.851937046388889,True,False,False,live
AMD,2026-06-10 13:41:25.592705+00:00,2026-06-10 19:40:41.555717+00:00,466.52,454.22,1.0,-12.299999999999955,-0.026365429134870864,5.987767503333333,True,False,False,live
FNGU,2026-06-10 13:39:36.252415+00:00,2026-06-11 13:36:52.324323+00:00,26.14,24.86,336.0,-430.0800000000004,-0.04896710022953332,23.95446441888889,False,False,False,live
FNGU,2026-06-10 13:39:36.560933+00:00,2026-06-11 13:36:52.324323+00:00,26.14,24.86,15.0,-19.200000000000017,-0.04896710022953332,23.954378719444442,False,False,False,live
FNGU,2026-06-10 13:39:37.044836+00:00,2026-06-11 13:36:52.324323+00:00,26.14,24.86,22.0,-28.160000000000025,-0.04896710022953332,23.954244301944446,False,False,False,live
FNGU,2026-06-10 13:39:37.835339+00:00,2026-06-11 13:36:52.324323+00:00,26.14,24.86,155.0,-198.40000000000018,-0.04896710022953332,23.954024717777777,False,False,False,live
FNGU,2026-06-10 13:39:37.835339+00:00,2026-06-11 13:37:50.412255+00:00,26.14,24.91,2.0,-2.460000000000001,-0.047054322876817156,23.970160254444448,False,False,False,live
FNGU,2026-06-10 13:39:43.876250+00:00,2026-06-11 13:37:50.412255+00:00,26.15,24.91,67.0,-83.0799999999999,-0.04741873804971314,23.96848222361111,False,False,False,live
FNGU,2026-06-10 13:39:43.876250+00:00,2026-06-11 13:38:08.555955+00:00,26.15,24.9,56.0,-70.0,-0.047801147227533466,23.97352214027778,False,False,False,live
AMAT,2026-06-08 14:00:13.969127+00:00,2026-06-11 17:37:04.831842+00:00,479.05,539.0,46.0,2757.6999999999994,0.12514351320321468,75.61412853194444,False,True,False,live
AMAT,2026-06-08 14:00:13.531130+00:00,2026-06-11 17:37:04.831842+00:00,479.06,539.0,16.0,959.04,0.12512002671899136,75.61425019777778,False,True,False,live
AMAT,2026-06-08 13:56:06.265585+00:00,2026-06-11 17:37:04.831842+00:00,483.16,539.0,1.0,55.839999999999975,0.11557248116565935,75.6829350713889,False,True,False,live
AMAT,2026-06-08 13:56:05.783579+00:00,2026-06-11 17:37:04.831842+00:00,483.16,539.0,2.0,111.67999999999995,0.11557248116565935,75.68306896194444,False,True,False,live
AMAT,2026-06-08 13:56:01.741034+00:00,2026-06-11 17:37:04.831842+00:00,482.72,539.0,6.0,337.67999999999984,0.11658932714617164,75.68419189111111,False,True,False,live
AMAT,2026-06-08 13:56:02.535133+00:00,2026-06-11 17:37:04.831842+00:00,482.72,539.0,10.0,562.7999999999997,0.11658932714617164,75.68397130805556,False,True,False,live
AMAT,2026-06-08 13:55:58.057175+00:00,2026-06-11 17:37:04.831842+00:00,483.05,539.0,25.0,1398.7499999999998,0.11582651899389294,75.68521518527777,False,True,False,live
AMAT,2026-06-08 13:56:03.004653+00:00,2026-06-11 17:37:04.831842+00:00,482.72,539.0,18.0,1013.0399999999995,0.11658932714617164,75.68384088583332,False,True,False,live
LRCX,2026-06-08 13:45:57.573472+00:00,2026-06-11 19:17:31.253262+00:00,321.12,359.59,93.0,3577.7099999999973,0.1197994519182859,77.5260221638889,False,True,False,live
ARM,2026-06-11 14:56:42.228333+00:00,2026-06-12 13:37:47.149034+00:00,321.74,362.64,41.0,1676.8999999999992,0.12712127805059978,22.68470019472222,False,True,False,live
ARM,2026-06-11 14:56:43.084900+00:00,2026-06-12 13:37:47.149034+00:00,321.74,362.64,4.0,163.5999999999999,0.12712127805059978,22.684462259444444,False,True,False,live
ARM,2026-06-11 14:56:43.084900+00:00,2026-06-12 13:37:48.315535+00:00,321.74,362.64,17.0,695.2999999999996,0.12712127805059978,22.6847862875,False,True,False,live
ARM,2026-06-11 14:56:48.848429+00:00,2026-06-12 13:37:48.315535+00:00,321.94,362.64,8.0,325.5999999999999,0.12642107224948745,22.68318530722222,False,True,False,live
ARM,2026-06-11 14:56:49.315395+00:00,2026-06-12 13:37:48.575764+00:00,321.94,362.64,3.0,122.09999999999997,0.12642107224948745,22.683127880277777,False,True,False,live
ARM,2026-06-11 14:56:48.848429+00:00,2026-06-12 13:37:48.575764+00:00,321.94,362.64,9.0,366.2999999999999,0.12642107224948745,22.683257593055558,False,True,False,live
ARM,2026-06-11 14:56:49.315395+00:00,2026-06-12 13:37:49.165406+00:00,321.94,362.23,2.0,80.58000000000004,0.12514754302043865,22.683291669722223,False,True,False,live
ARM,2026-06-11 14:56:49.315395+00:00,2026-06-12 13:37:50.259071+00:00,321.94,362.23,1.0,40.29000000000002,0.12514754302043865,22.683595465555555,False,True,False,live
MARA,2026-06-08 13:50:08.009716+00:00,2026-06-12 14:58:15.609605+00:00,12.84,14.47,380.0,619.4000000000003,0.12694704049844244,97.13544441361111,False,False,False,live
MARA,2026-06-08 13:50:08.009716+00:00,2026-06-12 14:58:16.057580+00:00,12.84,14.47,641.0,1044.8300000000006,0.12694704049844244,97.13556885111112,False,False,False,live
MARA,2026-06-08 13:50:08.009716+00:00,2026-06-12 14:58:16.389985+00:00,12.84,14.47,386.0,629.1800000000003,0.12694704049844244,97.13566118583334,False,False,False,live
RIOT,2026-06-10 14:56:41.443237+00:00,2026-06-15 13:31:38.135833+00:00,24.84,28.14,661.0,2181.3000000000006,0.13285024154589375,118.58241461,False,False,False,live
MSTR,2026-06-10 18:44:51.143675+00:00,2026-06-15 13:33:11.833444+00:00,116.43,134.2,242.0,4300.339999999996,0.15262389418534725,114.80574715805555,False,True,False,live
MSTR,2026-06-10 19:21:54.240078+00:00,2026-06-15 13:33:11.833444+00:00,115.86,134.2,1.0,18.33999999999999,0.15829449335404788,114.18822037944445,False,False,False,live
MSTR,2026-06-10 19:21:54.461571+00:00,2026-06-15 13:33:11.833444+00:00,115.86,134.2,71.0,1302.1399999999992,0.15829449335404788,114.18815885361111,False,False,False,live
MSTR,2026-06-10 19:21:55.232734+00:00,2026-06-15 13:33:11.833444+00:00,115.86,134.2,75.0,1375.499999999999,0.15829449335404788,114.18794464166668,False,False,False,live
RIOT,2026-06-10 14:56:41.443237+00:00,2026-06-15 13:34:36.417964+00:00,24.84,28.11,17.0,55.58999999999999,0.13164251207729466,118.63193742416667,False,False,False,live
TQQQ,2026-06-10 13:41:51.538138+00:00,2026-06-15 13:35:48.737584+00:00,71.81,83.33,172.0,1981.4399999999994,0.160423339367776,119.89922206833333,False,False,False,live
FANG,2026-05-06 13:45:43.771118+00:00,2026-06-15 13:36:09.602620+00:00,196.66,184.09,149.0,-1872.929999999999,-0.063917420929523,959.8405087505555,False,True,False,live
TQQQ,2026-06-10 13:41:51.538138+00:00,2026-06-15 13:36:47.205629+00:00,71.81,83.45,19.0,221.16000000000003,0.16209441581952375,119.91546319194444,False,False,False,live
LLY,2026-06-08 14:10:15.683880+00:00,2026-06-15 13:36:49.288700+00:00,1172.01,1113.0,6.0,-354.05999999999995,-0.05034939974914889,167.44266800555556,False,True,False,live
RIOT,2026-06-10 14:56:41.443237+00:00,2026-06-15 13:37:29.505951+00:00,24.84,28.18,1.0,3.34,0.13446054750402575,118.68001742055556,False,False,False,live
TQQQ,2026-06-10 13:41:51.538138+00:00,2026-06-15 13:38:31.594945+00:00,71.81,83.41,42.0,487.19999999999976,0.16153739033560777,119.94446022416668,False,False,False,live
LLY,2026-06-08 14:10:15.683880+00:00,2026-06-15 13:38:33.038859+00:00,1172.01,1123.8,19.0,-915.9900000000007,-0.041134461310057116,167.4714874941667,False,True,False,live
RIOT,2026-06-10 14:56:41.443237+00:00,2026-06-15 13:38:57.543003+00:00,24.84,28.04,8.0,25.599999999999994,0.12882447665056357,118.70447215722223,False,False,False,live
TQQQ,2026-06-10 13:41:51.538138+00:00,2026-06-15 13:39:27.695338+00:00,71.81,83.19,1.0,11.379999999999995,0.1584737501740704,119.96004366666668,False,False,False,live
TQQQ,2026-06-10 13:41:51.538138+00:00,2026-06-15 13:39:57.145368+00:00,71.81,83.12,1.0,11.310000000000002,0.1574989555772177,119.96822423055556,False,False,False,live
TQQQ,2026-06-10 13:41:51.538138+00:00,2026-06-15 13:40:07.860741+00:00,71.81,83.21,2.0,22.799999999999983,0.15875226291602829,119.97120072305555,False,False,False,live
WOLF,2026-06-15 13:45:08.246100+00:00,2026-06-15 14:23:01.565585+00:00,49.58,46.55,88.0,-266.6400000000001,-0.061113352158128305,0.6314776347222222,True,True,False,live
WOLF,2026-06-15 13:45:10.385639+00:00,2026-06-15 14:23:01.565585+00:00,49.56,46.55,231.0,-695.3100000000012,-0.06073446327683626,0.6308833183333334,True,True,False,live
WOLF,2026-06-15 13:45:11.271846+00:00,2026-06-15 14:23:01.565585+00:00,49.56,46.55,246.0,-740.4600000000013,-0.06073446327683626,0.6306371497222223,True,True,False,live
WOLF,2026-06-15 13:45:11.271846+00:00,2026-06-15 14:23:02.005661+00:00,49.56,46.55,22.0,-66.22000000000011,-0.06073446327683626,0.6307593930555556,True,True,False,live
WOLF,2026-06-15 13:45:13.021102+00:00,2026-06-15 14:23:02.005661+00:00,49.49,46.55,44.0,-129.3600000000002,-0.0594059405940595,0.6302734886111111,True,True,False,live
WOLF,2026-06-15 13:45:13.021102+00:00,2026-06-15 14:23:03.047368+00:00,49.49,46.65,19.0,-53.960000000000065,-0.05738533036977174,0.6305628516666666,True,True,False,live
SPCE,2026-06-15 13:57:36.347490+00:00,2026-06-15 14:26:08.873640+00:00,3.99,3.76,7019.0,-1614.370000000003,-0.057644110275689324,0.4757017083333333,True,True,False,live
SPCE,2026-06-15 13:57:36.973022+00:00,2026-06-15 14:26:08.873640+00:00,3.99,3.76,217.0,-49.910000000000096,-0.057644110275689324,0.47552794944444443,True,True,False,live
SPCE,2026-06-15 13:57:37.271159+00:00,2026-06-15 14:26:08.873640+00:00,3.99,3.76,100.0,-23.000000000000043,-0.057644110275689324,0.47544513361111107,True,True,False,live
SPCE,2026-06-15 13:57:37.959731+00:00,2026-06-15 14:26:08.873640+00:00,4.0,3.76,760.0,-182.40000000000015,-0.06000000000000005,0.47525386361111116,True,True,False,live
MRVL,2026-06-11 12:19:24.521289+00:00,2026-06-15 15:47:36.707652+00:00,263.75,296.13,3.0,97.13999999999999,0.12276777251184832,99.47005176750001,False,True,False,live
MRVL,2026-06-11 12:19:24.892703+00:00,2026-06-15 15:47:36.707652+00:00,263.75,296.13,28.0,906.6399999999999,0.12276777251184832,99.46994859694445,False,True,False,live
MRVL,2026-06-11 12:19:24.892703+00:00,2026-06-15 15:47:37.194867+00:00,263.75,296.13,18.0,582.8399999999999,0.12276777251184832,99.47008393444445,False,True,False,live
MRVL,2026-06-11 12:19:24.892703+00:00,2026-06-15 15:47:38.013531+00:00,263.75,296.14,2.0,64.77999999999997,0.12280568720379141,99.47031134111111,False,True,False,live
MRVL,2026-06-11 12:19:24.892703+00:00,2026-06-15 15:47:38.470981+00:00,263.75,296.14,1.0,32.389999999999986,0.12280568720379141,99.47043841055556,False,True,False,live
LCID,2026-06-15 14:02:45.577515+00:00,2026-06-16 13:33:11.050520+00:00,5.45,5.12,1231.0,-406.2300000000001,-0.06055045871559634,23.507075834722226,False,True,False,live
LCID,2026-06-15 14:02:45.577515+00:00,2026-06-16 13:34:36.481361+00:00,5.45,5.14,2686.0,-832.6600000000013,-0.056880733944954215,23.53080662388889,False,True,False,live
LCID,2026-06-15 14:02:45.577515+00:00,2026-06-16 13:34:52.873042+00:00,5.45,5.13,113.0,-36.16000000000003,-0.05871559633027528,23.53535986861111,False,True,False,live
LCID,2026-06-15 14:02:45.577515+00:00,2026-06-16 13:35:28.614407+00:00,5.45,5.14,1996.0,-618.760000000001,-0.056880733944954215,23.545288025555557,False,True,False,live
ARM,2026-06-12 15:57:24.467454+00:00,2026-06-16 13:38:44.809711+00:00,372.56,422.57,84.0,4200.839999999999,0.13423341206785483,93.68898396027777,False,True,False,live
ARM,2026-06-12 15:57:24.467454+00:00,2026-06-16 13:38:45.570956+00:00,372.56,422.4,1.0,49.839999999999975,0.13377710972729218,93.68919541722222,False,True,False,live
MRVL,2026-06-16 13:57:41.420929+00:00,2026-06-16 15:28:48.228784+00:00,310.71,294.82,39.0,-619.7099999999995,-0.05114093527726815,1.5185577375000001,True,True,False,live
MRVL,2026-06-16 13:57:42.413367+00:00,2026-06-16 15:28:48.228784+00:00,310.5,294.82,8.0,-125.44000000000005,-0.05049919484702096,1.5182820602777778,True,True,False,live
MRVL,2026-06-16 13:57:42.619851+00:00,2026-06-16 15:28:48.228784+00:00,310.5,294.82,18.0,-282.2400000000001,-0.05049919484702096,1.5182247036111112,True,True,False,live
MRVL,2026-06-16 13:57:43.256807+00:00,2026-06-16 15:28:48.228784+00:00,310.65,294.82,26.0,-411.5799999999996,-0.05095766940286491,1.518047771388889,True,True,False,live
MRVL,2026-06-16 13:57:44.449308+00:00,2026-06-16 15:28:48.228784+00:00,310.65,294.82,2.0,-31.659999999999968,-0.05095766940286491,1.517716521111111,True,True,False,live
MRVL,2026-06-16 13:57:44.775138+00:00,2026-06-16 15:28:48.228784+00:00,310.63,294.82,7.0,-110.67000000000002,-0.05089656504523067,1.5176260127777779,True,True,False,live
MRVL,2026-06-16 13:57:44.775138+00:00,2026-06-16 15:28:48.892570+00:00,310.63,294.82,2.0,-31.620000000000005,-0.05089656504523067,1.5178103977777777,True,True,False,live
MRVL,2026-06-16 13:57:44.775138+00:00,2026-06-16 15:28:49.343653+00:00,310.63,294.82,1.0,-15.810000000000002,-0.05089656504523067,1.517935698611111,True,True,False,live
MRNA,2026-06-11 17:55:46.988386+00:00,2026-06-16 15:59:21.291718+00:00,48.9,55.07,120.0,740.4000000000002,0.12617586912065443,118.05952870333333,False,True,False,live
MRNA,2026-06-11 17:55:47.564994+00:00,2026-06-16 15:59:21.866595+00:00,48.9,55.07,7.0,43.19000000000001,0.12617586912065443,118.0595282225,False,True,False,live
MRNA,2026-06-11 17:55:48.497085+00:00,2026-06-16 15:59:21.866595+00:00,48.9,55.07,404.0,2492.6800000000007,0.12617586912065443,118.05926930833333,False,True,False,live
MRNA,2026-06-11 17:55:46.988386+00:00,2026-06-16 15:59:21.866595+00:00,48.9,55.07,58.0,357.8600000000001,0.12617586912065443,118.05968839138889,False,True,False,live
RXRX,2026-06-15 16:45:37.849406+00:00,2026-06-17 13:35:34.037143+00:00,3.31,3.13,2810.0,-505.80000000000047,-0.05438066465256802,44.83227437138889,False,True,False,live
RXRX,2026-06-15 16:45:38.570738+00:00,2026-06-17 13:35:34.037143+00:00,3.31,3.13,1934.0,-348.1200000000003,-0.05438066465256802,44.83207400138889,False,True,False,live
RXRX,2026-06-15 16:45:38.570738+00:00,2026-06-17 13:35:36.518644+00:00,3.31,3.13,13.0,-2.340000000000002,-0.05438066465256802,44.832763307222216,False,True,False,live
RXRX,2026-06-15 16:45:38.570738+00:00,2026-06-17 13:35:37.571923+00:00,3.31,3.13,1004.0,-180.72000000000017,-0.05438066465256802,44.83305588472222,False,True,False,live
RXRX,2026-06-15 16:45:39.242854+00:00,2026-06-17 13:35:37.571923+00:00,3.31,3.13,4166.0,-749.8800000000007,-0.05438066465256802,44.83286918583333,False,True,False,live
MARA,2026-06-16 14:19:46.204278+00:00,2026-06-17 19:39:44.581938+00:00,14.89,14.08,574.0,-464.9400000000003,-0.054398925453324413,29.332882683333334,False,True,False,live
MARA,2026-06-16 14:19:47.143040+00:00,2026-06-17 19:39:44.581938+00:00,14.89,14.08,323.0,-261.63000000000017,-0.054398925453324413,29.33262191611111,False,True,False,live
MARA,2026-06-16 14:19:47.601666+00:00,2026-06-17 19:39:44.581938+00:00,14.89,14.08,1009.0,-817.2900000000005,-0.054398925453324413,29.33249452,False,True,False,live
MARA,2026-06-16 14:19:47.601666+00:00,2026-06-17 19:39:45.181093+00:00,14.89,14.07,65.0,-53.30000000000002,-0.05507051712558766,29.332660951944444,False,True,False,live
MARA,2026-06-16 14:19:48.125248+00:00,2026-06-17 19:39:45.181093+00:00,14.89,14.07,29.0,-23.78000000000001,-0.05507051712558766,29.3325155125,False,True,False,live
MARA,2026-06-16 14:19:52.209649+00:00,2026-06-17 19:39:46.714937+00:00,14.89,14.07,1.0,-0.8200000000000003,-0.05507051712558766,29.331807024444444,False,True,False,live
MARA,2026-06-16 14:19:51.872610+00:00,2026-06-17 19:39:46.714937+00:00,14.89,14.07,3.0,-2.460000000000001,-0.05507051712558766,29.331900646388892,False,True,False,live
MARA,2026-06-16 14:19:51.084462+00:00,2026-06-17 19:39:46.714937+00:00,14.89,14.07,19.0,-15.580000000000005,-0.05507051712558766,29.332119576388887,False,True,False,live
MARA,2026-06-16 14:19:48.125248+00:00,2026-06-17 19:39:46.714937+00:00,14.89,14.07,143.0,-117.26000000000005,-0.05507051712558766,29.33294158027778,False,True,False,live
MRNA,2026-06-16 17:23:09.565152+00:00,2026-06-18 13:30:36.106532+00:00,56.4,65.08,533.0,4626.44,0.15390070921985816,44.12403927222223,False,True,False,live
MRNA,2026-06-16 17:23:09.570800+00:00,2026-06-18 13:30:36.106532+00:00,56.4,65.08,568.0,4930.24,0.15390070921985816,44.12403770333333,False,True,False,live
MRNA,2026-06-16 17:23:10.576171+00:00,2026-06-18 13:30:36.106532+00:00,56.41,65.08,13.0,112.71000000000002,0.1536961531643326,44.123758433611115,False,True,False,live
MRNA,2026-06-16 17:23:10.996702+00:00,2026-06-18 13:30:36.106532+00:00,56.41,65.08,18.0,156.06000000000003,0.1536961531643326,44.12364161944444,False,True,False,live
MRNA,2026-06-16 17:23:11.829546+00:00,2026-06-18 13:30:36.106532+00:00,56.42,65.08,6.0,51.95999999999998,0.15349166962070182,44.123410273888894,False,True,False,live
MRNA,2026-06-16 19:24:43.190973+00:00,2026-06-18 13:30:36.106532+00:00,55.82,65.08,299.0,2768.7399999999993,0.16589036187746323,42.09803209972222,False,True,False,live
MRNA,2026-06-16 19:24:43.876810+00:00,2026-06-18 13:30:36.106532+00:00,55.82,65.08,138.0,1277.8799999999997,0.16589036187746323,42.09784158944444,False,True,False,live
MRNA,2026-06-16 19:24:44.610199+00:00,2026-06-18 13:30:36.106532+00:00,55.82,65.08,138.0,1277.8799999999997,0.16589036187746323,42.09763787027777,False,True,False,live
RKLB,2026-06-15 13:51:37.944237+00:00,2026-06-18 13:44:55.759899+00:00,108.74,102.76,302.0,-1805.9599999999969,-0.05499356262644832,71.88828212833333,False,True,False,live
RKLB,2026-06-15 13:52:38.413707+00:00,2026-06-18 13:44:55.759899+00:00,108.21,102.76,304.0,-1656.7999999999965,-0.05036503095832168,71.87148505333333,False,True,False,live
RKLB,2026-06-15 13:52:38.484615+00:00,2026-06-18 13:44:55.759899+00:00,108.21,102.76,271.0,-1476.9499999999969,-0.05036503095832168,71.87146535666666,False,True,False,live
RKLB,2026-06-15 13:52:38.484615+00:00,2026-06-18 13:44:56.524350+00:00,108.21,102.65,2.0,-11.119999999999976,-0.05138157286757221,71.87167770416667,False,True,False,live
RKLB,2026-06-15 13:52:38.484615+00:00,2026-06-18 13:44:57.140080+00:00,108.21,102.61,31.0,-173.59999999999982,-0.051751224470936094,71.87184874027777,False,True,False,live
RBLX,2026-06-16 14:00:38.279619+00:00,2026-06-18 15:07:42.123871+00:00,46.63,52.2,354.0,1971.7800000000002,0.11945099721209522,49.11773451444445,False,True,False,live
RBLX,2026-06-16 14:00:38.548250+00:00,2026-06-18 15:07:42.123871+00:00,46.63,52.2,164.0,913.48,0.11945099721209522,49.11765989472222,False,True,False,live
RBLX,2026-06-16 14:00:39.673287+00:00,2026-06-18 15:07:42.123871+00:00,46.63,52.2,147.0,818.7900000000001,0.11945099721209522,49.11734738444444,False,True,False,live
RBLX,2026-06-16 14:13:13.911766+00:00,2026-06-18 15:07:42.123871+00:00,46.59,52.2,689.0,3865.2899999999995,0.1204121056020605,48.90783669583334,False,True,False,live
RBLX,2026-06-16 14:13:14.027352+00:00,2026-06-18 15:07:42.123871+00:00,46.59,52.2,27.0,151.46999999999997,0.1204121056020605,48.907804588611114,False,True,False,live
RBLX,2026-06-16 14:13:14.617452+00:00,2026-06-18 15:07:42.123871+00:00,46.56,52.2,3.0,16.92,0.1211340206185567,48.90764067194445,False,True,False,live
CORZ,2026-06-11 18:07:22.998786+00:00,2026-06-22 13:57:23.753949+00:00,26.91,30.17,1087.0,3543.6200000000017,0.12114455592716468,259.8335431008333,False,True,False,live
HOOD,2026-06-15 13:45:04.332929+00:00,2026-06-22 13:57:23.928904+00:00,98.55,111.75,229.0,3022.8000000000006,0.13394216133942163,168.20544332638886,False,True,False,live
HOOD,2026-06-15 13:45:05.573377+00:00,2026-06-22 13:57:23.928904+00:00,98.53,111.75,34.0,449.47999999999996,0.13417233329950268,168.2050987575,False,True,False,live
HOOD,2026-06-15 13:45:05.573377+00:00,2026-06-22 13:57:24.634338+00:00,98.53,111.77,46.0,609.0399999999997,0.13437531716228554,168.2052947113889,False,True,False,live
HOOD,2026-06-15 13:45:05.573377+00:00,2026-06-22 13:57:25.364248+00:00,98.53,111.77,2.0,26.47999999999999,0.13437531716228554,168.20549746416668,False,True,False,live
HOOD,2026-06-15 13:45:05.573377+00:00,2026-06-22 13:57:25.826662+00:00,98.53,111.78,18.0,238.5,0.13447680909367704,168.20562591249998,False,True,False,live
MRNA,2026-06-18 13:51:12.596030+00:00,2026-06-22 14:55:14.386284+00:00,61.54,58.38,279.0,-881.6399999999991,-0.05134871628209289,97.06716395944444,False,True,False,live
MRNA,2026-06-18 13:51:13.113206+00:00,2026-06-22 14:55:14.386284+00:00,61.54,58.38,225.0,-710.9999999999992,-0.05134871628209289,97.06702029944445,False,True,False,live
META,2026-06-15 23:24:18.523089+00:00,2026-06-22 14:55:14.458146+00:00,592.3,562.07,27.0,-816.2099999999974,-0.05103832517305404,159.51553751583333,False,True,False,live
MRNA,2026-06-18 13:51:13.886982+00:00,2026-06-22 14:55:14.889149+00:00,61.54,58.42,22.0,-68.63999999999994,-0.05069873253168667,97.0669450463889,False,True,False,live
MRNA,2026-06-18 13:51:14.658672+00:00,2026-06-22 14:55:14.889149+00:00,61.54,58.42,8.0,-24.95999999999998,-0.05069873253168667,97.06673068805556,False,True,False,live
MRNA,2026-06-18 13:51:16.007090+00:00,2026-06-22 14:55:14.889149+00:00,61.54,58.42,1.0,-3.1199999999999974,-0.05069873253168667,97.0663561275,False,True,False,live
MRNA,2026-06-18 13:51:16.632746+00:00,2026-06-22 14:55:14.889149+00:00,61.54,58.42,3.0,-9.359999999999992,-0.05069873253168667,97.06618233416665,False,True,False,live
MRNA,2026-06-18 13:51:16.632746+00:00,2026-06-22 14:55:15.519288+00:00,61.54,58.4,6.0,-18.840000000000003,-0.05102372440688984,97.06635737277777,False,True,False,live
MSTR,2026-06-22 14:02:45.999013+00:00,2026-06-22 15:57:51.029146+00:00,117.91,111.86,223.0,-1349.1499999999994,-0.05131032143160035,1.9180639258333334,True,True,False,live
MSTR,2026-06-22 14:02:45.999013+00:00,2026-06-22 15:57:51.429170+00:00,117.91,111.86,104.0,-629.1999999999997,-0.05131032143160035,1.9181750436111111,True,True,False,live
MSTR,2026-06-22 14:02:45.999013+00:00,2026-06-22 15:57:51.968274+00:00,117.91,111.89,1.0,-6.019999999999996,-0.05105589008565852,1.9183247947222222,True,True,False,live
MSTR,2026-06-22 14:02:45.999013+00:00,2026-06-22 15:57:52.635797+00:00,117.91,111.89,1.0,-6.019999999999996,-0.05105589008565852,1.9185102177777777,True,True,False,live
MSTR,2026-06-22 14:02:45.999013+00:00,2026-06-22 15:57:53.174079+00:00,117.91,111.89,2.0,-12.039999999999992,-0.05105589008565852,1.9186597405555554,True,True,False,live
MSTR,2026-06-22 14:02:45.999013+00:00,2026-06-22 15:57:53.741401+00:00,117.91,111.89,1.0,-6.019999999999996,-0.05105589008565852,1.91881733,True,True,False,live
MSTR,2026-06-22 14:02:45.999013+00:00,2026-06-22 15:57:54.587192+00:00,117.91,111.89,1.0,-6.019999999999996,-0.05105589008565852,1.9190522719444445,True,True,False,live
WOLF,2026-06-18 15:16:54.257481+00:00,2026-06-23 13:30:33.715580+00:00,54.19,45.45,26.0,-227.23999999999987,-0.16128436980992794,118.22762724972222,False,True,False,live
WOLF,2026-06-18 15:16:55.015130+00:00,2026-06-23 13:30:33.715580+00:00,54.18,45.45,455.0,-3972.1499999999987,-0.16112956810631224,118.22741679166667,False,True,False,live
MARA,2026-06-22 16:13:35.357158+00:00,2026-06-23 13:30:40.428334+00:00,15.38,14.14,1131.0,-1402.4400000000003,-0.08062418725617686,21.284741993333334,False,True,False,live
MARA,2026-06-22 16:13:36.239887+00:00,2026-06-23 13:30:40.428334+00:00,15.37,14.14,271.0,-333.32999999999964,-0.08002602472348723,21.28449679083333,False,True,False,live
MARA,2026-06-22 16:13:36.546250+00:00,2026-06-23 13:30:40.428334+00:00,15.37,14.14,967.0,-1189.4099999999987,-0.08002602472348723,21.28441169,False,True,False,live
MARA,2026-06-22 16:13:37.150884+00:00,2026-06-23 13:30:40.428334+00:00,15.37,14.14,39.0,-47.96999999999995,-0.08002602472348723,21.284243736111108,False,True,False,live
RXRX,2026-06-18 13:57:27.545916+00:00,2026-06-23 13:31:43.853481+00:00,3.18,3.14,252.0,-10.080000000000009,-0.012578616352201269,119.57119654583335,False,True,False,live
WULF,2026-06-16 14:00:43.846747+00:00,2026-06-23 13:31:56.030447+00:00,28.75,26.97,1121.0,-1995.3800000000012,-0.06191304347826091,167.52005102777778,False,True,False,live
ENPH,2026-06-22 16:26:18.271054+00:00,2026-06-23 13:32:02.134589+00:00,54.05,50.28,14.0,-52.779999999999944,-0.06975023126734498,21.09551764861111,False,True,False,live
ENPH,2026-06-22 16:26:17.224245+00:00,2026-06-23 13:32:02.134589+00:00,54.05,50.28,31.0,-116.86999999999988,-0.06975023126734498,21.09580842888889,False,True,False,live
ENPH,2026-06-22 16:26:16.390487+00:00,2026-06-23 13:32:02.134589+00:00,54.05,50.28,20.0,-75.39999999999992,-0.06975023126734498,21.096040028333334,False,True,False,live
ENPH,2026-06-22 16:26:16.567560+00:00,2026-06-23 13:32:02.134589+00:00,54.05,50.28,31.0,-116.86999999999988,-0.06975023126734498,21.09599084138889,False,True,False,live
ENPH,2026-06-22 16:26:14.897116+00:00,2026-06-23 13:32:02.134589+00:00,54.06,50.28,20.0,-75.60000000000002,-0.06992230854605995,21.09645485361111,False,True,False,live
ENPH,2026-06-22 16:26:14.380238+00:00,2026-06-23 13:32:02.134589+00:00,54.06,50.28,345.0,-1304.1000000000004,-0.06992230854605995,21.096598430833332,False,True,False,live
ENPH,2026-06-22 16:26:14.349348+00:00,2026-06-23 13:32:02.134589+00:00,54.06,50.28,685.0,-2589.3000000000006,-0.06992230854605995,21.09660701138889,False,True,False,live
ENPH,2026-06-22 16:26:15.752414+00:00,2026-06-23 13:32:02.134589+00:00,54.05,50.28,225.0,-848.2499999999991,-0.06975023126734498,21.096217270833336,False,True,False,live
SOXL,2026-06-18 13:54:32.017238+00:00,2026-06-23 13:32:13.633408+00:00,269.65,240.87,38.0,-1093.639999999999,-0.1067309475245688,119.62822671388889,False,True,False,live
SOXL,2026-06-18 13:54:33.998205+00:00,2026-06-23 13:32:13.633408+00:00,269.62,240.87,94.0,-2702.5,-0.10663155552258734,119.62767644527777,False,True,False,live
SOXL,2026-06-18 13:54:37.141228+00:00,2026-06-23 13:32:13.633408+00:00,269.66,240.87,42.0,-1209.1800000000007,-0.10676407327746057,119.62680338333334,False,True,False,live
SOXL,2026-06-18 13:54:37.745968+00:00,2026-06-23 13:32:13.633408+00:00,269.61,240.87,89.0,-2557.8600000000006,-0.10659841993991323,119.62663540000001,False,True,False,live
WOLF,2026-06-18 15:16:55.015130+00:00,2026-06-23 13:34:12.485514+00:00,54.18,47.39,165.0,-1120.35,-0.12532299741602065,118.28818621777778,False,True,False,live
RXRX,2026-06-18 13:57:27.545916+00:00,2026-06-23 13:35:02.366614+00:00,3.18,3.17,3795.0,-37.95000000000088,-0.003144654088050387,119.62633908277779,False,True,False,live
RXRX,2026-06-18 13:57:28.401993+00:00,2026-06-23 13:35:02.366614+00:00,3.18,3.17,5491.0,-54.91000000000127,-0.003144654088050387,119.6261012836111,False,True,False,live
RXRX,2026-06-18 13:57:28.401993+00:00,2026-06-23 13:35:13.280561+00:00,3.18,3.18,666.0,0.0,0.0,119.62913293555555,False,True,False,live
WOLF,2026-06-18 15:16:55.015130+00:00,2026-06-23 13:35:57.193802+00:00,54.18,47.59,31.0,-204.28999999999988,-0.12163159837578436,118.31727185333334,False,True,False,live
WOLF,2026-06-18 15:16:55.015130+00:00,2026-06-23 13:36:30.101407+00:00,54.18,47.59,1.0,-6.589999999999996,-0.12163159837578436,118.32641285472224,False,True,False,live
RXRX,2026-06-18 13:57:28.401993+00:00,2026-06-23 13:36:53.337237+00:00,3.18,3.19,618.0,6.179999999999868,0.0031446540880502474,119.65692645666667,False,True,False,live
WOLF,2026-06-18 15:16:55.015130+00:00,2026-06-23 13:37:15.483732+00:00,54.18,47.06,1.0,-7.119999999999997,-0.13141380583241044,118.3390190561111,False,True,False,live
RXRX,2026-06-18 13:57:28.401993+00:00,2026-06-23 13:37:30.062740+00:00,3.18,3.2,177.0,3.540000000000003,0.0062893081761006345,119.66712798527779,False,True,False,live
RXRX,2026-06-18 13:57:28.401993+00:00,2026-06-23 13:37:55.264985+00:00,3.18,3.2,56.0,1.120000000000001,0.0062893081761006345,119.67412860888889,False,True,False,live
WOLF,2026-06-18 15:16:55.015130+00:00,2026-06-23 13:38:08.600689+00:00,54.18,46.9,4.0,-29.120000000000005,-0.13436692506459952,118.3537737663889,False,True,False,live
RXRX,2026-06-18 13:57:28.401993+00:00,2026-06-23 13:38:25.513380+00:00,3.18,3.19,2.0,0.019999999999999574,0.0031446540880502474,119.68253094083333,False,True,False,live
IONQ,2026-06-23 13:49:19.672273+00:00,2026-06-23 18:46:22.161802+00:00,59.86,56.79,190.0,-583.3000000000001,-0.05128633478115604,4.950691535833333,True,False,False,live
IONQ,2026-06-23 13:49:20.371372+00:00,2026-06-23 18:46:22.161802+00:00,59.87,56.79,54.0,-166.3199999999999,-0.05144479706029728,4.950497341666667,True,False,False,live
IONQ,2026-06-23 13:49:21.026638+00:00,2026-06-23 18:46:22.161802+00:00,59.87,56.79,67.0,-206.3599999999999,-0.05144479706029728,4.950315323333333,True,False,False,live
HOOD,2026-06-23 16:45:44.878660+00:00,2026-06-24 14:16:06.064405+00:00,103.47,98.06,54.0,-292.1399999999998,-0.052285686672465415,21.505884929166665,False,True,False,live
HOOD,2026-06-23 16:45:44.878660+00:00,2026-06-24 14:16:06.610785+00:00,103.47,97.88,245.0,-1369.5500000000009,-0.05402532134918337,21.506036701388886,False,True,False,live
HOOD,2026-06-23 16:45:45.203148+00:00,2026-06-24 14:16:06.610785+00:00,103.47,97.88,51.0,-285.09000000000015,-0.05402532134918337,21.505946565833334,False,True,False,live
HOOD,2026-06-23 16:45:45.203148+00:00,2026-06-24 14:16:07.504154+00:00,103.47,97.87,249.0,-1394.3999999999985,-0.05412196772011205,21.506194723888886,False,True,False,live
CORZ,2026-06-23 13:56:41.699232+00:00,2026-06-24 17:32:44.725123+00:00,28.79,27.3,26.0,-38.73999999999996,-0.05175408127822155,27.60084052527778,False,True,False,live
CORZ,2026-06-23 13:56:41.050571+00:00,2026-06-24 17:32:44.725123+00:00,28.78,27.3,31.0,-45.88000000000001,-0.051424600416956234,27.60102070888889,False,True,False,live
CORZ,2026-06-23 13:56:40.460598+00:00,2026-06-24 17:32:44.725123+00:00,28.78,27.3,59.0,-87.32000000000002,-0.051424600416956234,27.60118459027778,False,True,False,live
CORZ,2026-06-23 13:56:39.522289+00:00,2026-06-24 17:32:44.725123+00:00,28.78,27.3,409.0,-605.3200000000002,-0.051424600416956234,27.601445231666666,False,True,False,live
CORZ,2026-06-23 13:56:35.646017+00:00,2026-06-24 17:32:44.725123+00:00,28.79,27.3,553.0,-823.9699999999991,-0.05175408127822155,27.60252197388889,False,True,False,live
HUT,2026-06-23 18:44:04.777721+00:00,2026-06-24 18:01:33.338630+00:00,119.16,113.13,111.0,-669.3300000000002,-0.050604229607250764,23.29126691916667,False,True,False,live
HUT,2026-06-23 18:44:04.882612+00:00,2026-06-24 18:01:33.338630+00:00,119.16,113.13,260.0,-1567.8000000000002,-0.050604229607250764,23.291237782777777,False,True,False,live
HUT,2026-06-23 18:44:05.635738+00:00,2026-06-24 18:01:33.338630+00:00,119.01,113.13,100.0,-588.0000000000009,-0.049407612805646664,23.29102858111111,False,True,False,live
HUT,2026-06-23 18:44:06.461719+00:00,2026-06-24 18:01:33.338630+00:00,119.01,113.13,23.0,-135.24000000000024,-0.049407612805646664,23.290799141944444,False,True,False,live
HUT,2026-06-23 18:44:07.085211+00:00,2026-06-24 18:01:33.338630+00:00,119.01,113.13,27.0,-158.76000000000028,-0.049407612805646664,23.290625949722223,False,True,False,live
PLTR,2026-06-24 13:50:56.842324+00:00,2026-06-25 13:36:27.316195+00:00,116.0,109.29,122.0,-818.6199999999992,-0.05784482758620684,23.758464964166667,False,True,False,live
PLTR,2026-06-24 13:50:57.169229+00:00,2026-06-25 13:36:27.316195+00:00,116.0,109.29,30.0,-201.2999999999998,-0.05784482758620684,23.75837415722222,False,True,False,live
PLTR,2026-06-24 13:50:58.148345+00:00,2026-06-25 13:36:27.316195+00:00,116.0,109.29,104.0,-697.8399999999993,-0.05784482758620684,23.758102180555554,False,True,False,live
SOFI,2026-06-24 14:19:21.187270+00:00,2026-06-25 13:41:44.485196+00:00,17.84,16.89,25.0,-23.749999999999982,-0.05325112107623314,23.373138312777776,False,True,False,live
SOFI,2026-06-24 14:19:20.448392+00:00,2026-06-25 13:41:44.485196+00:00,17.84,16.89,98.0,-93.09999999999994,-0.05325112107623314,23.37334355666667,False,True,False,live
SOFI,2026-06-24 14:19:19.723199+00:00,2026-06-25 13:41:44.485196+00:00,17.84,16.89,3.0,-2.849999999999998,-0.05325112107623314,23.373544999166665,False,True,False,live
SOFI,2026-06-24 14:19:17.978198+00:00,2026-06-25 13:41:44.485196+00:00,17.84,16.89,259.0,-246.0499999999998,-0.05325112107623314,23.374029721666666,False,True,False,live
SOFI,2026-06-24 14:19:18.830158+00:00,2026-06-25 13:41:44.485196+00:00,17.84,16.89,254.0,-241.2999999999998,-0.05325112107623314,23.37379306611111,False,True,False,live
SOFI,2026-06-24 14:19:18.290430+00:00,2026-06-25 13:41:44.485196+00:00,17.84,16.89,865.0,-821.7499999999994,-0.05325112107623314,23.373942990555555,False,True,False,live
SOFI,2026-06-24 14:19:19.440557+00:00,2026-06-25 13:41:44.485196+00:00,17.84,16.89,69.0,-65.54999999999995,-0.05325112107623314,23.373623510833333,False,True,False,live
RBLX,2026-06-23 18:26:03.197105+00:00,2026-06-25 13:41:44.490093+00:00,48.03,45.51,114.0,-287.28000000000037,-0.052467207995003186,43.26147027444444,False,True,False,live
RBLX,2026-06-23 18:26:03.684777+00:00,2026-06-25 13:41:44.490093+00:00,48.03,45.51,405.0,-1020.6000000000013,-0.052467207995003186,43.26133481,False,True,False,live
BULL,2026-06-15 13:51:23.462170+00:00,2026-06-25 13:41:44.506709+00:00,6.87,6.51,298.0,-107.2800000000001,-0.052401746724890876,239.83917903861112,False,True,False,live
SOFI,2026-06-24 14:19:21.187270+00:00,2026-06-25 13:41:45.144011+00:00,17.84,16.91,11.0,-10.229999999999997,-0.05213004484304931,23.373321316944445,False,True,False,live
SOFI,2026-06-24 14:19:21.632787+00:00,2026-06-25 13:41:45.144011+00:00,17.84,16.91,46.0,-42.77999999999999,-0.05213004484304931,23.373197562222224,False,True,False,live
SOFI,2026-06-24 16:06:31.824861+00:00,2026-06-25 13:41:45.144011+00:00,17.82,16.91,1701.0,-1547.9100000000003,-0.05106621773288441,21.58703309722222,False,True,False,live
SOFI,2026-06-24 16:06:31.861357+00:00,2026-06-25 13:41:45.144011+00:00,17.82,16.91,1686.0,-1534.2600000000002,-0.05106621773288441,21.587022959444443,False,True,False,live
RBLX,2026-06-23 18:26:03.684777+00:00,2026-06-25 13:41:45.148912+00:00,48.03,45.51,130.0,-327.6000000000004,-0.052467207995003186,43.26151781527778,False,True,False,live
BULL,2026-06-15 13:51:23.462170+00:00,2026-06-25 13:41:45.165807+00:00,6.87,6.51,4475.0,-1611.0000000000014,-0.052401746724890876,239.83936212138892,False,True,False,live
SOXL,2026-06-25 13:47:52.134488+00:00,2026-06-25 14:00:28.426563+00:00,242.76,230.01,36.0,-459.0,-0.052521008403361345,0.21008113194444444,True,False,False,live
SOXL,2026-06-25 13:47:52.134488+00:00,2026-06-25 14:00:29.500076+00:00,242.76,230.01,3.0,-38.25,-0.052521008403361345,0.21037933,True,False,False,live
SOXL,2026-06-25 13:47:52.134488+00:00,2026-06-25 14:00:30.131768+00:00,242.76,230.74,23.0,-276.4599999999996,-0.04951392321634529,0.21055480000000001,True,False,False,live
MU,2026-06-25 13:48:00.678038+00:00,2026-06-26 13:30:51.287752+00:00,1191.29,1144.22,14.0,-658.9799999999991,-0.03951178974053332,23.71405825388889,False,True,False,live
MU,2026-06-25 13:48:00.678038+00:00,2026-06-26 13:32:25.125573+00:00,1191.29,1145.06,3.0,-138.69000000000005,-0.03880667175918544,23.74012431527778,False,True,False,live
MU,2026-06-25 13:48:00.678038+00:00,2026-06-26 13:33:43.647107+00:00,1191.29,1135.03,1.0,-56.25999999999999,-0.04722611622694725,23.7619358525,False,True,False,live
MU,2026-06-25 13:48:00.678038+00:00,2026-06-26 13:34:00.245650+00:00,1191.29,1128.25,3.0,-189.1199999999999,-0.052917425647827115,23.766546558888887,False,True,False,live
MU,2026-06-25 13:48:01.250999+00:00,2026-06-26 13:34:00.245650+00:00,1191.95,1128.25,1.0,-63.700000000000045,-0.05344183900331393,23.766387403055557,False,True,False,live
CORZ,2026-06-25 16:30:55.384498+00:00,2026-06-26 13:35:45.465617+00:00,27.68,26.19,52.0,-77.47999999999992,-0.05382947976878607,21.08057808861111,False,True,False,live
CORZ,2026-06-25 16:30:55.384498+00:00,2026-06-26 13:35:47.061413+00:00,27.68,26.18,4.0,-6.0,-0.054190751445086706,21.081021365277778,False,True,False,live
CORZ,2026-06-25 16:30:55.384498+00:00,2026-06-26 13:35:49.039328+00:00,27.68,26.17,457.0,-690.0699999999991,-0.05455202312138721,21.08157078611111,False,True,False,live
CORZ,2026-06-25 16:30:55.384498+00:00,2026-06-26 13:35:49.801070+00:00,27.68,26.17,419.0,-632.6899999999991,-0.05455202312138721,21.08178238111111,False,True,False,live
CORZ,2026-06-25 16:30:55.384498+00:00,2026-06-26 13:35:51.774895+00:00,27.68,26.19,65.0,-96.8499999999999,-0.05382947976878607,21.082330665833332,False,True,False,live
MRNA,2026-06-25 13:51:06.217112+00:00,2026-06-26 14:50:02.138298+00:00,59.45,67.58,98.0,796.7399999999996,0.13675357443229597,24.982200329444446,False,True,False,live
MRNA,2026-06-25 13:51:06.217112+00:00,2026-06-26 14:50:02.806417+00:00,59.45,67.58,138.0,1121.9399999999994,0.13675357443229597,24.982385918055556,False,True,False,live
MRNA,2026-06-25 13:51:07.079508+00:00,2026-06-26 14:50:02.806417+00:00,59.45,67.58,1.0,8.129999999999995,0.13675357443229597,24.98214636361111,False,True,False,live
MRNA,2026-06-25 13:51:07.079508+00:00,2026-06-26 14:50:03.878745+00:00,59.45,67.51,202.0,1628.1200000000003,0.1355761143818335,24.9824442325,False,True,False,live
MRNA,2026-06-25 13:51:07.079508+00:00,2026-06-26 14:50:04.451891+00:00,59.45,67.51,12.0,96.72000000000003,0.1355761143818335,24.982603439722222,False,True,False,live
MRNA,2026-06-25 13:51:07.079508+00:00,2026-06-26 14:50:04.863224+00:00,59.45,67.51,6.0,48.360000000000014,0.1355761143818335,24.98271769888889,False,True,False,live
LCID,2026-06-18 15:26:13.723920+00:00,2026-06-29 13:36:50.702888+00:00,5.26,6.14,1834.0,1613.9199999999998,0.16730038022813687,262.1769386022222,False,True,False,live
LCID,2026-06-18 15:26:13.723920+00:00,2026-06-29 13:37:25.863841+00:00,5.26,6.14,737.0,648.56,0.16730038022813687,262.18670553361113,False,True,False,live
LCID,2026-06-18 15:26:13.723920+00:00,2026-06-29 13:37:34.776775+00:00,5.26,6.14,730.0,642.4,0.16730038022813687,262.1891813486111,False,True,False,live
LCID,2026-06-18 15:26:14.590641+00:00,2026-06-29 13:37:34.776775+00:00,5.26,6.14,1968.0,1731.8399999999997,0.16730038022813687,262.1889405927778,False,True,False,live
LCID,2026-06-18 15:26:15.326974+00:00,2026-06-29 13:37:34.776775+00:00,5.26,6.14,1721.0,1514.4799999999998,0.16730038022813687,262.1887360558333,False,True,False,live
RXRX,2026-06-24 14:06:47.725624+00:00,2026-06-29 13:39:04.018136+00:00,3.23,3.68,84.0,37.80000000000001,0.13931888544891646,119.53785903111111,False,True,False,live
RXRX,2026-06-24 14:06:47.024708+00:00,2026-06-29 13:39:04.018136+00:00,3.23,3.68,99.0,44.55000000000002,0.13931888544891646,119.53805373,False,True,False,live
RXRX,2026-06-24 14:06:45.797050+00:00,2026-06-29 13:39:04.018136+00:00,3.23,3.68,1185.0,533.2500000000002,0.13931888544891646,119.53839474611111,False,True,False,live
RXRX,2026-06-24 14:06:45.461198+00:00,2026-06-29 13:39:04.018136+00:00,3.23,3.68,7079.0,3185.550000000001,0.13931888544891646,119.53848803833334,False,True,False,live
RXRX,2026-06-24 14:06:46.462880+00:00,2026-06-29 13:39:04.018136+00:00,3.23,3.68,697.0,313.65000000000015,0.13931888544891646,119.53820979333334,False,True,False,live
WOLF,2026-06-29 13:45:23.206660+00:00,2026-06-29 13:57:47.849035+00:00,46.35,43.22,231.0,-723.0300000000005,-0.06752966558791806,0.20684510416666668,True,True,False,live
WOLF,2026-06-29 13:45:23.206660+00:00,2026-06-29 13:57:48.921747+00:00,46.35,43.22,95.0,-297.35000000000025,-0.06752966558791806,0.20714307972222223,True,True,False,live
WOLF,2026-06-29 13:45:24.695361+00:00,2026-06-29 13:57:48.921747+00:00,46.35,43.22,214.0,-669.8200000000005,-0.06752966558791806,0.20672955166666668,True,True,False,live
WOLF,2026-06-29 13:45:24.695361+00:00,2026-06-29 13:57:49.224393+00:00,46.35,43.22,82.0,-256.6600000000002,-0.06752966558791806,0.20681362,True,True,False,live
RKLB,2026-06-29 11:59:07.591902+00:00,2026-06-29 14:13:35.129205+00:00,95.01,89.88,114.0,-584.8200000000011,-0.05399431638774876,2.240982584166667,True,True,False,live
RKLB,2026-06-29 11:59:07.925032+00:00,2026-06-29 14:13:35.129205+00:00,95.0,89.88,14.0,-71.68000000000006,-0.05389473684210531,2.2408900480555554,True,True,False,live
RKLB,2026-06-29 11:59:07.925032+00:00,2026-06-29 14:13:35.573085+00:00,95.0,89.89,11.0,-56.209999999999994,-0.05378947368421052,2.2410133480555556,True,True,False,live
RKLB,2026-06-29 11:59:07.925032+00:00,2026-06-29 14:13:36.629030+00:00,95.0,89.9,16.0,-81.59999999999991,-0.05368421052631573,2.241306666111111,True,True,False,live
ABBV,2026-06-22 13:58:42.386555+00:00,2026-06-29 14:40:29.427482+00:00,226.47,253.69,1.0,27.22,0.12019251998057137,168.6964002575,False,True,False,live
ABBV,2026-06-22 13:58:41.816891+00:00,2026-06-29 14:40:29.427482+00:00,226.47,253.69,6.0,163.32,0.12019251998057137,168.69655849749998,False,True,False,live
ABBV,2026-06-22 13:58:41.310487+00:00,2026-06-29 14:40:29.427482+00:00,226.47,253.69,166.0,4518.5199999999995,0.12019251998057137,168.69669916527778,False,True,False,live
HOOD,2026-06-29 13:40:11.192502+00:00,2026-06-29 19:41:53.994799+00:00,99.5,102.41,13.0,37.829999999999956,0.02924623115577886,6.02855619361111,True,False,False,live
HOOD,2026-06-29 13:40:12.496732+00:00,2026-06-29 19:41:53.994799+00:00,99.38,102.41,157.0,475.71000000000015,0.03048903199839003,6.0281939075,True,False,False,live
MSTR,2026-06-29 13:40:10.302141+00:00,2026-06-29 19:41:54.066653+00:00,85.48,92.84,69.0,507.84,0.08610201216658867,6.028823475555556,True,False,False,live
MSTR,2026-06-29 13:40:11.621625+00:00,2026-06-29 19:41:54.066653+00:00,85.45,92.84,84.0,620.76,0.08648332358104155,6.028456952222221,True,False,False,live
MSTR,2026-06-29 13:40:13.268219+00:00,2026-06-29 19:41:54.066653+00:00,85.49,92.84,17.0,124.95000000000014,0.08597496783249513,6.027999565,True,False,False,live
HOOD,2026-06-29 13:40:12.496732+00:00,2026-06-29 19:41:54.787643+00:00,99.38,102.41,4.0,12.120000000000005,0.03048903199839003,6.028414141944444,True,False,False,live
MSTR,2026-06-29 13:40:13.268219+00:00,2026-06-29 19:41:54.845490+00:00,85.49,92.84,6.0,44.10000000000005,0.08597496783249513,6.02821590861111,True,False,False,live
HOOD,2026-06-29 13:40:12.496732+00:00,2026-06-29 19:41:55.369367+00:00,99.38,102.4,2.0,6.0400000000000205,0.030388408130408637,6.028575731944445,True,False,False,live
MSTR,2026-06-29 13:40:13.268219+00:00,2026-06-29 19:41:55.437640+00:00,85.49,92.84,31.0,227.85000000000025,0.08597496783249513,6.028380394722221,True,False,False,live
HOOD,2026-06-29 13:40:12.496732+00:00,2026-06-29 19:41:56.407658+00:00,99.38,102.4,2.0,6.0400000000000205,0.030388408130408637,6.028864146111111,True,False,False,live
MSTR,2026-06-29 13:40:13.268219+00:00,2026-06-29 19:41:56.496119+00:00,85.49,92.84,2.0,14.700000000000017,0.08597496783249513,6.028674416666667,True,False,False,live
ONDS,2026-06-30 11:09:22.965009+00:00,2026-06-30 15:06:37.197341+00:00,8.56,8.1,425.0,-195.50000000000037,-0.05373831775700944,3.9539534255555555,True,True,False,live
ONDS,2026-06-30 11:09:22.560086+00:00,2026-06-30 15:06:37.197341+00:00,8.56,8.1,372.0,-171.12000000000032,-0.05373831775700944,3.9540659041666664,True,True,False,live
ONDS,2026-06-30 11:09:22.284177+00:00,2026-06-30 15:06:37.197341+00:00,8.56,8.1,318.0,-146.28000000000026,-0.05373831775700944,3.9541425455555554,True,True,False,live
ONDS,2026-06-30 11:09:21.878663+00:00,2026-06-30 15:06:37.197341+00:00,8.56,8.1,136.0,-62.560000000000116,-0.05373831775700944,3.9542551883333332,True,True,False,live
ONDS,2026-06-30 11:09:07.110839+00:00,2026-06-30 15:06:37.197341+00:00,8.57,8.1,1.0,-0.47000000000000064,-0.05484247374562434,3.9583573616666667,True,True,False,live
ONDS,2026-06-30 11:09:05.585029+00:00,2026-06-30 15:06:37.197341+00:00,8.57,8.1,1820.0,-855.4000000000011,-0.05484247374562434,3.9587811977777774,True,True,False,live
ONDS,2026-06-30 11:09:06.507521+00:00,2026-06-30 15:06:37.197341+00:00,8.57,8.1,9.0,-4.230000000000006,-0.05484247374562434,3.9585249499999997,True,True,False,live
ONDS,2026-06-30 11:09:06.123015+00:00,2026-06-30 15:06:37.197341+00:00,8.57,8.1,16.0,-7.52000000000001,-0.05484247374562434,3.9586317572222223,True,True,False,live
ONDS,2026-06-30 11:09:05.848146+00:00,2026-06-30 15:06:37.197341+00:00,8.57,8.1,14.0,-6.580000000000009,-0.05484247374562434,3.9587081097222225,True,True,False,live
ONDS,2026-06-30 11:09:06.851975+00:00,2026-06-30 15:06:37.197341+00:00,8.57,8.1,1.0,-0.47000000000000064,-0.05484247374562434,3.958429268333333,True,True,False,live
ONDS,2026-06-30 11:09:22.965009+00:00,2026-06-30 15:06:38.563205+00:00,8.56,8.1,609.0,-280.1400000000005,-0.05373831775700944,3.9543328322222226,True,True,False,live
AMD,2026-06-12 13:45:45.410672+00:00,2026-06-30 15:07:28.235055+00:00,502.25,563.95,1.0,61.700000000000045,0.12284718765555011,433.3618956619444,False,True,False,live
AMD,2026-06-12 13:45:44.383623+00:00,2026-06-30 15:07:28.235055+00:00,502.19,563.95,11.0,679.3600000000006,0.12298134172325226,433.36218095333334,False,True,False,live
AMAT,2026-06-29 14:01:03.329050+00:00,2026-06-30 15:07:28.334267+00:00,658.37,737.18,28.0,2206.6799999999985,0.11970472530643854,25.106945893611112,False,True,False,live
AMAT,2026-06-29 14:01:02.999192+00:00,2026-06-30 15:07:28.334267+00:00,658.5,737.18,5.0,393.39999999999975,0.11948367501898247,25.10703752083333,False,True,False,live
AMD,2026-06-12 13:45:45.410672+00:00,2026-06-30 15:07:28.960248+00:00,502.25,563.96,5.0,308.5500000000002,0.12286709805873576,433.36209710444444,False,True,False,live
AMAT,2026-06-29 14:01:03.329050+00:00,2026-06-30 15:07:29.015940+00:00,658.37,737.18,3.0,236.42999999999984,0.11970472530643854,25.10713524722222,False,True,False,live
AMD,2026-06-12 13:45:45.410672+00:00,2026-06-30 15:07:29.618721+00:00,502.25,563.95,19.0,1172.3000000000009,0.12284718765555011,433.3622800136111,False,True,False,live
AMD,2026-06-12 13:45:46.501284+00:00,2026-06-30 15:07:29.618721+00:00,502.4,563.95,15.0,923.250000000001,0.12251194267515937,433.3619770658333,False,True,False,live
AMAT,2026-06-29 14:01:03.329050+00:00,2026-06-30 15:07:29.677501+00:00,658.37,737.18,6.0,472.8599999999997,0.11970472530643854,25.107319014166666,False,True,False,live
AMAT,2026-06-29 14:01:04.652079+00:00,2026-06-30 15:07:29.677501+00:00,658.36,737.18,1.0,78.81999999999994,0.11972173279057041,25.106951506111113,False,True,False,live
AMD,2026-06-12 13:45:46.501284+00:00,2026-06-30 15:07:30.571025+00:00,502.4,563.96,8.0,492.4800000000005,0.12253184713375809,433.3622415947222,False,True,False,live
AMAT,2026-06-29 14:01:05.434886+00:00,2026-06-30 15:07:30.629708+00:00,658.36,737.28,1.0,78.91999999999996,0.11987362537213676,25.106998561666668,False,True,False,live
WOLF,2026-06-30 16:37:16.336130+00:00,2026-07-01 13:32:01.095839+00:00,50.94,47.07,399.0,-1544.129999999999,-0.07597173144876321,20.9124332525,False,True,False,live
WOLF,2026-06-30 16:37:17.607632+00:00,2026-07-01 13:32:01.095839+00:00,50.94,47.07,229.0,-886.2299999999994,-0.07597173144876321,20.9120800575,False,True,False,live
WOLF,2026-06-30 19:50:02.315418+00:00,2026-07-01 13:32:01.095839+00:00,48.7,47.07,123.0,-200.49000000000032,-0.03347022587268999,17.699661228055557,False,True,False,live
AMAT,2026-06-30 20:20:55.018905+00:00,2026-07-01 13:32:06.746340+00:00,725.5,680.01,21.0,-955.2900000000002,-0.0627015851137147,17.186590954166668,False,True,False,live
WOLF,2026-06-30 19:50:02.315418+00:00,2026-07-01 13:33:05.905098+00:00,48.7,47.07,191.0,-311.3300000000005,-0.03347022587268999,17.7176638,False,True,False,live
WOLF,2026-06-30 19:50:02.315418+00:00,2026-07-01 13:34:32.752442+00:00,48.7,47.0,223.0,-379.10000000000065,-0.03490759753593435,17.741788062222223,False,True,False,live
WOLF,2026-06-30 19:50:03.865002+00:00,2026-07-01 13:34:32.752442+00:00,48.66,47.0,37.0,-61.419999999999874,-0.034114262227702356,17.74135762222222,False,True,False,live
WOLF,2026-06-30 19:50:03.865002+00:00,2026-07-01 13:35:31.227319+00:00,48.66,46.66,63.0,-126.0,-0.04110152075626799,17.75760064361111,False,True,False,live
WOLF,2026-06-30 19:50:05.016688+00:00,2026-07-01 13:35:31.227319+00:00,48.55,46.66,5.0,-9.450000000000003,-0.038928939237899085,17.757280730833333,False,True,False,live
WOLF,2026-06-30 19:50:05.016688+00:00,2026-07-01 13:36:05.672649+00:00,48.55,46.66,6.0,-11.340000000000003,-0.038928939237899085,17.766848878055555,False,True,False,live
WOLF,2026-06-30 19:50:05.016688+00:00,2026-07-01 13:36:17.362850+00:00,48.55,46.76,2.0,-3.5799999999999983,-0.036869207003089585,17.770096156111112,False,True,False,live
WOLF,2026-06-30 19:50:05.016688+00:00,2026-07-01 13:36:51.073149+00:00,48.55,46.66,6.0,-11.340000000000003,-0.038928939237899085,17.779460128055554,False,True,False,live
CAT,2026-06-25 15:15:32.489335+00:00,2026-07-01 18:21:41.014979+00:00,1042.12,989.28,21.0,-1109.6399999999983,-0.05070433347407201,147.10236823444444,False,True,False,live
CAT,2026-06-25 15:15:32.518475+00:00,2026-07-01 18:21:41.014979+00:00,1042.12,989.28,11.0,-581.2399999999991,-0.05070433347407201,147.10236014,False,True,False,live
CAT,2026-06-25 15:15:33.393464+00:00,2026-07-01 18:21:41.014979+00:00,1042.12,989.28,3.0,-158.51999999999975,-0.05070433347407201,147.1021170875,False,True,False,live
CAT,2026-06-25 15:15:33.420712+00:00,2026-07-01 18:21:41.014979+00:00,1042.12,989.28,8.0,-422.71999999999935,-0.05070433347407201,147.10210951861112,False,True,False,live
CAT,2026-06-25 15:15:34.181389+00:00,2026-07-01 18:21:41.875117+00:00,1042.12,989.21,1.0,-52.909999999999854,-0.05077150424135403,147.10213714666668,False,True,False,live
CAT,2026-06-25 15:15:34.155418+00:00,2026-07-01 18:21:41.875117+00:00,1042.12,989.21,1.0,-52.909999999999854,-0.05077150424135403,147.10214436083334,False,True,False,live
CAT,2026-06-25 15:15:33.420712+00:00,2026-07-01 18:21:41.875117+00:00,1042.12,989.21,4.0,-211.63999999999942,-0.05077150424135403,147.10234844583331,False,True,False,live
CAT,2026-06-25 15:15:34.484859+00:00,2026-07-01 18:21:42.683171+00:00,1042.12,989.21,1.0,-52.909999999999854,-0.05077150424135403,147.1022773088889,False,True,False,live
CAT,2026-06-25 15:15:34.484859+00:00,2026-07-01 18:21:43.311304+00:00,1042.12,989.2,1.0,-52.919999999999845,-0.05078110006525146,147.10245179027777,False,True,False,live
CAT,2026-06-25 15:16:14.859987+00:00,2026-07-01 18:21:43.654726+00:00,1042.34,989.2,1.0,-53.13999999999987,-0.0509814455935682,147.09133187194445,False,True,False,live
QCOM,2026-07-01 13:45:51.754363+00:00,2026-07-02 15:06:20.420087+00:00,185.5,175.74,40.0,-390.39999999999964,-0.05261455525606464,25.341296034444447,False,True,False,live
QCOM,2026-07-01 13:45:52.886695+00:00,2026-07-02 15:06:20.420087+00:00,185.5,175.74,127.0,-1239.5199999999988,-0.05261455525606464,25.340981497777776,False,True,False,live
IONQ,2026-06-29 14:07:18.273183+00:00,2026-07-02 19:05:14.957175+00:00,51.08,48.44,123.0,-324.7200000000001,-0.05168363351605326,76.96574555333333,False,True,False,live
IONQ,2026-06-29 14:07:19.441630+00:00,2026-07-02 19:05:14.957175+00:00,51.06,48.44,35.0,-91.70000000000016,-0.05131218174696444,76.96542098472221,False,True,False,live
IONQ,2026-06-29 14:07:19.441630+00:00,2026-07-02 19:05:16.035940+00:00,51.06,48.45,407.0,-1062.2699999999998,-0.05111633372502936,76.96572064166666,False,True,False,live
RBLX,2026-06-29 14:01:04.559744+00:00,2026-08-11 13:32:54.569316+00:00,53.57,36.75,192.0,-3229.44,-0.3139817061788314,1031.5305582144445,False,True,False,live
RBLX,2026-06-29 14:01:06.183810+00:00,2026-08-11 13:32:54.569316+00:00,53.6,36.75,82.0,-1381.7,-0.3143656716417911,1031.530107085,False,True,False,live
RBLX,2026-06-29 14:01:06.787956+00:00,2026-08-11 13:32:54.569316+00:00,53.66,36.75,170.0,-2874.6999999999994,-0.31513231457323887,1031.5299392666666,False,True,False,live
PLTR,2026-07-01 12:55:05.175453+00:00,2026-08-11 13:32:57.592529+00:00,120.2,174.61,28.0,1523.4800000000002,0.45266222961730457,984.6312269655556,False,True,False,live
SNAP,2026-06-30 16:52:50.897696+00:00,2026-08-11 13:33:27.588431+00:00,4.46,5.41,1169.0,1110.5500000000002,0.21300448430493277,1004.6768585375,False,True,False,live
SNAP,2026-06-30 16:52:51.624281+00:00,2026-08-11 13:33:27.588431+00:00,4.46,5.41,5258.0,4995.100000000001,0.21300448430493277,1004.6766567083333,False,True,False,live
AMZN,2026-06-29 20:21:34.003920+00:00,2026-08-11 13:33:30.375977+00:00,239.85,275.38,59.0,2096.27,0.14813425057327498,1025.1989922380556,False,True,False,live
AMZN,2026-06-29 20:21:34.198552+00:00,2026-08-11 13:33:30.375977+00:00,239.85,275.38,1.0,35.53,0.14813425057327498,1025.1989381736112,False,True,False,live
AMZN,2026-06-29 20:21:34.527616+00:00,2026-08-11 13:33:30.375977+00:00,239.85,275.38,4.0,142.12,0.14813425057327498,1025.1988467669444,False,True,False,live
RXRX,2026-06-29 14:10:28.347144+00:00,2026-08-11 13:33:31.950609+00:00,3.62,3.31,4906.0,-1520.8600000000004,-0.08563535911602212,1031.3843342958335,False,True,False,live
RXRX,2026-06-29 14:10:29.092973+00:00,2026-08-11 13:33:31.950609+00:00,3.62,3.31,1772.0,-549.32,-0.08563535911602212,1031.384127121111,False,True,False,live
SNAP,2026-06-30 16:52:51.624281+00:00,2026-08-11 13:33:48.174120+00:00,4.46,5.41,134.0,127.30000000000003,0.21300448430493277,1004.6823749552779,False,True,False,live
RXRX,2026-06-29 14:10:29.092973+00:00,2026-08-11 13:33:50.968230+00:00,3.62,3.29,362.0,-119.46000000000002,-0.09116022099447516,1031.389409793611,False,True,False,live
RBLX,2026-06-29 14:01:06.787956+00:00,2026-08-11 13:34:06.776550+00:00,53.66,36.73,56.0,-948.0799999999999,-0.3155050316809542,1031.5499968316667,False,True,False,live
RBLX,2026-06-29 14:01:08.212201+00:00,2026-08-11 13:34:06.776550+00:00,53.66,36.73,6.0,-101.58,-0.3155050316809542,1031.5496012080555,False,True,False,live
PLTR,2026-07-01 12:55:05.175453+00:00,2026-08-11 13:34:08.733292+00:00,120.2,174.78,3.0,163.74,0.4540765391014975,984.6509882886112,False,True,False,live
SNAP,2026-06-30 16:52:51.624281+00:00,2026-08-11 13:34:20.282395+00:00,4.46,5.4,681.0,640.1400000000002,0.2107623318385651,1004.6912939205556,False,True,False,live
RXRX,2026-06-29 14:10:29.092973+00:00,2026-08-11 13:34:22.052542+00:00,3.62,3.28,562.0,-191.08000000000018,-0.09392265193370174,1031.3980443247224,False,True,False,live
RBLX,2026-06-29 14:01:08.212201+00:00,2026-08-11 13:34:32.185659+00:00,53.66,36.82,42.0,-707.2799999999999,-0.3138278046962355,1031.556659293889,False,True,False,live
PLTR,2026-07-01 12:55:05.175453+00:00,2026-08-11 13:34:33.154490+00:00,120.2,174.89,74.0,4047.0599999999986,0.45499168053244576,984.6577719547222,False,True,False,live
RXRX,2026-06-29 14:10:29.092973+00:00,2026-08-11 13:34:38.216648+00:00,3.62,3.28,33.0,-11.22000000000001,-0.09392265193370174,1031.4025343541666,False,True,False,live
PLTR,2026-07-01 12:55:05.175453+00:00,2026-08-11 13:34:45.051145+00:00,120.2,174.77,21.0,1145.9700000000003,0.4539933444259568,984.6610765811112,False,True,False,live
RXRX,2026-06-29 14:10:29.092973+00:00,2026-08-11 13:34:59.480057+00:00,3.62,3.28,284.0,-96.56000000000009,-0.09392265193370174,1031.4084408566666,False,True,False,live
JOBY,2026-08-11 13:52:00.078266+00:00,2026-08-11 17:23:01.603505+00:00,8.76,8.31,1201.0,-540.4499999999991,-0.05136986301369855,3.5170903441666668,True,True,False,live
JOBY,2026-08-11 13:52:00.442201+00:00,2026-08-11 17:23:01.603505+00:00,8.76,8.31,2294.0,-1032.2999999999984,-0.05136986301369855,3.5169892511111107,True,True,False,live
WULF,2026-08-11 14:30:59.692659+00:00,2026-08-12 14:01:36.875512+00:00,17.1,17.43,4.0,1.3199999999999932,0.019298245614034988,23.51032857027778,False,True,False,live
WULF,2026-08-11 14:31:00.132760+00:00,2026-08-12 14:01:36.875512+00:00,17.1,17.43,779.0,257.0699999999987,0.019298245614034988,23.51020632,False,True,False,live
WULF,2026-08-11 14:31:00.132760+00:00,2026-08-12 14:01:38.155661+00:00,17.1,17.43,428.0,141.23999999999927,0.019298245614034988,23.510561916944447,False,True,False,live
WULF,2026-08-11 14:31:06.351353+00:00,2026-08-12 14:01:38.676397+00:00,17.1,17.42,17.0,5.440000000000005,0.018713450292397675,23.50897917888889,False,True,False,live
WULF,2026-08-11 14:31:05.314050+00:00,2026-08-12 14:01:38.676397+00:00,17.1,17.42,21.0,6.720000000000006,0.018713450292397675,23.509267318611112,False,True,False,live
WULF,2026-08-11 14:31:03.775166+00:00,2026-08-12 14:01:38.676397+00:00,17.1,17.42,21.0,6.720000000000006,0.018713450292397675,23.509694786388888,False,True,False,live
WULF,2026-08-11 14:31:02.926220+00:00,2026-08-12 14:01:38.676397+00:00,17.09,17.42,11.0,3.6300000000000203,0.01930953774136933,23.50993060472222,False,True,False,live
WULF,2026-08-11 14:31:00.939894+00:00,2026-08-12 14:01:38.676397+00:00,17.1,17.42,489.0,156.48000000000013,0.018713450292397675,23.510482361944444,False,True,False,live
WULF,2026-08-11 14:31:00.132760+00:00,2026-08-12 14:01:38.676397+00:00,17.1,17.42,54.0,17.280000000000015,0.018713450292397675,23.51070656583333,False,True,False,live
IREN,2026-08-11 14:19:46.239855+00:00,2026-08-12 14:34:03.581792+00:00,40.39,42.35,278.0,544.8800000000002,0.04852686308492203,24.238150538055557,False,True,False,live
IREN,2026-08-11 14:19:47.056374+00:00,2026-08-12 14:34:03.581792+00:00,40.38,42.35,280.0,551.5999999999997,0.048786527984150535,24.237923727222224,False,True,False,live
IREN,2026-08-11 14:19:47.056374+00:00,2026-08-12 14:34:03.746593+00:00,40.38,42.35,10.0,19.69999999999999,0.048786527984150535,24.23796950527778,False,True,False,live
IREN,2026-08-11 14:19:47.056374+00:00,2026-08-12 14:34:04.640477+00:00,40.38,42.32,167.0,323.9799999999996,0.04804358593363045,24.23821780638889,False,True,False,live
IREN,2026-08-11 14:19:48.021447+00:00,2026-08-12 14:34:04.640477+00:00,40.36,42.32,16.0,31.360000000000014,0.04856293359762143,24.237949730555556,False,True,False,live
IREN,2026-08-11 14:19:49.354166+00:00,2026-08-12 14:34:04.640477+00:00,40.36,42.32,4.0,7.840000000000003,0.04856293359762143,24.237579530833333,False,True,False,live
IREN,2026-08-11 14:19:50.102364+00:00,2026-08-12 14:34:04.640477+00:00,40.37,42.32,13.0,25.350000000000037,0.04830319544216009,24.237371698055558,False,True,False,live
IREN,2026-08-11 14:19:50.745494+00:00,2026-08-12 14:34:04.640477+00:00,40.38,42.32,2.0,3.8799999999999955,0.04804358593363045,24.237193050833334,False,True,False,live
IREN,2026-08-11 14:19:51.463989+00:00,2026-08-12 14:34:04.640477+00:00,40.4,42.32,5.0,9.600000000000009,0.04752475247524757,24.236993468888887,False,True,False,live
LCID,2026-06-29 15:06:55.847640+00:00,2026-08-12 14:50:10.475913+00:00,6.28,6.48,3109.0,621.8000000000005,0.03184713375796181,1055.7207300758334,False,True,False,live
LCID,2026-06-29 15:06:55.437454+00:00,2026-08-12 14:50:10.475913+00:00,6.28,6.48,1374.0,274.80000000000024,0.03184713375796181,1055.720844016389,False,True,False,live
LCID,2026-06-29 15:06:54.850632+00:00,2026-08-12 14:50:10.475913+00:00,6.28,6.48,256.0,51.200000000000045,0.03184713375796181,1055.7210070225,False,True,False,live
SMCI,2026-08-12 13:12:32.968686+00:00,2026-08-12 15:03:29.831599+00:00,34.59,35.66,331.0,354.16999999999774,0.030933795894767073,1.8491285869444445,True,True,False,live
SMCI,2026-08-12 13:12:34.028985+00:00,2026-08-12 15:03:29.831599+00:00,34.6,35.66,49.0,51.93999999999976,0.030635838150288877,1.8488340594444446,True,True,False,live
SMCI,2026-08-12 13:12:34.028985+00:00,2026-08-12 15:03:30.637237+00:00,34.6,35.66,24.0,25.439999999999884,0.030635838150288877,1.8490578477777777,True,True,False,live
SMCI,2026-08-12 13:12:34.028985+00:00,2026-08-12 15:03:31.665061+00:00,34.6,35.67,13.0,13.910000000000004,0.030924855491329485,1.8493433544444444,True,True,False,live
SMCI,2026-08-12 13:12:34.449755+00:00,2026-08-12 15:03:31.665061+00:00,34.6,35.67,39.0,41.73000000000001,0.030924855491329485,1.8492264738888888,True,True,False,live
CLSK,2026-08-11 13:42:17.076792+00:00,2026-08-13 14:50:27.395431+00:00,11.96,12.05,2555.0,229.94999999999965,0.007525083612040121,49.13619962194445,False,True,False,live
WOLF,2026-08-12 14:02:14.977157+00:00,2026-08-13 15:35:24.684253+00:00,31.62,31.96,531.0,180.53999999999994,0.010752688172043006,25.552696415555555,False,True,False,live
WOLF,2026-08-12 14:02:15.451500+00:00,2026-08-13 15:35:24.684253+00:00,31.62,31.96,209.0,71.05999999999997,0.010752688172043006,25.552564653611114,False,True,False,live
WOLF,2026-08-12 14:02:15.451500+00:00,2026-08-13 15:35:25.517590+00:00,31.62,31.96,162.0,55.07999999999998,0.010752688172043006,25.55279613611111,False,True,False,live
WOLF,2026-08-12 14:02:15.451500+00:00,2026-08-13 15:35:26.174989+00:00,31.62,31.96,38.0,12.919999999999995,0.010752688172043006,25.552978746944444,False,True,False,live
WOLF,2026-08-12 14:02:15.451500+00:00,2026-08-13 15:35:27.222809+00:00,31.62,31.96,17.0,5.779999999999998,0.010752688172043006,25.553269808055557,False,True,False,live
SMCI,2026-08-13 11:08:25.126871+00:00,2026-08-13 16:04:32.443510+00:00,38.38,40.68,19.0,43.699999999999946,0.05992704533611248,4.935365733055556,True,True,False,live
SMCI,2026-08-13 11:08:24.637746+00:00,2026-08-13 16:04:32.443510+00:00,38.38,40.68,52.0,119.59999999999985,0.05992704533611248,4.9355016011111115,True,True,False,live
SMCI,2026-08-13 11:08:24.032996+00:00,2026-08-13 16:04:32.443510+00:00,38.38,40.68,39.0,89.69999999999989,0.05992704533611248,4.935669587222222,True,True,False,live
SMCI,2026-08-13 11:08:24.221567+00:00,2026-08-13 16:04:32.443510+00:00,38.38,40.68,322.0,740.5999999999991,0.05992704533611248,4.935617206388889,True,True,False,live
SMCI,2026-08-13 11:08:24.358006+00:00,2026-08-13 16:04:32.443510+00:00,38.38,40.68,354.0,814.199999999999,0.05992704533611248,4.935579306666666,True,True,False,live
SMCI,2026-08-13 16:04:36.595745+00:00,2026-08-13 16:07:50.586055+00:00,40.68,40.64,68.0,-2.719999999999942,-0.0009832841691248561,0.053886197222222224,True,True,False,live
SMCI,2026-08-13 16:04:37.313233+00:00,2026-08-13 16:07:50.586055+00:00,40.68,40.64,492.0,-19.67999999999958,-0.0009832841691248561,0.053686895,True,True,False,live
SMCI,2026-08-13 16:04:38.057767+00:00,2026-08-13 16:07:50.586055+00:00,40.67,40.64,155.0,-4.650000000000176,-0.0007376444553725384,0.05348008,True,True,False,live
SMCI,2026-08-13 16:04:38.577325+00:00,2026-08-13 16:07:50.586055+00:00,40.67,40.64,9.0,-0.27000000000001023,-0.0007376444553725384,0.05333575833333334,True,True,False,live
SMCI,2026-08-13 16:04:39.399414+00:00,2026-08-13 16:07:50.586055+00:00,40.67,40.64,26.0,-0.7800000000000296,-0.0007376444553725384,0.05310740027777778,True,True,False,live
SMCI,2026-08-13 16:07:55.536310+00:00,2026-08-13 16:11:09.250013+00:00,40.65,40.43,44.0,-9.67999999999995,-0.005412054120541177,0.053809361944444446,True,True,False,live
SMCI,2026-08-13 16:07:54.728044+00:00,2026-08-13 16:11:09.250013+00:00,40.65,40.43,419.0,-92.17999999999952,-0.005412054120541177,0.05403388027777778,True,True,False,live
SMCI,2026-08-13 16:07:55.536310+00:00,2026-08-13 16:11:09.569334+00:00,40.65,40.43,285.0,-62.699999999999676,-0.005412054120541177,0.05389806222222222,True,True,False,live
LCID,2026-08-14 13:45:35.775398+00:00,2026-08-14 18:37:51.455691+00:00,6.51,6.17,2649.0,-900.6599999999996,-0.05222734254992317,4.871022303611111,True,True,False,live
LCID,2026-08-14 13:45:35.775398+00:00,2026-08-14 18:37:52.147976+00:00,6.51,6.17,520.0,-176.79999999999993,-0.05222734254992317,4.871214605,True,True,False,live
LCID,2026-08-14 13:45:35.775398+00:00,2026-08-14 18:37:53.178905+00:00,6.51,6.17,635.0,-215.89999999999992,-0.05222734254992317,4.871500974166667,True,True,False,live
LCID,2026-08-14 13:45:35.775398+00:00,2026-08-14 18:37:53.464476+00:00,6.51,6.17,600.0,-203.99999999999991,-0.05222734254992317,4.871580299444444,True,True,False,live
LCID,2026-08-14 13:45:35.775398+00:00,2026-08-14 18:37:54.636130+00:00,6.51,6.17,167.0,-56.77999999999997,-0.05222734254992317,4.871905758888889,True,True,False,live
LCID,2026-08-14 13:45:35.775398+00:00,2026-08-14 18:37:55.454007+00:00,6.51,6.17,39.0,-13.259999999999994,-0.05222734254992317,4.872132946944444,True,True,False,live
LCID,2026-08-14 13:45:35.775398+00:00,2026-08-14 18:37:56.124397+00:00,6.51,6.17,55.0,-18.699999999999992,-0.05222734254992317,4.872319166388889,True,True,False,live
LCID,2026-08-14 13:45:35.775398+00:00,2026-08-14 18:37:56.414215+00:00,6.51,6.17,6.0,-2.039999999999999,-0.05222734254992317,4.872399671388889,True,True,False,live
LCID,2026-08-14 13:45:35.775398+00:00,2026-08-14 18:37:57.301330+00:00,6.51,6.17,18.0,-6.119999999999997,-0.05222734254992317,4.872646092222222,True,True,False,live
LCID,2026-08-14 13:45:35.775398+00:00,2026-08-14 18:37:58.330617+00:00,6.51,6.17,10.0,-3.3999999999999986,-0.05222734254992317,4.872932005277778,True,True,False,live
UDOW,2026-06-25 15:13:00.676643+00:00,2026-08-17 17:19:33.912064+00:00,70.01,73.91,2.0,7.799999999999983,0.05570632766747595,1274.1092320613889,False,True,False,live
UDOW,2026-06-25 15:12:59.566552+00:00,2026-08-17 17:19:33.912064+00:00,70.01,73.91,1.0,3.8999999999999915,0.05570632766747595,1274.10954042,False,True,False,live
UDOW,2026-06-25 15:13:00.433952+00:00,2026-08-17 17:19:33.912064+00:00,70.01,73.91,6.0,23.39999999999995,0.05570632766747595,1274.1092994755556,False,True,False,live
UDOW,2026-06-25 15:12:58.520446+00:00,2026-08-17 17:19:33.912064+00:00,70.02,73.91,372.0,1447.0800000000002,0.055555555555555566,1274.1098310050002,False,True,False,live
UDOW,2026-06-25 15:12:59.054029+00:00,2026-08-17 17:19:33.912064+00:00,70.01,73.91,9.0,35.09999999999992,0.05570632766747595,1274.1096827875,False,True,False,live
UNH,2026-05-18 13:45:24.544444+00:00,2026-08-17 17:35:24.915168+00:00,385.0,394.01,50.0,450.49999999999955,0.02340259740259738,2187.833436312222,False,True,False,live
UNH,2026-05-18 13:45:25.028119+00:00,2026-08-17 17:35:24.915168+00:00,385.0,394.01,14.0,126.13999999999987,0.02340259740259738,2187.8333019580555,False,True,False,live
UNH,2026-05-18 13:45:26.979765+00:00,2026-08-17 17:35:24.915168+00:00,385.0,394.01,1.0,9.009999999999991,0.02340259740259738,2187.8327598341666,False,True,False,live
UNH,2026-05-18 13:45:27.447002+00:00,2026-08-17 17:35:25.709436+00:00,385.0,394.01,1.0,9.009999999999991,0.02340259740259738,2187.8328506761113,False,True,False,live
UNH,2026-05-18 13:45:28.501474+00:00,2026-08-17 17:35:25.709436+00:00,385.0,394.01,2.0,18.019999999999982,0.02340259740259738,2187.832557767222,False,True,False,live
UNH,2026-05-18 13:45:29.392487+00:00,2026-08-17 17:35:25.709436+00:00,384.99,394.01,1.0,9.019999999999982,0.023429179978700698,2187.832310263611,False,True,False,live
UNH,2026-05-18 13:45:29.392487+00:00,2026-08-17 17:35:26.729340+00:00,384.99,394.01,1.0,9.019999999999982,0.023429179978700698,2187.832593570278,False,True,False,live
SMCI,2026-08-13 16:14:29.118345+00:00,2026-08-17 17:51:48.150326+00:00,40.17,37.94,248.0,-553.040000000001,-0.05551406522280319,97.62195332805555,False,True,False,live
SMCI,2026-08-13 16:14:29.991470+00:00,2026-08-17 17:51:48.150326+00:00,40.17,37.94,168.0,-374.64000000000067,-0.05551406522280319,97.62171079333334,False,True,False,live
SMCI,2026-08-13 16:14:30.881388+00:00,2026-08-17 17:51:48.150326+00:00,40.18,37.94,56.0,-125.44000000000011,-0.055749128919860676,97.62146359388889,False,True,False,live
SMCI,2026-08-13 16:14:34.398017+00:00,2026-08-17 17:51:48.679040+00:00,40.16,37.94,2.0,-4.439999999999998,-0.05527888446215137,97.6206336175,False,True,False,live
SMCI,2026-08-13 16:14:32.199869+00:00,2026-08-17 17:51:48.679040+00:00,40.18,37.94,103.0,-230.7200000000002,-0.055749128919860676,97.62124421416667,False,True,False,live
SMCI,2026-08-13 16:14:33.119100+00:00,2026-08-17 17:51:48.679040+00:00,40.18,37.94,33.0,-73.92000000000007,-0.055749128919860676,97.62098887222223,False,True,False,live
SMCI,2026-08-13 16:14:31.211747+00:00,2026-08-17 17:51:48.679040+00:00,40.18,37.94,73.0,-163.52000000000015,-0.055749128919860676,97.6215186925,False,True,False,live
SMCI,2026-08-13 16:14:30.881388+00:00,2026-08-17 17:51:48.679040+00:00,40.18,37.94,59.0,-132.1600000000001,-0.055749128919860676,97.62161045888888,False,True,False,live
SMCI,2026-08-13 16:14:34.398017+00:00,2026-08-17 17:51:49.491931+00:00,40.16,37.93,2.0,-4.459999999999994,-0.05552788844621507,97.62085942055556,False,True,False,live
SMCI,2026-08-13 16:14:35.032936+00:00,2026-08-17 17:51:50.101128+00:00,40.16,37.93,1.0,-2.229999999999997,-0.05552788844621507,97.62085227555555,False,True,False,live
ARM,2026-08-13 14:54:11.607279+00:00,2026-08-17 18:11:18.740151+00:00,288.77,274.01,111.0,-1638.359999999999,-0.051113342798767156,99.28531468666667,False,True,False,live
MRVL,2026-08-17 19:07:05.998172+00:00,2026-08-18 13:30:35.610195+00:00,234.9,222.5,1.0,-12.400000000000006,-0.05278842060451258,18.391558895277775,False,True,False,live
MRVL,2026-08-17 19:07:04.920363+00:00,2026-08-18 13:30:35.610195+00:00,234.9,222.5,26.0,-322.40000000000015,-0.05278842060451258,18.391858286666668,False,True,False,live
MRVL,2026-08-17 19:07:03.776297+00:00,2026-08-18 13:30:35.610195+00:00,234.93,222.5,13.0,-161.5900000000001,-0.05290937726131191,18.392176082777777,False,True,False,live
MRVL,2026-08-17 19:07:03.047423+00:00,2026-08-18 13:30:35.610195+00:00,234.93,222.5,10.0,-124.30000000000007,-0.05290937726131191,18.392378547777778,False,True,False,live
MRVL,2026-08-17 19:07:05.156243+00:00,2026-08-18 13:30:35.610195+00:00,234.9,222.5,1.0,-12.400000000000006,-0.05278842060451258,18.391792764444443,False,True,False,live
MRVL,2026-08-17 19:07:00.949446+00:00,2026-08-18 13:30:35.610195+00:00,234.95,222.5,34.0,-423.2999999999996,-0.05298999787188759,18.392961319166666,False,True,False,live
MRVL,2026-08-17 19:05:01.216137+00:00,2026-08-18 13:30:35.610195+00:00,234.94,222.5,1.0,-12.439999999999998,-0.052949689282369955,18.42622057166667,False,True,False,live
MRVL,2026-08-17 18:11:15.885231+00:00,2026-08-18 13:30:35.610195+00:00,234.95,222.5,28.0,-348.5999999999997,-0.05298999787188759,19.322145823333333,False,True,False,live
MRVL,2026-08-17 19:07:02.344220+00:00,2026-08-18 13:30:35.610195+00:00,234.93,222.5,15.0,-186.4500000000001,-0.05290937726131191,18.392573881944443,False,True,False,live
MU,2026-08-17 18:56:07.765583+00:00,2026-08-18 13:32:33.411258+00:00,1016.78,971.48,15.0,-679.4999999999993,-0.044552410550954935,18.607123798611113,False,True,False,live
MU,2026-08-17 18:56:08.703674+00:00,2026-08-18 13:32:33.411258+00:00,1016.78,971.48,10.0,-452.99999999999955,-0.044552410550954935,18.60686321777778,False,True,False,live
MU,2026-08-17 18:56:09.223144+00:00,2026-08-18 13:32:33.411258+00:00,1016.78,971.48,1.0,-45.299999999999955,-0.044552410550954935,18.606718920555558,False,True,False,live
MU,2026-08-17 18:56:10.459102+00:00,2026-08-18 13:32:33.411258+00:00,1016.78,971.48,2.0,-90.59999999999991,-0.044552410550954935,18.60637559888889,False,True,False,live
MU,2026-08-17 18:56:10.806776+00:00,2026-08-18 13:32:33.411258+00:00,1016.78,971.48,1.0,-45.299999999999955,-0.044552410550954935,18.606279022777777,False,True,False,live
MU,2026-08-17 18:56:10.924860+00:00,2026-08-18 13:32:33.411258+00:00,1016.78,971.48,5.0,-226.49999999999977,-0.044552410550954935,18.606246221666666,False,True,False,live
MU,2026-08-17 18:56:11.469365+00:00,2026-08-18 13:32:33.411258+00:00,1016.78,971.48,12.0,-543.5999999999995,-0.044552410550954935,18.606094970277777,False,True,False,live
MU,2026-08-17 18:56:12.836375+00:00,2026-08-18 13:32:33.411258+00:00,1016.77,971.48,3.0,-135.8699999999999,-0.04454301366090656,18.605715245277775,False,True,False,live
MU,2026-08-17 18:56:13.731328+00:00,2026-08-18 13:32:33.411258+00:00,1016.5,971.48,9.0,-405.17999999999984,-0.04428922774225281,18.605466647222222,False,True,False,live
IREN,2026-08-18 13:50:03.227352+00:00,2026-08-18 19:22:20.169035+00:00,43.95,41.74,32.0,-70.72000000000003,-0.05028441410693972,5.5380393563888894,True,True,False,live
IREN,2026-08-18 13:50:03.227352+00:00,2026-08-18 19:22:21.820924+00:00,43.95,41.73,496.0,-1101.120000000003,-0.0505119453924916,5.538498214444445,True,True,False,live
IREN,2026-08-18 13:50:03.227352+00:00,2026-08-18 19:22:22.157352+00:00,43.95,41.73,4.0,-8.880000000000024,-0.0505119453924916,5.538591666666667,True,True,False,live
IREN,2026-08-18 13:50:03.227352+00:00,2026-08-18 19:22:23.494188+00:00,43.95,41.73,7.0,-15.540000000000042,-0.0505119453924916,5.53896301,True,True,False,live
IREN,2026-08-18 13:50:03.227352+00:00,2026-08-18 19:22:23.805899+00:00,43.95,41.73,64.0,-142.08000000000038,-0.0505119453924916,5.539049596388889,True,True,False,live
IREN,2026-08-18 13:50:03.227352+00:00,2026-08-18 19:22:24.796962+00:00,43.95,41.75,19.0,-41.800000000000054,-0.050056882821388,5.539324891666666,True,True,False,live
IREN,2026-08-18 13:50:03.227352+00:00,2026-08-18 19:22:25.506489+00:00,43.95,41.76,14.0,-30.660000000000068,-0.049829351535836286,5.5395219825,True,True,False,live
RKLB,2026-08-12 14:37:29.007037+00:00,2026-08-19 13:31:29.656768+00:00,80.97,75.9,62.0,-314.3399999999996,-0.0626157836235642,166.9001804808333,False,True,False,live
RKLB,2026-08-12 14:37:29.315655+00:00,2026-08-19 13:31:29.656768+00:00,80.97,75.9,61.0,-309.2699999999996,-0.0626157836235642,166.90009475361109,False,True,False,live
RKLB,2026-08-12 14:37:30.025718+00:00,2026-08-19 13:31:29.656768+00:00,80.93,75.9,17.0,-85.51000000000002,-0.06215247744964785,166.89989751388887,False,True,False,live
RKLB,2026-08-12 14:37:30.025718+00:00,2026-08-19 13:32:33.267897+00:00,80.93,76.47,159.0,-709.1400000000012,-0.05510935376251091,166.91756727194445,False,True,False,live
RKLB,2026-08-12 14:37:30.962411+00:00,2026-08-19 13:32:33.267897+00:00,80.93,76.47,55.0,-245.30000000000044,-0.05510935376251091,166.91730707944444,False,True,False,live
RKLB,2026-08-12 14:37:30.962411+00:00,2026-08-19 13:34:02.007922+00:00,80.93,76.5,24.0,-106.32000000000016,-0.05473866304213526,166.94195708638887,False,True,False,live
RIOT,2026-08-18 13:50:03.114302+00:00,2026-08-19 13:39:57.461704+00:00,19.38,18.28,1101.0,-1211.0999999999976,-0.056759545923632505,23.83176316722222,False,True,False,live
RIOT,2026-08-18 13:50:04.869669+00:00,2026-08-19 13:39:57.461704+00:00,19.4,18.28,329.0,-368.47999999999917,-0.05773195876288647,23.831275565277775,False,True,False,live
IONQ,2026-08-18 13:55:42.630377+00:00,2026-08-19 13:52:48.297384+00:00,44.84,42.2,350.0,-924.0000000000002,-0.05887600356824265,23.95157416861111,False,True,False,live
IONQ,2026-08-18 13:55:41.863891+00:00,2026-08-19 13:52:48.297384+00:00,44.85,42.2,71.0,-188.1499999999999,-0.05908584169453732,23.95178708138889,False,True,False,live
IONQ,2026-08-18 13:55:42.630377+00:00,2026-08-19 13:52:49.424515+00:00,44.84,42.21,167.0,-439.21000000000043,-0.058652988403211474,23.951887260555555,False,True,False,live
IONQ,2026-08-18 13:55:43.936354+00:00,2026-08-19 13:52:49.424515+00:00,44.85,42.21,28.0,-73.92000000000002,-0.058862876254180616,23.951524489166665,False,True,False,live
IONQ,2026-08-18 13:55:45.072470+00:00,2026-08-19 13:52:49.424515+00:00,44.85,42.21,2.0,-5.280000000000001,-0.058862876254180616,23.951208901388892,False,True,False,live
IONQ,2026-08-18 13:55:45.477426+00:00,2026-08-19 13:52:49.424515+00:00,44.85,42.21,1.0,-2.6400000000000006,-0.058862876254180616,23.951096413611108,False,True,False,live
IONQ,2026-08-18 13:55:46.545343+00:00,2026-08-19 13:52:49.424515+00:00,44.87,42.21,3.0,-7.97999999999999,-0.05928237129485172,23.95079977,False,True,False,live
IONQ,2026-08-18 13:55:47.271203+00:00,2026-08-19 13:52:49.424515+00:00,44.87,42.21,1.0,-2.6599999999999966,-0.05928237129485172,23.95059814222222,False,True,False,live
ARM,2026-08-19 13:41:03.857358+00:00,2026-08-19 14:09:18.519991+00:00,256.08,242.68,68.0,-911.1999999999985,-0.052327397688222345,0.47073962027777777,True,True,False,live
ARM,2026-08-19 13:41:03.857358+00:00,2026-08-19 14:09:19.650261+00:00,256.08,242.68,39.0,-522.5999999999991,-0.052327397688222345,0.47105358416666665,True,True,False,live
WOLF,2026-08-19 13:40:16.702070+00:00,2026-08-19 15:36:24.745953+00:00,29.33,27.81,799.0,-1214.4799999999996,-0.05182407091714966,1.9355677452777778,True,True,False,live
WOLF,2026-08-19 13:40:19.153096+00:00,2026-08-19 15:36:24.745953+00:00,29.33,27.81,29.0,-44.079999999999984,-0.05182407091714966,1.9348869047222221,True,True,False,live
WOLF,2026-08-19 13:40:21.020440+00:00,2026-08-19 15:36:24.745953+00:00,29.32,27.81,33.0,-49.830000000000055,-0.05150068212824016,1.9343681980555556,True,True,False,live
MSTR,2026-07-01 19:25:40.055070+00:00,2026-08-19 17:34:10.506586+00:00,94.56,102.88,7.0,58.23999999999995,0.08798646362098131,1174.1417920877777,False,True,False,live
MSTR,2026-07-01 19:25:40.906729+00:00,2026-08-19 17:34:10.506586+00:00,94.51,102.88,2.0,16.73999999999998,0.08856205692519299,1174.1415555158333,False,True,False,live
MSTR,2026-07-01 19:25:39.157497+00:00,2026-08-19 17:34:10.506586+00:00,94.56,102.88,110.0,915.1999999999992,0.08798646362098131,1174.1420414136112,False,True,False,live
MSTR,2026-07-01 19:25:38.697078+00:00,2026-08-19 17:34:10.506586+00:00,94.56,102.88,142.0,1181.4399999999991,0.08798646362098131,1174.1421693077777,False,True,False,live
MSTR,2026-07-01 19:25:38.736539+00:00,2026-08-19 17:34:10.506586+00:00,94.56,102.88,88.0,732.1599999999994,0.08798646362098131,1174.142158346389,False,True,False,live
MSTR,2026-07-01 19:25:37.053311+00:00,2026-08-19 17:34:10.506586+00:00,94.56,102.88,131.0,1089.9199999999992,0.08798646362098131,1174.1426259097223,False,True,False,live
MSTR,2026-07-01 19:25:37.025050+00:00,2026-08-19 17:34:10.506586+00:00,94.56,102.88,198.0,1647.3599999999988,0.08798646362098131,1174.14263376,False,True,False,live
MRNA,2026-08-19 14:47:04.007729+00:00,2026-08-19 18:09:23.584029+00:00,143.95,151.12,65.0,466.05000000000103,0.04980896144494627,3.372104527777778,True,True,False,live
MRNA,2026-08-19 14:47:04.007729+00:00,2026-08-19 18:09:24.280002+00:00,143.95,151.12,56.0,401.5200000000009,0.04980896144494627,3.3722978536111112,True,True,False,live
MRNA,2026-08-19 14:47:05.286471+00:00,2026-08-19 18:09:24.280002+00:00,143.51,151.12,69.0,525.0900000000009,0.053027663577451145,3.3719426475,True,True,False,live
MRNA,2026-08-19 18:09:41.699403+00:00,2026-08-19 18:10:07.690977+00:00,150.46,150.5,138.0,5.519999999998902,0.000265851389073455,0.007219881666666666,True,True,False,live
MRNA,2026-08-19 18:09:41.699403+00:00,2026-08-19 18:10:08.850213+00:00,150.46,150.55,8.0,0.7200000000000273,0.0005981656254154154,0.0075418916666666665,True,True,False,live
MRNA,2026-08-19 18:09:42.377723+00:00,2026-08-19 18:10:08.850213+00:00,150.34,150.55,41.0,8.610000000000326,0.0013968338432885988,0.007353469444444444,True,True,False,live
MRNA,2026-08-19 18:12:41.868812+00:00,2026-08-19 18:13:25.656533+00:00,149.87,149.54,3.0,-0.9900000000000375,-0.002201908320544555,0.012163255833333332,True,True,False,live
MRNA,2026-08-19 18:12:43.226623+00:00,2026-08-19 18:13:25.656533+00:00,149.87,149.54,164.0,-54.12000000000205,-0.002201908320544555,0.011786086111111111,True,True,False,live
MRNA,2026-08-19 18:12:43.226623+00:00,2026-08-19 18:13:26.620925+00:00,149.87,149.51,20.0,-7.200000000000273,-0.002402081804230424,0.01205397277777778,True,True,False,live
MRNA,2026-08-19 18:15:56.634634+00:00,2026-08-19 18:16:39.796595+00:00,148.0,149.09,9.0,9.81000000000003,0.007364864864864888,0.01198943361111111,True,True,False,live
MRNA,2026-08-19 18:15:56.634634+00:00,2026-08-19 18:16:41.542685+00:00,148.0,149.09,76.0,82.84000000000026,0.007364864864864888,0.01247445861111111,True,True,False,live
MRNA,2026-08-19 18:15:56.634634+00:00,2026-08-19 18:16:41.944464+00:00,148.0,149.09,102.0,111.18000000000035,0.007364864864864888,0.012586063888888888,True,True,False,live
MRNA,2026-08-19 18:19:13.505266+00:00,2026-08-19 18:19:53.911562+00:00,150.3,151.35,187.0,196.3499999999968,0.006986027944111663,0.011223971111111111,True,True,False,live
MRNA,2026-08-19 18:25:37.861283+00:00,2026-08-20 13:30:37.213379+00:00,150.71,150.5,108.0,-22.68000000000086,-0.0013934045517882553,19.08315336,False,True,False,live
MRNA,2026-08-19 18:25:38.486587+00:00,2026-08-20 13:30:37.213379+00:00,150.69,150.5,79.0,-15.00999999999982,-0.0012608666799389324,19.082979664444444,False,True,False,live
HOOD,2026-08-19 18:28:55.375254+00:00,2026-08-20 13:36:51.022653+00:00,95.81,96.46,291.0,189.14999999999753,0.00678426051560371,19.132124277499997,False,True,False,live
COIN,2026-08-19 17:36:53.657758+00:00,2026-08-20 13:36:51.422464+00:00,160.46,166.41,105.0,624.7499999999989,0.03708089243425145,19.999379085,False,True,False,live
COIN,2026-08-19 17:36:54.931731+00:00,2026-08-20 13:36:51.422464+00:00,160.46,166.41,34.0,202.2999999999996,0.03708089243425145,19.99902520361111,False,True,False,live
COIN,2026-08-19 17:36:55.760290+00:00,2026-08-20 13:36:51.422464+00:00,160.46,166.41,36.0,214.1999999999996,0.03708089243425145,19.99879504833333,False,True,False,live
ONDS,2026-08-18 14:10:40.404346+00:00,2026-08-20 13:53:16.571362+00:00,8.94,8.47,3200.0,-1503.9999999999964,-0.05257270693512292,47.71004639333333,False,True,False,live
ONDS,2026-08-18 14:10:40.428570+00:00,2026-08-20 13:53:16.571362+00:00,8.94,8.47,3197.0,-1502.5899999999963,-0.05257270693512292,47.710039664444444,False,True,False,live
BULL,2026-08-20 13:51:12.425728+00:00,2026-08-20 14:22:28.371652+00:00,9.77,9.2,382.0,-217.74000000000012,-0.05834186284544527,0.52109609,True,True,False,live
BULL,2026-08-20 13:51:11.768007+00:00,2026-08-20 14:22:28.371652+00:00,9.77,9.2,1014.0,-577.9800000000002,-0.05834186284544527,0.5212787902777778,True,True,False,live
BULL,2026-08-20 13:51:11.340289+00:00,2026-08-20 14:22:28.371652+00:00,9.77,9.2,310.0,-176.7000000000001,-0.05834186284544527,0.5213976008333333,True,True,False,live
BULL,2026-08-20 13:51:09.864274+00:00,2026-08-20 14:22:28.371652+00:00,9.77,9.2,1820.0,-1037.4000000000005,-0.05834186284544527,0.521807605,True,True,False,live
BULL,2026-08-20 13:51:09.983379+00:00,2026-08-20 14:22:28.371652+00:00,9.77,9.2,1600.0,-912.0000000000005,-0.05834186284544527,0.5217745202777778,True,True,False,live
BULL,2026-08-20 13:51:11.221732+00:00,2026-08-20 14:22:28.371652+00:00,9.77,9.2,722.0,-411.5400000000002,-0.05834186284544527,0.5214305333333333,True,True,False,live
WOLF,2026-08-20 13:46:55.641925+00:00,2026-08-20 15:37:49.266693+00:00,26.12,24.72,547.0,-765.8000000000012,-0.05359877488514556,1.8482291022222221,True,True,False,live
WOLF,2026-08-20 13:46:55.641925+00:00,2026-08-20 15:37:49.898664+00:00,26.12,24.72,489.0,-684.600000000001,-0.05359877488514556,1.8484046497222224,True,True,False,live
WOLF,2026-08-20 13:46:55.920650+00:00,2026-08-20 15:37:49.898664+00:00,26.12,24.72,47.0,-65.8000000000001,-0.05359877488514556,1.8483272261111112,True,True,False,live
WOLF,2026-08-20 13:46:55.920650+00:00,2026-08-20 15:37:51.088637+00:00,26.12,24.72,640.0,-896.0000000000014,-0.05359877488514556,1.8486577741666665,True,True,False,live
WOLF,2026-08-20 13:46:55.920650+00:00,2026-08-20 15:37:51.890664+00:00,26.12,24.72,349.0,-488.60000000000076,-0.05359877488514556,1.8488805594444446,True,True,False,live
IONQ,2026-08-19 13:56:00.876077+00:00,2026-08-20 15:45:04.723476+00:00,42.48,40.33,161.0,-346.14999999999975,-0.05061205273069677,25.817735388611112,False,True,False,live
IONQ,2026-08-19 13:56:03.635851+00:00,2026-08-20 15:45:05.700179+00:00,42.49,40.35,123.0,-263.2200000000001,-0.05036479171569782,25.81724009111111,False,True,False,live
IONQ,2026-08-19 13:56:02.777748+00:00,2026-08-20 15:45:05.700179+00:00,42.48,40.35,60.0,-127.79999999999973,-0.050141242937853006,25.817478453055557,False,True,False,live
IONQ,2026-08-19 13:56:00.876077+00:00,2026-08-20 15:45:05.700179+00:00,42.48,40.35,120.0,-255.59999999999945,-0.050141242937853006,25.818006695,False,True,False,live
IONQ,2026-08-19 13:56:01.579185+00:00,2026-08-20 15:45:05.700179+00:00,42.48,40.35,158.0,-336.5399999999993,-0.050141242937853006,25.81781138722222,False,True,False,live
ACHR,2026-08-19 13:46:30.089074+00:00,2026-08-20 18:20:32.717336+00:00,6.31,5.99,2043.0,-653.7599999999987,-0.05071315372424713,28.567396739444444,False,True,False,live
ACHR,2026-08-19 13:46:30.551383+00:00,2026-08-20 18:20:32.717336+00:00,6.31,5.99,1316.0,-421.1199999999992,-0.05071315372424713,28.56726832027778,False,True,False,live
ACHR,2026-08-19 13:46:31.393500+00:00,2026-08-20 18:20:32.717336+00:00,6.31,5.99,1006.0,-321.9199999999994,-0.05071315372424713,28.56703439888889,False,True,False,live
ACHR,2026-08-19 13:46:32.189861+00:00,2026-08-20 18:20:32.717336+00:00,6.31,5.99,82.0,-26.239999999999952,-0.05071315372424713,28.5668131875,False,True,False,live
MARA,2026-08-20 15:38:42.214123+00:00,2026-08-21 13:36:20.105656+00:00,10.56,12.09,637.0,974.6099999999996,0.14488636363636356,21.960525425833335,False,True,False,live
MARA,2026-08-20 15:38:43.101925+00:00,2026-08-21 13:36:20.105656+00:00,10.56,12.09,480.0,734.3999999999996,0.14488636363636356,21.960278814166667,False,True,False,live
MARA,2026-08-20 15:38:43.101925+00:00,2026-08-21 13:36:20.694311+00:00,10.56,12.07,39.0,58.88999999999999,0.14299242424242423,21.960442329444447,False,True,False,live
MARA,2026-08-20 15:38:46.161474+00:00,2026-08-21 13:36:21.801727+00:00,10.56,12.07,2.0,3.0199999999999996,0.14299242424242423,21.95990007027778,False,True,False,live
MARA,2026-08-20 15:38:47.284467+00:00,2026-08-21 13:36:21.801727+00:00,10.56,12.07,11.0,16.61,0.14299242424242423,21.959588127777774,False,True,False,live
MARA,2026-08-20 15:38:45.489099+00:00,2026-08-21 13:36:21.801727+00:00,10.56,12.07,1.0,1.5099999999999998,0.14299242424242423,21.96008684111111,False,True,False,live
MARA,2026-08-20 15:38:43.800551+00:00,2026-08-21 13:36:21.801727+00:00,10.56,12.07,858.0,1295.58,0.14299242424242423,21.960555882222224,False,True,False,live
MARA,2026-08-20 15:38:45.039532+00:00,2026-08-21 13:36:21.801727+00:00,10.56,12.07,212.0,320.11999999999995,0.14299242424242423,21.960211720833335,False,True,False,live
MARA,2026-08-20 15:38:43.101925+00:00,2026-08-21 13:36:21.801727+00:00,10.56,12.07,175.0,264.24999999999994,0.14299242424242423,21.960749945,False,True,False,live
SOXL,2026-08-20 14:00:50.299224+00:00,2026-08-21 13:39:44.463639+00:00,119.68,122.47,31.0,86.48999999999975,0.023312165775401003,23.648379004166667,False,True,False,live
SOXL,2026-08-20 14:01:00.278416+00:00,2026-08-21 13:39:44.463639+00:00,119.61,122.47,17.0,48.61999999999999,0.02391104422707131,23.645607006388886,False,True,False,live
SOXL,2026-08-20 14:01:00.278416+00:00,2026-08-21 13:39:45.348710+00:00,119.61,122.46,25.0,71.24999999999986,0.023827439177326264,23.645852859444446,False,True,False,live
SOXL,2026-08-20 14:01:00.278416+00:00,2026-08-21 13:39:46.034627+00:00,119.61,122.46,21.0,59.84999999999988,0.023827439177326264,23.646043391944445,False,True,False,live
SOXL,2026-08-20 14:01:00.690217+00:00,2026-08-21 13:39:46.034627+00:00,119.69,122.46,49.0,135.7299999999998,0.023143119725958693,23.64592900277778,False,True,False,live
SOXL,2026-08-20 14:01:39.286347+00:00,2026-08-21 13:39:46.034627+00:00,119.73,122.46,46.0,125.57999999999953,0.022801302931596004,23.635207855555556,False,True,False,live
SOXL,2026-08-20 14:01:44.362693+00:00,2026-08-21 13:39:46.034627+00:00,119.7,122.46,41.0,113.15999999999963,0.023057644110275614,23.633797759444445,False,True,False,live
SOXL,2026-08-20 14:01:44.362693+00:00,2026-08-21 13:39:47.094536+00:00,119.7,122.46,4.0,11.039999999999964,0.023057644110275614,23.634092178611112,False,True,False,live
CLSK,2026-08-20 13:51:26.523734+00:00,2026-08-21 13:56:26.606962+00:00,12.28,12.78,180.0,90.0,0.04071661237785017,24.083356452222223,False,True,False,live
CLSK,2026-08-20 13:51:25.567810+00:00,2026-08-21 13:56:26.606962+00:00,12.28,12.78,384.0,192.0,0.04071661237785017,24.083621986666667,False,True,False,live
CLSK,2026-08-20 13:51:25.282488+00:00,2026-08-21 13:56:26.606962+00:00,12.28,12.78,1539.0,769.5,0.04071661237785017,24.083701242777774,False,True,False,live
CLSK,2026-08-20 13:51:24.834183+00:00,2026-08-21 13:56:26.606962+00:00,12.28,12.78,779.0,389.5,0.04071661237785017,24.083825771944447,False,True,False,live
CLSK,2026-08-20 13:51:26.523734+00:00,2026-08-21 13:56:27.819914+00:00,12.28,12.77,728.0,356.72000000000014,0.03990228013029318,24.083693383333333,False,True,False,live
CLSK,2026-08-20 13:51:26.523734+00:00,2026-08-21 13:56:28.303885+00:00,12.28,12.77,1026.0,502.74000000000024,0.03990228013029318,24.08382781972222,False,True,False,live
MRVL,2026-08-19 12:50:34.750136+00:00,2026-08-21 14:03:05.869086+00:00,238.22,243.27,52.0,262.6000000000006,0.02119889178070696,49.20864415277778,False,True,False,live
MRVL,2026-08-19 12:50:35.208409+00:00,2026-08-21 14:03:05.869086+00:00,238.31,243.27,1.0,4.960000000000008,0.020813226469724343,49.20851685472223,False,True,False,live
MRVL,2026-08-19 12:50:35.758012+00:00,2026-08-21 14:03:05.869086+00:00,238.31,243.27,2.0,9.920000000000016,0.020813226469724343,49.208364187222216,False,True,False,live
MRVL,2026-08-19 12:50:35.978408+00:00,2026-08-21 14:03:05.869086+00:00,238.31,243.27,2.0,9.920000000000016,0.020813226469724343,49.20830296611111,False,True,False,live
MRVL,2026-08-19 12:50:36.412096+00:00,2026-08-21 14:03:05.869086+00:00,238.31,243.27,1.0,4.960000000000008,0.020813226469724343,49.208182497222225,False,True,False,live
MARA,2026-08-21 14:04:05.793930+00:00,2026-08-21 14:26:19.827613+00:00,12.09,11.47,916.0,-567.9199999999993,-0.05128205128205122,0.37056491194444446,True,True,False,live
MARA,2026-08-21 14:04:06.365029+00:00,2026-08-21 14:26:20.787410+00:00,12.09,11.46,756.0,-476.27999999999923,-0.05210918114143912,0.3706728836111111,True,True,False,live
MARA,2026-08-21 14:04:05.793930+00:00,2026-08-21 14:26:20.787410+00:00,12.09,11.46,1436.0,-904.6799999999986,-0.05210918114143912,0.37083152222222227,True,True,False,live
MARA,2026-08-21 14:04:06.365029+00:00,2026-08-21 14:26:21.161480+00:00,12.09,11.46,145.0,-91.34999999999985,-0.05210918114143912,0.3707767919444444,True,True,False,live
MARA,2026-08-21 14:04:06.365029+00:00,2026-08-21 14:26:22.053015+00:00,12.09,11.47,1451.0,-899.6199999999989,-0.05128205128205122,0.37102444055555556,True,True,False,live
WOLF,2026-08-21 14:02:50.520062+00:00,2026-08-21 16:15:07.648185+00:00,27.4,26.02,666.0,-919.0799999999994,-0.0503649635036496,2.2047578119444444,True,True,False,live
WOLF,2026-08-21 14:02:50.520062+00:00,2026-08-21 16:15:08.300447+00:00,27.4,26.02,21.0,-28.97999999999998,-0.0503649635036496,2.2049389958333334,True,True,False,live
WOLF,2026-08-21 14:02:50.520062+00:00,2026-08-21 16:15:09.250854+00:00,27.4,26.02,233.0,-321.5399999999998,-0.0503649635036496,2.205202997777778,True,True,False,live
WOLF,2026-08-21 14:02:50.520062+00:00,2026-08-21 16:15:10.108832+00:00,27.4,26.02,92.0,-126.95999999999991,-0.0503649635036496,2.2054413250000002,True,True,False,live
WOLF,2026-08-21 14:02:50.719620+00:00,2026-08-21 16:15:10.108832+00:00,27.4,26.02,70.0,-96.59999999999994,-0.0503649635036496,2.205385892222222,True,True,False,live
WOLF,2026-08-21 14:02:51.654914+00:00,2026-08-21 16:15:10.108832+00:00,27.4,26.02,121.0,-166.97999999999988,-0.0503649635036496,2.2051260883333335,True,True,False,live
WOLF,2026-08-21 14:02:51.654914+00:00,2026-08-21 16:15:11.329788+00:00,27.4,26.02,334.0,-460.9199999999997,-0.0503649635036496,2.2054652427777777,True,True,False,live
WOLF,2026-08-21 14:02:51.654914+00:00,2026-08-21 16:15:11.849606+00:00,27.4,26.02,487.0,-672.0599999999995,-0.0503649635036496,2.205609636666667,True,True,False,live
CORZ,2026-08-19 13:40:14.270693+00:00,2026-08-24 13:31:59.012415+00:00,18.51,17.48,1442.0,-1485.2600000000016,-0.05564559697460838,119.86242825611112,False,True,False,live
IONQ,2026-08-21 13:56:09.990832+00:00,2026-08-24 13:32:20.524094+00:00,42.66,42.67,607.0,6.070000000003105,0.00023441162681681006,71.60292590611111,False,True,False,live
IONQ,2026-08-21 13:56:10.035048+00:00,2026-08-24 13:32:20.524094+00:00,42.66,42.67,416.0,4.160000000002128,0.00023441162681681006,71.6029136238889,False,True,False,live
IONQ,2026-08-21 13:56:11.029962+00:00,2026-08-24 13:32:20.524094+00:00,42.62,42.67,31.0,1.5500000000001322,0.0011731581417176037,71.60263725888889,False,True,False,live
IONQ,2026-08-21 13:56:11.074868+00:00,2026-08-24 13:32:20.524094+00:00,42.62,42.67,234.0,11.700000000000998,0.0011731581417176037,71.602624785,False,True,False,live
IONQ,2026-08-21 13:56:11.766439+00:00,2026-08-24 13:32:20.524094+00:00,42.61,42.67,12.0,0.7200000000000273,0.0014081201595870048,71.60243268194445,False,True,False,live
NVDA,2026-08-12 14:50:34.903644+00:00,2026-08-24 13:32:52.971887+00:00,224.35,213.71,64.0,-680.9599999999991,-0.047425897035881376,286.70501895638887,False,True,False,live
NVDA,2026-08-12 14:50:35.211057+00:00,2026-08-24 13:32:52.971887+00:00,224.35,213.71,39.0,-414.95999999999947,-0.047425897035881376,286.7049335638889,False,True,False,live
BULL,2026-08-21 14:18:33.831775+00:00,2026-08-24 13:32:55.674114+00:00,9.24,8.55,2289.0,-1579.409999999999,-0.07467532467532462,71.23940064972223,False,True,False,live
BULL,2026-08-21 14:18:34.361030+00:00,2026-08-24 13:32:55.674114+00:00,9.23,8.55,756.0,-514.0799999999998,-0.07367280606717223,71.23925363444444,False,True,False,live
NVDA,2026-08-12 14:50:35.211057+00:00,2026-08-24 13:35:18.606130+00:00,224.35,213.04,10.0,-113.10000000000002,-0.05041230220637398,286.7453875202778,False,True,False,live
NVDA,2026-08-12 14:50:35.211057+00:00,2026-08-24 13:36:55.461962+00:00,224.35,212.89,5.0,-57.30000000000004,-0.051080900378872335,286.77229191805554,False,True,False,live
NVDA,2026-08-12 14:50:36.102937+00:00,2026-08-24 13:36:55.461962+00:00,224.38,212.89,18.0,-206.82000000000016,-0.05120777252874592,286.7720441736111,False,True,False,live
MRNA,2026-08-21 17:59:12.594454+00:00,2026-08-24 13:37:30.946108+00:00,143.0,133.76,4.0,-36.960000000000036,-0.06461538461538469,67.638431015,False,True,False,live
MRNA,2026-08-21 17:59:11.099706+00:00,2026-08-24 13:37:30.946108+00:00,143.0,133.76,7.0,-64.68000000000006,-0.06461538461538469,67.63884622277777,False,True,False,live
MRNA,2026-08-21 17:59:10.000047+00:00,2026-08-24 13:37:30.946108+00:00,143.0,133.76,83.0,-766.9200000000008,-0.06461538461538469,67.6391516836111,False,True,False,live
MRNA,2026-08-21 17:59:11.918587+00:00,2026-08-24 13:37:30.946108+00:00,143.0,133.76,5.0,-46.200000000000045,-0.06461538461538469,67.63861875583333,False,True,False,live
MRNA,2026-08-21 17:59:08.533017+00:00,2026-08-24 13:37:30.946108+00:00,143.03,133.76,80.0,-741.6000000000008,-0.0648115779906314,67.63955919194444,False,True,False,live
MRNA,2026-08-21 17:59:08.224182+00:00,2026-08-24 13:37:30.946108+00:00,143.0,133.76,170.0,-1570.8000000000015,-0.06461538461538469,67.63964497944444,False,True,False,live
MRNA,2026-08-21 17:59:08.887041+00:00,2026-08-24 13:37:30.946108+00:00,143.03,133.76,27.0,-250.29000000000028,-0.0648115779906314,67.63946085194445,False,True,False,live
MRNA,2026-08-21 17:59:12.594454+00:00,2026-08-24 13:38:30.216008+00:00,143.0,133.41,7.0,-67.13000000000002,-0.06706293706293709,67.65489487611111,False,True,False,live
MRNA,2026-08-21 17:59:13.239091+00:00,2026-08-24 13:38:30.216008+00:00,143.0,133.41,9.0,-86.31000000000003,-0.06706293706293709,67.65471581027778,False,True,False,live
MRNA,2026-08-21 17:59:14.261548+00:00,2026-08-24 13:38:53.516386+00:00,143.0,133.2,1.0,-9.800000000000011,-0.06853146853146862,67.66090412166666,False,True,False,live
MRNA,2026-08-21 17:59:14.261548+00:00,2026-08-24 13:39:04.624906+00:00,143.0,132.82,1.0,-10.180000000000007,-0.07118881118881124,67.66398982166666,False,True,False,live
MU,2026-08-20 16:40:07.642635+00:00,2026-08-24 13:39:44.015311+00:00,956.76,907.23,2.0,-99.05999999999995,-0.05176846858146241,92.99343685444444,False,True,False,live
MU,2026-08-20 16:40:07.642635+00:00,2026-08-24 13:39:45.196193+00:00,956.76,907.74,15.0,-735.2999999999997,-0.05123541954095069,92.99376487722223,False,True,False,live
MU,2026-08-20 16:40:08.629985+00:00,2026-08-24 13:39:45.196193+00:00,956.76,907.74,9.0,-441.17999999999984,-0.05123541954095069,92.99349061333334,False,True,False,live
SMCI,2026-08-20 14:00:20.131495+00:00,2026-08-24 13:42:55.198015+00:00,37.03,35.1,1.0,-1.9299999999999997,-0.052119902781528483,95.7097407,False,True,False,live
SMCI,2026-08-20 14:00:18.071570+00:00,2026-08-24 13:42:55.198015+00:00,37.04,35.1,1.0,-1.9399999999999977,-0.052375809935205124,95.71031290138889,False,True,False,live
SMCI,2026-08-20 14:00:17.496267+00:00,2026-08-24 13:42:55.198015+00:00,37.04,35.1,8.0,-15.519999999999982,-0.052375809935205124,95.71047270777778,False,True,False,live
SMCI,2026-08-20 14:00:12.924496+00:00,2026-08-24 13:42:55.198015+00:00,37.02,35.1,602.0,-1155.840000000001,-0.05186385737439226,95.71174264416666,False,True,False,live
SMCI,2026-08-20 14:00:11.878037+00:00,2026-08-24 13:42:55.198015+00:00,37.02,35.1,67.0,-128.6400000000001,-0.05186385737439226,95.71203332722223,False,True,False,live
SMCI,2026-08-20 14:00:14.875247+00:00,2026-08-24 13:42:55.198015+00:00,37.03,35.1,16.0,-30.879999999999995,-0.052119902781528483,95.71120076888889,False,True,False,live
SMCI,2026-08-20 14:00:15.474945+00:00,2026-08-24 13:42:55.198015+00:00,37.04,35.1,49.0,-95.05999999999989,-0.052375809935205124,95.7110341861111,False,True,False,live
COIN,2026-08-21 14:29:16.340468+00:00,2026-08-25 13:32:10.010917+00:00,187.11,176.21,10.0,-109.00000000000006,-0.05825450269894717,95.04824179138889,False,True,False,live
COIN,2026-08-21 14:29:16.809329+00:00,2026-08-25 13:32:10.010917+00:00,187.28,176.21,30.0,-332.0999999999998,-0.05910935497650573,95.04811155222222,False,True,False,live
COIN,2026-08-21 14:29:18.012569+00:00,2026-08-25 13:32:10.010917+00:00,187.3,176.21,24.0,-266.1600000000001,-0.05920982381206622,95.04777731888889,False,True,False,live
COIN,2026-08-21 14:29:18.012569+00:00,2026-08-25 13:33:10.265559+00:00,187.3,177.38,80.0,-793.6000000000013,-0.052963160704751815,95.06451471944445,False,True,False,live
MARA,2026-08-24 15:02:09.637102+00:00,2026-08-26 13:31:14.535970+00:00,11.43,11.38,355.0,-17.749999999999623,-0.004374453193350738,46.484694129999994,False,True,False,live
MARA,2026-08-24 15:02:07.903076+00:00,2026-08-26 13:31:14.535970+00:00,11.43,11.38,2145.0,-107.24999999999771,-0.004374453193350738,46.48517580388889,False,True,False,live
MARA,2026-08-24 15:02:07.926517+00:00,2026-08-26 13:31:14.535970+00:00,11.43,11.38,546.0,-27.299999999999418,-0.004374453193350738,46.485169292500004,False,True,False,live
MARA,2026-08-24 15:02:08.193346+00:00,2026-08-26 13:31:14.535970+00:00,11.43,11.38,165.0,-8.249999999999824,-0.004374453193350738,46.485095173333335,False,True,False,live
MARA,2026-08-24 15:02:09.063232+00:00,2026-08-26 13:31:14.535970+00:00,11.43,11.38,1079.0,-53.94999999999885,-0.004374453193350738,46.48485353833334,False,True,False,live
SNAP,2026-08-24 14:15:12.755039+00:00,2026-08-26 13:38:51.760560+00:00,5.31,5.66,1131.0,395.8500000000006,0.06591337099811687,47.39416820027778,False,True,False,live
SNAP,2026-08-24 14:15:12.487919+00:00,2026-08-26 13:38:51.760560+00:00,5.31,5.66,2321.0,812.3500000000013,0.06591337099811687,47.394242400277776,False,True,False,live
SNAP,2026-08-24 14:15:12.755039+00:00,2026-08-26 13:38:52.333694+00:00,5.31,5.65,3140.0,1067.6000000000024,0.06403013182674214,47.39432740416667,False,True,False,live
SNAP,2026-08-24 14:15:12.977578+00:00,2026-08-26 13:38:52.333694+00:00,5.31,5.65,541.0,183.9400000000004,0.06403013182674214,47.39426558777778,False,True,False,live
SNAP,2026-08-24 14:15:13.210605+00:00,2026-08-26 13:38:52.333694+00:00,5.31,5.65,21.0,7.140000000000016,0.06403013182674214,47.394200858055555,False,True,False,live
SNAP,2026-08-24 14:15:13.766600+00:00,2026-08-26 13:38:52.333694+00:00,5.31,5.65,1183.0,402.2200000000009,0.06403013182674214,47.394046415,False,True,False,live
SNAP,2026-08-24 14:15:13.766600+00:00,2026-08-26 13:38:52.898393+00:00,5.31,5.65,560.0,190.40000000000043,0.06403013182674214,47.394203275833334,False,True,False,live
SNAP,2026-08-24 14:15:14.052719+00:00,2026-08-26 13:38:52.898393+00:00,5.31,5.65,270.0,91.8000000000002,0.06403013182674214,47.39412379833334,False,True,False,live
SNAP,2026-08-24 14:15:14.621837+00:00,2026-08-26 13:38:52.898393+00:00,5.31,5.65,19.0,6.460000000000014,0.06403013182674214,47.393965709999996,False,True,False,live
SNAP,2026-08-24 14:15:15.002611+00:00,2026-08-26 13:38:52.898393+00:00,5.31,5.65,21.0,7.140000000000016,0.06403013182674214,47.39385993944445,False,True,False,live
SNAP,2026-08-24 14:15:15.875070+00:00,2026-08-26 13:38:52.898393+00:00,5.31,5.65,3.0,1.0200000000000022,0.06403013182674214,47.393617589722226,False,True,False,live
SNAP,2026-08-24 14:15:16.124738+00:00,2026-08-26 13:38:52.898393+00:00,5.31,5.65,1.0,0.34000000000000075,0.06403013182674214,47.3935482375,False,True,False,live
SNAP,2026-08-24 14:15:17.062114+00:00,2026-08-26 13:38:52.898393+00:00,5.31,5.65,1.0,0.34000000000000075,0.06403013182674214,47.393287855277784,False,True,False,live
RIOT,2026-08-24 14:06:09.271255+00:00,2026-08-26 13:39:13.122549+00:00,20.14,20.73,147.0,86.72999999999998,0.02929493545183713,47.551069803888886,False,True,False,live
RIOT,2026-08-24 14:06:09.915199+00:00,2026-08-26 13:39:13.695342+00:00,20.14,20.73,97.0,57.22999999999999,0.02929493545183713,47.55105003972223,False,True,False,live
RIOT,2026-08-24 14:06:09.271255+00:00,2026-08-26 13:39:13.695342+00:00,20.14,20.73,286.0,168.73999999999995,0.02929493545183713,47.55122891305555,False,True,False,live
RIOT,2026-08-24 14:06:09.755728+00:00,2026-08-26 13:39:13.695342+00:00,20.14,20.73,787.0,464.32999999999987,0.02929493545183713,47.551094337222224,False,True,False,live
RIOT,2026-08-24 14:06:09.915199+00:00,2026-08-26 13:39:13.961984+00:00,20.14,20.73,679.0,400.6099999999999,0.02929493545183713,47.55112410694445,False,True,False,live
RIOT,2026-08-24 14:06:10.168587+00:00,2026-08-26 13:39:13.961984+00:00,20.14,20.73,298.0,175.81999999999996,0.02929493545183713,47.55105372138889,False,True,False,live
RIOT,2026-08-24 14:06:10.168587+00:00,2026-08-26 13:39:14.821541+00:00,20.14,20.73,77.0,45.42999999999999,0.02929493545183713,47.55129248722222,False,True,False,live
RIOT,2026-08-24 14:06:11.124960+00:00,2026-08-26 13:39:14.821541+00:00,20.14,20.73,1.0,0.5899999999999999,0.02929493545183713,47.551026828055555,False,True,False,live
RIOT,2026-08-24 14:06:11.124960+00:00,2026-08-26 13:39:15.505030+00:00,20.14,20.73,13.0,7.669999999999998,0.02929493545183713,47.55121668611112,False,True,False,live
RIOT,2026-08-24 14:06:22.873826+00:00,2026-08-26 13:39:15.505030+00:00,20.14,20.73,2.0,1.1799999999999997,0.02929493545183713,47.547953112222224,False,True,False,live
RIOT,2026-08-24 14:06:23.516812+00:00,2026-08-26 13:39:15.505030+00:00,20.14,20.73,6.0,3.539999999999999,0.02929493545183713,47.54777450500001,False,True,False,live
RIOT,2026-08-24 14:06:24.378545+00:00,2026-08-26 13:39:15.505030+00:00,20.13,20.73,25.0,15.000000000000036,0.02980625931445611,47.54753513472222,False,True,False,live
WOLF,2026-08-26 17:07:35.111430+00:00,2026-08-27 13:36:00.375199+00:00,26.35,26.72,428.0,158.3599999999989,0.014041745730550188,20.473684380277778,False,True,False,live
WOLF,2026-08-26 17:07:34.642648+00:00,2026-08-27 13:36:00.375199+00:00,26.35,26.72,278.0,102.85999999999929,0.014041745730550188,20.4738145975,False,True,False,live
WOLF,2026-08-26 17:07:34.477597+00:00,2026-08-27 13:36:00.375199+00:00,26.35,26.72,148.0,54.75999999999962,0.014041745730550188,20.473860445,False,True,False,live
WOLF,2026-08-26 17:07:33.882574+00:00,2026-08-27 13:36:00.375199+00:00,26.35,26.72,377.0,139.48999999999904,0.014041745730550188,20.474025729166666,False,True,False,live
WOLF,2026-08-26 17:07:33.315060+00:00,2026-08-27 13:36:00.375199+00:00,26.35,26.72,214.0,79.17999999999945,0.014041745730550188,20.47418337194444,False,True,False,live
WOLF,2026-08-26 17:07:34.039336+00:00,2026-08-27 13:36:00.375199+00:00,26.35,26.72,461.0,170.56999999999883,0.014041745730550188,20.473982184166665,False,True,False,live
CIFR,2026-08-26 14:31:56.461440+00:00,2026-08-27 15:47:56.225669+00:00,16.01,16.76,1516.0,1137.0,0.04684572142410993,25.26660117472222,False,True,False,live
HUT,2026-08-26 14:25:42.632091+00:00,2026-08-27 16:02:49.507291+00:00,85.67,86.2,288.0,152.64000000000033,0.0061865297070153044,25.618576444444443,False,True,False,live
HUT,2026-08-26 14:25:43.564151+00:00,2026-08-27 16:02:49.507291+00:00,85.67,86.2,251.0,133.03000000000029,0.0061865297070153044,25.61831753888889,False,True,False,live
HUT,2026-08-26 14:25:43.564151+00:00,2026-08-27 16:02:50.186526+00:00,85.67,86.2,37.0,19.610000000000042,0.0061865297070153044,25.61850621527778,False,True,False,live
WULF,2026-08-26 14:22:36.167978+00:00,2026-08-27 16:19:09.361757+00:00,16.27,16.61,583.0,198.2199999999999,0.020897357098955124,25.9425538275,False,True,False,live
WULF,2026-08-26 14:22:36.476708+00:00,2026-08-27 16:19:09.361757+00:00,16.27,16.61,889.0,302.2599999999999,0.020897357098955124,25.94246806916667,False,True,False,live
WULF,2026-08-26 14:22:36.476708+00:00,2026-08-27 16:19:09.879250+00:00,16.27,16.61,260.0,88.39999999999996,0.020897357098955124,25.94261181722222,False,True,False,live
WULF,2026-08-26 14:22:36.804773+00:00,2026-08-27 16:19:10.832998+00:00,16.27,16.61,937.0,318.57999999999987,0.020897357098955124,25.942785618055556,False,True,False,live
WULF,2026-08-26 14:22:36.476708+00:00,2026-08-27 16:19:10.832998+00:00,16.27,16.61,370.0,125.79999999999995,0.020897357098955124,25.942876747222222,False,True,False,live
AMD,2026-08-20 14:00:09.715478+00:00,2026-08-27 16:22:16.025247+00:00,466.4,471.51,17.0,86.87000000000023,0.010956260720411693,170.3684193802778,False,True,False,live
AMD,2026-08-20 14:00:11.616061+00:00,2026-08-27 16:22:16.025247+00:00,466.39,471.51,43.0,220.1600000000002,0.010977936919745288,170.36789144055555,False,True,False,live
NKE,2026-07-01 13:36:39.902709+00:00,2026-08-27 17:55:52.985739+00:00,40.22,38.24,247.0,-489.0599999999992,-0.049229239184485254,1372.3203008416667,False,True,False,live
NKE,2026-07-01 13:36:39.902709+00:00,2026-08-27 17:55:53.808403+00:00,40.22,38.24,333.0,-659.339999999999,-0.049229239184485254,1372.3205293594447,False,True,False,live
NKE,2026-07-01 13:37:00.087781+00:00,2026-08-27 17:55:53.808403+00:00,40.39,38.24,168.0,-361.19999999999976,-0.05323099777172564,1372.3149223950002,False,True,False,live
MARA,2026-08-27 14:01:01.116877+00:00,2026-08-28 13:31:14.434566+00:00,11.67,11.52,2239.0,-335.8500000000008,-0.012853470437018025,23.503699358055556,False,True,False,live
ACHR,2026-08-26 13:51:23.465586+00:00,2026-08-28 13:48:31.985466+00:00,6.08,5.74,592.0,-201.27999999999992,-0.05592105263157892,47.952366633333334,False,True,False,live
ACHR,2026-08-26 13:51:24.097970+00:00,2026-08-28 13:48:31.985466+00:00,6.08,5.74,120.0,-40.79999999999998,-0.05592105263157892,47.952190971111115,False,True,False,live
ACHR,2026-08-26 13:51:24.095164+00:00,2026-08-28 13:48:31.985466+00:00,6.08,5.74,47.0,-15.979999999999993,-0.05592105263157892,47.952191750555556,False,True,False,live
ACHR,2026-08-26 13:51:24.670927+00:00,2026-08-28 13:48:31.985466+00:00,6.08,5.74,401.0,-136.33999999999995,-0.05592105263157892,47.952031816388896,False,True,False,live
ACHR,2026-08-26 13:51:22.923135+00:00,2026-08-28 13:48:31.985466+00:00,6.08,5.74,2474.0,-841.1599999999996,-0.05592105263157892,47.95251731416666,False,True,False,live
ACHR,2026-08-26 13:51:23.468250+00:00,2026-08-28 13:48:31.985466+00:00,6.08,5.74,23.0,-7.819999999999997,-0.05592105263157892,47.95236589333334,False,True,False,live
ACHR,2026-08-26 13:51:22.539235+00:00,2026-08-28 13:48:31.985466+00:00,6.08,5.74,614.0,-208.7599999999999,-0.05592105263157892,47.95262395305556,False,True,False,live
ACHR,2026-08-26 13:51:22.537051+00:00,2026-08-28 13:48:31.985466+00:00,6.08,5.74,937.0,-318.57999999999987,-0.05592105263157892,47.95262455972222,False,True,False,live
ACHR,2026-08-26 13:51:21.923718+00:00,2026-08-28 13:48:31.985466+00:00,6.08,5.74,2066.0,-702.4399999999997,-0.05592105263157892,47.95279493,False,True,False,live
ACHR,2026-08-26 13:51:21.391643+00:00,2026-08-28 13:48:31.985466+00:00,6.08,5.74,536.0,-182.23999999999992,-0.05592105263157892,47.95294272861111,False,True,False,live
ACHR,2026-08-26 13:51:22.920704+00:00,2026-08-28 13:48:31.985466+00:00,6.08,5.74,447.0,-151.97999999999993,-0.05592105263157892,47.952517989444445,False,True,False,live
SOFI,2026-08-19 17:37:30.728326+00:00,2026-08-28 14:44:58.779241+00:00,18.43,18.71,239.0,66.92000000000027,0.015192620727075482,213.12445858750002,False,True,False,live
SOFI,2026-08-19 17:37:31.812152+00:00,2026-08-28 14:44:58.779241+00:00,18.43,18.71,641.0,179.48000000000073,0.015192620727075482,213.12415752472222,False,True,False,live
SOFI,2026-08-19 17:37:31.812152+00:00,2026-08-28 14:44:59.228777+00:00,18.43,18.71,370.0,103.60000000000042,0.015192620727075482,213.12428239583332,False,True,False,live
SOFI,2026-08-19 17:37:32.719557+00:00,2026-08-28 14:44:59.228777+00:00,18.43,18.71,240.0,67.20000000000027,0.015192620727075482,213.1240303388889,False,True,False,live
SOFI,2026-08-19 17:37:33.565827+00:00,2026-08-28 14:44:59.228777+00:00,18.43,18.71,10.0,2.8000000000000114,0.015192620727075482,213.1237952638889,False,True,False,live
SOFI,2026-08-19 17:37:33.903031+00:00,2026-08-28 14:44:59.228777+00:00,18.43,18.71,41.0,11.480000000000047,0.015192620727075482,213.12370159611112,False,True,False,live
ENPH,2026-08-27 16:12:19.192591+00:00,2026-08-28 15:50:42.019331+00:00,39.02,37.01,398.0,-799.9800000000021,-0.05151204510507445,23.639674094444445,False,True,False,live
ENPH,2026-08-27 16:12:21.938276+00:00,2026-08-28 15:50:42.455919+00:00,39.02,37.01,405.0,-814.0500000000021,-0.05151204510507445,23.639032678611112,False,True,False,live
ENPH,2026-08-27 16:12:21.022774+00:00,2026-08-28 15:50:42.455919+00:00,39.02,37.01,253.0,-508.5300000000013,-0.05151204510507445,23.639286984722222,False,True,False,live
ENPH,2026-08-27 16:12:19.192591+00:00,2026-08-28 15:50:42.455919+00:00,39.02,37.01,261.0,-524.6100000000014,-0.05151204510507445,23.63979536888889,False,True,False,live
SNAP,2026-08-28 14:00:00.591856+00:00,2026-08-31 13:31:48.268500+00:00,5.51,5.62,488.0,53.680000000000156,0.0199637023593467,71.52991017888888,False,True,False,live
SNAP,2026-08-28 14:00:01.195620+00:00,2026-08-31 13:31:48.268500+00:00,5.51,5.62,561.0,61.71000000000018,0.0199637023593467,71.52974246666666,False,True,False,live
SNAP,2026-08-28 14:00:01.894424+00:00,2026-08-31 13:31:48.268500+00:00,5.51,5.62,2852.0,313.72000000000094,0.0199637023593467,71.52954835444444,False,True,False,live
RKLB,2026-08-26 14:25:51.562910+00:00,2026-08-31 13:32:41.376119+00:00,66.78,63.63,6.0,-18.89999999999999,-0.04716981132075469,119.11383700249999,False,True,False,live
SNAP,2026-08-28 14:00:01.894424+00:00,2026-08-31 13:34:53.976953+00:00,5.51,5.56,301.0,15.049999999999947,0.00907441016333935,71.58113403583333,False,True,False,live
SNAP,2026-08-28 14:00:03.026322+00:00,2026-08-31 13:34:53.976953+00:00,5.51,5.56,99.0,4.949999999999982,0.00907441016333935,71.58081961972222,False,True,False,live
SNAP,2026-08-28 14:00:03.752083+00:00,2026-08-31 13:34:53.976953+00:00,5.51,5.56,82.0,4.099999999999985,0.00907441016333935,71.58061801944444,False,True,False,live
RKLB,2026-08-26 14:25:51.562910+00:00,2026-08-31 13:35:17.828283+00:00,66.78,63.11,132.0,-484.4400000000002,-0.054956573824498374,119.15729593694445,False,True,False,live
SNAP,2026-08-28 14:00:03.752083+00:00,2026-08-31 13:36:10.832711+00:00,5.51,5.57,10.0,0.600000000000005,0.010889292196007351,71.6019668411111,False,True,False,live
RKLB,2026-08-26 14:25:51.943488+00:00,2026-08-31 13:36:26.962581+00:00,66.77,63.12,178.0,-649.6999999999997,-0.054665268833308356,119.1763941925,False,True,False,live
RKLB,2026-08-26 14:25:51.562910+00:00,2026-08-31 13:36:26.962581+00:00,66.78,63.12,235.0,-860.1000000000008,-0.054806828391734105,119.17649990861112,False,True,False,live
RKLB,2026-08-26 14:25:52.657290+00:00,2026-08-31 13:36:26.962581+00:00,66.77,63.12,195.0,-711.7499999999998,-0.054665268833308356,119.17619591416667,False,True,False,live
MRVL,2026-08-28 13:42:41.301207+00:00,2026-08-31 13:36:48.200344+00:00,225.43,214.35,1.0,-11.080000000000013,-0.04915051235416765,71.90191642694444,False,True,False,live
MRVL,2026-08-28 13:42:41.386490+00:00,2026-08-31 13:36:48.200344+00:00,225.43,214.35,46.0,-509.6800000000006,-0.04915051235416765,71.90189273722223,False,True,False,live
MRVL,2026-08-28 13:42:39.291290+00:00,2026-08-31 13:36:48.200344+00:00,225.27,214.35,4.0,-43.680000000000064,-0.04847516313756832,71.90247473722222,False,True,False,live
MRVL,2026-08-28 13:42:37.623649+00:00,2026-08-31 13:36:48.200344+00:00,225.43,214.35,3.0,-33.24000000000004,-0.04915051235416765,71.90293797083334,False,True,False,live
MRVL,2026-08-28 13:42:37.269732+00:00,2026-08-31 13:36:48.200344+00:00,225.43,214.35,1.0,-11.080000000000013,-0.04915051235416765,71.90303628111111,False,True,False,live
MRVL,2026-08-28 13:42:36.904933+00:00,2026-08-31 13:36:48.200344+00:00,225.39,214.35,29.0,-320.15999999999974,-0.0489817649407693,71.90313761416667,False,True,False,live
MRVL,2026-08-28 13:42:36.668612+00:00,2026-08-31 13:36:48.200344+00:00,225.39,214.35,37.0,-408.4799999999997,-0.0489817649407693,71.9032032588889,False,True,False,live
MRVL,2026-08-28 13:42:36.558070+00:00,2026-08-31 13:36:48.200344+00:00,225.39,214.35,103.0,-1137.1199999999992,-0.0489817649407693,71.903233965,False,True,False,live
SNAP,2026-08-28 14:00:03.752083+00:00,2026-08-31 13:37:12.219518+00:00,5.51,5.62,41.0,4.510000000000013,0.0199637023593467,71.61901873194445,False,True,False,live
SNAP,2026-08-28 14:00:03.752083+00:00,2026-08-31 13:37:52.656266+00:00,5.51,5.59,24.0,1.9200000000000017,0.014519056261343026,71.63025116194444,False,True,False,live
SNAP,2026-08-28 14:00:04.920932+00:00,2026-08-31 13:37:52.656266+00:00,5.51,5.59,5.0,0.40000000000000036,0.014519056261343026,71.62992648166667,False,True,False,live
SNAP,2026-08-28 14:00:04.920932+00:00,2026-08-31 13:38:07.356702+00:00,5.51,5.58,5.0,0.3500000000000014,0.012704174228675189,71.63400993611111,False,True,False,live
SNAP,2026-08-28 14:00:05.285329+00:00,2026-08-31 13:38:07.356702+00:00,5.51,5.58,4.0,0.28000000000000114,0.012704174228675189,71.63390871472222,False,True,False,live
SNAP,2026-08-28 14:00:06.659952+00:00,2026-08-31 13:38:07.356702+00:00,5.51,5.58,11.0,0.7700000000000031,0.012704174228675189,71.633526875,False,True,False,live
SOXL,2026-08-31 13:45:29.253579+00:00,2026-09-01 13:31:05.683247+00:00,112.62,106.33,21.0,-132.09000000000015,-0.05585153613922932,23.760119352222222,False,True,False,live
SOXL,2026-08-31 13:45:28.111333+00:00,2026-09-01 13:31:05.683247+00:00,112.7,106.33,11.0,-70.07000000000005,-0.056521739130434824,23.760436642777776,False,True,False,live
SOXL,2026-08-31 13:45:27.931719+00:00,2026-09-01 13:31:05.683247+00:00,112.7,106.33,201.0,-1280.3700000000008,-0.056521739130434824,23.760486535555554,False,True,False,live
SOXL,2026-08-31 13:45:27.102415+00:00,2026-09-01 13:31:05.683247+00:00,112.7,106.33,129.0,-821.7300000000006,-0.056521739130434824,23.76071689777778,False,True,False,live
SOXL,2026-08-31 13:45:29.253579+00:00,2026-09-01 13:33:23.911251+00:00,112.62,105.66,30.0,-208.80000000000024,-0.06180074587107093,23.79851602,False,True,False,live
SOXL,2026-08-31 13:45:30.031137+00:00,2026-09-01 13:33:23.911251+00:00,112.49,105.66,6.0,-40.97999999999999,-0.060716508134056345,23.798300031666667,False,True,False,live
SOXL,2026-08-31 13:45:30.800063+00:00,2026-09-01 13:33:23.911251+00:00,112.57,105.66,3.0,-20.72999999999999,-0.06138402771608774,23.79808644111111,False,True,False,live
BULL,2026-08-28 14:07:28.201625+00:00,2026-09-01 13:38:59.922167+00:00,9.52,9.04,256.0,-122.88000000000011,-0.05042016806722694,95.52547792833334,False,True,False,live
BULL,2026-08-28 14:07:28.201625+00:00,2026-09-01 13:39:01.036329+00:00,9.52,9.04,1249.0,-599.5200000000006,-0.05042016806722694,95.52578741777778,False,True,False,live
BULL,2026-08-28 14:07:28.201625+00:00,2026-09-01 13:39:02.195769+00:00,9.52,9.04,1022.0,-490.56000000000046,-0.05042016806722694,95.52610948444445,False,True,False,live
BULL,2026-08-28 14:07:28.209763+00:00,2026-09-01 13:39:02.195769+00:00,9.52,9.04,1887.0,-905.7600000000008,-0.05042016806722694,95.5261072238889,False,True,False,live
BULL,2026-08-28 14:07:28.887415+00:00,2026-09-01 13:39:02.195769+00:00,9.52,9.04,119.0,-57.12000000000005,-0.05042016806722694,95.52591898722221,False,True,False,live
BULL,2026-08-28 14:07:29.329932+00:00,2026-09-01 13:39:02.195769+00:00,9.52,9.04,521.0,-250.0800000000002,-0.05042016806722694,95.52579606583333,False,True,False,live
PLTR,2026-08-11 17:26:13.143705+00:00,2026-09-01 18:33:38.861159+00:00,175.87,181.12,2.0,10.5,0.02985159492807187,505.12381040388885,False,True,False,live
PLTR,2026-08-11 17:26:13.408575+00:00,2026-09-01 18:33:39.454582+00:00,175.85,181.12,25.0,131.75000000000026,0.029968723343758944,505.1239016686111,False,True,False,live
PLTR,2026-08-11 17:26:13.143705+00:00,2026-09-01 18:33:39.454582+00:00,175.87,181.12,55.0,288.75,0.02985159492807187,505.1239752436111,False,True,False,live
PLTR,2026-08-11 17:26:13.408575+00:00,2026-09-01 18:33:40.065875+00:00,175.85,181.1,51.0,267.75,0.029854990048336652,505.1240714722222,False,True,False,live
PLTR,2026-08-11 17:26:14.317913+00:00,2026-09-01 18:33:40.065875+00:00,175.87,181.1,38.0,198.7399999999996,0.02973787456644106,505.12381887833334,False,True,False,live
FNGU,2026-08-28 16:01:14.118261+00:00,2026-09-02 13:32:01.626708+00:00,33.56,31.8,491.0,-864.1600000000008,-0.052443384982121616,117.51319679083333,False,True,False,live
FNGU,2026-08-28 16:01:16.657768+00:00,2026-09-02 13:32:01.626708+00:00,33.56,31.8,31.0,-54.560000000000045,-0.052443384982121616,117.51249137222221,False,True,False,live
FNGU,2026-08-28 16:01:16.758782+00:00,2026-09-02 13:32:01.626708+00:00,33.56,31.8,253.0,-445.28000000000037,-0.052443384982121616,117.51246331277777,False,True,False,live
FNGU,2026-08-28 16:01:18.122189+00:00,2026-09-02 13:32:01.626708+00:00,33.56,31.8,441.0,-776.1600000000007,-0.052443384982121616,117.51208458861112,False,True,False,live
FNGU,2026-08-28 16:01:18.744311+00:00,2026-09-02 13:32:01.626708+00:00,33.56,31.8,35.0,-61.60000000000005,-0.052443384982121616,117.51191177694444,False,True,False,live
FNGU,2026-08-28 16:01:18.744311+00:00,2026-09-02 13:32:56.443672+00:00,33.56,31.89,237.0,-395.7900000000004,-0.04976162097735404,117.52713871138889,False,True,False,live
SOXL,2026-09-02 13:51:47.967117+00:00,2026-09-03 13:30:50.682977+00:00,102.5,102.8,19.0,5.699999999999946,0.002926829268292655,23.650754405555556,False,True,False,live
SOXL,2026-09-02 13:51:47.266668+00:00,2026-09-03 13:30:50.682977+00:00,102.5,102.8,147.0,44.09999999999958,0.002926829268292655,23.65094897472222,False,True,False,live
SOXL,2026-09-02 13:51:47.957296+00:00,2026-09-03 13:30:50.682977+00:00,102.5,102.8,67.0,20.09999999999981,0.002926829268292655,23.65075713361111,False,True,False,live
SOXL,2026-09-02 13:51:48.929745+00:00,2026-09-03 13:30:50.682977+00:00,102.45,102.8,91.0,31.849999999999483,0.0034163006344557767,23.650487008888888,False,True,False,live
SOXL,2026-09-02 13:51:49.662694+00:00,2026-09-03 13:33:24.768122+00:00,102.47,99.45,46.0,-138.91999999999982,-0.029472040597247937,23.69308484111111,False,True,False,live
SOXL,2026-09-02 13:51:48.929745+00:00,2026-09-03 13:33:24.768122+00:00,102.45,99.45,58.0,-174.0,-0.029282576866764276,23.693288438055554,False,True,False,live
IREN,2026-08-31 13:45:23.903980+00:00,2026-09-03 15:16:13.909535+00:00,36.15,41.25,631.0,3218.100000000001,0.1410788381742739,73.51389043194445,False,True,False,live
IREN,2026-08-31 13:45:25.885278+00:00,2026-09-03 15:16:13.909535+00:00,36.16,41.25,378.0,1924.0200000000013,0.1407632743362833,73.5133400713889,False,True,False,live
IREN,2026-08-31 13:45:25.885278+00:00,2026-09-03 15:16:14.566481+00:00,36.16,41.23,191.0,968.37,0.14021017699115046,73.51352255638889,False,True,False,live
IREN,2026-08-31 13:45:25.885278+00:00,2026-09-03 15:16:15.600764+00:00,36.16,41.23,15.0,76.05000000000001,0.14021017699115046,73.51380985722223,False,True,False,live
IREN,2026-08-31 13:45:25.885278+00:00,2026-09-03 15:16:16.078906+00:00,36.16,41.24,42.0,213.36000000000024,0.14048672566371698,73.51394267444444,False,True,False,live
IREN,2026-08-31 13:45:26.880329+00:00,2026-09-03 15:16:16.078906+00:00,36.17,41.24,2.0,10.14,0.1401714127730163,73.51366627138889,False,True,False,live
IREN,2026-08-31 13:45:27.623580+00:00,2026-09-03 15:16:16.654764+00:00,36.17,41.24,1.0,5.07,0.1401714127730163,73.51361977333335,False,True,False,live
IREN,2026-08-31 13:45:27.623580+00:00,2026-09-03 15:16:17.713962+00:00,36.17,41.24,1.0,5.07,0.1401714127730163,73.51391399500001,False,True,False,live
IREN,2026-08-31 13:45:27.623580+00:00,2026-09-03 15:16:18.345221+00:00,36.17,41.24,1.0,5.07,0.1401714127730163,73.51408934472222,False,True,False,live
HUT,2026-09-02 13:51:47.411172+00:00,2026-09-03 19:26:06.569796+00:00,77.0,87.73,143.0,1534.3900000000006,0.1393506493506494,29.571988506666667,False,True,False,live
HUT,2026-09-02 13:51:48.095229+00:00,2026-09-03 19:26:06.569796+00:00,77.0,87.73,27.0,289.7100000000001,0.1393506493506494,29.571798490833334,False,True,False,live
HUT,2026-09-02 13:51:46.408065+00:00,2026-09-03 19:26:06.569796+00:00,77.0,87.73,257.0,2757.610000000001,0.1393506493506494,29.5722671475,False,True,False,live
HUT,2026-09-02 13:51:46.258051+00:00,2026-09-03 19:26:06.569796+00:00,77.0,87.73,19.0,203.87000000000006,0.1393506493506494,29.572308818055554,False,True,False,live
HUT,2026-09-02 13:51:45.834055+00:00,2026-09-03 19:26:06.569796+00:00,77.0,87.73,31.0,332.6300000000001,0.1393506493506494,29.57242659472222,False,True,False,live
HUT,2026-09-02 13:51:45.712540+00:00,2026-09-03 19:26:06.569796+00:00,77.0,87.73,80.0,858.4000000000003,0.1393506493506494,29.57246034888889,False,True,False,live
HUT,2026-09-02 13:51:44.876107+00:00,2026-09-03 19:26:06.569796+00:00,77.0,87.73,19.0,203.87000000000006,0.1393506493506494,29.57269269138889,False,True,False,live
COIN,2026-09-03 13:53:55.454747+00:00,2026-09-04 13:30:56.285134+00:00,185.14,187.78,45.0,118.80000000000067,0.014259479312952442,23.61689732972222,False,True,False,live
COIN,2026-09-03 13:53:56.052609+00:00,2026-09-04 13:30:56.285134+00:00,185.14,187.78,46.0,121.44000000000068,0.014259479312952442,23.616731256944444,False,True,False,live
COIN,2026-09-03 13:53:56.751441+00:00,2026-09-04 13:30:56.285134+00:00,185.03,187.78,12.0,33.0,0.014862454737069665,23.616537136944444,False,True,False,live
COIN,2026-09-03 13:53:57.887394+00:00,2026-09-04 13:30:56.285134+00:00,185.04,187.78,2.0,5.480000000000018,0.014807609165585869,23.616221594444443,False,True,False,live
COIN,2026-09-03 13:53:58.339472+00:00,2026-09-04 13:30:56.285134+00:00,185.04,187.78,2.0,5.480000000000018,0.014807609165585869,23.616096017222223,False,True,False,live
COIN,2026-09-03 13:53:58.728939+00:00,2026-09-04 13:30:56.285134+00:00,185.04,187.78,23.0,63.02000000000021,0.014807609165585869,23.615987831944445,False,True,False,live
RBLX,2026-09-02 13:45:36.076763+00:00,2026-09-04 13:31:37.703521+00:00,40.44,41.58,34.0,38.76000000000002,0.028189910979228502,47.76711854388889,False,True,False,live
RBLX,2026-09-02 13:45:35.776359+00:00,2026-09-04 13:31:37.703521+00:00,40.44,41.58,24.0,27.360000000000014,0.028189910979228502,47.767201989444445,False,True,False,live
RBLX,2026-09-02 13:45:34.631139+00:00,2026-09-04 13:31:37.703521+00:00,40.44,41.58,408.0,465.12000000000023,0.028189910979228502,47.767520106111114,False,True,False,live
RBLX,2026-09-02 13:45:34.350001+00:00,2026-09-04 13:31:37.703521+00:00,40.44,41.58,457.0,520.9800000000002,0.028189910979228502,47.7675982,False,True,False,live
RBLX,2026-09-02 13:45:33.961580+00:00,2026-09-04 13:31:37.703521+00:00,40.43,41.58,69.0,79.34999999999991,0.02844422458570365,47.76770609472222,False,True,False,live
RBLX,2026-09-02 13:45:36.076763+00:00,2026-09-04 13:32:40.709697+00:00,40.44,42.11,114.0,190.3800000000002,0.041295746785361076,47.784620259444445,False,True,False,live
RBLX,2026-09-02 13:45:36.912573+00:00,2026-09-04 13:32:40.709697+00:00,40.44,42.11,5.0,8.350000000000009,0.041295746785361076,47.78438809,False,True,False,live
SMCI,2026-09-02 13:51:42.018176+00:00,2026-09-04 19:07:10.518533+00:00,36.69,39.4,217.0,588.0700000000002,0.07386208776233309,53.257916765833336,False,True,False,live
SMCI,2026-09-02 13:51:43.075540+00:00,2026-09-04 19:07:10.518533+00:00,36.69,39.4,54.0,146.34000000000003,0.07386208776233309,53.25762305361111,False,True,False,live
SMCI,2026-09-02 13:51:43.494574+00:00,2026-09-04 19:07:10.518533+00:00,36.71,39.4,521.0,1401.4899999999989,0.07327703622991004,53.25750665527778,False,True,False,live
SMCI,2026-09-02 13:51:43.730685+00:00,2026-09-04 19:07:10.518533+00:00,36.71,39.4,331.0,890.3899999999992,0.07327703622991004,53.25744106888889,False,True,False,live
SMCI,2026-09-02 13:51:44.313912+00:00,2026-09-04 19:07:10.518533+00:00,36.71,39.4,2.0,5.3799999999999955,0.07327703622991004,53.25727906138889,False,True,False,live
SMCI,2026-09-02 13:51:45.337732+00:00,2026-09-04 19:07:10.518533+00:00,36.71,39.4,79.0,212.50999999999982,0.07327703622991004,53.25699466694445,False,True,False,live
RXRX,2026-09-01 14:51:59.072164+00:00,2026-09-08 13:33:11.296035+00:00,3.36,3.47,497.0,54.67000000000016,0.03273809523809534,166.68672885305554,False,True,False,live
RXRX,2026-09-01 14:51:59.795674+00:00,2026-09-08 13:33:11.296035+00:00,3.36,3.47,1118.0,122.98000000000036,0.03273809523809534,166.68652787805556,False,True,False,live
RXRX,2026-09-01 14:51:58.281461+00:00,2026-09-08 13:33:11.296035+00:00,3.36,3.47,563.0,61.93000000000018,0.03273809523809534,166.6869484927778,False,True,False,live
RXRX,2026-09-01 14:51:58.507122+00:00,2026-09-08 13:33:11.296035+00:00,3.36,3.47,512.0,56.320000000000164,0.03273809523809534,166.68688580916668,False,True,False,live
RXRX,2026-09-01 14:51:59.795674+00:00,2026-09-08 13:35:38.176222+00:00,3.36,3.54,1096.0,197.28000000000017,0.053571428571428624,166.72732793,False,True,False,live
WOLF,2026-09-01 15:25:21.822427+00:00,2026-09-08 13:42:51.434039+00:00,26.05,28.0,395.0,770.2499999999998,0.07485604606525909,166.29155878111112,False,True,False,live
WOLF,2026-09-01 15:25:21.822427+00:00,2026-09-08 13:42:52.090659+00:00,26.05,28.0,29.0,56.54999999999998,0.07485604606525909,166.29174117555553,False,True,False,live
WOLF,2026-09-01 15:25:21.822427+00:00,2026-09-08 13:42:52.831259+00:00,26.05,28.0,13.0,25.34999999999999,0.07485604606525909,166.29194689777776,False,True,False,live
WOLF,2026-09-01 15:25:22.461634+00:00,2026-09-08 13:42:52.831259+00:00,26.05,28.0,41.0,79.94999999999997,0.07485604606525909,166.2917693402778,False,True,False,live
WOLF,2026-09-01 15:25:22.461634+00:00,2026-09-08 13:42:53.292024+00:00,26.05,28.0,5.0,9.749999999999996,0.07485604606525909,166.29189733055557,False,True,False,live
WOLF,2026-09-01 15:25:22.461634+00:00,2026-09-08 13:42:53.863108+00:00,26.05,28.0,5.0,9.749999999999996,0.07485604606525909,166.29205596499997,False,True,False,live
WOLF,2026-09-01 15:25:22.964268+00:00,2026-09-08 13:42:53.863108+00:00,26.05,28.0,2.0,3.8999999999999986,0.07485604606525909,166.29191634444445,False,True,False,live
MU,2026-08-28 14:06:28.034958+00:00,2026-09-08 14:23:18.451362+00:00,931.83,1014.05,1.0,82.21999999999991,0.08823497848319962,264.28067122333334,False,True,False,live
MU,2026-08-28 14:06:25.918710+00:00,2026-09-08 14:23:18.451362+00:00,932.55,1014.05,8.0,652.0,0.08739477775990565,264.28125907,False,True,False,live
MU,2026-08-28 14:06:26.846220+00:00,2026-09-08 14:23:18.451362+00:00,932.14,1014.05,2.0,163.81999999999994,0.08787306627759775,264.28100142833335,False,True,False,live
MU,2026-08-28 14:06:25.387883+00:00,2026-09-08 14:23:18.451362+00:00,932.43,1014.05,15.0,1224.3000000000002,0.08753472110506956,264.28140652194446,False,True,False,live
MU,2026-08-28 14:06:25.545997+00:00,2026-09-08 14:23:18.451362+00:00,932.55,1014.05,26.0,2119.0,0.08739477775990565,264.2813626013889,False,True,False,live
IONQ,2026-09-03 15:52:00.402024+00:00,2026-09-08 14:35:44.239891+00:00,39.34,42.37,642.0,1945.2599999999961,0.07702084392475836,118.72884385194445,False,True,False,live
ARM,2026-09-04 14:45:58.072640+00:00,2026-09-09 13:30:57.570086+00:00,252.36,264.43,26.0,313.8199999999998,0.04782849896972576,118.74986040166667,False,True,False,live
ARM,2026-09-04 14:45:58.408252+00:00,2026-09-09 13:30:57.570086+00:00,252.33,264.43,6.0,72.59999999999997,0.04795307731938332,118.74976717611112,False,True,False,live
ARM,2026-09-04 14:45:59.412027+00:00,2026-09-09 13:30:57.570086+00:00,252.33,264.43,53.0,641.2999999999997,0.04795307731938332,118.74948834972221,False,True,False,live
ARM,2026-09-04 14:45:59.598361+00:00,2026-09-09 13:30:57.570086+00:00,252.33,264.43,6.0,72.59999999999997,0.04795307731938332,118.74943659027778,False,True,False,live
ARM,2026-09-04 14:46:00.242939+00:00,2026-09-09 13:30:57.570086+00:00,252.33,264.43,2.0,24.19999999999999,0.04795307731938332,118.74925754083334,False,True,False,live
ARM,2026-09-04 14:46:01.482756+00:00,2026-09-09 13:30:57.570086+00:00,252.33,264.43,5.0,60.49999999999997,0.04795307731938332,118.74891314722223,False,True,False,live
ARM,2026-09-04 14:46:02.207295+00:00,2026-09-09 13:30:57.570086+00:00,252.33,264.43,1.0,12.099999999999994,0.04795307731938332,118.74871188638889,False,True,False,live
ARM,2026-09-04 14:46:02.832233+00:00,2026-09-09 13:30:57.570086+00:00,252.33,264.43,6.0,72.59999999999997,0.04795307731938332,118.7485382925,False,True,False,live
RBLX,2026-09-04 14:10:53.500835+00:00,2026-09-09 13:37:39.718124+00:00,42.17,43.88,347.0,593.3700000000003,0.04055015413801282,119.44617146916667,False,True,False,live
RBLX,2026-09-04 14:10:50.038081+00:00,2026-09-09 13:37:39.718124+00:00,42.17,43.88,627.0,1072.1700000000005,0.04055015413801282,119.44713334527776,False,True,False,live
RBLX,2026-09-04 14:10:52.662712+00:00,2026-09-09 13:37:39.718124+00:00,42.17,43.88,187.0,319.77000000000015,0.04055015413801282,119.44640428111111,False,True,False,live
RBLX,2026-09-04 14:10:53.500835+00:00,2026-09-09 13:37:40.678941+00:00,42.17,43.88,93.0,159.0300000000001,0.04055015413801282,119.44643836277778,False,True,False,live
HOOD,2026-09-04 18:24:00.052887+00:00,2026-09-09 14:11:16.933701+00:00,122.93,116.74,162.0,-1002.7800000000019,-0.05035385992027993,115.78802244833332,False,True,False,live
HOOD,2026-09-04 18:23:59.381032+00:00,2026-09-09 14:11:16.933701+00:00,122.94,116.74,59.0,-365.8000000000002,-0.05043110460387183,115.78820907472222,False,True,False,live
HUT,2026-09-08 13:46:00.262870+00:00,2026-09-09 14:17:19.121505+00:00,94.98,97.55,56.0,143.91999999999962,0.0270583280690671,24.521905176388888,False,True,False,live
HUT,2026-09-08 13:46:00.262870+00:00,2026-09-09 14:17:19.956737+00:00,94.98,97.55,239.0,614.2299999999984,0.0270583280690671,24.522137185277778,False,True,False,live
HUT,2026-09-08 13:46:00.505263+00:00,2026-09-09 14:17:19.956737+00:00,94.98,97.55,255.0,655.3499999999983,0.0270583280690671,24.52206985388889,False,True,False,live
HUT,2026-09-08 13:46:01.403465+00:00,2026-09-09 14:17:19.956737+00:00,94.98,97.55,40.0,102.79999999999973,0.0270583280690671,24.521820353333336,False,True,False,live
ACHR,2026-09-03 13:54:01.808635+00:00,2026-09-09 15:58:35.882605+00:00,5.85,5.55,4202.0,-1260.5999999999992,-0.05128205128205125,146.07613165833334,False,True,False,live
ONDS,2026-09-08 14:27:50.065515+00:00,2026-09-09 19:27:40.614325+00:00,7.77,7.38,51.0,-19.889999999999983,-0.050193050193050155,28.997374669444444,False,True,False,live
ONDS,2026-09-08 14:27:50.065515+00:00,2026-09-09 19:27:40.881614+00:00,7.77,7.38,308.0,-120.1199999999999,-0.050193050193050155,28.99744891638889,False,True,False,live
ONDS,2026-09-08 14:27:50.411363+00:00,2026-09-09 19:27:40.881614+00:00,7.77,7.38,3048.0,-1188.7199999999991,-0.050193050193050155,28.9973528475,False,True,False,live
ONDS,2026-09-08 14:27:50.411363+00:00,2026-09-09 19:27:41.978219+00:00,7.77,7.38,247.0,-96.32999999999993,-0.050193050193050155,28.997657460000003,False,True,False,live
WULF,2026-09-09 14:05:06.303847+00:00,2026-09-10 13:30:15.914940+00:00,17.84,16.54,302.0,-392.6000000000002,-0.07286995515695072,23.41933641472222,False,True,False,live
WULF,2026-09-09 14:05:05.107283+00:00,2026-09-10 13:30:15.914940+00:00,17.84,16.54,864.0,-1123.2000000000007,-0.07286995515695072,23.41966879361111,False,True,False,live
BULL,2026-09-09 14:45:39.313282+00:00,2026-09-10 13:30:25.178895+00:00,9.77,9.22,1406.0,-773.2999999999985,-0.056294779938587405,22.74607378138889,False,True,False,live
BULL,2026-09-09 14:45:39.799871+00:00,2026-09-10 13:30:25.178895+00:00,9.77,9.22,681.0,-374.5499999999993,-0.056294779938587405,22.745938617777774,False,True,False,live
IREN,2026-09-09 14:05:04.048630+00:00,2026-09-10 13:30:31.396960+00:00,46.62,43.93,220.0,-591.7999999999995,-0.05770055770055765,23.424263425,False,True,False,live
IREN,2026-09-09 14:05:05.652115+00:00,2026-09-10 13:30:31.396960+00:00,46.62,43.93,408.0,-1097.519999999999,-0.05770055770055765,23.4238180125,False,True,False,live
LRCX,2026-09-04 14:12:40.407818+00:00,2026-09-10 13:31:36.528532+00:00,308.09,306.32,52.0,-92.03999999999905,-0.00574507449122004,143.31558908722224,False,True,False,live
LRCX,2026-09-04 14:12:40.407818+00:00,2026-09-10 13:31:58.577836+00:00,308.09,305.42,22.0,-58.7399999999991,-0.008666298808789507,143.3217138938889,False,True,False,live
LRCX,2026-09-04 14:12:40.569712+00:00,2026-09-10 13:31:58.577836+00:00,308.09,305.42,81.0,-216.26999999999668,-0.008666298808789507,143.32166892333333,False,True,False,live
LRCX,2026-09-04 14:12:41.330077+00:00,2026-09-10 13:31:58.577836+00:00,307.92,305.42,12.0,-30.0,-0.00811899194595999,143.32145771083333,False,True,False,live
LRCX,2026-09-04 14:12:41.526871+00:00,2026-09-10 13:31:58.577836+00:00,307.92,305.42,4.0,-10.0,-0.00811899194595999,143.32140304583334,False,True,False,live
LRCX,2026-09-04 14:12:42.507098+00:00,2026-09-10 13:31:58.577836+00:00,307.9,305.42,1.0,-2.4799999999999613,-0.008054563169860219,143.32113076055555,False,True,False,live
WULF,2026-09-09 14:05:10.284310+00:00,2026-09-10 13:32:13.386581+00:00,17.84,16.5,3.0,-4.02,-0.07511210762331838,23.450861741944443,False,True,False,live
WULF,2026-09-09 14:05:09.495398+00:00,2026-09-10 13:32:13.386581+00:00,17.84,16.5,2.0,-2.6799999999999997,-0.07511210762331838,23.451080884166668,False,True,False,live
WULF,2026-09-09 14:05:08.670454+00:00,2026-09-10 13:32:13.386581+00:00,17.84,16.5,82.0,-109.88,-0.07511210762331838,23.45131003527778,False,True,False,live
WULF,2026-09-09 14:05:07.016962+00:00,2026-09-10 13:32:13.386581+00:00,17.84,16.5,51.0,-68.33999999999999,-0.07511210762331838,23.45176933861111,False,True,False,live
WULF,2026-09-09 14:05:06.303847+00:00,2026-09-10 13:32:13.386581+00:00,17.84,16.5,263.0,-352.41999999999996,-0.07511210762331838,23.45196742611111,False,True,False,live
WULF,2026-09-09 14:05:08.152047+00:00,2026-09-10 13:32:13.386581+00:00,17.84,16.5,74.0,-99.16,-0.07511210762331838,23.451454037222224,False,True,False,live
BULL,2026-09-09 14:45:39.799871+00:00,2026-09-10 13:32:18.290009+00:00,9.77,9.23,848.0,-457.9199999999993,-0.055271238485158566,22.777358371666665,False,True,False,live
AMD,2026-09-08 14:36:28.700115+00:00,2026-09-10 13:58:23.368744+00:00,497.58,505.0,56.0,415.5200000000009,0.014912174926644994,47.36518573027777,False,True,False,live
MU,2026-09-09 14:44:18.756830+00:00,2026-09-10 14:17:10.011517+00:00,1035.03,983.01,27.0,-1404.5399999999995,-0.050259412770644316,23.547570746388885,False,True,False,live
ONDS,2026-09-10 14:15:42.504226+00:00,2026-09-14 13:30:34.359458+00:00,7.35,7.06,3616.0,-1048.64,-0.039455782312925174,95.24773756444445,False,True,False,live
META,2026-08-28 15:00:37.300805+00:00,2026-09-14 13:30:58.640434+00:00,584.65,657.01,1.0,72.36000000000001,0.12376635593945098,406.5059276747222,False,True,False,live
QCOM,2026-09-08 13:46:01.563114+00:00,2026-09-14 13:32:04.606353+00:00,176.25,173.16,156.0,-482.04000000000053,-0.01753191489361704,143.76751201083334,False,True,False,live
QCOM,2026-09-08 13:46:01.737034+00:00,2026-09-14 13:32:04.606353+00:00,176.25,173.16,19.0,-58.710000000000065,-0.01753191489361704,143.7674636997222,False,True,False,live
QCOM,2026-09-08 13:46:02.782216+00:00,2026-09-14 13:32:04.606353+00:00,176.24,173.16,51.0,-157.08000000000064,-0.017476168860644646,143.7671733713889,False,True,False,live
SMCI,2026-09-10 14:06:32.342529+00:00,2026-09-14 13:32:59.618736+00:00,38.87,36.94,110.0,-212.29999999999995,-0.04965268844867507,95.4409100575,False,True,False,live
QCOM,2026-09-08 13:46:02.782216+00:00,2026-09-14 13:33:04.411648+00:00,176.24,174.09,38.0,-81.70000000000022,-0.012199273717657772,143.78378595333334,False,True,False,live
META,2026-08-28 15:00:37.300805+00:00,2026-09-14 13:33:46.116684+00:00,584.65,653.04,29.0,1983.3099999999995,0.11697596852817924,406.55244885527776,False,True,False,live
META,2026-08-28 15:00:37.300805+00:00,2026-09-14 13:33:48.783643+00:00,584.65,652.8,2.0,136.29999999999995,0.11656546651842979,406.5531896772222,False,True,False,live
SMCI,2026-09-10 14:06:32.342529+00:00,2026-09-14 13:34:05.600405+00:00,38.87,36.89,215.0,-425.6999999999993,-0.050939027527656215,95.45923829888889,False,True,False,live
QCOM,2026-09-08 13:46:02.782216+00:00,2026-09-14 13:34:08.533525+00:00,176.24,173.69,37.0,-94.35000000000042,-0.014468906037222035,143.80159758583335,False,True,False,live
QCOM,2026-09-08 13:46:03.329073+00:00,2026-09-14 13:34:08.533525+00:00,175.65,173.69,6.0,-11.760000000000048,-0.011158553942499334,143.8014456811111,False,True,False,live
QCOM,2026-09-08 13:46:04.672858+00:00,2026-09-14 13:34:08.533525+00:00,175.95,173.69,3.0,-6.779999999999973,-0.012844558113100263,143.8010724075,False,True,False,live
QCOM,2026-09-08 13:46:05.930946+00:00,2026-09-14 13:34:08.533525+00:00,175.95,173.69,2.0,-4.519999999999982,-0.012844558113100263,143.8007229386111,False,True,False,live
META,2026-08-28 15:00:37.300805+00:00,2026-09-14 13:34:32.804719+00:00,584.65,651.69,10.0,670.4000000000008,0.11466689472333888,406.5654177538889,False,True,False,live
META,2026-08-28 15:00:37.895164+00:00,2026-09-14 13:34:32.804719+00:00,584.64,651.69,16.0,1072.800000000001,0.11468596059113312,406.56525265416667,False,True,False,live
SMCI,2026-09-10 14:06:32.342529+00:00,2026-09-14 13:34:42.896406+00:00,38.87,36.84,324.0,-657.7199999999981,-0.05222536660663736,95.46959829916666,False,True,False,live
META,2026-08-28 15:00:37.895164+00:00,2026-09-14 13:35:01.183077+00:00,584.64,651.2,26.0,1730.5600000000015,0.11384783798576913,406.57313553138886,False,True,False,live
SMCI,2026-09-10 14:06:32.342529+00:00,2026-09-14 13:35:07.381149+00:00,38.87,36.88,20.0,-39.7999999999999,-0.05119629534345241,95.47639961666667,False,True,False,live
SMCI,2026-09-10 14:06:32.342529+00:00,2026-09-14 13:35:16.283357+00:00,38.87,36.98,2.0,-3.780000000000001,-0.04862361718549011,95.47887245222223,False,True,False,live
SMCI,2026-09-10 14:06:32.342529+00:00,2026-09-14 13:35:29.298539+00:00,38.87,37.09,9.0,-16.019999999999946,-0.04579367121173126,95.48248778055556,False,True,False,live
SMCI,2026-09-10 14:06:32.342529+00:00,2026-09-14 13:35:38.731266+00:00,38.87,37.12,2.0,-3.5,-0.045021867764342687,95.4851079825,False,True,False,live
SMCI,2026-09-10 14:06:32.342529+00:00,2026-09-14 13:35:45.061359+00:00,38.87,37.13,1.0,-1.7399999999999949,-0.044764599948546306,95.48686634166667,False,True,False,live
RIVN,2026-09-10 15:02:48.747330+00:00,2026-09-15 13:35:27.386577+00:00,16.2,15.34,302.0,-259.7199999999998,-0.05308641975308639,118.5440664575,False,True,False,live
RIVN,2026-09-10 15:02:48.747330+00:00,2026-09-15 13:35:28.664525+00:00,16.2,15.34,280.0,-240.79999999999984,-0.05308641975308639,118.54442144305555,False,True,False,live
RIVN,2026-09-10 15:02:48.884289+00:00,2026-09-15 13:35:28.664525+00:00,16.2,15.34,1453.0,-1249.5799999999992,-0.05308641975308639,118.5443833988889,False,True,False,live
RIVN,2026-09-10 15:02:49.597368+00:00,2026-09-15 13:35:28.664525+00:00,16.2,15.34,570.0,-490.1999999999997,-0.05308641975308639,118.5441853213889,False,True,False,live
RIVN,2026-09-10 15:02:49.738577+00:00,2026-09-15 13:35:28.664525+00:00,16.2,15.34,154.0,-132.4399999999999,-0.05308641975308639,118.54414609666667,False,True,False,live
RIVN,2026-09-10 15:02:50.200811+00:00,2026-09-15 13:35:28.664525+00:00,16.2,15.34,155.0,-133.2999999999999,-0.05308641975308639,118.54401769833333,False,True,False,live
RIVN,2026-09-10 15:02:50.323751+00:00,2026-09-15 13:35:28.664525+00:00,16.2,15.34,4.0,-3.4399999999999977,-0.05308641975308639,118.54398354833333,False,True,False,live
RIVN,2026-09-10 15:02:51.009983+00:00,2026-09-15 13:35:28.664525+00:00,16.2,15.34,258.0,-221.87999999999985,-0.05308641975308639,118.54379292833333,False,True,False,live
RIVN,2026-09-10 15:02:51.009983+00:00,2026-09-15 13:35:28.874074+00:00,16.2,15.34,40.0,-34.39999999999998,-0.05308641975308639,118.54385113638888,False,True,False,live
RIVN,2026-09-10 15:02:51.009983+00:00,2026-09-15 13:35:30.611796+00:00,16.2,15.35,10.0,-8.499999999999996,-0.05246913580246912,118.54433383694445,False,True,False,live
RIVN,2026-09-10 15:02:52.583924+00:00,2026-09-15 13:35:31.338461+00:00,16.19,15.34,9.0,-7.650000000000013,-0.052501544163063706,118.54409848249999,False,True,False,live
RIVN,2026-09-10 15:02:51.650139+00:00,2026-09-15 13:35:31.338461+00:00,16.19,15.34,11.0,-9.350000000000016,-0.052501544163063706,118.54435786722222,False,True,False,live
RIVN,2026-09-10 15:02:51.200428+00:00,2026-09-15 13:35:31.338461+00:00,16.2,15.34,28.0,-24.079999999999984,-0.05308641975308639,118.54448278694444,False,True,False,live
RIVN,2026-09-10 15:02:51.009983+00:00,2026-09-15 13:35:31.338461+00:00,16.2,15.34,45.0,-38.699999999999974,-0.05308641975308639,118.54453568833334,False,True,False,live
RIVN,2026-09-10 15:02:52.583924+00:00,2026-09-15 13:35:32.391184+00:00,16.19,15.34,1.0,-0.8500000000000014,-0.052501544163063706,118.54439090555555,False,True,False,live
COIN,2026-09-14 13:45:30.551385+00:00,2026-09-15 18:33:38.724609+00:00,185.6,176.2,131.0,-1231.4000000000008,-0.05064655172413796,28.80227034,False,True,False,live
COIN,2026-09-14 13:45:30.551385+00:00,2026-09-15 18:33:39.882823+00:00,185.6,176.2,6.0,-56.400000000000034,-0.05064655172413796,28.80259206611111,False,True,False,live
RBLX,2026-09-14 13:45:33.719873+00:00,2026-09-16 13:45:05.314911+00:00,47.56,49.28,217.0,373.2399999999998,0.03616484440706474,47.99210973277778,False,True,False,live
RBLX,2026-09-14 13:45:33.719873+00:00,2026-09-16 13:45:06.559668+00:00,47.56,49.28,57.0,98.03999999999994,0.03616484440706474,47.992455498611115,False,True,False,live
RBLX,2026-09-14 13:45:35.059466+00:00,2026-09-16 13:45:06.559668+00:00,47.54,49.28,66.0,114.84000000000013,0.03660075725704674,47.992083389444446,False,True,False,live
RBLX,2026-09-14 13:45:35.715752+00:00,2026-09-16 13:45:06.559668+00:00,47.53,49.28,21.0,36.75,0.036818851251840944,47.991901087777784,False,True,False,live
RBLX,2026-09-14 13:45:35.715752+00:00,2026-09-16 13:45:07.131149+00:00,47.53,49.28,48.0,84.0,0.036818851251840944,47.992059832500004,False,True,False,live
RBLX,2026-09-14 13:45:40.059944+00:00,2026-09-16 13:45:07.793200+00:00,47.51,49.28,3.0,5.310000000000009,0.03725531467059573,47.991037015555555,False,True,False,live
RBLX,2026-09-14 13:45:39.745721+00:00,2026-09-16 13:45:07.793200+00:00,47.5,49.28,9.0,16.02000000000001,0.03747368421052634,47.99112429972222,False,True,False,live
RBLX,2026-09-14 13:45:38.665165+00:00,2026-09-16 13:45:07.793200+00:00,47.51,49.28,5.0,8.850000000000016,0.03725531467059573,47.99142445416667,False,True,False,live
RBLX,2026-09-14 13:45:35.715752+00:00,2026-09-16 13:45:07.793200+00:00,47.53,49.28,48.0,84.0,0.036818851251840944,47.992243735555554,False,True,False,live
RBLX,2026-09-14 13:45:37.457357+00:00,2026-09-16 13:45:07.793200+00:00,47.51,49.28,6.0,10.620000000000019,0.03725531467059573,47.99175995638889,False,True,False,live
RBLX,2026-09-14 13:45:36.534950+00:00,2026-09-16 13:45:07.793200+00:00,47.51,49.28,48.0,84.96000000000015,0.03725531467059573,47.99201618055556,False,True,False,live
RBLX,2026-09-14 13:45:37.945672+00:00,2026-09-16 13:45:07.793200+00:00,47.51,49.28,14.0,24.780000000000044,0.03725531467059573,47.99162431333334,False,True,False,live
MSTR,2026-09-14 13:45:32.556124+00:00,2026-09-16 14:51:09.161252+00:00,132.87,126.12,45.0,-303.75,-0.05080153533529013,49.09350142444444,False,True,False,live
MSTR,2026-09-14 13:45:32.556124+00:00,2026-09-16 14:51:09.635183+00:00,132.87,126.12,118.0,-796.5,-0.05080153533529013,49.093633071944446,False,True,False,live
MSTR,2026-09-14 13:45:32.785845+00:00,2026-09-16 14:51:09.635183+00:00,132.87,126.12,28.0,-189.0,-0.05080153533529013,49.093569260555554,False,True,False,live
ACHR,2026-09-10 16:35:20.173416+00:00,2026-09-16 17:49:51.576526+00:00,5.53,5.25,927.0,-259.56000000000023,-0.050632911392405104,145.24205641944445,False,True,False,live
ACHR,2026-09-10 16:35:20.783355+00:00,2026-09-16 17:49:51.576526+00:00,5.53,5.25,3942.0,-1103.760000000001,-0.050632911392405104,145.24188699194445,False,True,False,live
IREN,2026-09-16 17:52:24.480641+00:00,2026-09-17 13:41:58.570843+00:00,42.84,43.43,16.0,9.43999999999994,0.013772175536881332,19.826136167222224,False,True,False,live
IREN,2026-09-16 17:52:27.329008+00:00,2026-09-17 13:41:59.161645+00:00,42.84,43.43,3.0,1.769999999999989,0.013772175536881332,19.825509065833334,False,True,False,live
IREN,2026-09-16 17:52:26.632122+00:00,2026-09-17 13:41:59.161645+00:00,42.84,43.43,1.0,0.5899999999999963,0.013772175536881332,19.82570264527778,False,True,False,live
IREN,2026-09-16 17:52:25.150792+00:00,2026-09-17 13:41:59.161645+00:00,42.84,43.43,4.0,2.359999999999985,0.013772175536881332,19.82611412583333,False,True,False,live
IREN,2026-09-16 17:52:24.480641+00:00,2026-09-17 13:41:59.161645+00:00,42.84,43.43,291.0,171.68999999999892,0.013772175536881332,19.826300278888887,False,True,False,live
IREN,2026-09-16 17:52:26.056069+00:00,2026-09-17 13:41:59.161645+00:00,42.84,43.43,15.0,8.849999999999945,0.013772175536881332,19.825862660000002,False,True,False,live
SNAP,2026-09-15 13:47:49.166788+00:00,2026-09-18 13:31:29.600441+00:00,5.94,5.63,79.0,-24.490000000000038,-0.05218855218855227,71.72789823694444,False,True,False,live
SNAP,2026-09-15 13:47:49.810193+00:00,2026-09-18 13:31:29.600441+00:00,5.94,5.63,4204.0,-1303.240000000002,-0.05218855218855227,71.72771951333334,False,True,False,live
SNAP,2026-09-15 13:47:51.984177+00:00,2026-09-18 13:31:29.600441+00:00,5.94,5.63,1416.0,-438.9600000000007,-0.05218855218855227,71.7271156288889,False,True,False,live
SNAP,2026-09-15 13:47:51.984177+00:00,2026-09-18 13:32:14.489984+00:00,5.94,5.62,10.0,-3.200000000000003,-0.05387205387205392,71.73958494638889,False,True,False,live
SNAP,2026-09-15 13:47:52.463401+00:00,2026-09-18 13:32:14.489984+00:00,5.94,5.62,2858.0,-914.5600000000009,-0.05387205387205392,71.73945182861111,False,True,False,live
IONQ,2026-09-15 13:50:52.209037+00:00,2026-09-18 13:35:48.319955+00:00,37.8,39.58,141.0,250.98000000000016,0.047089947089947126,71.74891969944444,False,True,False,live
RKLB,2026-09-10 14:05:53.394603+00:00,2026-09-18 13:35:48.561344+00:00,63.64,65.78,404.0,864.5600000000002,0.03362664990571968,191.49865742805557,False,True,False,live
IONQ,2026-09-15 13:50:52.209037+00:00,2026-09-18 13:35:49.014591+00:00,37.8,39.59,48.0,85.9200000000003,0.047354497354497524,71.74911265388889,False,True,False,live
RKLB,2026-09-10 14:05:53.394603+00:00,2026-09-18 13:35:49.262289+00:00,63.64,65.8,13.0,28.079999999999956,0.03394091766184784,191.498852135,False,True,False,live
IONQ,2026-09-15 13:50:52.209037+00:00,2026-09-18 13:35:50.635201+00:00,37.8,39.64,485.0,892.4000000000017,0.04867724867724877,71.74956282333333,False,True,False,live
QCOM,2026-09-15 14:12:03.057426+00:00,2026-09-18 16:12:55.857105+00:00,186.78,177.4,123.0,-1153.7399999999993,-0.05021950958346716,74.0146665775,False,True,False,live
QCOM,2026-09-15 14:12:03.019762+00:00,2026-09-18 16:12:55.857105+00:00,186.78,177.4,26.0,-243.87999999999988,-0.05021950958346716,74.01467703972222,False,True,False,live
QCOM,2026-09-15 14:12:03.455127+00:00,2026-09-18 16:12:55.857105+00:00,186.82,177.4,34.0,-320.2799999999996,-0.0504228669307354,74.014556105,False,True,False,live
QCOM,2026-09-15 14:12:03.493876+00:00,2026-09-18 16:12:56.386964+00:00,186.82,177.4,8.0,-75.3599999999999,-0.0504228669307354,74.01469252444444,False,True,False,live
QCOM,2026-09-15 14:12:03.455127+00:00,2026-09-18 16:12:56.386964+00:00,186.82,177.4,76.0,-715.919999999999,-0.0504228669307354,74.01470328805556,False,True,False,live
QCOM,2026-09-15 14:12:03.988627+00:00,2026-09-18 16:12:56.386964+00:00,186.82,177.4,5.0,-47.09999999999994,-0.0504228669307354,74.01455509361111,False,True,False,live
