run_id,timestamp_local,timestamp_utc,mode,label,strategy,start,end,data_start,data_end,data_bars,is_probe,n_symbols,symbols,universe_hash,timeframe,bar_provider,starting_cash,costs_model,total_return,cagr,sharpe,sortino,calmar,max_drawdown,longest_dd_days,n_trades,win_rate,profit_factor,expectancy,total_costs,benchmark_total_return,alpha_annualized,beta,information_ratio,deflated_sharpe_p,n_trials,runtime_sec,code_fingerprint,data_fingerprint,python_version,notes,adx_min,avg_bars_held,avg_cost_per_trade,avg_loss,avg_loss_ex_boundary,avg_win,avg_win_ex_boundary,benchmark_max_dd,benchmark_sharpe,best,boundary_contaminated,correlation,cost_model,day_trades,diag_ambiguous_stop_target_bars,diag_bar_seconds,diag_bars_processed,diag_day_timeout_suppressed_bars,diag_exits_blocked_min_hold,diag_kill_switch_days,diag_orders_rejected_cash,diag_orders_rejected_cluster,diag_orders_rejected_exposure,diag_orders_rejected_liquidity,diag_orders_rejected_risk,diag_orders_rejected_vol_target,diag_orders_trimmed_by_cluster,diag_orders_trimmed_by_exposure,diag_orders_trimmed_by_vol_target,diag_peak_exposure_pct,diag_regime_blocked_bars,diag_regime_blocked_signals,diag_regime_unavailable_bars,diag_signals_generated,diag_slip_scale,donchian_period,ending_equity,exit_reasons,expectancy_ex_boundary,experiment,feed,fix_news_scoring,grid_size,is_oos_degradation,limit_allow_extended_hours,limit_cluster_corr_threshold,limit_cluster_lookback_days,limit_cluster_map,limit_daily_loss_limit_pct,limit_day_trade_exits,limit_day_trade_stop_pct,limit_day_trade_target_pct,limit_disable_day_timeout,limit_exit_check,limit_exit_scan_window,limit_extended_hours_max_pos_pct,limit_extended_hours_stop_mult,limit_max_cluster_exposure_pct,limit_max_hold_days_swing,limit_max_hold_hours_day,limit_max_position_pct,limit_max_positions,limit_max_total_exposure_pct,limit_min_hold_bars,limit_min_price,limit_regime_filter,limit_regime_ma_days,limit_regime_symbol,limit_regime_vol_max,limit_risk_per_trade_pct,limit_stop_loss_pct,limit_swing_only,limit_take_profit_pct,limit_trailing_arm_pct,limit_trailing_stop_pct,limit_vol_lookback_days,limit_vol_target_annual,max_dd,max_exposure,mc_boot_median_final,mc_boot_median_max_dd,mc_boot_p05_final,mc_boot_p95_final,mc_boot_p95_max_dd,mc_boot_prob_profitable,mc_median_final,mc_median_max_dd,mc_n_trades,mc_p05_final,mc_p95_final,mc_p95_max_dd,mc_perm_median_max_dd,mc_perm_p95_max_dd,mc_perm_worst_max_dd,mc_prob_profitable,mc_realised_final,mc_worst_max_dd,median_bars_held,min_confidence,n_boundary_exits,n_trades_ex_boundary,n_windows,no_news,offline,param_adx_exit_min,param_adx_min,param_adx_period,param_adx_scale,param_atr_min_mult,param_atr_period,param_chandelier_k,param_donchian_period,param_ema_fast,param_ema_slow,param_entry_style,param_exit_on_ema_cross,param_extended_min_confidence,param_min_confidence,param_momentum_lookback,param_momentum_pct_thresh,param_news_bearish_thresh,param_news_bullish_thresh,param_pullback_atr_max,param_rsi_extended,param_rsi_overbought,param_rsi_oversold,param_rsi_period,param_rsi_pullback_hi,param_rsi_pullback_lo,param_score_fixed,param_sep_scale_atr,param_slope_bars,param_stability,param_trigger_scale_atr,param_use_news,param_volume_period,param_volume_surge_mult,param_volume_z_min,param_volume_z_scale,param_w_news,param_w_quality,param_w_trend,param_w_trigger,param_w_volume,param_warmup_bars,pct_exits_at_fold_boundary,pct_windows_profitable,pnl_before_costs,preset,profit_factor_ex_boundary,rsi_oversold,starting_equity,swing_trades,symbols_audited,symbols_clean,symbols_with_issues,total_bars,total_commission,total_slippage,variant,volume_surge_mult,wf_grid,win_rate_ex_boundary,worst
20260820_144438_audit_ee26ae,2026-08-20 14:44:38,2026-08-20T19:44:38Z,audit,,,2024-08-19,2026-08-19,,,,False,18,AAPL|AMD|AMZN|CLSK|COIN|GOOGL|IONQ|LCID|MARA|META|MSFT|MSTR|NVDA|PLTR|RIOT|RIVN|SMCI|TSLA,d848afd031,5Min,,100000.0,n/a,,,,,,,,,,,,,,,,,,,0.1,ee26aec47896,7f7745319a61,3.14.7,,,,,,,,,,,,,,,,,,,,,,,,,,,,,,,,,,,,,,,,,,default,False,,,,,,,,,,,,,,,,,,,,,,,,,,,,,,,,,,,,,1.0,,,,,,,,,,,,,,,,,,,,,,,,False,True,,,,,,,,,,,,,,,,,,,,,,,,,,,,,,,,,,,,,,,,,,,,,mixed18,,,,,18.0,16.0,2.0,1648366.0,,,,,,,
20260820_144438_single_baseline_ee26ae,2026-08-20 14:44:38,2026-08-20T19:44:38Z,single,baseline,,2024-08-19 08:00:00+00:00,2026-08-18 23:55:00+00:00,,,,False,18,AAPL|AMD|AMZN|CLSK|COIN|GOOGL|IONQ|LCID|MARA|META|MSFT|MSTR|NVDA|PLTR|RIOT|RIVN|SMCI|TSLA,d848afd031,5Min,,100000.0,REALISTIC,-0.9833705524845595,-0.8713473525016471,-1.8692141724230504,-2.037384790203581,-0.8854776140505105,-0.9840422148175759,727.1631944444445,1460.0,0.3636986301369863,0.37598305571576646,-67.35414743044926,0.0,0.418159631704476,-0.8388858654862376,1.0638382383922946,-2.1469947140759698,,,174.04,ee26aec47896,7f7745319a61,3.14.7,,,,,-169.63095320116258,,111.58210974656147,,-0.20846397584565102,0.7201080354350623,2596.7022650143044,,0.2820606164707868,,865.0,0.0,,96000.0,,,13.0,148.0,,432.0,0.0,53.0,,,392.0,,0.999997674142598,,,,2093.0,,,1662.944751544046,"{""max_hold_day"": 598, ""max_hold_swing"": 32, ""stop_loss"": 489, ""take_profit"": 62, ""trailing_stop"": 279}",,,default,False,,,True,,,,0.06,False,0.03,0.09,,close,,0.1,1.5,,10.0,8.0,0.2,100.0,1.0,,2.0,,,,,0.05,0.05,,0.14,0.05,0.04,,,,1.0,,,,,,,,,,,,,,,,,,,,,,,,False,True,,,,,0.5,14.0,,,,,,,0.6,0.49,20.0,0.015,0.45,0.55,,,72.0,35.0,,,,False,,,,,True,,1.8,,,,,,,,80.0,,,,mixed18,,,100000.0,595.0,,,,,,,,,,,-9554.41044508161
20260820_225639_audit_a439c6,2026-08-20 22:56:39,2026-08-21T03:56:39Z,audit,,,2024-08-19,2026-08-19,,,,False,18,AAPL|AMD|AMZN|CLSK|COIN|GOOGL|IONQ|LCID|MARA|META|MSFT|MSTR|NVDA|PLTR|RIOT|RIVN|SMCI|TSLA,d848afd031,5Min,,100000.0,n/a,,,,,,,,,,,,,,,,,,,0.22,a439c61996af,7f7745319a61,3.14.7,,,,,,,,,,,,,,,,,,,,,,,,,,,,,,,,,,,,,,,,,,default,False,,,,,,,,,,,,,,,,,,,,,,,,,,,,,,,,,,,,,1.0,,,,,,,,,,,,,,,,,,,,,,,,False,True,,,,,,,,,,,,,,,,,,,,,,,,,,,,,,,,,,,,,,,,,,,,,mixed18,,,,,18.0,16.0,2.0,1648366.0,,,,,,,
20260820_225700_single_baseline_a439c6,2026-08-20 22:57:00,2026-08-21T03:57:00Z,single,baseline,,2024-08-19 08:00:00+00:00,2026-08-18 23:55:00+00:00,,,,False,18,AAPL|AMD|AMZN|CLSK|COIN|GOOGL|IONQ|LCID|MARA|META|MSFT|MSTR|NVDA|PLTR|RIOT|RIVN|SMCI|TSLA,d848afd031,5Min,,100000.0,REALISTIC,-0.5282910081881049,-0.3134851182058366,-0.2042084334624321,-0.23392578646429707,-0.4583461906858085,-0.6839483442346908,644.6180555555555,1426.0,0.4684431977559607,0.870913827174108,-37.04705527265824,82592.46461881066,0.418159631704476,-0.16166597437654695,1.0693936809472981,-0.42290277836681306,,,337.7,a439c61996af,7f7745319a61,3.14.7,,,203.72159887798037,57.9189793960804,-539.913626225331,,533.5709997904045,,-0.20846397584565102,0.7201080354350623,5980.448083122521,,0.2966274352451142,,852.0,0.0,,96000.0,,,3.0,325.0,,396.0,0.0,0.0,,,587.0,,0.9999991505199352,,,,2147.0,,,47170.89918118951,"{""end_of_backtest"": 1, ""max_hold_day"": 600, ""max_hold_swing"": 32, ""stop_loss"": 446, ""take_profit"": 56, ""trailing_stop"": 291}",,,default,False,,,True,,,,0.06,False,0.03,0.09,,close,,0.1,1.5,,10.0,8.0,0.2,100.0,1.0,,2.0,,,,,0.05,0.05,,0.14,0.05,0.04,,,,1.0,,,,,,,,,,,,,,,,,,,97.0,,,,,False,True,,,,,0.5,14.0,,,,,,,0.6,0.49,20.0,0.015,0.45,0.55,,,72.0,35.0,,,,False,,,,,True,,1.8,,,,,,,,80.0,,,29763.363800000003,mixed18,,,100000.0,574.0,,,,,0.0,82592.46461881066,,,,,-3214.747239312593
20260820_230239_single_baseline-stable_a439c6,2026-08-20 23:02:39,2026-08-21T04:02:39Z,single,baseline-stable,,2024-08-19 08:00:00+00:00,2026-08-18 23:55:00+00:00,,,,False,8,AAPL|AMD|AMZN|GOOGL|META|MSFT|NVDA|TSLA,238588ae78,5Min,,100000.0,REALISTIC,0.13502180857687263,0.06545139802030797,0.30638446049324697,0.24027420606512884,0.4736376724052462,-0.13818875024853916,362.0625,169.0,0.48520710059171596,1.2107792060794098,79.89456128809002,11814.479642312775,0.418159631704476,0.005875195288555916,0.32598195381441114,-0.3865972676793271,0.5626281354477146,2.0,170.93,a439c61996af,6ea52a3454ef,3.14.7,,,358.8224852071006,69.90816356398092,-736.3035662273627,,945.8608673105826,,-0.20846397584565102,0.7201117860869272,3884.5520076151547,,0.34501326009936667,,86.0,0.0,,95999.0,,,0.0,1.0,,4.0,0.0,0.0,,,4.0,,0.9999878350998128,,,,174.0,,,113502.18085768726,"{""end_of_backtest"": 1, ""max_hold_day"": 69, ""max_hold_swing"": 14, ""stop_loss"": 47, ""take_profit"": 11, ""trailing_stop"": 27}",,,default,False,,,True,,,,0.06,False,0.03,0.09,,close,,0.1,1.5,,10.0,8.0,0.2,100.0,1.0,,2.0,,,,,0.05,0.05,,0.14,0.05,0.04,,,,1.0,,,,,,,,,,,,,,,,,,,97.0,,,,,False,True,,,,,0.5,14.0,,,,,,,0.6,0.49,20.0,0.015,0.45,0.55,,,72.0,35.0,,,,False,,,,,True,,1.8,,,,,,,,80.0,,,25316.660499999994,stable8,,,100000.0,83.0,,,,,0.0,11814.479642312775,,,,,-1922.9367039047188
20260820_230530_single_baseline-volatile_a439c6,2026-08-20 23:05:30,2026-08-21T04:05:30Z,single,baseline-volatile,,2024-08-19 08:00:00+00:00,2026-08-18 23:55:00+00:00,,,,False,10,CLSK|COIN|IONQ|LCID|MARA|MSTR|PLTR|RIOT|RIVN|SMCI,4349f37fcd,5Min,,100000.0,REALISTIC,-0.5980921185580024,-0.36636922858071075,-0.23723947790674385,-0.2621520311085057,-0.526027701179419,-0.6964827665145119,644.6180555555555,1358.0,0.4639175257731959,0.86311545161686,-44.04212949617087,90915.83385579998,0.418159631704476,-0.17970170634925234,1.0416215983461345,-0.43799866270545934,0.08423499149861241,3.0,180.33,a439c61996af,7e49894e2ac4,3.14.7,,,182.73564064801178,66.94833126347568,-600.1810413325884,,598.6072797370227,,-0.20846397584565102,0.7201080354350623,6246.021401284761,,0.2673668607215305,,838.0,0.0,,96000.0,,,2.0,291.0,,225.0,0.0,0.0,,,472.0,,0.9999990232890342,,,,1874.0,,,40190.78814419976,"{""max_hold_day"": 569, ""max_hold_swing"": 23, ""stop_loss"": 437, ""take_profit"": 58, ""trailing_stop"": 271}",,,default,False,,,True,,,,0.06,False,0.03,0.09,,close,,0.1,1.5,,10.0,8.0,0.2,100.0,1.0,,2.0,,,,,0.05,0.05,,0.14,0.05,0.04,,,,1.0,,,,,,,,,,,,,,,,,,,97.0,,,,,False,True,,,,,0.5,14.0,,,,,,,0.6,0.49,20.0,0.015,0.45,0.55,,,72.0,35.0,,,,False,,,,,True,,1.8,,,,,,,,80.0,,,31106.621999999956,volatile10,,,100000.0,520.0,,,,,0.0,90915.83385579998,,,,,-3323.0626672127983
20260820_230831_single_holdout-check_a439c6,2026-08-20 23:08:31,2026-08-21T04:08:31Z,single,holdout-check,,2024-08-19 08:00:00+00:00,2026-08-18 23:55:00+00:00,,,,False,15,ABBV|ADBE|AVGO|COP|CRM|GS|HON|KO|MS|NFLX|ORCL|PG|SLB|TMO|UNP,9d6f8ccb3c,5Min,,100000.0,REALISTIC,-0.09607433234455642,-0.04930501054389491,0.11944747307629622,0.10092798444000989,-0.30436237664581695,-0.16199443271291902,271.34027777777777,242.0,0.47107438016528924,0.8902004060512515,-39.70013733246174,16443.59613445574,0.418159631704476,0.017840016376363458,0.3158482555777152,-0.09871916732708959,0.21472410869736014,4.0,200.66,a439c61996af,14e9e45db1c1,3.14.7,,,493.6776859504132,67.94874435725512,-683.591527480699,,683.2656340620503,,-0.20846397584565102,0.7253042120943619,2938.930664882216,,0.09572616439108418,,99.0,0.0,,94630.0,,,0.0,0.0,,17.0,0.0,0.0,,,12.0,,0.9998703806627088,,,,259.0,,,90392.56676554435,"{""end_of_backtest"": 3, ""max_hold_day"": 85, ""max_hold_swing"": 42, ""stop_loss"": 63, ""take_profit"": 7, ""trailing_stop"": 42}",,,default,False,,,True,,,,0.06,False,0.03,0.09,,close,,0.1,1.5,,10.0,8.0,0.2,100.0,1.0,,2.0,,,,,0.05,0.05,,0.14,0.05,0.04,,,,1.0,,,,,,,,,,,,,,,,,,,204.0,,,,,False,True,,,,,0.5,14.0,,,,,,,0.6,0.49,20.0,0.015,0.45,0.55,,,72.0,35.0,,,,False,,,,,True,,1.8,,,,,,,,80.0,,,6836.162899999998,holdout15,,,100000.0,143.0,,,,,0.0,16443.59613445574,,,,,-3025.393625515787
20260820_231603_audit_a439c6,2026-08-20 23:16:03,2026-08-21T04:16:03Z,audit,,,2024-08-19,2026-08-19,,,,False,18,AAPL|AMD|AMZN|CLSK|COIN|GOOGL|IONQ|LCID|MARA|META|MSFT|MSTR|NVDA|PLTR|RIOT|RIVN|SMCI|TSLA,d848afd031,5Min,,100000.0,n/a,,,,,,,,,,,,,,,,,,,0.14,a439c61996af,7f7745319a61,3.14.7,,,,,,,,,,,,,,,,,,,,,,,,,,,,,,,,,,,,,,,,,,default,False,,,,,,,,,,,,,,,,,,,,,,,,,,,,,,,,,,,,,1.0,,,,,,,,,,,,,,,,,,,,,,,,False,True,,,,,,,,,,,,,,,,,,,,,,,,,,,,,,,,,,,,,,,,,,,,,mixed18,,,,,18.0,16.0,2.0,1648366.0,,,,,,,
20260820_231152_single_prepatch-2x_a439c6,2026-08-20 23:11:52,2026-08-21T04:11:52Z,single,prepatch-2x,,2024-08-19 08:00:00+00:00,2026-08-18 23:55:00+00:00,,,,False,18,AAPL|AMD|AMZN|CLSK|COIN|GOOGL|IONQ|LCID|MARA|META|MSFT|MSTR|NVDA|PLTR|RIOT|RIVN|SMCI|TSLA,d848afd031,5Min,,100000.0,REALISTIC,-0.6319816389003068,-0.393702461897532,-0.17067538844280142,-0.19617566942730139,-0.5554298289494106,-0.7088248440711509,644.6180555555555,1705.0,0.4686217008797654,0.8852043690383358,-37.06637178300927,114474.03289003076,0.418159631704476,-0.20457121699028755,1.5613539338229436,-0.34586871584691553,0.046767062597855284,6.0,416.15,a439c61996af,7f7745319a61,3.14.7,,,201.1624633431085,67.1401952434198,-607.6463642138558,,609.9242078694903,,-0.20846397584565102,0.7201080354350623,5747.574583815538,,0.34090300424110515,,1032.0,0.0,,96000.0,,,17.0,16.0,,15.0,0.0,0.0,,,27.0,,2.065965743664791,,,,1736.0,,,36801.836109969314,"{""end_of_backtest"": 1, ""max_hold_day"": 727, ""max_hold_swing"": 38, ""stop_loss"": 528, ""take_profit"": 73, ""trailing_stop"": 338}",,,default,False,,,True,,,,0.06,False,0.03,0.09,,close,,0.1,1.5,,10.0,8.0,0.2,100.0,2.0,,2.0,,,,,0.05,0.05,,0.14,0.05,0.04,,,,2.0,,,,,,,,,,,,,,,,,,,97.0,,,,,False,True,,,,,0.5,14.0,,,,,,,0.6,0.49,20.0,0.015,0.45,0.55,,,72.0,35.0,,,,False,,,,,True,,1.8,,,,,,,,80.0,,,51275.86899999999,mixed18,,,100000.0,673.0,,,,,0.0,114474.03289003076,,,,,-3214.747239312593
20260820_231622_single_baseline_a439c6,2026-08-20 23:16:22,2026-08-21T04:16:22Z,single,baseline,,2024-08-19 08:00:00+00:00,2026-08-18 23:55:00+00:00,,,,False,18,AAPL|AMD|AMZN|CLSK|COIN|GOOGL|IONQ|LCID|MARA|META|MSFT|MSTR|NVDA|PLTR|RIOT|RIVN|SMCI|TSLA,d848afd031,5Min,,100000.0,REALISTIC,-0.5314044114228148,-0.31575705648193964,-0.2048899802288478,-0.23451462394400527,-0.4616679887356967,-0.6839483442346908,644.6180555555555,1439.0,0.46907574704656013,0.8701429983490706,-36.9287290773326,82865.5159422816,0.418159631704476,-0.1624066905091894,1.0706785959826968,-0.42247823729979866,0.03294034834975277,7.0,424.89,a439c61996af,7f7745319a61,3.14.7,,,202.1556636553162,57.58548710373982,-535.6318900718661,,527.5293672187024,,-0.20846397584565102,0.7201080354350623,5980.448083122521,,0.29557568688878466,,861.0,0.0,,96000.0,,,3.0,341.0,,393.0,0.0,0.0,,,612.0,,0.9999991505199352,,,,2173.0,,,46859.55885771852,"{""end_of_backtest"": 1, ""max_hold_day"": 607, ""max_hold_swing"": 31, ""stop_loss"": 450, ""take_profit"": 57, ""trailing_stop"": 293}",,,default,False,,,True,,,,0.06,False,0.03,0.09,,close,,0.1,1.5,,10.0,8.0,0.2,100.0,1.0,,2.0,,,,,0.05,0.05,,0.14,0.05,0.04,,,,1.0,,,,,,,,,,,,,,,,,,,97.0,,,,,False,True,,,,,0.5,14.0,,,,,,,0.6,0.49,20.0,0.015,0.45,0.55,,,72.0,35.0,,,,False,,,,,True,,1.8,,,,,,,,80.0,,,29725.074799999995,mixed18,,,100000.0,578.0,,,,,0.0,82865.5159422816,,,,,-3214.747239312593
20260820_231849_single_half-exposure_a439c6,2026-08-20 23:18:49,2026-08-21T04:18:49Z,single,half-exposure,,2024-08-19 08:00:00+00:00,2026-08-18 23:55:00+00:00,,,,False,18,AAPL|AMD|AMZN|CLSK|COIN|GOOGL|IONQ|LCID|MARA|META|MSFT|MSTR|NVDA|PLTR|RIOT|RIVN|SMCI|TSLA,d848afd031,5Min,,100000.0,REALISTIC,-0.420310125129017,-0.23886434040546622,-0.247480306092723,-0.26926567582357885,-0.43756275195322947,-0.5458973355003447,645.0208333333334,1185.0,0.4548523206751055,0.8421979671054369,-35.46920887164695,51423.1575129016,0.418159631704476,-0.11974545716009861,0.63367309989195,-0.5277832974354797,0.022465313644974463,8.0,445.38,a439c61996af,7f7745319a61,3.14.7,,,194.06582278481014,43.395069631140586,-412.31082812190135,,416.18141457114405,,-0.20846397584565102,0.7201080354350623,5609.286995255387,,0.23782902465724384,,714.0,0.0,,96000.0,,,0.0,0.0,,1384.0,0.0,0.0,,,650.0,,0.5389215670715154,,,,2569.0,,,57968.987487098304,"{""end_of_backtest"": 1, ""max_hold_day"": 484, ""max_hold_swing"": 23, ""stop_loss"": 390, ""take_profit"": 49, ""trailing_stop"": 238}",,,default,False,,,True,,,,0.06,False,0.03,0.09,,close,,0.1,1.5,,10.0,8.0,0.2,100.0,0.5,,2.0,,,,,0.05,0.05,,0.14,0.05,0.04,,,,0.5,,,,,,,,,,,,,,,,,,,97.0,,,,,False,True,,,,,0.5,14.0,,,,,,,0.6,0.49,20.0,0.015,0.45,0.55,,,72.0,35.0,,,,False,,,,,True,,1.8,,,,,,,,80.0,,,9392.144999999951,mixed18,,,100000.0,471.0,,,,,0.0,51423.1575129016,,,,,-3052.0089936405934
20260820_232615_single_regime-20yr_a439c6,2026-08-20 23:26:15,2026-08-21T04:26:15Z,single,regime-20yr,,2016-01-04 05:00:00+00:00,2026-08-18 04:00:00+00:00,,,,False,10,GLD|IWM|QQQ|SPY|TLT|VIXY|XLE|XLF|XLK|XLU,8daf0af6ce,1Day,,100000.0,REALISTIC,0.0,0.0,0.0,0.0,0.0,0.0,0.0,0.0,,,,,3.4853886616014034,0.0,0.0,-0.46629602361919187,0.06415775459014648,9.0,1.8,a439c61996af,c9001cd74e58,3.14.7,,,,,,,,,-0.33793819113402723,0.46629602361919187,,,nan,,,0.0,,2671.0,,,0.0,0.0,,0.0,0.0,0.0,,,0.0,,0.0,,,,0.0,,,100000.0,,,,default,False,,,True,,,,0.06,False,0.03,0.09,,close,,0.1,1.5,,10.0,8.0,0.2,100.0,1.0,,2.0,,,,,0.05,0.05,,0.14,0.05,0.04,,,,1.0,,,,,,,,,,,,,,,,,,,,,,,,False,True,,,,,0.5,14.0,,,,,,,0.6,0.49,20.0,0.015,0.45,0.55,,,72.0,35.0,,,,False,,,,,True,,1.8,,,,,,,,80.0,,,,regime,,,100000.0,,,,,,,,,,,,
20260820_232327_single_baseline-stable_a439c6,2026-08-20 23:23:27,2026-08-21T04:23:27Z,single,baseline-stable,,2024-08-19 08:00:00+00:00,2026-08-18 23:55:00+00:00,,,,False,8,AAPL|AMD|AMZN|GOOGL|META|MSFT|NVDA|TSLA,238588ae78,5Min,,100000.0,REALISTIC,0.13502180857687263,0.06545139802030797,0.30638446049324697,0.24027420606512884,0.4736376724052462,-0.13818875024853916,362.0625,169.0,0.48520710059171596,1.2107792060794098,79.89456128809002,11814.479642312775,0.418159631704476,0.005875195288555916,0.32598195381441114,-0.3865972676793271,0.1842830410208619,10.0,215.73,a439c61996af,6ea52a3454ef,3.14.7,,,358.8224852071006,69.90816356398092,-736.3035662273627,,945.8608673105826,,-0.20846397584565102,0.7201117860869272,3884.5520076151547,,0.34501326009936667,,86.0,0.0,,95999.0,,,0.0,1.0,,4.0,0.0,0.0,,,4.0,,0.9999878350998128,,,,174.0,,,113502.18085768726,"{""end_of_backtest"": 1, ""max_hold_day"": 69, ""max_hold_swing"": 14, ""stop_loss"": 47, ""take_profit"": 11, ""trailing_stop"": 27}",,,default,False,,,True,,,,0.06,False,0.03,0.09,,close,,0.1,1.5,,10.0,8.0,0.2,100.0,1.0,,2.0,,,,,0.05,0.05,,0.14,0.05,0.04,,,,1.0,,,,,,,,,,,,,,,,,,,97.0,,,,,False,True,,,,,0.5,14.0,,,,,,,0.6,0.49,20.0,0.015,0.45,0.55,,,72.0,35.0,,,,False,,,,,True,,1.8,,,,,,,,80.0,,,25316.660499999994,stable8,,,100000.0,83.0,,,,,0.0,11814.479642312775,,,,,-1922.9367039047188
20260820_232703_single_baseline-volatile_a439c6,2026-08-20 23:27:03,2026-08-21T04:27:03Z,single,baseline-volatile,,2024-08-19 08:00:00+00:00,2026-08-18 23:55:00+00:00,,,,False,10,CLSK|COIN|IONQ|LCID|MARA|MSTR|PLTR|RIOT|RIVN|SMCI,4349f37fcd,5Min,,100000.0,REALISTIC,-0.6077725974857018,-0.3740554061959407,-0.2545854556835867,-0.2813101416486,-0.5323743991814275,-0.7026171934095324,644.6180555555555,1363.0,0.4673514306676449,0.8606799058575876,-44.590799522061616,90625.95974856993,0.418159631704476,-0.18652755530541912,1.0472060033973214,-0.45803078946057707,0.01444721607562105,11.0,229.08,a439c61996af,7e49894e2ac4,3.14.7,,,183.56786500366837,66.49006584634624,-600.8841318172236,,589.4264049462078,,-0.20846397584565102,0.7201080354350623,6246.021401284761,,0.27098615494033323,,838.0,0.0,,96000.0,,,2.0,287.0,,241.0,0.0,0.0,,,472.0,,0.9999990232890342,,,,1891.0,,,39222.74025142982,"{""max_hold_day"": 567, ""max_hold_swing"": 23, ""stop_loss"": 438, ""take_profit"": 58, ""trailing_stop"": 277}",,,default,False,,,True,,,,0.06,False,0.03,0.09,,close,,0.1,1.5,,10.0,8.0,0.2,100.0,1.0,,2.0,,,,,0.05,0.05,,0.14,0.05,0.04,,,,1.0,,,,,,,,,,,,,,,,,,,97.0,,,,,False,True,,,,,0.5,14.0,,,,,,,0.6,0.49,20.0,0.015,0.45,0.55,,,72.0,35.0,,,,False,,,,,True,,1.8,,,,,,,,80.0,,,29848.69999999996,volatile10,,,100000.0,525.0,,,,,0.0,90625.95974856993,,,,,-3323.0626672127983
20260820_233053_single_news-buggy_a439c6,2026-08-20 23:30:53,2026-08-21T04:30:53Z,single,news-buggy,,2024-08-19 08:00:00+00:00,2026-08-18 23:55:00+00:00,,,,False,18,AAPL|AMD|AMZN|CLSK|COIN|GOOGL|IONQ|LCID|MARA|META|MSFT|MSTR|NVDA|PLTR|RIOT|RIVN|SMCI|TSLA,d848afd031,5Min,,100000.0,REALISTIC,-0.5314044114228148,-0.31575705648193964,-0.2048899802288478,-0.23451462394400527,-0.4616679887356967,-0.6839483442346908,644.6180555555555,1439.0,0.46907574704656013,0.8701429983490706,-36.9287290773326,82865.5159422816,0.418159631704476,-0.1624066905091894,1.0706785959826968,-0.42247823729979866,0.017120602325228853,12.0,422.74,a439c61996af,7f7745319a61,3.14.7,,,202.1556636553162,57.58548710373982,-535.6318900718661,,527.5293672187024,,-0.20846397584565102,0.7201080354350623,5980.448083122521,,0.29557568688878466,,861.0,0.0,,96000.0,,,3.0,341.0,,393.0,0.0,0.0,,,612.0,,0.9999991505199352,,,,2173.0,,,46859.55885771852,"{""end_of_backtest"": 1, ""max_hold_day"": 607, ""max_hold_swing"": 31, ""stop_loss"": 450, ""take_profit"": 57, ""trailing_stop"": 293}",,,default,False,,,True,,,,0.06,False,0.03,0.09,,close,,0.1,1.5,,10.0,8.0,0.2,100.0,1.0,,2.0,,,,,0.05,0.05,,0.14,0.05,0.04,,,,1.0,,,,,,,,,,,,,,,,,,,97.0,,,,,False,True,,,,,0.5,14.0,,,,,,,0.6,0.49,20.0,0.015,0.45,0.55,,,72.0,35.0,,,,False,,,,,True,,1.8,,,,,,,,80.0,,,29725.074799999995,mixed18,,,100000.0,578.0,,,,,0.0,82865.5159422816,,,,,-3214.747239312593
20260820_233756_single_news-fixed_a439c6,2026-08-20 23:37:56,2026-08-21T04:37:56Z,single,news-fixed,,2024-08-19 08:00:00+00:00,2026-08-18 23:55:00+00:00,,,,False,18,AAPL|AMD|AMZN|CLSK|COIN|GOOGL|IONQ|LCID|MARA|META|MSFT|MSTR|NVDA|PLTR|RIOT|RIVN|SMCI|TSLA,d848afd031,5Min,,100000.0,REALISTIC,-0.5212616816927931,-0.30838300410038455,-0.19397792451586163,-0.22192072631131077,-0.45088639617287485,-0.6839483442346908,644.6180555555555,1435.0,0.47038327526132406,0.872377492511037,-36.3248558670937,82832.28246927945,0.418159631704476,-0.1580610587164729,1.0699543183051339,-0.4111884368079885,0.01651805594405103,13.0,428.3,a439c61996af,7f7745319a61,3.14.7,,,202.69407665505227,57.72284492632714,-537.4213744120519,,527.8727057538963,,-0.20846397584565102,0.7201080354350623,5980.448083122521,,0.29556106913797325,,857.0,0.0,,96000.0,,,3.0,339.0,,396.0,0.0,0.0,,,609.0,,0.9999991505199352,,,,2170.0,,,47873.831830720694,"{""end_of_backtest"": 1, ""max_hold_day"": 604, ""max_hold_swing"": 32, ""stop_loss"": 448, ""take_profit"": 57, ""trailing_stop"": 293}",,,default,True,,,True,,,,0.06,False,0.03,0.09,,close,,0.1,1.5,,10.0,8.0,0.2,100.0,1.0,,2.0,,,,,0.05,0.05,,0.14,0.05,0.04,,,,1.0,,,,,,,,,,,,,,,,,,,97.0,,,,,False,True,,,,,0.5,14.0,,,,,,,0.6,0.49,20.0,0.015,0.45,0.55,,,72.0,35.0,,,,True,,,,,True,,1.8,,,,,,,,80.0,,,30706.114299999994,mixed18,,,100000.0,578.0,,,,,0.0,82832.28246927945,,,,,-3214.747239312593
20260820_234505_single_news-off_a439c6,2026-08-20 23:45:05,2026-08-21T04:45:05Z,single,news-off,,2024-08-19 08:00:00+00:00,2026-08-18 23:55:00+00:00,,,,False,18,AAPL|AMD|AMZN|CLSK|COIN|GOOGL|IONQ|LCID|MARA|META|MSFT|MSTR|NVDA|PLTR|RIOT|RIVN|SMCI|TSLA,d848afd031,5Min,,100000.0,REALISTIC,-0.5282910081881049,-0.3134851182058366,-0.2042084334624321,-0.23392578646429707,-0.4583461906858085,-0.6839483442346908,644.6180555555555,1426.0,0.4684431977559607,0.870913827174108,-37.04705527265824,82592.46461881066,0.418159631704476,-0.16166597437654695,1.0693936809472981,-0.42290277836681306,0.014286000616800644,14.0,423.83,a439c61996af,7f7745319a61,3.14.7,,,203.72159887798037,57.9189793960804,-539.913626225331,,533.5709997904045,,-0.20846397584565102,0.7201080354350623,5980.448083122521,,0.2966274352451142,,852.0,0.0,,96000.0,,,3.0,325.0,,396.0,0.0,0.0,,,587.0,,0.9999991505199352,,,,2147.0,,,47170.89918118951,"{""end_of_backtest"": 1, ""max_hold_day"": 600, ""max_hold_swing"": 32, ""stop_loss"": 446, ""take_profit"": 56, ""trailing_stop"": 291}",,,default,False,,,True,,,,0.06,False,0.03,0.09,,close,,0.1,1.5,,10.0,8.0,0.2,100.0,1.0,,2.0,,,,,0.05,0.05,,0.14,0.05,0.04,,,,1.0,,,,,,,,,,,,,,,,,,,97.0,,,,,True,True,,,,,0.5,14.0,,,,,,,0.6,0.49,20.0,0.015,0.45,0.55,,,72.0,35.0,,,,False,,,,,False,,1.8,,,,,,,,80.0,,,29763.363800000003,mixed18,,,100000.0,574.0,,,,,0.0,82592.46461881066,,,,,-3214.747239312593
20260820_235210_single_holdout-check_a439c6,2026-08-20 23:52:10,2026-08-21T04:52:10Z,single,holdout-check,,2024-08-19 08:00:00+00:00,2026-08-18 23:55:00+00:00,,,,False,15,ABBV|ADBE|AVGO|COP|CRM|GS|HON|KO|MS|NFLX|ORCL|PG|SLB|TMO|UNP,9d6f8ccb3c,5Min,,100000.0,REALISTIC,-0.09607433234455642,-0.04930501054389491,0.11944747307629622,0.10092798444000989,-0.30436237664581695,-0.16199443271291902,271.34027777777777,242.0,0.47107438016528924,0.8902004060512515,-39.70013733246174,16443.59613445574,0.418159631704476,0.017840016376363458,0.3158482555777152,-0.09871916732708959,0.06567656289644115,15.0,195.01,a439c61996af,14e9e45db1c1,3.14.7,,,493.6776859504132,67.94874435725512,-683.591527480699,,683.2656340620503,,-0.20846397584565102,0.7253042120943619,2938.930664882216,,0.09572616439108418,,99.0,0.0,,94630.0,,,0.0,0.0,,17.0,0.0,0.0,,,12.0,,0.9998703806627088,,,,259.0,,,90392.56676554435,"{""end_of_backtest"": 3, ""max_hold_day"": 85, ""max_hold_swing"": 42, ""stop_loss"": 63, ""take_profit"": 7, ""trailing_stop"": 42}",,,default,False,,,True,,,,0.06,False,0.03,0.09,,close,,0.1,1.5,,10.0,8.0,0.2,100.0,1.0,,2.0,,,,,0.05,0.05,,0.14,0.05,0.04,,,,1.0,,,,,,,,,,,,,,,,,,,204.0,,,,,False,True,,,,,0.5,14.0,,,,,,,0.6,0.49,20.0,0.015,0.45,0.55,,,72.0,35.0,,,,False,,,,,True,,1.8,,,,,,,,80.0,,,6836.162899999998,holdout15,,,100000.0,143.0,,,,,0.0,16443.59613445574,,,,,-3025.393625515787
20260820_232838_robustness_diag-mixed18_a439c6,2026-08-20 23:28:38,2026-08-21T04:28:38Z,robustness,diag-mixed18,,2024-08-19,2026-08-19,,,,False,18,AAPL|AMD|AMZN|CLSK|COIN|GOOGL|IONQ|LCID|MARA|META|MSFT|MSTR|NVDA|PLTR|RIOT|RIVN|SMCI|TSLA,d848afd031,5Min,,100000.0,zero,0.33513305700000373,,0.3479507257772429,,,,,1518.0,,,,0.0,,,,,,,1687.97,a439c61996af,7f7745319a61,3.14.7,,,,,,,,,,,,,,zero,,,,,,,,,,,,,,,,,,,,,,,,,,,cost_sensitivity,default,False,,,True,,,,0.06,False,0.03,0.09,,close,,0.1,1.5,,10.0,8.0,0.2,100.0,1.0,,2.0,,,,,0.05,0.05,,0.14,0.05,0.04,,,-0.37865417771428467,1.0,,,,,,,,,,,,,,,,,,,,,,,,False,True,,,,,,,,,,,,,,,,,,,,,,,,,,,,,,,,,,,,,,,,,,,,,mixed18,,,,,,,,,,,zero,,,,
20260820_232838_robustness_diag-mixed18_a439c6,2026-08-20 23:28:38,2026-08-21T04:28:38Z,robustness,diag-mixed18,,2024-08-19,2026-08-19,,,,False,18,AAPL|AMD|AMZN|CLSK|COIN|GOOGL|IONQ|LCID|MARA|META|MSFT|MSTR|NVDA|PLTR|RIOT|RIVN|SMCI|TSLA,d848afd031,5Min,,100000.0,large_cap_rth,-0.30477441567150654,,0.00640651549179573,,,,,1486.0,,,,49864.734167150586,,,,,,,1687.98,a439c61996af,7f7745319a61,3.14.7,,,,,,,,,,,,,,large_cap_rth,,,,,,,,,,,,,,,,,,,,,,,,,,,cost_sensitivity,default,False,,,True,,,,0.06,False,0.03,0.09,,close,,0.1,1.5,,10.0,8.0,0.2,100.0,1.0,,2.0,,,,,0.05,0.05,,0.14,0.05,0.04,,,-0.5786795841921273,1.0,,,,,,,,,,,,,,,,,,,,,,,,False,True,,,,,,,,,,,,,,,,,,,,,,,,,,,,,,,,,,,,,,,,,,,,,mixed18,,,,,,,,,,,large_cap_rth,,,,
20260820_232838_robustness_diag-mixed18_a439c6,2026-08-20 23:28:38,2026-08-21T04:28:38Z,robustness,diag-mixed18,,2024-08-19,2026-08-19,,,,False,18,AAPL|AMD|AMZN|CLSK|COIN|GOOGL|IONQ|LCID|MARA|META|MSFT|MSTR|NVDA|PLTR|RIOT|RIVN|SMCI|TSLA,d848afd031,5Min,,100000.0,realistic,-0.5314044114228148,,-0.2048899802288478,,,,,1439.0,,,,82865.5159422816,,,,,,,1687.99,a439c61996af,7f7745319a61,3.14.7,,,,,,,,,,,,,,realistic,,,,,,,,,,,,,,,,,,,,,,,,,,,cost_sensitivity,default,False,,,True,,,,0.06,False,0.03,0.09,,close,,0.1,1.5,,10.0,8.0,0.2,100.0,1.0,,2.0,,,,,0.05,0.05,,0.14,0.05,0.04,,,-0.6839483442346908,1.0,,,,,,,,,,,,,,,,,,,,,,,,False,True,,,,,,,,,,,,,,,,,,,,,,,,,,,,,,,,,,,,,,,,,,,,,mixed18,,,,,,,,,,,realistic,,,,
20260820_232838_robustness_diag-mixed18_a439c6,2026-08-20 23:28:38,2026-08-21T04:28:38Z,robustness,diag-mixed18,,2024-08-19,2026-08-19,,,,False,18,AAPL|AMD|AMZN|CLSK|COIN|GOOGL|IONQ|LCID|MARA|META|MSFT|MSTR|NVDA|PLTR|RIOT|RIVN|SMCI|TSLA,d848afd031,5Min,,100000.0,pessimistic,-0.9005635646863831,,-1.0063226550090538,,,,,1414.0,,,,113291.76676863823,,,,,,,1688.0,a439c61996af,7f7745319a61,3.14.7,,,,,,,,,,,,,,pessimistic,,,,,,,,,,,,,,,,,,,,,,,,,,,cost_sensitivity,default,False,,,True,,,,0.06,False,0.03,0.09,,close,,0.1,1.5,,10.0,8.0,0.2,100.0,1.0,,2.0,,,,,0.05,0.05,,0.14,0.05,0.04,,,-0.9091343729034499,1.0,,,,,,,,,,,,,,,,,,,,,,,,False,True,,,,,,,,,,,,,,,,,,,,,,,,,,,,,,,,,,,,,,,,,,,,,mixed18,,,,,,,,,,,pessimistic,,,,
20260820_235525_single_prepatch-2x_a439c6,2026-08-20 23:55:25,2026-08-21T04:55:25Z,single,prepatch-2x,,2024-08-19 08:00:00+00:00,2026-08-18 23:55:00+00:00,,,,False,18,AAPL|AMD|AMZN|CLSK|COIN|GOOGL|IONQ|LCID|MARA|META|MSFT|MSTR|NVDA|PLTR|RIOT|RIVN|SMCI|TSLA,d848afd031,5Min,,100000.0,REALISTIC,-0.6319816389003068,-0.393702461897532,-0.17067538844280142,-0.19617566942730139,-0.5554298289494106,-0.7088248440711509,644.6180555555555,1705.0,0.4686217008797654,0.8852043690383358,-37.06637178300927,114474.03289003076,0.418159631704476,-0.20457121699028755,1.5613539338229436,-0.34586871584691553,0.011377979251288474,20.0,428.28,a439c61996af,7f7745319a61,3.14.7,,,201.1624633431085,67.1401952434198,-607.6463642138558,,609.9242078694903,,-0.20846397584565102,0.7201080354350623,5747.574583815538,,0.34090300424110515,,1032.0,0.0,,96000.0,,,17.0,16.0,,15.0,0.0,0.0,,,27.0,,2.065965743664791,,,,1736.0,,,36801.836109969314,"{""end_of_backtest"": 1, ""max_hold_day"": 727, ""max_hold_swing"": 38, ""stop_loss"": 528, ""take_profit"": 73, ""trailing_stop"": 338}",,,default,False,,,True,,,,0.06,False,0.03,0.09,,close,,0.1,1.5,,10.0,8.0,0.2,100.0,2.0,,2.0,,,,,0.05,0.05,,0.14,0.05,0.04,,,,2.0,,,,,,,,,,,,,,,,,,,97.0,,,,,False,True,,,,,0.5,14.0,,,,,,,0.6,0.49,20.0,0.015,0.45,0.55,,,72.0,35.0,,,,False,,,,,True,,1.8,,,,,,,,80.0,,,51275.86899999999,mixed18,,,100000.0,673.0,,,,,0.0,114474.03289003076,,,,,-3214.747239312593
20260821_000234_single_half-exposure_a439c6,2026-08-21 00:02:34,2026-08-21T05:02:34Z,single,half-exposure,,2024-08-19 08:00:00+00:00,2026-08-18 23:55:00+00:00,,,,False,18,AAPL|AMD|AMZN|CLSK|COIN|GOOGL|IONQ|LCID|MARA|META|MSFT|MSTR|NVDA|PLTR|RIOT|RIVN|SMCI|TSLA,d848afd031,5Min,,100000.0,REALISTIC,-0.420310125129017,-0.23886434040546622,-0.247480306092723,-0.26926567582357885,-0.43756275195322947,-0.5458973355003447,645.0208333333334,1185.0,0.4548523206751055,0.8421979671054369,-35.46920887164695,51423.1575129016,0.418159631704476,-0.11974545716009861,0.63367309989195,-0.5277832974354797,0.0067888075043227745,21.0,455.83,a439c61996af,7f7745319a61,3.14.7,,,194.06582278481014,43.395069631140586,-412.31082812190135,,416.18141457114405,,-0.20846397584565102,0.7201080354350623,5609.286995255387,,0.23782902465724384,,714.0,0.0,,96000.0,,,0.0,0.0,,1384.0,0.0,0.0,,,650.0,,0.5389215670715154,,,,2569.0,,,57968.987487098304,"{""end_of_backtest"": 1, ""max_hold_day"": 484, ""max_hold_swing"": 23, ""stop_loss"": 390, ""take_profit"": 49, ""trailing_stop"": 238}",,,default,False,,,True,,,,0.06,False,0.03,0.09,,close,,0.1,1.5,,10.0,8.0,0.2,100.0,0.5,,2.0,,,,,0.05,0.05,,0.14,0.05,0.04,,,,0.5,,,,,,,,,,,,,,,,,,,97.0,,,,,False,True,,,,,0.5,14.0,,,,,,,0.6,0.49,20.0,0.015,0.45,0.55,,,72.0,35.0,,,,False,,,,,True,,1.8,,,,,,,,80.0,,,9392.144999999951,mixed18,,,100000.0,471.0,,,,,0.0,51423.1575129016,,,,,-3052.0089936405934
20260821_001010_single_regime-20yr_a439c6,2026-08-21 00:10:10,2026-08-21T05:10:10Z,single,regime-20yr,,2016-01-04 05:00:00+00:00,2026-08-18 04:00:00+00:00,,,,False,10,GLD|IWM|QQQ|SPY|TLT|VIXY|XLE|XLF|XLK|XLU,8daf0af6ce,1Day,,100000.0,REALISTIC,0.0,0.0,0.0,0.0,0.0,0.0,0.0,0.0,,,,,3.4853886616014034,0.0,0.0,-0.46629602361919187,0.02604780516861078,22.0,1.81,a439c61996af,c9001cd74e58,3.14.7,,,,,,,,,-0.33793819113402723,0.46629602361919187,,,nan,,,0.0,,2671.0,,,0.0,0.0,,0.0,0.0,0.0,,,0.0,,0.0,,,,0.0,,,100000.0,,,,default,False,,,True,,,,0.06,False,0.03,0.09,,close,,0.1,1.5,,10.0,8.0,0.2,100.0,1.0,,2.0,,,,,0.05,0.05,,0.14,0.05,0.04,,,,1.0,,,,,,,,,,,,,,,,,,,,,,,,False,True,,,,,0.5,14.0,,,,,,,0.6,0.49,20.0,0.015,0.45,0.55,,,72.0,35.0,,,,False,,,,,True,,1.8,,,,,,,,80.0,,,,regime,,,100000.0,,,,,,,,,,,,
20260821_002403_single_regime-20yr-fixed_4767c6,2026-08-21 00:24:03,2026-08-21T05:24:03Z,single,regime-20yr-fixed,,2016-01-04 05:00:00+00:00,2026-08-18 04:00:00+00:00,,,,True,10,GLD|IWM|QQQ|SPY|TLT|VIXY|XLE|XLF|XLK|XLU,8daf0af6ce,1Day,,100000.0,REALISTIC,-0.18446622140108715,-0.01901761716273731,-0.21690368887271422,-0.10437353798475162,-0.07372059571632777,-0.2579688481617255,3067.0,118.0,0.3220338983050847,0.6187112042382338,-156.32730627210836,16875.9882401088,3.4853886616014034,-0.00393624101569233,-0.023902105272747647,-0.49402311739576227,,,6.31,4767c69e043e,c9001cd74e58,3.14.7,,,2.152542372881356,143.01684949244745,-604.745744733162,,787.7115115406363,,-0.33793819113402723,0.46629602361919187,14215.298430428596,,-0.09547415150794834,,114.0,0.0,,2671.0,,,0.0,0.0,,0.0,0.0,0.0,,,0.0,,0.7877933333414676,,,,118.0,,,81553.37785989129,"{""max_hold_day"": 95, ""max_hold_swing"": 4, ""stop_loss"": 15, ""take_profit"": 2, ""trailing_stop"": 2}",,,default,False,,,True,,,,0.06,False,0.03,0.09,,close,,0.1,1.5,,10.0,8.0,0.2,100.0,1.0,,2.0,,,,,0.05,0.05,,0.14,0.05,0.04,,,,1.0,,,,,,,,,,,,,,,,,,,2.0,,,,,False,True,,,,,0.5,14.0,,,,,,,0.6,0.49,20.0,0.015,0.45,0.55,,,72.0,35.0,,,,False,,,,,True,,1.8,,,,,,,,80.0,,,-1570.6338999999837,regime,,,100000.0,4.0,,,,,0.0,16875.9882401088,,,,,-3047.502867971394
20260820_232838_robustness_diag-mixed18_a439c6,2026-08-20 23:28:38,2026-08-21T04:28:38Z,robustness,diag-mixed18,,2024-08-19,2026-08-19,,,,False,18,AAPL|AMD|AMZN|CLSK|COIN|GOOGL|IONQ|LCID|MARA|META|MSFT|MSTR|NVDA|PLTR|RIOT|RIVN|SMCI|TSLA,d848afd031,5Min,,100000.0,varies,-0.6050691604176437,,-0.18769165077342526,,,,,2243.0,,,,,,,,,,,4325.44,a439c61996af,7f7745319a61,3.14.7,,,,,,,,,,,,,,,,,,,,,,,,,,,,,,,,,,,,,,,,,sensitivity_min_confidence,default,False,,,True,,,,0.06,False,0.03,0.09,,close,,0.1,1.5,,10.0,8.0,0.2,100.0,1.0,,2.0,,,,,0.05,0.05,,0.14,0.05,0.04,,,-0.7180785199394473,1.0,,,,,,,,,,,,,,,,,,,,0.4,,,,False,True,,,,,,,,,,,,,,,,,,,,,,,,,,,,,,,,,,,,,,,,,,,,,mixed18,,,,,,,,,,,min_confidence=0.4,,,,
20260820_232838_robustness_diag-mixed18_a439c6,2026-08-20 23:28:38,2026-08-21T04:28:38Z,robustness,diag-mixed18,,2024-08-19,2026-08-19,,,,False,18,AAPL|AMD|AMZN|CLSK|COIN|GOOGL|IONQ|LCID|MARA|META|MSFT|MSTR|NVDA|PLTR|RIOT|RIVN|SMCI|TSLA,d848afd031,5Min,,100000.0,varies,-0.6050691604176437,,-0.18769165077342526,,,,,2243.0,,,,,,,,,,,4325.45,a439c61996af,7f7745319a61,3.14.7,,,,,,,,,,,,,,,,,,,,,,,,,,,,,,,,,,,,,,,,,sensitivity_min_confidence,default,False,,,True,,,,0.06,False,0.03,0.09,,close,,0.1,1.5,,10.0,8.0,0.2,100.0,1.0,,2.0,,,,,0.05,0.05,,0.14,0.05,0.04,,,-0.7180785199394473,1.0,,,,,,,,,,,,,,,,,,,,0.45,,,,False,True,,,,,,,,,,,,,,,,,,,,,,,,,,,,,,,,,,,,,,,,,,,,,mixed18,,,,,,,,,,,min_confidence=0.45,,,,
20260820_232838_robustness_diag-mixed18_a439c6,2026-08-20 23:28:38,2026-08-21T04:28:38Z,robustness,diag-mixed18,,2024-08-19,2026-08-19,,,,False,18,AAPL|AMD|AMZN|CLSK|COIN|GOOGL|IONQ|LCID|MARA|META|MSFT|MSTR|NVDA|PLTR|RIOT|RIVN|SMCI|TSLA,d848afd031,5Min,,100000.0,varies,-0.5314044114228148,,-0.2048899802288478,,,,,1439.0,,,,,,,,,,,4325.46,a439c61996af,7f7745319a61,3.14.7,,,,,,,,,,,,,,,,,,,,,,,,,,,,,,,,,,,,,,,,,sensitivity_min_confidence,default,False,,,True,,,,0.06,False,0.03,0.09,,close,,0.1,1.5,,10.0,8.0,0.2,100.0,1.0,,2.0,,,,,0.05,0.05,,0.14,0.05,0.04,,,-0.6839483442346908,1.0,,,,,,,,,,,,,,,,,,,,0.49,,,,False,True,,,,,,,,,,,,,,,,,,,,,,,,,,,,,,,,,,,,,,,,,,,,,mixed18,,,,,,,,,,,min_confidence=0.49,,,,
20260820_232838_robustness_diag-mixed18_a439c6,2026-08-20 23:28:38,2026-08-21T04:28:38Z,robustness,diag-mixed18,,2024-08-19,2026-08-19,,,,False,18,AAPL|AMD|AMZN|CLSK|COIN|GOOGL|IONQ|LCID|MARA|META|MSFT|MSTR|NVDA|PLTR|RIOT|RIVN|SMCI|TSLA,d848afd031,5Min,,100000.0,varies,-0.0021254235225615092,,-0.003792737037112786,,,,,24.0,,,,,,,,,,,4325.46,a439c61996af,7f7745319a61,3.14.7,,,,,,,,,,,,,,,,,,,,,,,,,,,,,,,,,,,,,,,,,sensitivity_min_confidence,default,False,,,True,,,,0.06,False,0.03,0.09,,close,,0.1,1.5,,10.0,8.0,0.2,100.0,1.0,,2.0,,,,,0.05,0.05,,0.14,0.05,0.04,,,-0.054848255144472446,1.0,,,,,,,,,,,,,,,,,,,,0.55,,,,False,True,,,,,,,,,,,,,,,,,,,,,,,,,,,,,,,,,,,,,,,,,,,,,mixed18,,,,,,,,,,,min_confidence=0.55,,,,
20260820_232838_robustness_diag-mixed18_a439c6,2026-08-20 23:28:38,2026-08-21T04:28:38Z,robustness,diag-mixed18,,2024-08-19,2026-08-19,,,,False,18,AAPL|AMD|AMZN|CLSK|COIN|GOOGL|IONQ|LCID|MARA|META|MSFT|MSTR|NVDA|PLTR|RIOT|RIVN|SMCI|TSLA,d848afd031,5Min,,100000.0,varies,0.016863709269866467,,0.13876071887381242,,,,,22.0,,,,,,,,,,,4325.47,a439c61996af,7f7745319a61,3.14.7,,,,,,,,,,,,,,,,,,,,,,,,,,,,,,,,,,,,,,,,,sensitivity_min_confidence,default,False,,,True,,,,0.06,False,0.03,0.09,,close,,0.1,1.5,,10.0,8.0,0.2,100.0,1.0,,2.0,,,,,0.05,0.05,,0.14,0.05,0.04,,,-0.0492328377582798,1.0,,,,,,,,,,,,,,,,,,,,0.6,,,,False,True,,,,,,,,,,,,,,,,,,,,,,,,,,,,,,,,,,,,,,,,,,,,,mixed18,,,,,,,,,,,min_confidence=0.6,,,,
20260820_232838_robustness_diag-mixed18_a439c6,2026-08-20 23:28:38,2026-08-21T04:28:38Z,robustness,diag-mixed18,,2024-08-19,2026-08-19,,,,False,18,AAPL|AMD|AMZN|CLSK|COIN|GOOGL|IONQ|LCID|MARA|META|MSFT|MSTR|NVDA|PLTR|RIOT|RIVN|SMCI|TSLA,d848afd031,5Min,,100000.0,varies,0.016863709269866467,,0.13876071887381242,,,,,22.0,,,,,,,,,,,4325.48,a439c61996af,7f7745319a61,3.14.7,,,,,,,,,,,,,,,,,,,,,,,,,,,,,,,,,,,,,,,,,sensitivity_min_confidence,default,False,,,True,,,,0.06,False,0.03,0.09,,close,,0.1,1.5,,10.0,8.0,0.2,100.0,1.0,,2.0,,,,,0.05,0.05,,0.14,0.05,0.04,,,-0.0492328377582798,1.0,,,,,,,,,,,,,,,,,,,,0.65,,,,False,True,,,,,,,,,,,,,,,,,,,,,,,,,,,,,,,,,,,,,,,,,,,,,mixed18,,,,,,,,,,,min_confidence=0.65,,,,
20260821_004028_single_regression-check-BEFORE_a767af,2026-08-21 00:40:28,2026-08-21T05:40:28Z,single,regression-check-BEFORE,,2024-08-19 08:00:00+00:00,2026-08-18 23:55:00+00:00,,,,True,18,AAPL|AMD|AMZN|CLSK|COIN|GOOGL|IONQ|LCID|MARA|META|MSFT|MSTR|NVDA|PLTR|RIOT|RIVN|SMCI|TSLA,d848afd031,5Min,,100000.0,REALISTIC,-0.5314044114228148,-0.31575705648193964,-0.2048899802288478,-0.23451462394400527,-0.4616679887356967,-0.6839483442346908,644.6180555555555,1439.0,0.46907574704656013,0.8701429983490706,-36.9287290773326,82865.5159422816,0.418159631704476,-0.1624066905091894,1.0706785959826968,-0.42247823729979866,,,478.34,a767af94ca43,7f7745319a61,3.14.7,,,202.1556636553162,57.58548710373982,-535.6318900718661,,527.5293672187024,,-0.20846397584565102,0.7201080354350623,5980.448083122521,,0.29557568688878466,,861.0,0.0,300.0,96000.0,,,3.0,341.0,,393.0,0.0,0.0,,,612.0,,0.9999991505199352,,,,2173.0,,,46859.55885771852,"{""end_of_backtest"": 1, ""max_hold_day"": 607, ""max_hold_swing"": 31, ""stop_loss"": 450, ""take_profit"": 57, ""trailing_stop"": 293}",,,default,False,,,True,,,,0.06,False,0.03,0.09,,close,,0.1,1.5,,10.0,8.0,0.2,100.0,1.0,,2.0,,,,,0.05,0.05,,0.14,0.05,0.04,,,,1.0,,,,,,,,,,,,,,,,,,,97.0,,,,,False,True,,,,,0.5,14.0,,,,,,,0.6,0.49,20.0,0.015,0.45,0.55,,,72.0,35.0,,,,False,,,,,True,,1.8,,,,,,,,80.0,,,29725.074799999995,mixed18,,,100000.0,578.0,,,,,0.0,82865.5159422816,,,,,-3214.747239312593
20260821_004903_single_regression-check_35cb76,2026-08-21 00:49:03,2026-08-21T05:49:03Z,single,regression-check,,2024-08-19 08:00:00+00:00,2026-08-18 23:55:00+00:00,,,,False,18,AAPL|AMD|AMZN|CLSK|COIN|GOOGL|IONQ|LCID|MARA|META|MSFT|MSTR|NVDA|PLTR|RIOT|RIVN|SMCI|TSLA,d848afd031,5Min,,100000.0,REALISTIC,-0.5314044114228148,-0.31575705648193964,-0.2048899802288478,-0.23451462394400527,-0.4616679887356967,-0.6839483442346908,644.6180555555555,1439.0,0.46907574704656013,0.8701429983490706,-36.9287290773326,82865.5159422816,0.418159631704476,-0.1624066905091894,1.0706785959826968,-0.42247823729979866,,,460.94,35cb76d2038d,7f7745319a61,3.14.7,,,202.1556636553162,57.58548710373982,-535.6318900718661,,527.5293672187024,,-0.20846397584565102,0.7201080354350623,5980.448083122521,,0.29557568688878466,,861.0,0.0,300.0,96000.0,0.0,0.0,3.0,341.0,0.0,393.0,0.0,0.0,0.0,0.0,612.0,0.0,0.9999991505199352,0.0,0.0,0.0,2173.0,,,46859.55885771852,"{""end_of_backtest"": 1, ""max_hold_day"": 607, ""max_hold_swing"": 31, ""stop_loss"": 450, ""take_profit"": 57, ""trailing_stop"": 293}",,,default,False,,,True,0.7,,,0.06,False,0.03,0.09,False,close,,0.1,1.5,,10.0,8.0,0.2,100.0,1.0,0.0,2.0,,200.0,SPY,,0.05,0.05,False,0.14,0.05,0.04,20.0,,,1.0,,,,,,,,,,,,,,,,,,,97.0,,,,,False,True,,,,,0.5,14.0,,,,,,,0.6,0.49,20.0,0.015,0.45,0.55,,,72.0,35.0,,,,False,,,,,True,,1.8,,,,,,,,80.0,,,29725.074799999995,mixed18,,,100000.0,578.0,,,,,0.0,82865.5159422816,,,,,-3214.747239312593
20260821_005645_single_regression-check-nonews_35cb76,2026-08-21 00:56:45,2026-08-21T05:56:45Z,single,regression-check-nonews,,2024-08-19 08:00:00+00:00,2026-08-18 23:55:00+00:00,,,,True,18,AAPL|AMD|AMZN|CLSK|COIN|GOOGL|IONQ|LCID|MARA|META|MSFT|MSTR|NVDA|PLTR|RIOT|RIVN|SMCI|TSLA,d848afd031,5Min,,100000.0,REALISTIC,-0.5282910081881049,-0.3134851182058366,-0.2042084334624321,-0.23392578646429707,-0.4583461906858085,-0.6839483442346908,644.6180555555555,1426.0,0.4684431977559607,0.870913827174108,-37.04705527265824,82592.46461881066,0.418159631704476,-0.16166597437654695,1.0693936809472981,-0.42290277836681306,,,480.21,35cb76d2038d,7f7745319a61,3.14.7,,,203.72159887798037,57.9189793960804,-539.913626225331,,533.5709997904045,,-0.20846397584565102,0.7201080354350623,5980.448083122521,,0.2966274352451142,,852.0,0.0,300.0,96000.0,0.0,0.0,3.0,325.0,0.0,396.0,0.0,0.0,0.0,0.0,587.0,0.0,0.9999991505199352,0.0,0.0,0.0,2147.0,,,47170.89918118951,"{""end_of_backtest"": 1, ""max_hold_day"": 600, ""max_hold_swing"": 32, ""stop_loss"": 446, ""take_profit"": 56, ""trailing_stop"": 291}",,,default,False,,,True,0.7,,,0.06,False,0.03,0.09,False,close,,0.1,1.5,,10.0,8.0,0.2,100.0,1.0,0.0,2.0,,200.0,SPY,,0.05,0.05,False,0.14,0.05,0.04,20.0,,,1.0,,,,,,,,,,,,,,,,,,,97.0,,,,,True,True,,,,,0.5,14.0,,,,,,,0.6,0.49,20.0,0.015,0.45,0.55,,,72.0,35.0,,,,False,,,,,False,,1.8,,,,,,,,80.0,,,29763.363800000003,mixed18,,,100000.0,574.0,,,,,0.0,82592.46461881066,,,,,-3214.747239312593
20260820_232838_robustness_diag-mixed18_a439c6,2026-08-20 23:28:38,2026-08-21T04:28:38Z,robustness,diag-mixed18,,2024-08-19,2026-08-19,,,,False,18,AAPL|AMD|AMZN|CLSK|COIN|GOOGL|IONQ|LCID|MARA|META|MSFT|MSTR|NVDA|PLTR|RIOT|RIVN|SMCI|TSLA,d848afd031,5Min,,100000.0,varies,-0.5529840524570703,,-0.23632943982507854,,,,,1435.0,,,,,,,,,,,6601.69,a439c61996af,7f7745319a61,3.14.7,,,,,,,,,,,,,,,,,,,,,,,,,,,,,,,,,,,,,,,,,sensitivity_rsi_oversold,default,False,,,True,,,,0.06,False,0.03,0.09,,close,,0.1,1.5,,10.0,8.0,0.2,100.0,1.0,,2.0,,,,,0.05,0.05,,0.14,0.05,0.04,,,-0.6839483442346908,1.0,,,,,,,,,,,,,,,,,,,,,,,,False,True,,,,,,,,,,,,,,,,,,,,,,,,,,,,,,,,,,,,,,,,,,,,,mixed18,,25.0,,,,,,,,,rsi_oversold=25.0,,,,
20260820_232838_robustness_diag-mixed18_a439c6,2026-08-20 23:28:38,2026-08-21T04:28:38Z,robustness,diag-mixed18,,2024-08-19,2026-08-19,,,,False,18,AAPL|AMD|AMZN|CLSK|COIN|GOOGL|IONQ|LCID|MARA|META|MSFT|MSTR|NVDA|PLTR|RIOT|RIVN|SMCI|TSLA,d848afd031,5Min,,100000.0,varies,-0.5353044265902065,,-0.20948140970270404,,,,,1439.0,,,,,,,,,,,6601.7,a439c61996af,7f7745319a61,3.14.7,,,,,,,,,,,,,,,,,,,,,,,,,,,,,,,,,,,,,,,,,sensitivity_rsi_oversold,default,False,,,True,,,,0.06,False,0.03,0.09,,close,,0.1,1.5,,10.0,8.0,0.2,100.0,1.0,,2.0,,,,,0.05,0.05,,0.14,0.05,0.04,,,-0.6839483442346908,1.0,,,,,,,,,,,,,,,,,,,,,,,,False,True,,,,,,,,,,,,,,,,,,,,,,,,,,,,,,,,,,,,,,,,,,,,,mixed18,,30.0,,,,,,,,,rsi_oversold=30.0,,,,
20260820_232838_robustness_diag-mixed18_a439c6,2026-08-20 23:28:38,2026-08-21T04:28:38Z,robustness,diag-mixed18,,2024-08-19,2026-08-19,,,,False,18,AAPL|AMD|AMZN|CLSK|COIN|GOOGL|IONQ|LCID|MARA|META|MSFT|MSTR|NVDA|PLTR|RIOT|RIVN|SMCI|TSLA,d848afd031,5Min,,100000.0,varies,-0.5314044114228148,,-0.2048899802288478,,,,,1439.0,,,,,,,,,,,6601.71,a439c61996af,7f7745319a61,3.14.7,,,,,,,,,,,,,,,,,,,,,,,,,,,,,,,,,,,,,,,,,sensitivity_rsi_oversold,default,False,,,True,,,,0.06,False,0.03,0.09,,close,,0.1,1.5,,10.0,8.0,0.2,100.0,1.0,,2.0,,,,,0.05,0.05,,0.14,0.05,0.04,,,-0.6839483442346908,1.0,,,,,,,,,,,,,,,,,,,,,,,,False,True,,,,,,,,,,,,,,,,,,,,,,,,,,,,,,,,,,,,,,,,,,,,,mixed18,,35.0,,,,,,,,,rsi_oversold=35.0,,,,
20260820_232838_robustness_diag-mixed18_a439c6,2026-08-20 23:28:38,2026-08-21T04:28:38Z,robustness,diag-mixed18,,2024-08-19,2026-08-19,,,,False,18,AAPL|AMD|AMZN|CLSK|COIN|GOOGL|IONQ|LCID|MARA|META|MSFT|MSTR|NVDA|PLTR|RIOT|RIVN|SMCI|TSLA,d848afd031,5Min,,100000.0,varies,-0.6623010249930262,,-0.382709699340622,,,,,1474.0,,,,,,,,,,,6601.72,a439c61996af,7f7745319a61,3.14.7,,,,,,,,,,,,,,,,,,,,,,,,,,,,,,,,,,,,,,,,,sensitivity_rsi_oversold,default,False,,,True,,,,0.06,False,0.03,0.09,,close,,0.1,1.5,,10.0,8.0,0.2,100.0,1.0,,2.0,,,,,0.05,0.05,,0.14,0.05,0.04,,,-0.7323245961051288,1.0,,,,,,,,,,,,,,,,,,,,,,,,False,True,,,,,,,,,,,,,,,,,,,,,,,,,,,,,,,,,,,,,,,,,,,,,mixed18,,40.0,,,,,,,,,rsi_oversold=40.0,,,,
20260820_232838_robustness_diag-mixed18_a439c6,2026-08-20 23:28:38,2026-08-21T04:28:38Z,robustness,diag-mixed18,,2024-08-19,2026-08-19,,,,False,18,AAPL|AMD|AMZN|CLSK|COIN|GOOGL|IONQ|LCID|MARA|META|MSFT|MSTR|NVDA|PLTR|RIOT|RIVN|SMCI|TSLA,d848afd031,5Min,,100000.0,varies,-0.6008633658731175,,-0.2639825408138481,,,,,1509.0,,,,,,,,,,,6601.73,a439c61996af,7f7745319a61,3.14.7,,,,,,,,,,,,,,,,,,,,,,,,,,,,,,,,,,,,,,,,,sensitivity_rsi_oversold,default,False,,,True,,,,0.06,False,0.03,0.09,,close,,0.1,1.5,,10.0,8.0,0.2,100.0,1.0,,2.0,,,,,0.05,0.05,,0.14,0.05,0.04,,,-0.7148917809419417,1.0,,,,,,,,,,,,,,,,,,,,,,,,False,True,,,,,,,,,,,,,,,,,,,,,,,,,,,,,,,,,,,,,,,,,,,,,mixed18,,45.0,,,,,,,,,rsi_oversold=45.0,,,,
20260821_012436_single_vol-target-5_e425a6,2026-08-21 01:24:36,2026-08-21T06:24:36Z,single,vol-target-5,,2024-08-19 08:00:00+00:00,2026-08-18 23:55:00+00:00,,,,False,18,AAPL|AMD|AMZN|CLSK|COIN|GOOGL|IONQ|LCID|MARA|META|MSFT|MSTR|NVDA|PLTR|RIOT|RIVN|SMCI|TSLA,d848afd031,5Min,,100000.0,REALISTIC,-0.08963608409067925,-0.04592145265677949,-0.012290475465157784,-0.013796164339747187,-0.1880491078048216,-0.24419925833650813,725.1006944444445,1723.0,0.4724318049912943,0.9614587046419591,-5.202326412691836,45819.62690906802,0.418159631704476,-0.04542060843983836,0.5583904311525517,-0.44067085301554876,,,426.08,e425a661082e,7f7745319a61,3.14.7,H: sizing by trailing vol cuts the tail without cutting the edge,,200.02437608821822,26.592934944322707,-255.854279258212,,274.70261847253886,,-0.20846397584565102,0.7201080354350623,2675.4714180299693,,0.3253357128820727,,1045.0,0.0,300.0,96000.0,0.0,0.0,0.0,8.0,0.0,5.0,0.0,0.0,0.0,0.0,14.0,1701.0,0.999933811363221,0.0,0.0,0.0,1736.0,,,91036.39159093208,"{""end_of_backtest"": 1, ""max_hold_day"": 734, ""max_hold_swing"": 38, ""stop_loss"": 532, ""take_profit"": 75, ""trailing_stop"": 343}",,,default,False,,,True,0.7,,,0.06,False,0.03,0.09,False,close,,0.1,1.5,,10.0,8.0,0.2,100.0,1.0,0.0,2.0,,200.0,SPY,,0.05,0.05,False,0.14,0.05,0.04,20.0,0.05,,1.0,,,,,,,,,,,,,,,,,,,97.0,,,,,False,True,,,,,0.5,14.0,,,,,,,0.6,0.49,20.0,0.015,0.45,0.55,,,72.0,35.0,,,,False,,,,,True,,1.8,,,,,,,,80.0,,,36856.01849999999,mixed18,,,100000.0,678.0,,,,,0.0,45819.62690906802,,,,,-1385.1890348240843
20260820_232838_robustness_diag-mixed18_a439c6,2026-08-20 23:28:38,2026-08-21T04:28:38Z,robustness,diag-mixed18,,2024-08-19,2026-08-19,,,,False,18,AAPL|AMD|AMZN|CLSK|COIN|GOOGL|IONQ|LCID|MARA|META|MSFT|MSTR|NVDA|PLTR|RIOT|RIVN|SMCI|TSLA,d848afd031,5Min,,100000.0,varies,-0.6227880001309705,,-0.2553245832258894,,,,,1850.0,,,,,,,,,,,8860.94,a439c61996af,7f7745319a61,3.14.7,,,,,,,,,,,,,,,,,,,,,,,,,,,,,,,,,,,,,,,,,sensitivity_volume_surge_mult,default,False,,,True,,,,0.06,False,0.03,0.09,,close,,0.1,1.5,,10.0,8.0,0.2,100.0,1.0,,2.0,,,,,0.05,0.05,,0.14,0.05,0.04,,,-0.6994224935450999,1.0,,,,,,,,,,,,,,,,,,,,,,,,False,True,,,,,,,,,,,,,,,,,,,,,,,,,,,,,,,,,,,,,,,,,,,,,mixed18,,,,,,,,,,,volume_surge_mult=1.2,1.2,,,
20260820_232838_robustness_diag-mixed18_a439c6,2026-08-20 23:28:38,2026-08-21T04:28:38Z,robustness,diag-mixed18,,2024-08-19,2026-08-19,,,,False,18,AAPL|AMD|AMZN|CLSK|COIN|GOOGL|IONQ|LCID|MARA|META|MSFT|MSTR|NVDA|PLTR|RIOT|RIVN|SMCI|TSLA,d848afd031,5Min,,100000.0,varies,-0.5413615821612372,,-0.18967608931640975,,,,,1639.0,,,,,,,,,,,8860.96,a439c61996af,7f7745319a61,3.14.7,,,,,,,,,,,,,,,,,,,,,,,,,,,,,,,,,,,,,,,,,sensitivity_volume_surge_mult,default,False,,,True,,,,0.06,False,0.03,0.09,,close,,0.1,1.5,,10.0,8.0,0.2,100.0,1.0,,2.0,,,,,0.05,0.05,,0.14,0.05,0.04,,,-0.6429695270919382,1.0,,,,,,,,,,,,,,,,,,,,,,,,False,True,,,,,,,,,,,,,,,,,,,,,,,,,,,,,,,,,,,,,,,,,,,,,mixed18,,,,,,,,,,,volume_surge_mult=1.5,1.5,,,
20260820_232838_robustness_diag-mixed18_a439c6,2026-08-20 23:28:38,2026-08-21T04:28:38Z,robustness,diag-mixed18,,2024-08-19,2026-08-19,,,,False,18,AAPL|AMD|AMZN|CLSK|COIN|GOOGL|IONQ|LCID|MARA|META|MSFT|MSTR|NVDA|PLTR|RIOT|RIVN|SMCI|TSLA,d848afd031,5Min,,100000.0,varies,-0.5314044114228148,,-0.2048899802288478,,,,,1439.0,,,,,,,,,,,8860.97,a439c61996af,7f7745319a61,3.14.7,,,,,,,,,,,,,,,,,,,,,,,,,,,,,,,,,,,,,,,,,sensitivity_volume_surge_mult,default,False,,,True,,,,0.06,False,0.03,0.09,,close,,0.1,1.5,,10.0,8.0,0.2,100.0,1.0,,2.0,,,,,0.05,0.05,,0.14,0.05,0.04,,,-0.6839483442346908,1.0,,,,,,,,,,,,,,,,,,,,,,,,False,True,,,,,,,,,,,,,,,,,,,,,,,,,,,,,,,,,,,,,,,,,,,,,mixed18,,,,,,,,,,,volume_surge_mult=1.8,1.8,,,
20260820_232838_robustness_diag-mixed18_a439c6,2026-08-20 23:28:38,2026-08-21T04:28:38Z,robustness,diag-mixed18,,2024-08-19,2026-08-19,,,,False,18,AAPL|AMD|AMZN|CLSK|COIN|GOOGL|IONQ|LCID|MARA|META|MSFT|MSTR|NVDA|PLTR|RIOT|RIVN|SMCI|TSLA,d848afd031,5Min,,100000.0,varies,-0.47332893646868823,,-0.16148648202798574,,,,,1284.0,,,,,,,,,,,8860.98,a439c61996af,7f7745319a61,3.14.7,,,,,,,,,,,,,,,,,,,,,,,,,,,,,,,,,,,,,,,,,sensitivity_volume_surge_mult,default,False,,,True,,,,0.06,False,0.03,0.09,,close,,0.1,1.5,,10.0,8.0,0.2,100.0,1.0,,2.0,,,,,0.05,0.05,,0.14,0.05,0.04,,,-0.6276136205517657,1.0,,,,,,,,,,,,,,,,,,,,,,,,False,True,,,,,,,,,,,,,,,,,,,,,,,,,,,,,,,,,,,,,,,,,,,,,mixed18,,,,,,,,,,,volume_surge_mult=2.1,2.1,,,
20260820_232838_robustness_diag-mixed18_a439c6,2026-08-20 23:28:38,2026-08-21T04:28:38Z,robustness,diag-mixed18,,2024-08-19,2026-08-19,,,,False,18,AAPL|AMD|AMZN|CLSK|COIN|GOOGL|IONQ|LCID|MARA|META|MSFT|MSTR|NVDA|PLTR|RIOT|RIVN|SMCI|TSLA,d848afd031,5Min,,100000.0,varies,-0.3739716456527462,,-0.10826185424031955,,,,,1082.0,,,,,,,,,,,8861.0,a439c61996af,7f7745319a61,3.14.7,,,,,,,,,,,,,,,,,,,,,,,,,,,,,,,,,,,,,,,,,sensitivity_volume_surge_mult,default,False,,,True,,,,0.06,False,0.03,0.09,,close,,0.1,1.5,,10.0,8.0,0.2,100.0,1.0,,2.0,,,,,0.05,0.05,,0.14,0.05,0.04,,,-0.560910376021957,1.0,,,,,,,,,,,,,,,,,,,,,,,,False,True,,,,,,,,,,,,,,,,,,,,,,,,,,,,,,,,,,,,,,,,,,,,,mixed18,,,,,,,,,,,volume_surge_mult=2.5,2.5,,,
20260821_014018_robustness_diag-volatile_e425a6,2026-08-21 01:40:18,2026-08-21T06:40:18Z,robustness,diag-volatile,,2024-08-19,2026-08-19,,,,False,10,CLSK|COIN|IONQ|LCID|MARA|MSTR|PLTR|RIOT|RIVN|SMCI,4349f37fcd,5Min,,100000.0,zero,0.25876296999999915,,0.32209666651358654,,,,,1424.0,,,,0.0,,,,,,,1014.56,e425a661082e,7e49894e2ac4,3.14.7,,,,,,,,,,,,,,zero,,,,,,,,,,,,,,,,,,,,,,,,,,,cost_sensitivity,default,False,,,True,0.7,,,0.06,False,0.03,0.09,False,close,,0.1,1.5,,10.0,8.0,0.2,100.0,1.0,0.0,2.0,,200.0,SPY,,0.05,0.05,False,0.14,0.05,0.04,20.0,,-0.48784084853815834,1.0,,,,,,,,,,,,,,,,,,,,,,,,False,True,,,,,,,,,,,,,,,,,,,,,,,,,,,,,,,,,,,,,,,,,,,,,volatile10,,,,,,,,,,,zero,,,,
20260821_014018_robustness_diag-volatile_e425a6,2026-08-21 01:40:18,2026-08-21T06:40:18Z,robustness,diag-volatile,,2024-08-19,2026-08-19,,,,False,10,CLSK|COIN|IONQ|LCID|MARA|MSTR|PLTR|RIOT|RIVN|SMCI,4349f37fcd,5Min,,100000.0,large_cap_rth,-0.36019239222534516,,-0.020376886609053475,,,,,1385.0,,,,54589.92662253461,,,,,,,1014.57,e425a661082e,7e49894e2ac4,3.14.7,,,,,,,,,,,,,,large_cap_rth,,,,,,,,,,,,,,,,,,,,,,,,,,,cost_sensitivity,default,False,,,True,0.7,,,0.06,False,0.03,0.09,False,close,,0.1,1.5,,10.0,8.0,0.2,100.0,1.0,0.0,2.0,,200.0,SPY,,0.05,0.05,False,0.14,0.05,0.04,20.0,,-0.5749391916776697,1.0,,,,,,,,,,,,,,,,,,,,,,,,False,True,,,,,,,,,,,,,,,,,,,,,,,,,,,,,,,,,,,,,,,,,,,,,volatile10,,,,,,,,,,,large_cap_rth,,,,
20260821_014018_robustness_diag-volatile_e425a6,2026-08-21 01:40:18,2026-08-21T06:40:18Z,robustness,diag-volatile,,2024-08-19,2026-08-19,,,,False,10,CLSK|COIN|IONQ|LCID|MARA|MSTR|PLTR|RIOT|RIVN|SMCI,4349f37fcd,5Min,,100000.0,realistic,-0.6077725974857018,,-0.2545854556835867,,,,,1363.0,,,,90625.95974856993,,,,,,,1014.58,e425a661082e,7e49894e2ac4,3.14.7,,,,,,,,,,,,,,realistic,,,,,,,,,,,,,,,,,,,,,,,,,,,cost_sensitivity,default,False,,,True,0.7,,,0.06,False,0.03,0.09,False,close,,0.1,1.5,,10.0,8.0,0.2,100.0,1.0,0.0,2.0,,200.0,SPY,,0.05,0.05,False,0.14,0.05,0.04,20.0,,-0.7026171934095324,1.0,,,,,,,,,,,,,,,,,,,,,,,,False,True,,,,,,,,,,,,,,,,,,,,,,,,,,,,,,,,,,,,,,,,,,,,,volatile10,,,,,,,,,,,realistic,,,,
20260821_014018_robustness_diag-volatile_e425a6,2026-08-21 01:40:18,2026-08-21T06:40:18Z,robustness,diag-volatile,,2024-08-19,2026-08-19,,,,False,10,CLSK|COIN|IONQ|LCID|MARA|MSTR|PLTR|RIOT|RIVN|SMCI,4349f37fcd,5Min,,100000.0,pessimistic,-0.9375177642352488,,-1.171579612851725,,,,,1365.0,,,,106625.29992352502,,,,,,,1014.6,e425a661082e,7e49894e2ac4,3.14.7,,,,,,,,,,,,,,pessimistic,,,,,,,,,,,,,,,,,,,,,,,,,,,cost_sensitivity,default,False,,,True,0.7,,,0.06,False,0.03,0.09,False,close,,0.1,1.5,,10.0,8.0,0.2,100.0,1.0,0.0,2.0,,200.0,SPY,,0.05,0.05,False,0.14,0.05,0.04,20.0,,-0.9428371050822058,1.0,,,,,,,,,,,,,,,,,,,,,,,,False,True,,,,,,,,,,,,,,,,,,,,,,,,,,,,,,,,,,,,,,,,,,,,,volatile10,,,,,,,,,,,pessimistic,,,,
20260821_014028_robustness_diag-volatile_e425a6,2026-08-21 01:40:28,2026-08-21T06:40:28Z,robustness,diag-volatile,,2024-08-19,2026-08-19,,,,False,10,CLSK|COIN|IONQ|LCID|MARA|MSTR|PLTR|RIOT|RIVN|SMCI,4349f37fcd,5Min,,100000.0,zero,0.25876296999999915,,0.32209666651358654,,,,,1424.0,,,,0.0,,,,,,,1015.44,e425a661082e,7e49894e2ac4,3.14.7,,,,,,,,,,,,,,zero,,,,,,,,,,,,,,,,,,,,,,,,,,,cost_sensitivity,default,False,,,True,0.7,,,0.06,False,0.03,0.09,False,close,,0.1,1.5,,10.0,8.0,0.2,100.0,1.0,0.0,2.0,,200.0,SPY,,0.05,0.05,False,0.14,0.05,0.04,20.0,,-0.48784084853815834,1.0,,,,,,,,,,,,,,,,,,,,,,,,False,True,,,,,,,,,,,,,,,,,,,,,,,,,,,,,,,,,,,,,,,,,,,,,volatile10,,,,,,,,,,,zero,,,,
20260821_014028_robustness_diag-volatile_e425a6,2026-08-21 01:40:28,2026-08-21T06:40:28Z,robustness,diag-volatile,,2024-08-19,2026-08-19,,,,False,10,CLSK|COIN|IONQ|LCID|MARA|MSTR|PLTR|RIOT|RIVN|SMCI,4349f37fcd,5Min,,100000.0,large_cap_rth,-0.36019239222534516,,-0.020376886609053475,,,,,1385.0,,,,54589.92662253461,,,,,,,1015.45,e425a661082e,7e49894e2ac4,3.14.7,,,,,,,,,,,,,,large_cap_rth,,,,,,,,,,,,,,,,,,,,,,,,,,,cost_sensitivity,default,False,,,True,0.7,,,0.06,False,0.03,0.09,False,close,,0.1,1.5,,10.0,8.0,0.2,100.0,1.0,0.0,2.0,,200.0,SPY,,0.05,0.05,False,0.14,0.05,0.04,20.0,,-0.5749391916776697,1.0,,,,,,,,,,,,,,,,,,,,,,,,False,True,,,,,,,,,,,,,,,,,,,,,,,,,,,,,,,,,,,,,,,,,,,,,volatile10,,,,,,,,,,,large_cap_rth,,,,
20260821_014028_robustness_diag-volatile_e425a6,2026-08-21 01:40:28,2026-08-21T06:40:28Z,robustness,diag-volatile,,2024-08-19,2026-08-19,,,,False,10,CLSK|COIN|IONQ|LCID|MARA|MSTR|PLTR|RIOT|RIVN|SMCI,4349f37fcd,5Min,,100000.0,realistic,-0.6077725974857018,,-0.2545854556835867,,,,,1363.0,,,,90625.95974856993,,,,,,,1015.46,e425a661082e,7e49894e2ac4,3.14.7,,,,,,,,,,,,,,realistic,,,,,,,,,,,,,,,,,,,,,,,,,,,cost_sensitivity,default,False,,,True,0.7,,,0.06,False,0.03,0.09,False,close,,0.1,1.5,,10.0,8.0,0.2,100.0,1.0,0.0,2.0,,200.0,SPY,,0.05,0.05,False,0.14,0.05,0.04,20.0,,-0.7026171934095324,1.0,,,,,,,,,,,,,,,,,,,,,,,,False,True,,,,,,,,,,,,,,,,,,,,,,,,,,,,,,,,,,,,,,,,,,,,,volatile10,,,,,,,,,,,realistic,,,,
20260821_014028_robustness_diag-volatile_e425a6,2026-08-21 01:40:28,2026-08-21T06:40:28Z,robustness,diag-volatile,,2024-08-19,2026-08-19,,,,False,10,CLSK|COIN|IONQ|LCID|MARA|MSTR|PLTR|RIOT|RIVN|SMCI,4349f37fcd,5Min,,100000.0,pessimistic,-0.9375177642352488,,-1.171579612851725,,,,,1365.0,,,,106625.29992352502,,,,,,,1015.47,e425a661082e,7e49894e2ac4,3.14.7,,,,,,,,,,,,,,pessimistic,,,,,,,,,,,,,,,,,,,,,,,,,,,cost_sensitivity,default,False,,,True,0.7,,,0.06,False,0.03,0.09,False,close,,0.1,1.5,,10.0,8.0,0.2,100.0,1.0,0.0,2.0,,200.0,SPY,,0.05,0.05,False,0.14,0.05,0.04,20.0,,-0.9428371050822058,1.0,,,,,,,,,,,,,,,,,,,,,,,,False,True,,,,,,,,,,,,,,,,,,,,,,,,,,,,,,,,,,,,,,,,,,,,,volatile10,,,,,,,,,,,pessimistic,,,,
20260820_232838_robustness_diag-mixed18_a439c6,2026-08-20 23:28:38,2026-08-21T04:28:38Z,robustness,diag-mixed18,,2024-08-19 08:00:00+00:00,2026-08-18 23:55:00+00:00,,,,False,18,AAPL|AMD|AMZN|CLSK|COIN|GOOGL|IONQ|LCID|MARA|META|MSFT|MSTR|NVDA|PLTR|RIOT|RIVN|SMCI|TSLA,d848afd031,5Min,,100000.0,REALISTIC,-0.5314044114228148,-0.31575705648193964,-0.2048899802288478,-0.23451462394400527,-0.4616679887356967,-0.6839483442346908,644.6180555555555,1439.0,0.46907574704656013,0.8701429983490706,-36.9287290773326,82865.5159422816,,,,,,,9315.24,a439c61996af,7f7745319a61,3.14.7,,,202.1556636553162,57.58548710373982,-535.6318900718661,,527.5293672187024,,,,5980.448083122521,,,,861.0,0.0,,96000.0,,,3.0,341.0,,393.0,0.0,0.0,,,612.0,,0.9999991505199352,,,,2173.0,,,46859.55885771852,"{""end_of_backtest"": 1, ""max_hold_day"": 607, ""max_hold_swing"": 31, ""stop_loss"": 450, ""take_profit"": 57, ""trailing_stop"": 293}",,news_ablation,default,False,,,True,,,,0.06,False,0.03,0.09,,close,,0.1,1.5,,10.0,8.0,0.2,100.0,1.0,,2.0,,,,,0.05,0.05,,0.14,0.05,0.04,,,,1.0,,,,,,,,,,,,,,,,,,,97.0,,,,,False,True,,,,,0.5,14.0,,,,,,,0.6,0.49,20.0,0.015,0.45,0.55,,,72.0,35.0,,,,False,,,,,True,,1.8,,,,,,,,80.0,,,29725.074799999995,mixed18,,,100000.0,578.0,,,,,0.0,82865.5159422816,news_on_buggy,,,,-3214.747239312593
20260820_232838_robustness_diag-mixed18_a439c6,2026-08-20 23:28:38,2026-08-21T04:28:38Z,robustness,diag-mixed18,,2024-08-19 08:00:00+00:00,2026-08-18 23:55:00+00:00,,,,False,18,AAPL|AMD|AMZN|CLSK|COIN|GOOGL|IONQ|LCID|MARA|META|MSFT|MSTR|NVDA|PLTR|RIOT|RIVN|SMCI|TSLA,d848afd031,5Min,,100000.0,REALISTIC,-0.5212616816927931,-0.30838300410038455,-0.19397792451586163,-0.22192072631131077,-0.45088639617287485,-0.6839483442346908,644.6180555555555,1435.0,0.47038327526132406,0.872377492511037,-36.3248558670937,82832.28246927945,,,,,,,9762.71,a439c61996af,7f7745319a61,3.14.7,,,202.69407665505227,57.72284492632714,-537.4213744120519,,527.8727057538963,,,,5980.448083122521,,,,857.0,0.0,,96000.0,,,3.0,339.0,,396.0,0.0,0.0,,,609.0,,0.9999991505199352,,,,2170.0,,,47873.831830720694,"{""end_of_backtest"": 1, ""max_hold_day"": 604, ""max_hold_swing"": 32, ""stop_loss"": 448, ""take_profit"": 57, ""trailing_stop"": 293}",,news_ablation,default,False,,,True,,,,0.06,False,0.03,0.09,,close,,0.1,1.5,,10.0,8.0,0.2,100.0,1.0,,2.0,,,,,0.05,0.05,,0.14,0.05,0.04,,,,1.0,,,,,,,,,,,,,,,,,,,97.0,,,,,False,True,,,,,0.5,14.0,,,,,,,0.6,0.49,20.0,0.015,0.45,0.55,,,72.0,35.0,,,,True,,,,,True,,1.8,,,,,,,,80.0,,,30706.114299999994,mixed18,,,100000.0,578.0,,,,,0.0,82832.28246927945,news_on_fixed,,,,-3214.747239312593
20260820_232838_robustness_diag-mixed18_a439c6,2026-08-20 23:28:38,2026-08-21T04:28:38Z,robustness,diag-mixed18,,2024-08-19 08:00:00+00:00,2026-08-18 23:55:00+00:00,,,,False,18,AAPL|AMD|AMZN|CLSK|COIN|GOOGL|IONQ|LCID|MARA|META|MSFT|MSTR|NVDA|PLTR|RIOT|RIVN|SMCI|TSLA,d848afd031,5Min,,100000.0,REALISTIC,-0.5282910081881049,-0.3134851182058366,-0.2042084334624321,-0.23392578646429707,-0.4583461906858085,-0.6839483442346908,644.6180555555555,1426.0,0.4684431977559607,0.870913827174108,-37.04705527265824,82592.46461881066,,,,,,,10207.5,a439c61996af,7f7745319a61,3.14.7,,,203.72159887798037,57.9189793960804,-539.913626225331,,533.5709997904045,,,,5980.448083122521,,,,852.0,0.0,,96000.0,,,3.0,325.0,,396.0,0.0,0.0,,,587.0,,0.9999991505199352,,,,2147.0,,,47170.89918118951,"{""end_of_backtest"": 1, ""max_hold_day"": 600, ""max_hold_swing"": 32, ""stop_loss"": 446, ""take_profit"": 56, ""trailing_stop"": 291}",,news_ablation,default,False,,,True,,,,0.06,False,0.03,0.09,,close,,0.1,1.5,,10.0,8.0,0.2,100.0,1.0,,2.0,,,,,0.05,0.05,,0.14,0.05,0.04,,,,1.0,,,,,,,,,,,,,,,,,,,97.0,,,,,False,True,,,,,0.5,14.0,,,,,,,0.6,0.49,20.0,0.015,0.45,0.55,,,72.0,35.0,,,,False,,,,,False,,1.8,,,,,,,,80.0,,,29763.363800000003,mixed18,,,100000.0,574.0,,,,,0.0,82592.46461881066,news_off,,,,-3214.747239312593
20260821_014018_robustness_diag-volatile_e425a6,2026-08-21 01:40:18,2026-08-21T06:40:18Z,robustness,diag-volatile,,2024-08-19,2026-08-19,,,,False,10,CLSK|COIN|IONQ|LCID|MARA|MSTR|PLTR|RIOT|RIVN|SMCI,4349f37fcd,5Min,,100000.0,varies,-0.6997937694155854,,-0.23497064368723777,,,,,2165.0,,,,,,,,,,,2517.17,e425a661082e,7e49894e2ac4,3.14.7,,,,,,,,,,,,,,,,,,,,,,,,,,,,,,,,,,,,,,,,,sensitivity_min_confidence,default,False,,,True,0.7,,,0.06,False,0.03,0.09,False,close,,0.1,1.5,,10.0,8.0,0.2,100.0,1.0,0.0,2.0,,200.0,SPY,,0.05,0.05,False,0.14,0.05,0.04,20.0,,-0.7566638069771294,1.0,,,,,,,,,,,,,,,,,,,,0.4,,,,False,True,,,,,,,,,,,,,,,,,,,,,,,,,,,,,,,,,,,,,,,,,,,,,volatile10,,,,,,,,,,,min_confidence=0.4,,,,
20260821_014018_robustness_diag-volatile_e425a6,2026-08-21 01:40:18,2026-08-21T06:40:18Z,robustness,diag-volatile,,2024-08-19,2026-08-19,,,,False,10,CLSK|COIN|IONQ|LCID|MARA|MSTR|PLTR|RIOT|RIVN|SMCI,4349f37fcd,5Min,,100000.0,varies,-0.6997937694155854,,-0.23497064368723777,,,,,2165.0,,,,,,,,,,,2517.18,e425a661082e,7e49894e2ac4,3.14.7,,,,,,,,,,,,,,,,,,,,,,,,,,,,,,,,,,,,,,,,,sensitivity_min_confidence,default,False,,,True,0.7,,,0.06,False,0.03,0.09,False,close,,0.1,1.5,,10.0,8.0,0.2,100.0,1.0,0.0,2.0,,200.0,SPY,,0.05,0.05,False,0.14,0.05,0.04,20.0,,-0.7566638069771294,1.0,,,,,,,,,,,,,,,,,,,,0.45,,,,False,True,,,,,,,,,,,,,,,,,,,,,,,,,,,,,,,,,,,,,,,,,,,,,volatile10,,,,,,,,,,,min_confidence=0.45,,,,
20260821_014018_robustness_diag-volatile_e425a6,2026-08-21 01:40:18,2026-08-21T06:40:18Z,robustness,diag-volatile,,2024-08-19,2026-08-19,,,,False,10,CLSK|COIN|IONQ|LCID|MARA|MSTR|PLTR|RIOT|RIVN|SMCI,4349f37fcd,5Min,,100000.0,varies,-0.6077725974857018,,-0.2545854556835867,,,,,1363.0,,,,,,,,,,,2517.19,e425a661082e,7e49894e2ac4,3.14.7,,,,,,,,,,,,,,,,,,,,,,,,,,,,,,,,,,,,,,,,,sensitivity_min_confidence,default,False,,,True,0.7,,,0.06,False,0.03,0.09,False,close,,0.1,1.5,,10.0,8.0,0.2,100.0,1.0,0.0,2.0,,200.0,SPY,,0.05,0.05,False,0.14,0.05,0.04,20.0,,-0.7026171934095324,1.0,,,,,,,,,,,,,,,,,,,,0.49,,,,False,True,,,,,,,,,,,,,,,,,,,,,,,,,,,,,,,,,,,,,,,,,,,,,volatile10,,,,,,,,,,,min_confidence=0.49,,,,
20260821_014018_robustness_diag-volatile_e425a6,2026-08-21 01:40:18,2026-08-21T06:40:18Z,robustness,diag-volatile,,2024-08-19,2026-08-19,,,,False,10,CLSK|COIN|IONQ|LCID|MARA|MSTR|PLTR|RIOT|RIVN|SMCI,4349f37fcd,5Min,,100000.0,varies,-0.009131452288126507,,-0.05954349603653249,,,,,23.0,,,,,,,,,,,2517.21,e425a661082e,7e49894e2ac4,3.14.7,,,,,,,,,,,,,,,,,,,,,,,,,,,,,,,,,,,,,,,,,sensitivity_min_confidence,default,False,,,True,0.7,,,0.06,False,0.03,0.09,False,close,,0.1,1.5,,10.0,8.0,0.2,100.0,1.0,0.0,2.0,,200.0,SPY,,0.05,0.05,False,0.14,0.05,0.04,20.0,,-0.054848255144472446,1.0,,,,,,,,,,,,,,,,,,,,0.55,,,,False,True,,,,,,,,,,,,,,,,,,,,,,,,,,,,,,,,,,,,,,,,,,,,,volatile10,,,,,,,,,,,min_confidence=0.55,,,,
20260821_014018_robustness_diag-volatile_e425a6,2026-08-21 01:40:18,2026-08-21T06:40:18Z,robustness,diag-volatile,,2024-08-19,2026-08-19,,,,False,10,CLSK|COIN|IONQ|LCID|MARA|MSTR|PLTR|RIOT|RIVN|SMCI,4349f37fcd,5Min,,100000.0,varies,0.00985768050430158,,0.08716688588338603,,,,,21.0,,,,,,,,,,,2517.22,e425a661082e,7e49894e2ac4,3.14.7,,,,,,,,,,,,,,,,,,,,,,,,,,,,,,,,,,,,,,,,,sensitivity_min_confidence,default,False,,,True,0.7,,,0.06,False,0.03,0.09,False,close,,0.1,1.5,,10.0,8.0,0.2,100.0,1.0,0.0,2.0,,200.0,SPY,,0.05,0.05,False,0.14,0.05,0.04,20.0,,-0.0492328377582798,1.0,,,,,,,,,,,,,,,,,,,,0.6,,,,False,True,,,,,,,,,,,,,,,,,,,,,,,,,,,,,,,,,,,,,,,,,,,,,volatile10,,,,,,,,,,,min_confidence=0.6,,,,
20260821_014018_robustness_diag-volatile_e425a6,2026-08-21 01:40:18,2026-08-21T06:40:18Z,robustness,diag-volatile,,2024-08-19,2026-08-19,,,,False,10,CLSK|COIN|IONQ|LCID|MARA|MSTR|PLTR|RIOT|RIVN|SMCI,4349f37fcd,5Min,,100000.0,varies,0.00985768050430158,,0.08716688588338603,,,,,21.0,,,,,,,,,,,2517.23,e425a661082e,7e49894e2ac4,3.14.7,,,,,,,,,,,,,,,,,,,,,,,,,,,,,,,,,,,,,,,,,sensitivity_min_confidence,default,False,,,True,0.7,,,0.06,False,0.03,0.09,False,close,,0.1,1.5,,10.0,8.0,0.2,100.0,1.0,0.0,2.0,,200.0,SPY,,0.05,0.05,False,0.14,0.05,0.04,20.0,,-0.0492328377582798,1.0,,,,,,,,,,,,,,,,,,,,0.65,,,,False,True,,,,,,,,,,,,,,,,,,,,,,,,,,,,,,,,,,,,,,,,,,,,,volatile10,,,,,,,,,,,min_confidence=0.65,,,,
20260821_014028_robustness_diag-volatile_e425a6,2026-08-21 01:40:28,2026-08-21T06:40:28Z,robustness,diag-volatile,,2024-08-19,2026-08-19,,,,False,10,CLSK|COIN|IONQ|LCID|MARA|MSTR|PLTR|RIOT|RIVN|SMCI,4349f37fcd,5Min,,100000.0,varies,-0.6997937694155854,,-0.23497064368723777,,,,,2165.0,,,,,,,,,,,2515.4,e425a661082e,7e49894e2ac4,3.14.7,,,,,,,,,,,,,,,,,,,,,,,,,,,,,,,,,,,,,,,,,sensitivity_min_confidence,default,False,,,True,0.7,,,0.06,False,0.03,0.09,False,close,,0.1,1.5,,10.0,8.0,0.2,100.0,1.0,0.0,2.0,,200.0,SPY,,0.05,0.05,False,0.14,0.05,0.04,20.0,,-0.7566638069771294,1.0,,,,,,,,,,,,,,,,,,,,0.4,,,,False,True,,,,,,,,,,,,,,,,,,,,,,,,,,,,,,,,,,,,,,,,,,,,,volatile10,,,,,,,,,,,min_confidence=0.4,,,,
20260821_014028_robustness_diag-volatile_e425a6,2026-08-21 01:40:28,2026-08-21T06:40:28Z,robustness,diag-volatile,,2024-08-19,2026-08-19,,,,False,10,CLSK|COIN|IONQ|LCID|MARA|MSTR|PLTR|RIOT|RIVN|SMCI,4349f37fcd,5Min,,100000.0,varies,-0.6997937694155854,,-0.23497064368723777,,,,,2165.0,,,,,,,,,,,2515.41,e425a661082e,7e49894e2ac4,3.14.7,,,,,,,,,,,,,,,,,,,,,,,,,,,,,,,,,,,,,,,,,sensitivity_min_confidence,default,False,,,True,0.7,,,0.06,False,0.03,0.09,False,close,,0.1,1.5,,10.0,8.0,0.2,100.0,1.0,0.0,2.0,,200.0,SPY,,0.05,0.05,False,0.14,0.05,0.04,20.0,,-0.7566638069771294,1.0,,,,,,,,,,,,,,,,,,,,0.45,,,,False,True,,,,,,,,,,,,,,,,,,,,,,,,,,,,,,,,,,,,,,,,,,,,,volatile10,,,,,,,,,,,min_confidence=0.45,,,,
20260821_014028_robustness_diag-volatile_e425a6,2026-08-21 01:40:28,2026-08-21T06:40:28Z,robustness,diag-volatile,,2024-08-19,2026-08-19,,,,False,10,CLSK|COIN|IONQ|LCID|MARA|MSTR|PLTR|RIOT|RIVN|SMCI,4349f37fcd,5Min,,100000.0,varies,-0.6077725974857018,,-0.2545854556835867,,,,,1363.0,,,,,,,,,,,2515.43,e425a661082e,7e49894e2ac4,3.14.7,,,,,,,,,,,,,,,,,,,,,,,,,,,,,,,,,,,,,,,,,sensitivity_min_confidence,default,False,,,True,0.7,,,0.06,False,0.03,0.09,False,close,,0.1,1.5,,10.0,8.0,0.2,100.0,1.0,0.0,2.0,,200.0,SPY,,0.05,0.05,False,0.14,0.05,0.04,20.0,,-0.7026171934095324,1.0,,,,,,,,,,,,,,,,,,,,0.49,,,,False,True,,,,,,,,,,,,,,,,,,,,,,,,,,,,,,,,,,,,,,,,,,,,,volatile10,,,,,,,,,,,min_confidence=0.49,,,,
20260821_014028_robustness_diag-volatile_e425a6,2026-08-21 01:40:28,2026-08-21T06:40:28Z,robustness,diag-volatile,,2024-08-19,2026-08-19,,,,False,10,CLSK|COIN|IONQ|LCID|MARA|MSTR|PLTR|RIOT|RIVN|SMCI,4349f37fcd,5Min,,100000.0,varies,-0.009131452288126507,,-0.05954349603653249,,,,,23.0,,,,,,,,,,,2515.44,e425a661082e,7e49894e2ac4,3.14.7,,,,,,,,,,,,,,,,,,,,,,,,,,,,,,,,,,,,,,,,,sensitivity_min_confidence,default,False,,,True,0.7,,,0.06,False,0.03,0.09,False,close,,0.1,1.5,,10.0,8.0,0.2,100.0,1.0,0.0,2.0,,200.0,SPY,,0.05,0.05,False,0.14,0.05,0.04,20.0,,-0.054848255144472446,1.0,,,,,,,,,,,,,,,,,,,,0.55,,,,False,True,,,,,,,,,,,,,,,,,,,,,,,,,,,,,,,,,,,,,,,,,,,,,volatile10,,,,,,,,,,,min_confidence=0.55,,,,
20260821_014028_robustness_diag-volatile_e425a6,2026-08-21 01:40:28,2026-08-21T06:40:28Z,robustness,diag-volatile,,2024-08-19,2026-08-19,,,,False,10,CLSK|COIN|IONQ|LCID|MARA|MSTR|PLTR|RIOT|RIVN|SMCI,4349f37fcd,5Min,,100000.0,varies,0.00985768050430158,,0.08716688588338603,,,,,21.0,,,,,,,,,,,2515.45,e425a661082e,7e49894e2ac4,3.14.7,,,,,,,,,,,,,,,,,,,,,,,,,,,,,,,,,,,,,,,,,sensitivity_min_confidence,default,False,,,True,0.7,,,0.06,False,0.03,0.09,False,close,,0.1,1.5,,10.0,8.0,0.2,100.0,1.0,0.0,2.0,,200.0,SPY,,0.05,0.05,False,0.14,0.05,0.04,20.0,,-0.0492328377582798,1.0,,,,,,,,,,,,,,,,,,,,0.6,,,,False,True,,,,,,,,,,,,,,,,,,,,,,,,,,,,,,,,,,,,,,,,,,,,,volatile10,,,,,,,,,,,min_confidence=0.6,,,,
20260821_014028_robustness_diag-volatile_e425a6,2026-08-21 01:40:28,2026-08-21T06:40:28Z,robustness,diag-volatile,,2024-08-19,2026-08-19,,,,False,10,CLSK|COIN|IONQ|LCID|MARA|MSTR|PLTR|RIOT|RIVN|SMCI,4349f37fcd,5Min,,100000.0,varies,0.00985768050430158,,0.08716688588338603,,,,,21.0,,,,,,,,,,,2515.46,e425a661082e,7e49894e2ac4,3.14.7,,,,,,,,,,,,,,,,,,,,,,,,,,,,,,,,,,,,,,,,,sensitivity_min_confidence,default,False,,,True,0.7,,,0.06,False,0.03,0.09,False,close,,0.1,1.5,,10.0,8.0,0.2,100.0,1.0,0.0,2.0,,200.0,SPY,,0.05,0.05,False,0.14,0.05,0.04,20.0,,-0.0492328377582798,1.0,,,,,,,,,,,,,,,,,,,,0.65,,,,False,True,,,,,,,,,,,,,,,,,,,,,,,,,,,,,,,,,,,,,,,,,,,,,volatile10,,,,,,,,,,,min_confidence=0.65,,,,
20260820_232838_robustness_diag-mixed18_a439c6,2026-08-20 23:28:38,2026-08-21T04:28:38Z,robustness,diag-mixed18,,2024-08-19,2026-08-19,,,,False,18,AAPL|AMD|AMZN|CLSK|COIN|GOOGL|IONQ|LCID|MARA|META|MSFT|MSTR|NVDA|PLTR|RIOT|RIVN|SMCI|TSLA,d848afd031,5Min,,100000.0,REALISTIC,,,,,,,,,,,,,,,,,,,10655.63,a439c61996af,7f7745319a61,3.14.7,,,,,,,,,,,,,,,,,,,,,,,,,,,,,,,,,,,,,,,,,monte_carlo,default,False,,,True,,,,0.06,False,0.03,0.09,,close,,0.1,1.5,,10.0,8.0,0.2,100.0,1.0,,2.0,,,,,0.05,0.05,,0.14,0.05,0.04,,,,1.0,,,,,,,46859.558857718395,-0.6024170608894874,,46859.558857718315,46859.55885771847,-0.7170323414289095,,,,0.0,,-0.9204524155537795,,,,,,False,True,,,,,,,,,,,,,,,,,,,,,,,,,,,,,,,,,,,,,,,,,,,,,mixed18,,,,,,,,,,,1000_sims,,,,
20260821_022614_robustness_diag-volatile_e425a6,2026-08-21 02:26:14,2026-08-21T07:26:14Z,robustness,diag-volatile,,2024-08-19,2026-08-19,,,,False,10,CLSK|COIN|IONQ|LCID|MARA|MSTR|PLTR|RIOT|RIVN|SMCI,4349f37fcd,5Min,,100000.0,zero,0.25876296999999915,,0.32209666651358654,,,,,1424.0,,,,0.0,,,,,,,942.9,e425a661082e,7e49894e2ac4,3.14.7,,,,,,,,,,,,,,zero,,,,,,,,,,,,,,,,,,,,,,,,,,,cost_sensitivity,default,False,,,True,0.7,,,0.06,False,0.03,0.09,False,close,,0.1,1.5,,10.0,8.0,0.2,100.0,1.0,0.0,2.0,,200.0,SPY,,0.05,0.05,False,0.14,0.05,0.04,20.0,,-0.48784084853815834,1.0,,,,,,,,,,,,,,,,,,,,,,,,False,True,,,,,,,,,,,,,,,,,,,,,,,,,,,,,,,,,,,,,,,,,,,,,volatile10,,,,,,,,,,,zero,,,,
20260821_022614_robustness_diag-volatile_e425a6,2026-08-21 02:26:14,2026-08-21T07:26:14Z,robustness,diag-volatile,,2024-08-19,2026-08-19,,,,False,10,CLSK|COIN|IONQ|LCID|MARA|MSTR|PLTR|RIOT|RIVN|SMCI,4349f37fcd,5Min,,100000.0,large_cap_rth,-0.36019239222534516,,-0.020376886609053475,,,,,1385.0,,,,54589.92662253461,,,,,,,942.92,e425a661082e,7e49894e2ac4,3.14.7,,,,,,,,,,,,,,large_cap_rth,,,,,,,,,,,,,,,,,,,,,,,,,,,cost_sensitivity,default,False,,,True,0.7,,,0.06,False,0.03,0.09,False,close,,0.1,1.5,,10.0,8.0,0.2,100.0,1.0,0.0,2.0,,200.0,SPY,,0.05,0.05,False,0.14,0.05,0.04,20.0,,-0.5749391916776697,1.0,,,,,,,,,,,,,,,,,,,,,,,,False,True,,,,,,,,,,,,,,,,,,,,,,,,,,,,,,,,,,,,,,,,,,,,,volatile10,,,,,,,,,,,large_cap_rth,,,,
20260821_022614_robustness_diag-volatile_e425a6,2026-08-21 02:26:14,2026-08-21T07:26:14Z,robustness,diag-volatile,,2024-08-19,2026-08-19,,,,False,10,CLSK|COIN|IONQ|LCID|MARA|MSTR|PLTR|RIOT|RIVN|SMCI,4349f37fcd,5Min,,100000.0,realistic,-0.6077725974857018,,-0.2545854556835867,,,,,1363.0,,,,90625.95974856993,,,,,,,942.93,e425a661082e,7e49894e2ac4,3.14.7,,,,,,,,,,,,,,realistic,,,,,,,,,,,,,,,,,,,,,,,,,,,cost_sensitivity,default,False,,,True,0.7,,,0.06,False,0.03,0.09,False,close,,0.1,1.5,,10.0,8.0,0.2,100.0,1.0,0.0,2.0,,200.0,SPY,,0.05,0.05,False,0.14,0.05,0.04,20.0,,-0.7026171934095324,1.0,,,,,,,,,,,,,,,,,,,,,,,,False,True,,,,,,,,,,,,,,,,,,,,,,,,,,,,,,,,,,,,,,,,,,,,,volatile10,,,,,,,,,,,realistic,,,,
20260821_022614_robustness_diag-volatile_e425a6,2026-08-21 02:26:14,2026-08-21T07:26:14Z,robustness,diag-volatile,,2024-08-19,2026-08-19,,,,False,10,CLSK|COIN|IONQ|LCID|MARA|MSTR|PLTR|RIOT|RIVN|SMCI,4349f37fcd,5Min,,100000.0,pessimistic,-0.9375177642352488,,-1.171579612851725,,,,,1365.0,,,,106625.29992352502,,,,,,,942.94,e425a661082e,7e49894e2ac4,3.14.7,,,,,,,,,,,,,,pessimistic,,,,,,,,,,,,,,,,,,,,,,,,,,,cost_sensitivity,default,False,,,True,0.7,,,0.06,False,0.03,0.09,False,close,,0.1,1.5,,10.0,8.0,0.2,100.0,1.0,0.0,2.0,,200.0,SPY,,0.05,0.05,False,0.14,0.05,0.04,20.0,,-0.9428371050822058,1.0,,,,,,,,,,,,,,,,,,,,,,,,False,True,,,,,,,,,,,,,,,,,,,,,,,,,,,,,,,,,,,,,,,,,,,,,volatile10,,,,,,,,,,,pessimistic,,,,
20260821_014018_robustness_diag-volatile_e425a6,2026-08-21 01:40:18,2026-08-21T06:40:18Z,robustness,diag-volatile,,2024-08-19,2026-08-19,,,,False,10,CLSK|COIN|IONQ|LCID|MARA|MSTR|PLTR|RIOT|RIVN|SMCI,4349f37fcd,5Min,,100000.0,varies,-0.6063830979110842,,-0.2556861966680652,,,,,1364.0,,,,,,,,,,,3706.38,e425a661082e,7e49894e2ac4,3.14.7,,,,,,,,,,,,,,,,,,,,,,,,,,,,,,,,,,,,,,,,,sensitivity_rsi_oversold,default,False,,,True,0.7,,,0.06,False,0.03,0.09,False,close,,0.1,1.5,,10.0,8.0,0.2,100.0,1.0,0.0,2.0,,200.0,SPY,,0.05,0.05,False,0.14,0.05,0.04,20.0,,-0.7015636890378154,1.0,,,,,,,,,,,,,,,,,,,,,,,,False,True,,,,,,,,,,,,,,,,,,,,,,,,,,,,,,,,,,,,,,,,,,,,,volatile10,,25.0,,,,,,,,,rsi_oversold=25.0,,,,
20260821_014018_robustness_diag-volatile_e425a6,2026-08-21 01:40:18,2026-08-21T06:40:18Z,robustness,diag-volatile,,2024-08-19,2026-08-19,,,,False,10,CLSK|COIN|IONQ|LCID|MARA|MSTR|PLTR|RIOT|RIVN|SMCI,4349f37fcd,5Min,,100000.0,varies,-0.6108010717656556,,-0.2584513720744582,,,,,1364.0,,,,,,,,,,,3706.4,e425a661082e,7e49894e2ac4,3.14.7,,,,,,,,,,,,,,,,,,,,,,,,,,,,,,,,,,,,,,,,,sensitivity_rsi_oversold,default,False,,,True,0.7,,,0.06,False,0.03,0.09,False,close,,0.1,1.5,,10.0,8.0,0.2,100.0,1.0,0.0,2.0,,200.0,SPY,,0.05,0.05,False,0.14,0.05,0.04,20.0,,-0.7049133516465308,1.0,,,,,,,,,,,,,,,,,,,,,,,,False,True,,,,,,,,,,,,,,,,,,,,,,,,,,,,,,,,,,,,,,,,,,,,,volatile10,,30.0,,,,,,,,,rsi_oversold=30.0,,,,
20260821_014018_robustness_diag-volatile_e425a6,2026-08-21 01:40:18,2026-08-21T06:40:18Z,robustness,diag-volatile,,2024-08-19,2026-08-19,,,,False,10,CLSK|COIN|IONQ|LCID|MARA|MSTR|PLTR|RIOT|RIVN|SMCI,4349f37fcd,5Min,,100000.0,varies,-0.6077725974857018,,-0.2545854556835867,,,,,1363.0,,,,,,,,,,,3706.41,e425a661082e,7e49894e2ac4,3.14.7,,,,,,,,,,,,,,,,,,,,,,,,,,,,,,,,,,,,,,,,,sensitivity_rsi_oversold,default,False,,,True,0.7,,,0.06,False,0.03,0.09,False,close,,0.1,1.5,,10.0,8.0,0.2,100.0,1.0,0.0,2.0,,200.0,SPY,,0.05,0.05,False,0.14,0.05,0.04,20.0,,-0.7026171934095324,1.0,,,,,,,,,,,,,,,,,,,,,,,,False,True,,,,,,,,,,,,,,,,,,,,,,,,,,,,,,,,,,,,,,,,,,,,,volatile10,,35.0,,,,,,,,,rsi_oversold=35.0,,,,
20260821_014018_robustness_diag-volatile_e425a6,2026-08-21 01:40:18,2026-08-21T06:40:18Z,robustness,diag-volatile,,2024-08-19,2026-08-19,,,,False,10,CLSK|COIN|IONQ|LCID|MARA|MSTR|PLTR|RIOT|RIVN|SMCI,4349f37fcd,5Min,,100000.0,varies,-0.6533573805786791,,-0.31046298305995107,,,,,1377.0,,,,,,,,,,,3706.42,e425a661082e,7e49894e2ac4,3.14.7,,,,,,,,,,,,,,,,,,,,,,,,,,,,,,,,,,,,,,,,,sensitivity_rsi_oversold,default,False,,,True,0.7,,,0.06,False,0.03,0.09,False,close,,0.1,1.5,,10.0,8.0,0.2,100.0,1.0,0.0,2.0,,200.0,SPY,,0.05,0.05,False,0.14,0.05,0.04,20.0,,-0.7214785712375522,1.0,,,,,,,,,,,,,,,,,,,,,,,,False,True,,,,,,,,,,,,,,,,,,,,,,,,,,,,,,,,,,,,,,,,,,,,,volatile10,,40.0,,,,,,,,,rsi_oversold=40.0,,,,
20260821_014018_robustness_diag-volatile_e425a6,2026-08-21 01:40:18,2026-08-21T06:40:18Z,robustness,diag-volatile,,2024-08-19,2026-08-19,,,,False,10,CLSK|COIN|IONQ|LCID|MARA|MSTR|PLTR|RIOT|RIVN|SMCI,4349f37fcd,5Min,,100000.0,varies,-0.7307387386253754,,-0.42540429060002805,,,,,1441.0,,,,,,,,,,,3706.43,e425a661082e,7e49894e2ac4,3.14.7,,,,,,,,,,,,,,,,,,,,,,,,,,,,,,,,,,,,,,,,,sensitivity_rsi_oversold,default,False,,,True,0.7,,,0.06,False,0.03,0.09,False,close,,0.1,1.5,,10.0,8.0,0.2,100.0,1.0,0.0,2.0,,200.0,SPY,,0.05,0.05,False,0.14,0.05,0.04,20.0,,-0.7664320735602127,1.0,,,,,,,,,,,,,,,,,,,,,,,,False,True,,,,,,,,,,,,,,,,,,,,,,,,,,,,,,,,,,,,,,,,,,,,,volatile10,,45.0,,,,,,,,,rsi_oversold=45.0,,,,
20260821_014028_robustness_diag-volatile_e425a6,2026-08-21 01:40:28,2026-08-21T06:40:28Z,robustness,diag-volatile,,2024-08-19,2026-08-19,,,,False,10,CLSK|COIN|IONQ|LCID|MARA|MSTR|PLTR|RIOT|RIVN|SMCI,4349f37fcd,5Min,,100000.0,varies,-0.6063830979110842,,-0.2556861966680652,,,,,1364.0,,,,,,,,,,,3703.43,e425a661082e,7e49894e2ac4,3.14.7,,,,,,,,,,,,,,,,,,,,,,,,,,,,,,,,,,,,,,,,,sensitivity_rsi_oversold,default,False,,,True,0.7,,,0.06,False,0.03,0.09,False,close,,0.1,1.5,,10.0,8.0,0.2,100.0,1.0,0.0,2.0,,200.0,SPY,,0.05,0.05,False,0.14,0.05,0.04,20.0,,-0.7015636890378154,1.0,,,,,,,,,,,,,,,,,,,,,,,,False,True,,,,,,,,,,,,,,,,,,,,,,,,,,,,,,,,,,,,,,,,,,,,,volatile10,,25.0,,,,,,,,,rsi_oversold=25.0,,,,
20260821_014028_robustness_diag-volatile_e425a6,2026-08-21 01:40:28,2026-08-21T06:40:28Z,robustness,diag-volatile,,2024-08-19,2026-08-19,,,,False,10,CLSK|COIN|IONQ|LCID|MARA|MSTR|PLTR|RIOT|RIVN|SMCI,4349f37fcd,5Min,,100000.0,varies,-0.6108010717656556,,-0.2584513720744582,,,,,1364.0,,,,,,,,,,,3703.44,e425a661082e,7e49894e2ac4,3.14.7,,,,,,,,,,,,,,,,,,,,,,,,,,,,,,,,,,,,,,,,,sensitivity_rsi_oversold,default,False,,,True,0.7,,,0.06,False,0.03,0.09,False,close,,0.1,1.5,,10.0,8.0,0.2,100.0,1.0,0.0,2.0,,200.0,SPY,,0.05,0.05,False,0.14,0.05,0.04,20.0,,-0.7049133516465308,1.0,,,,,,,,,,,,,,,,,,,,,,,,False,True,,,,,,,,,,,,,,,,,,,,,,,,,,,,,,,,,,,,,,,,,,,,,volatile10,,30.0,,,,,,,,,rsi_oversold=30.0,,,,
20260821_014028_robustness_diag-volatile_e425a6,2026-08-21 01:40:28,2026-08-21T06:40:28Z,robustness,diag-volatile,,2024-08-19,2026-08-19,,,,False,10,CLSK|COIN|IONQ|LCID|MARA|MSTR|PLTR|RIOT|RIVN|SMCI,4349f37fcd,5Min,,100000.0,varies,-0.6077725974857018,,-0.2545854556835867,,,,,1363.0,,,,,,,,,,,3703.46,e425a661082e,7e49894e2ac4,3.14.7,,,,,,,,,,,,,,,,,,,,,,,,,,,,,,,,,,,,,,,,,sensitivity_rsi_oversold,default,False,,,True,0.7,,,0.06,False,0.03,0.09,False,close,,0.1,1.5,,10.0,8.0,0.2,100.0,1.0,0.0,2.0,,200.0,SPY,,0.05,0.05,False,0.14,0.05,0.04,20.0,,-0.7026171934095324,1.0,,,,,,,,,,,,,,,,,,,,,,,,False,True,,,,,,,,,,,,,,,,,,,,,,,,,,,,,,,,,,,,,,,,,,,,,volatile10,,35.0,,,,,,,,,rsi_oversold=35.0,,,,
20260821_014028_robustness_diag-volatile_e425a6,2026-08-21 01:40:28,2026-08-21T06:40:28Z,robustness,diag-volatile,,2024-08-19,2026-08-19,,,,False,10,CLSK|COIN|IONQ|LCID|MARA|MSTR|PLTR|RIOT|RIVN|SMCI,4349f37fcd,5Min,,100000.0,varies,-0.6533573805786791,,-0.31046298305995107,,,,,1377.0,,,,,,,,,,,3703.47,e425a661082e,7e49894e2ac4,3.14.7,,,,,,,,,,,,,,,,,,,,,,,,,,,,,,,,,,,,,,,,,sensitivity_rsi_oversold,default,False,,,True,0.7,,,0.06,False,0.03,0.09,False,close,,0.1,1.5,,10.0,8.0,0.2,100.0,1.0,0.0,2.0,,200.0,SPY,,0.05,0.05,False,0.14,0.05,0.04,20.0,,-0.7214785712375522,1.0,,,,,,,,,,,,,,,,,,,,,,,,False,True,,,,,,,,,,,,,,,,,,,,,,,,,,,,,,,,,,,,,,,,,,,,,volatile10,,40.0,,,,,,,,,rsi_oversold=40.0,,,,
20260821_014028_robustness_diag-volatile_e425a6,2026-08-21 01:40:28,2026-08-21T06:40:28Z,robustness,diag-volatile,,2024-08-19,2026-08-19,,,,False,10,CLSK|COIN|IONQ|LCID|MARA|MSTR|PLTR|RIOT|RIVN|SMCI,4349f37fcd,5Min,,100000.0,varies,-0.7307387386253754,,-0.42540429060002805,,,,,1441.0,,,,,,,,,,,3703.48,e425a661082e,7e49894e2ac4,3.14.7,,,,,,,,,,,,,,,,,,,,,,,,,,,,,,,,,,,,,,,,,sensitivity_rsi_oversold,default,False,,,True,0.7,,,0.06,False,0.03,0.09,False,close,,0.1,1.5,,10.0,8.0,0.2,100.0,1.0,0.0,2.0,,200.0,SPY,,0.05,0.05,False,0.14,0.05,0.04,20.0,,-0.7664320735602127,1.0,,,,,,,,,,,,,,,,,,,,,,,,False,True,,,,,,,,,,,,,,,,,,,,,,,,,,,,,,,,,,,,,,,,,,,,,volatile10,,45.0,,,,,,,,,rsi_oversold=45.0,,,,
20260821_014018_robustness_diag-volatile_e425a6,2026-08-21 01:40:18,2026-08-21T06:40:18Z,robustness,diag-volatile,,2024-08-19,2026-08-19,,,,False,10,CLSK|COIN|IONQ|LCID|MARA|MSTR|PLTR|RIOT|RIVN|SMCI,4349f37fcd,5Min,,100000.0,varies,-0.6822100278827496,,-0.3072755643292547,,,,,1746.0,,,,,,,,,,,4889.44,e425a661082e,7e49894e2ac4,3.14.7,,,,,,,,,,,,,,,,,,,,,,,,,,,,,,,,,,,,,,,,,sensitivity_volume_surge_mult,default,False,,,True,0.7,,,0.06,False,0.03,0.09,False,close,,0.1,1.5,,10.0,8.0,0.2,100.0,1.0,0.0,2.0,,200.0,SPY,,0.05,0.05,False,0.14,0.05,0.04,20.0,,-0.7241064008112339,1.0,,,,,,,,,,,,,,,,,,,,,,,,False,True,,,,,,,,,,,,,,,,,,,,,,,,,,,,,,,,,,,,,,,,,,,,,volatile10,,,,,,,,,,,volume_surge_mult=1.2,1.2,,,
20260821_014018_robustness_diag-volatile_e425a6,2026-08-21 01:40:18,2026-08-21T06:40:18Z,robustness,diag-volatile,,2024-08-19,2026-08-19,,,,False,10,CLSK|COIN|IONQ|LCID|MARA|MSTR|PLTR|RIOT|RIVN|SMCI,4349f37fcd,5Min,,100000.0,varies,-0.6125519962585946,,-0.2531372859752283,,,,,1520.0,,,,,,,,,,,4889.46,e425a661082e,7e49894e2ac4,3.14.7,,,,,,,,,,,,,,,,,,,,,,,,,,,,,,,,,,,,,,,,,sensitivity_volume_surge_mult,default,False,,,True,0.7,,,0.06,False,0.03,0.09,False,close,,0.1,1.5,,10.0,8.0,0.2,100.0,1.0,0.0,2.0,,200.0,SPY,,0.05,0.05,False,0.14,0.05,0.04,20.0,,-0.7021042202835072,1.0,,,,,,,,,,,,,,,,,,,,,,,,False,True,,,,,,,,,,,,,,,,,,,,,,,,,,,,,,,,,,,,,,,,,,,,,volatile10,,,,,,,,,,,volume_surge_mult=1.5,1.5,,,
20260821_014018_robustness_diag-volatile_e425a6,2026-08-21 01:40:18,2026-08-21T06:40:18Z,robustness,diag-volatile,,2024-08-19,2026-08-19,,,,False,10,CLSK|COIN|IONQ|LCID|MARA|MSTR|PLTR|RIOT|RIVN|SMCI,4349f37fcd,5Min,,100000.0,varies,-0.6077725974857018,,-0.2545854556835867,,,,,1363.0,,,,,,,,,,,4889.47,e425a661082e,7e49894e2ac4,3.14.7,,,,,,,,,,,,,,,,,,,,,,,,,,,,,,,,,,,,,,,,,sensitivity_volume_surge_mult,default,False,,,True,0.7,,,0.06,False,0.03,0.09,False,close,,0.1,1.5,,10.0,8.0,0.2,100.0,1.0,0.0,2.0,,200.0,SPY,,0.05,0.05,False,0.14,0.05,0.04,20.0,,-0.7026171934095324,1.0,,,,,,,,,,,,,,,,,,,,,,,,False,True,,,,,,,,,,,,,,,,,,,,,,,,,,,,,,,,,,,,,,,,,,,,,volatile10,,,,,,,,,,,volume_surge_mult=1.8,1.8,,,
20260821_014018_robustness_diag-volatile_e425a6,2026-08-21 01:40:18,2026-08-21T06:40:18Z,robustness,diag-volatile,,2024-08-19,2026-08-19,,,,False,10,CLSK|COIN|IONQ|LCID|MARA|MSTR|PLTR|RIOT|RIVN|SMCI,4349f37fcd,5Min,,100000.0,varies,-0.5035103866395627,,-0.17419070705894518,,,,,1206.0,,,,,,,,,,,4889.48,e425a661082e,7e49894e2ac4,3.14.7,,,,,,,,,,,,,,,,,,,,,,,,,,,,,,,,,,,,,,,,,sensitivity_volume_surge_mult,default,False,,,True,0.7,,,0.06,False,0.03,0.09,False,close,,0.1,1.5,,10.0,8.0,0.2,100.0,1.0,0.0,2.0,,200.0,SPY,,0.05,0.05,False,0.14,0.05,0.04,20.0,,-0.6087848230489605,1.0,,,,,,,,,,,,,,,,,,,,,,,,False,True,,,,,,,,,,,,,,,,,,,,,,,,,,,,,,,,,,,,,,,,,,,,,volatile10,,,,,,,,,,,volume_surge_mult=2.1,2.1,,,
20260821_014018_robustness_diag-volatile_e425a6,2026-08-21 01:40:18,2026-08-21T06:40:18Z,robustness,diag-volatile,,2024-08-19,2026-08-19,,,,False,10,CLSK|COIN|IONQ|LCID|MARA|MSTR|PLTR|RIOT|RIVN|SMCI,4349f37fcd,5Min,,100000.0,varies,-0.439891901699771,,-0.16279503129198233,,,,,1017.0,,,,,,,,,,,4889.5,e425a661082e,7e49894e2ac4,3.14.7,,,,,,,,,,,,,,,,,,,,,,,,,,,,,,,,,,,,,,,,,sensitivity_volume_surge_mult,default,False,,,True,0.7,,,0.06,False,0.03,0.09,False,close,,0.1,1.5,,10.0,8.0,0.2,100.0,1.0,0.0,2.0,,200.0,SPY,,0.05,0.05,False,0.14,0.05,0.04,20.0,,-0.5470900932653352,1.0,,,,,,,,,,,,,,,,,,,,,,,,False,True,,,,,,,,,,,,,,,,,,,,,,,,,,,,,,,,,,,,,,,,,,,,,volatile10,,,,,,,,,,,volume_surge_mult=2.5,2.5,,,
20260821_014028_robustness_diag-volatile_e425a6,2026-08-21 01:40:28,2026-08-21T06:40:28Z,robustness,diag-volatile,,2024-08-19,2026-08-19,,,,False,10,CLSK|COIN|IONQ|LCID|MARA|MSTR|PLTR|RIOT|RIVN|SMCI,4349f37fcd,5Min,,100000.0,varies,-0.6822100278827496,,-0.3072755643292547,,,,,1746.0,,,,,,,,,,,4885.85,e425a661082e,7e49894e2ac4,3.14.7,,,,,,,,,,,,,,,,,,,,,,,,,,,,,,,,,,,,,,,,,sensitivity_volume_surge_mult,default,False,,,True,0.7,,,0.06,False,0.03,0.09,False,close,,0.1,1.5,,10.0,8.0,0.2,100.0,1.0,0.0,2.0,,200.0,SPY,,0.05,0.05,False,0.14,0.05,0.04,20.0,,-0.7241064008112339,1.0,,,,,,,,,,,,,,,,,,,,,,,,False,True,,,,,,,,,,,,,,,,,,,,,,,,,,,,,,,,,,,,,,,,,,,,,volatile10,,,,,,,,,,,volume_surge_mult=1.2,1.2,,,
20260821_014028_robustness_diag-volatile_e425a6,2026-08-21 01:40:28,2026-08-21T06:40:28Z,robustness,diag-volatile,,2024-08-19,2026-08-19,,,,False,10,CLSK|COIN|IONQ|LCID|MARA|MSTR|PLTR|RIOT|RIVN|SMCI,4349f37fcd,5Min,,100000.0,varies,-0.6125519962585946,,-0.2531372859752283,,,,,1520.0,,,,,,,,,,,4885.87,e425a661082e,7e49894e2ac4,3.14.7,,,,,,,,,,,,,,,,,,,,,,,,,,,,,,,,,,,,,,,,,sensitivity_volume_surge_mult,default,False,,,True,0.7,,,0.06,False,0.03,0.09,False,close,,0.1,1.5,,10.0,8.0,0.2,100.0,1.0,0.0,2.0,,200.0,SPY,,0.05,0.05,False,0.14,0.05,0.04,20.0,,-0.7021042202835072,1.0,,,,,,,,,,,,,,,,,,,,,,,,False,True,,,,,,,,,,,,,,,,,,,,,,,,,,,,,,,,,,,,,,,,,,,,,volatile10,,,,,,,,,,,volume_surge_mult=1.5,1.5,,,
20260821_014028_robustness_diag-volatile_e425a6,2026-08-21 01:40:28,2026-08-21T06:40:28Z,robustness,diag-volatile,,2024-08-19,2026-08-19,,,,False,10,CLSK|COIN|IONQ|LCID|MARA|MSTR|PLTR|RIOT|RIVN|SMCI,4349f37fcd,5Min,,100000.0,varies,-0.6077725974857018,,-0.2545854556835867,,,,,1363.0,,,,,,,,,,,4885.88,e425a661082e,7e49894e2ac4,3.14.7,,,,,,,,,,,,,,,,,,,,,,,,,,,,,,,,,,,,,,,,,sensitivity_volume_surge_mult,default,False,,,True,0.7,,,0.06,False,0.03,0.09,False,close,,0.1,1.5,,10.0,8.0,0.2,100.0,1.0,0.0,2.0,,200.0,SPY,,0.05,0.05,False,0.14,0.05,0.04,20.0,,-0.7026171934095324,1.0,,,,,,,,,,,,,,,,,,,,,,,,False,True,,,,,,,,,,,,,,,,,,,,,,,,,,,,,,,,,,,,,,,,,,,,,volatile10,,,,,,,,,,,volume_surge_mult=1.8,1.8,,,
20260821_014028_robustness_diag-volatile_e425a6,2026-08-21 01:40:28,2026-08-21T06:40:28Z,robustness,diag-volatile,,2024-08-19,2026-08-19,,,,False,10,CLSK|COIN|IONQ|LCID|MARA|MSTR|PLTR|RIOT|RIVN|SMCI,4349f37fcd,5Min,,100000.0,varies,-0.5035103866395627,,-0.17419070705894518,,,,,1206.0,,,,,,,,,,,4885.89,e425a661082e,7e49894e2ac4,3.14.7,,,,,,,,,,,,,,,,,,,,,,,,,,,,,,,,,,,,,,,,,sensitivity_volume_surge_mult,default,False,,,True,0.7,,,0.06,False,0.03,0.09,False,close,,0.1,1.5,,10.0,8.0,0.2,100.0,1.0,0.0,2.0,,200.0,SPY,,0.05,0.05,False,0.14,0.05,0.04,20.0,,-0.6087848230489605,1.0,,,,,,,,,,,,,,,,,,,,,,,,False,True,,,,,,,,,,,,,,,,,,,,,,,,,,,,,,,,,,,,,,,,,,,,,volatile10,,,,,,,,,,,volume_surge_mult=2.1,2.1,,,
20260821_014028_robustness_diag-volatile_e425a6,2026-08-21 01:40:28,2026-08-21T06:40:28Z,robustness,diag-volatile,,2024-08-19,2026-08-19,,,,False,10,CLSK|COIN|IONQ|LCID|MARA|MSTR|PLTR|RIOT|RIVN|SMCI,4349f37fcd,5Min,,100000.0,varies,-0.439891901699771,,-0.16279503129198233,,,,,1017.0,,,,,,,,,,,4885.91,e425a661082e,7e49894e2ac4,3.14.7,,,,,,,,,,,,,,,,,,,,,,,,,,,,,,,,,,,,,,,,,sensitivity_volume_surge_mult,default,False,,,True,0.7,,,0.06,False,0.03,0.09,False,close,,0.1,1.5,,10.0,8.0,0.2,100.0,1.0,0.0,2.0,,200.0,SPY,,0.05,0.05,False,0.14,0.05,0.04,20.0,,-0.5470900932653352,1.0,,,,,,,,,,,,,,,,,,,,,,,,False,True,,,,,,,,,,,,,,,,,,,,,,,,,,,,,,,,,,,,,,,,,,,,,volatile10,,,,,,,,,,,volume_surge_mult=2.5,2.5,,,
20260821_014018_robustness_diag-volatile_e425a6,2026-08-21 01:40:18,2026-08-21T06:40:18Z,robustness,diag-volatile,,2024-08-19 08:00:00+00:00,2026-08-18 23:55:00+00:00,,,,False,10,CLSK|COIN|IONQ|LCID|MARA|MSTR|PLTR|RIOT|RIVN|SMCI,4349f37fcd,5Min,,100000.0,REALISTIC,-0.6077725974857018,-0.3740554061959407,-0.2545854556835867,-0.2813101416486,-0.5323743991814275,-0.7026171934095324,644.6180555555555,1363.0,0.4673514306676449,0.8606799058575876,-44.590799522061616,90625.95974856993,,,,,,,5128.75,e425a661082e,7e49894e2ac4,3.14.7,,,183.56786500366837,66.49006584634624,-600.8841318172236,,589.4264049462078,,,,6246.021401284761,,,,838.0,0.0,300.0,96000.0,0.0,0.0,2.0,287.0,0.0,241.0,0.0,0.0,0.0,0.0,472.0,0.0,0.9999990232890342,0.0,0.0,0.0,1891.0,,,39222.74025142982,"{""max_hold_day"": 567, ""max_hold_swing"": 23, ""stop_loss"": 438, ""take_profit"": 58, ""trailing_stop"": 277}",,news_ablation,default,False,,,True,0.7,,,0.06,False,0.03,0.09,False,close,,0.1,1.5,,10.0,8.0,0.2,100.0,1.0,0.0,2.0,,200.0,SPY,,0.05,0.05,False,0.14,0.05,0.04,20.0,,,1.0,,,,,,,,,,,,,,,,,,,97.0,,,,,False,True,,,,,0.5,14.0,,,,,,,0.6,0.49,20.0,0.015,0.45,0.55,,,72.0,35.0,,,,False,,,,,True,,1.8,,,,,,,,80.0,,,29848.69999999996,volatile10,,,100000.0,525.0,,,,,0.0,90625.95974856993,news_on_buggy,,,,-3323.0626672127983
20260821_014028_robustness_diag-volatile_e425a6,2026-08-21 01:40:28,2026-08-21T06:40:28Z,robustness,diag-volatile,,2024-08-19 08:00:00+00:00,2026-08-18 23:55:00+00:00,,,,False,10,CLSK|COIN|IONQ|LCID|MARA|MSTR|PLTR|RIOT|RIVN|SMCI,4349f37fcd,5Min,,100000.0,REALISTIC,-0.6077725974857018,-0.3740554061959407,-0.2545854556835867,-0.2813101416486,-0.5323743991814275,-0.7026171934095324,644.6180555555555,1363.0,0.4673514306676449,0.8606799058575876,-44.590799522061616,90625.95974856993,,,,,,,5125.71,e425a661082e,7e49894e2ac4,3.14.7,,,183.56786500366837,66.49006584634624,-600.8841318172236,,589.4264049462078,,,,6246.021401284761,,,,838.0,0.0,300.0,96000.0,0.0,0.0,2.0,287.0,0.0,241.0,0.0,0.0,0.0,0.0,472.0,0.0,0.9999990232890342,0.0,0.0,0.0,1891.0,,,39222.74025142982,"{""max_hold_day"": 567, ""max_hold_swing"": 23, ""stop_loss"": 438, ""take_profit"": 58, ""trailing_stop"": 277}",,news_ablation,default,False,,,True,0.7,,,0.06,False,0.03,0.09,False,close,,0.1,1.5,,10.0,8.0,0.2,100.0,1.0,0.0,2.0,,200.0,SPY,,0.05,0.05,False,0.14,0.05,0.04,20.0,,,1.0,,,,,,,,,,,,,,,,,,,97.0,,,,,False,True,,,,,0.5,14.0,,,,,,,0.6,0.49,20.0,0.015,0.45,0.55,,,72.0,35.0,,,,False,,,,,True,,1.8,,,,,,,,80.0,,,29848.69999999996,volatile10,,,100000.0,525.0,,,,,0.0,90625.95974856993,news_on_buggy,,,,-3323.0626672127983
20260821_022614_robustness_diag-volatile_e425a6,2026-08-21 02:26:14,2026-08-21T07:26:14Z,robustness,diag-volatile,,2024-08-19,2026-08-19,,,,False,10,CLSK|COIN|IONQ|LCID|MARA|MSTR|PLTR|RIOT|RIVN|SMCI,4349f37fcd,5Min,,100000.0,varies,-0.6997937694155854,,-0.23497064368723777,,,,,2165.0,,,,,,,,,,,2418.93,e425a661082e,7e49894e2ac4,3.14.7,,,,,,,,,,,,,,,,,,,,,,,,,,,,,,,,,,,,,,,,,sensitivity_min_confidence,default,False,,,True,0.7,,,0.06,False,0.03,0.09,False,close,,0.1,1.5,,10.0,8.0,0.2,100.0,1.0,0.0,2.0,,200.0,SPY,,0.05,0.05,False,0.14,0.05,0.04,20.0,,-0.7566638069771294,1.0,,,,,,,,,,,,,,,,,,,,0.4,,,,False,True,,,,,,,,,,,,,,,,,,,,,,,,,,,,,,,,,,,,,,,,,,,,,volatile10,,,,,,,,,,,min_confidence=0.4,,,,
20260821_022614_robustness_diag-volatile_e425a6,2026-08-21 02:26:14,2026-08-21T07:26:14Z,robustness,diag-volatile,,2024-08-19,2026-08-19,,,,False,10,CLSK|COIN|IONQ|LCID|MARA|MSTR|PLTR|RIOT|RIVN|SMCI,4349f37fcd,5Min,,100000.0,varies,-0.6997937694155854,,-0.23497064368723777,,,,,2165.0,,,,,,,,,,,2418.95,e425a661082e,7e49894e2ac4,3.14.7,,,,,,,,,,,,,,,,,,,,,,,,,,,,,,,,,,,,,,,,,sensitivity_min_confidence,default,False,,,True,0.7,,,0.06,False,0.03,0.09,False,close,,0.1,1.5,,10.0,8.0,0.2,100.0,1.0,0.0,2.0,,200.0,SPY,,0.05,0.05,False,0.14,0.05,0.04,20.0,,-0.7566638069771294,1.0,,,,,,,,,,,,,,,,,,,,0.45,,,,False,True,,,,,,,,,,,,,,,,,,,,,,,,,,,,,,,,,,,,,,,,,,,,,volatile10,,,,,,,,,,,min_confidence=0.45,,,,
20260821_022614_robustness_diag-volatile_e425a6,2026-08-21 02:26:14,2026-08-21T07:26:14Z,robustness,diag-volatile,,2024-08-19,2026-08-19,,,,False,10,CLSK|COIN|IONQ|LCID|MARA|MSTR|PLTR|RIOT|RIVN|SMCI,4349f37fcd,5Min,,100000.0,varies,-0.6077725974857018,,-0.2545854556835867,,,,,1363.0,,,,,,,,,,,2418.96,e425a661082e,7e49894e2ac4,3.14.7,,,,,,,,,,,,,,,,,,,,,,,,,,,,,,,,,,,,,,,,,sensitivity_min_confidence,default,False,,,True,0.7,,,0.06,False,0.03,0.09,False,close,,0.1,1.5,,10.0,8.0,0.2,100.0,1.0,0.0,2.0,,200.0,SPY,,0.05,0.05,False,0.14,0.05,0.04,20.0,,-0.7026171934095324,1.0,,,,,,,,,,,,,,,,,,,,0.49,,,,False,True,,,,,,,,,,,,,,,,,,,,,,,,,,,,,,,,,,,,,,,,,,,,,volatile10,,,,,,,,,,,min_confidence=0.49,,,,
20260821_022614_robustness_diag-volatile_e425a6,2026-08-21 02:26:14,2026-08-21T07:26:14Z,robustness,diag-volatile,,2024-08-19,2026-08-19,,,,False,10,CLSK|COIN|IONQ|LCID|MARA|MSTR|PLTR|RIOT|RIVN|SMCI,4349f37fcd,5Min,,100000.0,varies,-0.009131452288126507,,-0.05954349603653249,,,,,23.0,,,,,,,,,,,2418.98,e425a661082e,7e49894e2ac4,3.14.7,,,,,,,,,,,,,,,,,,,,,,,,,,,,,,,,,,,,,,,,,sensitivity_min_confidence,default,False,,,True,0.7,,,0.06,False,0.03,0.09,False,close,,0.1,1.5,,10.0,8.0,0.2,100.0,1.0,0.0,2.0,,200.0,SPY,,0.05,0.05,False,0.14,0.05,0.04,20.0,,-0.054848255144472446,1.0,,,,,,,,,,,,,,,,,,,,0.55,,,,False,True,,,,,,,,,,,,,,,,,,,,,,,,,,,,,,,,,,,,,,,,,,,,,volatile10,,,,,,,,,,,min_confidence=0.55,,,,
20260821_022614_robustness_diag-volatile_e425a6,2026-08-21 02:26:14,2026-08-21T07:26:14Z,robustness,diag-volatile,,2024-08-19,2026-08-19,,,,False,10,CLSK|COIN|IONQ|LCID|MARA|MSTR|PLTR|RIOT|RIVN|SMCI,4349f37fcd,5Min,,100000.0,varies,0.00985768050430158,,0.08716688588338603,,,,,21.0,,,,,,,,,,,2418.99,e425a661082e,7e49894e2ac4,3.14.7,,,,,,,,,,,,,,,,,,,,,,,,,,,,,,,,,,,,,,,,,sensitivity_min_confidence,default,False,,,True,0.7,,,0.06,False,0.03,0.09,False,close,,0.1,1.5,,10.0,8.0,0.2,100.0,1.0,0.0,2.0,,200.0,SPY,,0.05,0.05,False,0.14,0.05,0.04,20.0,,-0.0492328377582798,1.0,,,,,,,,,,,,,,,,,,,,0.6,,,,False,True,,,,,,,,,,,,,,,,,,,,,,,,,,,,,,,,,,,,,,,,,,,,,volatile10,,,,,,,,,,,min_confidence=0.6,,,,
20260821_022614_robustness_diag-volatile_e425a6,2026-08-21 02:26:14,2026-08-21T07:26:14Z,robustness,diag-volatile,,2024-08-19,2026-08-19,,,,False,10,CLSK|COIN|IONQ|LCID|MARA|MSTR|PLTR|RIOT|RIVN|SMCI,4349f37fcd,5Min,,100000.0,varies,0.00985768050430158,,0.08716688588338603,,,,,21.0,,,,,,,,,,,2419.01,e425a661082e,7e49894e2ac4,3.14.7,,,,,,,,,,,,,,,,,,,,,,,,,,,,,,,,,,,,,,,,,sensitivity_min_confidence,default,False,,,True,0.7,,,0.06,False,0.03,0.09,False,close,,0.1,1.5,,10.0,8.0,0.2,100.0,1.0,0.0,2.0,,200.0,SPY,,0.05,0.05,False,0.14,0.05,0.04,20.0,,-0.0492328377582798,1.0,,,,,,,,,,,,,,,,,,,,0.65,,,,False,True,,,,,,,,,,,,,,,,,,,,,,,,,,,,,,,,,,,,,,,,,,,,,volatile10,,,,,,,,,,,min_confidence=0.65,,,,
20260821_014018_robustness_diag-volatile_e425a6,2026-08-21 01:40:18,2026-08-21T06:40:18Z,robustness,diag-volatile,,2024-08-19 08:00:00+00:00,2026-08-18 23:55:00+00:00,,,,False,10,CLSK|COIN|IONQ|LCID|MARA|MSTR|PLTR|RIOT|RIVN|SMCI,4349f37fcd,5Min,,100000.0,REALISTIC,-0.6007229034173465,-0.3684488030822578,-0.24602120054950993,-0.2718216135619285,-0.5284145986587072,-0.6972721874405136,644.6180555555555,1360.0,0.46838235294117647,0.8620774536041373,-44.170801721863555,90536.40944173439,,,,,,,5374.49,e425a661082e,7e49894e2ac4,3.14.7,,,183.775,66.57088929539293,-602.4217263952385,,589.448379657807,,,,6246.021401284761,,,,835.0,0.0,300.0,96000.0,0.0,0.0,2.0,290.0,0.0,237.0,0.0,0.0,0.0,0.0,474.0,0.0,0.9999990232890342,0.0,0.0,0.0,1887.0,,,39927.70965826536,"{""max_hold_day"": 565, ""max_hold_swing"": 23, ""stop_loss"": 437, ""take_profit"": 58, ""trailing_stop"": 277}",,news_ablation,default,False,,,True,0.7,,,0.06,False,0.03,0.09,False,close,,0.1,1.5,,10.0,8.0,0.2,100.0,1.0,0.0,2.0,,200.0,SPY,,0.05,0.05,False,0.14,0.05,0.04,20.0,,,1.0,,,,,,,,,,,,,,,,,,,97.0,,,,,False,True,,,,,0.5,14.0,,,,,,,0.6,0.49,20.0,0.015,0.45,0.55,,,72.0,35.0,,,,True,,,,,True,,1.8,,,,,,,,80.0,,,30464.11909999996,volatile10,,,100000.0,525.0,,,,,0.0,90536.40944173439,news_on_fixed,,,,-3323.0626672127983
20260821_014028_robustness_diag-volatile_e425a6,2026-08-21 01:40:28,2026-08-21T06:40:28Z,robustness,diag-volatile,,2024-08-19 08:00:00+00:00,2026-08-18 23:55:00+00:00,,,,False,10,CLSK|COIN|IONQ|LCID|MARA|MSTR|PLTR|RIOT|RIVN|SMCI,4349f37fcd,5Min,,100000.0,REALISTIC,-0.6007229034173465,-0.3684488030822578,-0.24602120054950993,-0.2718216135619285,-0.5284145986587072,-0.6972721874405136,644.6180555555555,1360.0,0.46838235294117647,0.8620774536041373,-44.170801721863555,90536.40944173439,,,,,,,5370.47,e425a661082e,7e49894e2ac4,3.14.7,,,183.775,66.57088929539293,-602.4217263952385,,589.448379657807,,,,6246.021401284761,,,,835.0,0.0,300.0,96000.0,0.0,0.0,2.0,290.0,0.0,237.0,0.0,0.0,0.0,0.0,474.0,0.0,0.9999990232890342,0.0,0.0,0.0,1887.0,,,39927.70965826536,"{""max_hold_day"": 565, ""max_hold_swing"": 23, ""stop_loss"": 437, ""take_profit"": 58, ""trailing_stop"": 277}",,news_ablation,default,False,,,True,0.7,,,0.06,False,0.03,0.09,False,close,,0.1,1.5,,10.0,8.0,0.2,100.0,1.0,0.0,2.0,,200.0,SPY,,0.05,0.05,False,0.14,0.05,0.04,20.0,,,1.0,,,,,,,,,,,,,,,,,,,97.0,,,,,False,True,,,,,0.5,14.0,,,,,,,0.6,0.49,20.0,0.015,0.45,0.55,,,72.0,35.0,,,,True,,,,,True,,1.8,,,,,,,,80.0,,,30464.11909999996,volatile10,,,100000.0,525.0,,,,,0.0,90536.40944173439,news_on_fixed,,,,-3323.0626672127983
20260821_014018_robustness_diag-volatile_e425a6,2026-08-21 01:40:18,2026-08-21T06:40:18Z,robustness,diag-volatile,,2024-08-19 08:00:00+00:00,2026-08-18 23:55:00+00:00,,,,False,10,CLSK|COIN|IONQ|LCID|MARA|MSTR|PLTR|RIOT|RIVN|SMCI,4349f37fcd,5Min,,100000.0,REALISTIC,-0.5980921185580024,-0.36636922858071075,-0.23723947790674385,-0.2621520311085057,-0.526027701179419,-0.6964827665145119,644.6180555555555,1358.0,0.4639175257731959,0.86311545161686,-44.04212949617087,90915.83385579998,,,,,,,5616.48,e425a661082e,7e49894e2ac4,3.14.7,,,182.73564064801178,66.94833126347568,-600.1810413325884,,598.6072797370227,,,,6246.021401284761,,,,838.0,0.0,300.0,96000.0,0.0,0.0,2.0,291.0,0.0,225.0,0.0,0.0,0.0,0.0,472.0,0.0,0.9999990232890342,0.0,0.0,0.0,1874.0,,,40190.78814419976,"{""max_hold_day"": 569, ""max_hold_swing"": 23, ""stop_loss"": 437, ""take_profit"": 58, ""trailing_stop"": 271}",,news_ablation,default,False,,,True,0.7,,,0.06,False,0.03,0.09,False,close,,0.1,1.5,,10.0,8.0,0.2,100.0,1.0,0.0,2.0,,200.0,SPY,,0.05,0.05,False,0.14,0.05,0.04,20.0,,,1.0,,,,,,,,,,,,,,,,,,,97.0,,,,,False,True,,,,,0.5,14.0,,,,,,,0.6,0.49,20.0,0.015,0.45,0.55,,,72.0,35.0,,,,False,,,,,False,,1.8,,,,,,,,80.0,,,31106.621999999956,volatile10,,,100000.0,520.0,,,,,0.0,90915.83385579998,news_off,,,,-3323.0626672127983
20260821_014028_robustness_diag-volatile_e425a6,2026-08-21 01:40:28,2026-08-21T06:40:28Z,robustness,diag-volatile,,2024-08-19 08:00:00+00:00,2026-08-18 23:55:00+00:00,,,,False,10,CLSK|COIN|IONQ|LCID|MARA|MSTR|PLTR|RIOT|RIVN|SMCI,4349f37fcd,5Min,,100000.0,REALISTIC,-0.5980921185580024,-0.36636922858071075,-0.23723947790674385,-0.2621520311085057,-0.526027701179419,-0.6964827665145119,644.6180555555555,1358.0,0.4639175257731959,0.86311545161686,-44.04212949617087,90915.83385579998,,,,,,,5611.25,e425a661082e,7e49894e2ac4,3.14.7,,,182.73564064801178,66.94833126347568,-600.1810413325884,,598.6072797370227,,,,6246.021401284761,,,,838.0,0.0,300.0,96000.0,0.0,0.0,2.0,291.0,0.0,225.0,0.0,0.0,0.0,0.0,472.0,0.0,0.9999990232890342,0.0,0.0,0.0,1874.0,,,40190.78814419976,"{""max_hold_day"": 569, ""max_hold_swing"": 23, ""stop_loss"": 437, ""take_profit"": 58, ""trailing_stop"": 271}",,news_ablation,default,False,,,True,0.7,,,0.06,False,0.03,0.09,False,close,,0.1,1.5,,10.0,8.0,0.2,100.0,1.0,0.0,2.0,,200.0,SPY,,0.05,0.05,False,0.14,0.05,0.04,20.0,,,1.0,,,,,,,,,,,,,,,,,,,97.0,,,,,False,True,,,,,0.5,14.0,,,,,,,0.6,0.49,20.0,0.015,0.45,0.55,,,72.0,35.0,,,,False,,,,,False,,1.8,,,,,,,,80.0,,,31106.621999999956,volatile10,,,100000.0,520.0,,,,,0.0,90915.83385579998,news_off,,,,-3323.0626672127983
20260821_014018_robustness_diag-volatile_e425a6,2026-08-21 01:40:18,2026-08-21T06:40:18Z,robustness,diag-volatile,,2024-08-19,2026-08-19,,,,False,10,CLSK|COIN|IONQ|LCID|MARA|MSTR|PLTR|RIOT|RIVN|SMCI,4349f37fcd,5Min,,100000.0,REALISTIC,,,,,,,,,,,,,,,,,,,5853.4,e425a661082e,7e49894e2ac4,3.14.7,,,,,,,,,,,,,,,,,,,,,,,,,,,,,,,,,,,,,,,,,monte_carlo,default,False,,,True,0.7,,,0.06,False,0.03,0.09,False,close,,0.1,1.5,,10.0,8.0,0.2,100.0,1.0,0.0,2.0,,200.0,SPY,,0.05,0.05,False,0.14,0.05,0.04,20.0,,,1.0,,,,,,,39222.74025143003,-0.6716424888456481,,39222.74025142994,39222.740251430114,-0.79253281146035,,,,0.0,,-0.9693881113665317,,,,,,False,True,,,,,,,,,,,,,,,,,,,,,,,,,,,,,,,,,,,,,,,,,,,,,volatile10,,,,,,,,,,,1000_sims,,,,
20260821_014028_robustness_diag-volatile_e425a6,2026-08-21 01:40:28,2026-08-21T06:40:28Z,robustness,diag-volatile,,2024-08-19,2026-08-19,,,,False,10,CLSK|COIN|IONQ|LCID|MARA|MSTR|PLTR|RIOT|RIVN|SMCI,4349f37fcd,5Min,,100000.0,REALISTIC,,,,,,,,,,,,,,,,,,,5847.74,e425a661082e,7e49894e2ac4,3.14.7,,,,,,,,,,,,,,,,,,,,,,,,,,,,,,,,,,,,,,,,,monte_carlo,default,False,,,True,0.7,,,0.06,False,0.03,0.09,False,close,,0.1,1.5,,10.0,8.0,0.2,100.0,1.0,0.0,2.0,,200.0,SPY,,0.05,0.05,False,0.14,0.05,0.04,20.0,,,1.0,,,,,,,39222.74025143003,-0.6716424888456481,,39222.74025142994,39222.740251430114,-0.79253281146035,,,,0.0,,-0.9693881113665317,,,,,,False,True,,,,,,,,,,,,,,,,,,,,,,,,,,,,,,,,,,,,,,,,,,,,,volatile10,,,,,,,,,,,1000_sims,,,,
20260821_022614_robustness_diag-volatile_e425a6,2026-08-21 02:26:14,2026-08-21T07:26:14Z,robustness,diag-volatile,,2024-08-19,2026-08-19,,,,False,10,CLSK|COIN|IONQ|LCID|MARA|MSTR|PLTR|RIOT|RIVN|SMCI,4349f37fcd,5Min,,100000.0,varies,-0.6063830979110842,,-0.2556861966680652,,,,,1364.0,,,,,,,,,,,3587.59,e425a661082e,7e49894e2ac4,3.14.7,,,,,,,,,,,,,,,,,,,,,,,,,,,,,,,,,,,,,,,,,sensitivity_rsi_oversold,default,False,,,True,0.7,,,0.06,False,0.03,0.09,False,close,,0.1,1.5,,10.0,8.0,0.2,100.0,1.0,0.0,2.0,,200.0,SPY,,0.05,0.05,False,0.14,0.05,0.04,20.0,,-0.7015636890378154,1.0,,,,,,,,,,,,,,,,,,,,,,,,False,True,,,,,,,,,,,,,,,,,,,,,,,,,,,,,,,,,,,,,,,,,,,,,volatile10,,25.0,,,,,,,,,rsi_oversold=25.0,,,,
20260821_022614_robustness_diag-volatile_e425a6,2026-08-21 02:26:14,2026-08-21T07:26:14Z,robustness,diag-volatile,,2024-08-19,2026-08-19,,,,False,10,CLSK|COIN|IONQ|LCID|MARA|MSTR|PLTR|RIOT|RIVN|SMCI,4349f37fcd,5Min,,100000.0,varies,-0.6108010717656556,,-0.2584513720744582,,,,,1364.0,,,,,,,,,,,3587.61,e425a661082e,7e49894e2ac4,3.14.7,,,,,,,,,,,,,,,,,,,,,,,,,,,,,,,,,,,,,,,,,sensitivity_rsi_oversold,default,False,,,True,0.7,,,0.06,False,0.03,0.09,False,close,,0.1,1.5,,10.0,8.0,0.2,100.0,1.0,0.0,2.0,,200.0,SPY,,0.05,0.05,False,0.14,0.05,0.04,20.0,,-0.7049133516465308,1.0,,,,,,,,,,,,,,,,,,,,,,,,False,True,,,,,,,,,,,,,,,,,,,,,,,,,,,,,,,,,,,,,,,,,,,,,volatile10,,30.0,,,,,,,,,rsi_oversold=30.0,,,,
20260821_022614_robustness_diag-volatile_e425a6,2026-08-21 02:26:14,2026-08-21T07:26:14Z,robustness,diag-volatile,,2024-08-19,2026-08-19,,,,False,10,CLSK|COIN|IONQ|LCID|MARA|MSTR|PLTR|RIOT|RIVN|SMCI,4349f37fcd,5Min,,100000.0,varies,-0.6077725974857018,,-0.2545854556835867,,,,,1363.0,,,,,,,,,,,3587.62,e425a661082e,7e49894e2ac4,3.14.7,,,,,,,,,,,,,,,,,,,,,,,,,,,,,,,,,,,,,,,,,sensitivity_rsi_oversold,default,False,,,True,0.7,,,0.06,False,0.03,0.09,False,close,,0.1,1.5,,10.0,8.0,0.2,100.0,1.0,0.0,2.0,,200.0,SPY,,0.05,0.05,False,0.14,0.05,0.04,20.0,,-0.7026171934095324,1.0,,,,,,,,,,,,,,,,,,,,,,,,False,True,,,,,,,,,,,,,,,,,,,,,,,,,,,,,,,,,,,,,,,,,,,,,volatile10,,35.0,,,,,,,,,rsi_oversold=35.0,,,,
20260821_022614_robustness_diag-volatile_e425a6,2026-08-21 02:26:14,2026-08-21T07:26:14Z,robustness,diag-volatile,,2024-08-19,2026-08-19,,,,False,10,CLSK|COIN|IONQ|LCID|MARA|MSTR|PLTR|RIOT|RIVN|SMCI,4349f37fcd,5Min,,100000.0,varies,-0.6533573805786791,,-0.31046298305995107,,,,,1377.0,,,,,,,,,,,3587.63,e425a661082e,7e49894e2ac4,3.14.7,,,,,,,,,,,,,,,,,,,,,,,,,,,,,,,,,,,,,,,,,sensitivity_rsi_oversold,default,False,,,True,0.7,,,0.06,False,0.03,0.09,False,close,,0.1,1.5,,10.0,8.0,0.2,100.0,1.0,0.0,2.0,,200.0,SPY,,0.05,0.05,False,0.14,0.05,0.04,20.0,,-0.7214785712375522,1.0,,,,,,,,,,,,,,,,,,,,,,,,False,True,,,,,,,,,,,,,,,,,,,,,,,,,,,,,,,,,,,,,,,,,,,,,volatile10,,40.0,,,,,,,,,rsi_oversold=40.0,,,,
20260821_022614_robustness_diag-volatile_e425a6,2026-08-21 02:26:14,2026-08-21T07:26:14Z,robustness,diag-volatile,,2024-08-19,2026-08-19,,,,False,10,CLSK|COIN|IONQ|LCID|MARA|MSTR|PLTR|RIOT|RIVN|SMCI,4349f37fcd,5Min,,100000.0,varies,-0.7307387386253754,,-0.42540429060002805,,,,,1441.0,,,,,,,,,,,3587.65,e425a661082e,7e49894e2ac4,3.14.7,,,,,,,,,,,,,,,,,,,,,,,,,,,,,,,,,,,,,,,,,sensitivity_rsi_oversold,default,False,,,True,0.7,,,0.06,False,0.03,0.09,False,close,,0.1,1.5,,10.0,8.0,0.2,100.0,1.0,0.0,2.0,,200.0,SPY,,0.05,0.05,False,0.14,0.05,0.04,20.0,,-0.7664320735602127,1.0,,,,,,,,,,,,,,,,,,,,,,,,False,True,,,,,,,,,,,,,,,,,,,,,,,,,,,,,,,,,,,,,,,,,,,,,volatile10,,45.0,,,,,,,,,rsi_oversold=45.0,,,,
20260821_022614_robustness_diag-volatile_e425a6,2026-08-21 02:26:14,2026-08-21T07:26:14Z,robustness,diag-volatile,,2024-08-19,2026-08-19,,,,False,10,CLSK|COIN|IONQ|LCID|MARA|MSTR|PLTR|RIOT|RIVN|SMCI,4349f37fcd,5Min,,100000.0,varies,-0.6822100278827496,,-0.3072755643292547,,,,,1746.0,,,,,,,,,,,4717.35,e425a661082e,7e49894e2ac4,3.14.7,,,,,,,,,,,,,,,,,,,,,,,,,,,,,,,,,,,,,,,,,sensitivity_volume_surge_mult,default,False,,,True,0.7,,,0.06,False,0.03,0.09,False,close,,0.1,1.5,,10.0,8.0,0.2,100.0,1.0,0.0,2.0,,200.0,SPY,,0.05,0.05,False,0.14,0.05,0.04,20.0,,-0.7241064008112339,1.0,,,,,,,,,,,,,,,,,,,,,,,,False,True,,,,,,,,,,,,,,,,,,,,,,,,,,,,,,,,,,,,,,,,,,,,,volatile10,,,,,,,,,,,volume_surge_mult=1.2,1.2,,,
20260821_022614_robustness_diag-volatile_e425a6,2026-08-21 02:26:14,2026-08-21T07:26:14Z,robustness,diag-volatile,,2024-08-19,2026-08-19,,,,False,10,CLSK|COIN|IONQ|LCID|MARA|MSTR|PLTR|RIOT|RIVN|SMCI,4349f37fcd,5Min,,100000.0,varies,-0.6125519962585946,,-0.2531372859752283,,,,,1520.0,,,,,,,,,,,4717.36,e425a661082e,7e49894e2ac4,3.14.7,,,,,,,,,,,,,,,,,,,,,,,,,,,,,,,,,,,,,,,,,sensitivity_volume_surge_mult,default,False,,,True,0.7,,,0.06,False,0.03,0.09,False,close,,0.1,1.5,,10.0,8.0,0.2,100.0,1.0,0.0,2.0,,200.0,SPY,,0.05,0.05,False,0.14,0.05,0.04,20.0,,-0.7021042202835072,1.0,,,,,,,,,,,,,,,,,,,,,,,,False,True,,,,,,,,,,,,,,,,,,,,,,,,,,,,,,,,,,,,,,,,,,,,,volatile10,,,,,,,,,,,volume_surge_mult=1.5,1.5,,,
20260821_022614_robustness_diag-volatile_e425a6,2026-08-21 02:26:14,2026-08-21T07:26:14Z,robustness,diag-volatile,,2024-08-19,2026-08-19,,,,False,10,CLSK|COIN|IONQ|LCID|MARA|MSTR|PLTR|RIOT|RIVN|SMCI,4349f37fcd,5Min,,100000.0,varies,-0.6077725974857018,,-0.2545854556835867,,,,,1363.0,,,,,,,,,,,4717.38,e425a661082e,7e49894e2ac4,3.14.7,,,,,,,,,,,,,,,,,,,,,,,,,,,,,,,,,,,,,,,,,sensitivity_volume_surge_mult,default,False,,,True,0.7,,,0.06,False,0.03,0.09,False,close,,0.1,1.5,,10.0,8.0,0.2,100.0,1.0,0.0,2.0,,200.0,SPY,,0.05,0.05,False,0.14,0.05,0.04,20.0,,-0.7026171934095324,1.0,,,,,,,,,,,,,,,,,,,,,,,,False,True,,,,,,,,,,,,,,,,,,,,,,,,,,,,,,,,,,,,,,,,,,,,,volatile10,,,,,,,,,,,volume_surge_mult=1.8,1.8,,,
20260821_022614_robustness_diag-volatile_e425a6,2026-08-21 02:26:14,2026-08-21T07:26:14Z,robustness,diag-volatile,,2024-08-19,2026-08-19,,,,False,10,CLSK|COIN|IONQ|LCID|MARA|MSTR|PLTR|RIOT|RIVN|SMCI,4349f37fcd,5Min,,100000.0,varies,-0.5035103866395627,,-0.17419070705894518,,,,,1206.0,,,,,,,,,,,4717.39,e425a661082e,7e49894e2ac4,3.14.7,,,,,,,,,,,,,,,,,,,,,,,,,,,,,,,,,,,,,,,,,sensitivity_volume_surge_mult,default,False,,,True,0.7,,,0.06,False,0.03,0.09,False,close,,0.1,1.5,,10.0,8.0,0.2,100.0,1.0,0.0,2.0,,200.0,SPY,,0.05,0.05,False,0.14,0.05,0.04,20.0,,-0.6087848230489605,1.0,,,,,,,,,,,,,,,,,,,,,,,,False,True,,,,,,,,,,,,,,,,,,,,,,,,,,,,,,,,,,,,,,,,,,,,,volatile10,,,,,,,,,,,volume_surge_mult=2.1,2.1,,,
20260821_022614_robustness_diag-volatile_e425a6,2026-08-21 02:26:14,2026-08-21T07:26:14Z,robustness,diag-volatile,,2024-08-19,2026-08-19,,,,False,10,CLSK|COIN|IONQ|LCID|MARA|MSTR|PLTR|RIOT|RIVN|SMCI,4349f37fcd,5Min,,100000.0,varies,-0.439891901699771,,-0.16279503129198233,,,,,1017.0,,,,,,,,,,,4717.4,e425a661082e,7e49894e2ac4,3.14.7,,,,,,,,,,,,,,,,,,,,,,,,,,,,,,,,,,,,,,,,,sensitivity_volume_surge_mult,default,False,,,True,0.7,,,0.06,False,0.03,0.09,False,close,,0.1,1.5,,10.0,8.0,0.2,100.0,1.0,0.0,2.0,,200.0,SPY,,0.05,0.05,False,0.14,0.05,0.04,20.0,,-0.5470900932653352,1.0,,,,,,,,,,,,,,,,,,,,,,,,False,True,,,,,,,,,,,,,,,,,,,,,,,,,,,,,,,,,,,,,,,,,,,,,volatile10,,,,,,,,,,,volume_surge_mult=2.5,2.5,,,
20260821_022614_robustness_diag-volatile_e425a6,2026-08-21 02:26:14,2026-08-21T07:26:14Z,robustness,diag-volatile,,2024-08-19 08:00:00+00:00,2026-08-18 23:55:00+00:00,,,,False,10,CLSK|COIN|IONQ|LCID|MARA|MSTR|PLTR|RIOT|RIVN|SMCI,4349f37fcd,5Min,,100000.0,REALISTIC,-0.6077725974857018,-0.3740554061959407,-0.2545854556835867,-0.2813101416486,-0.5323743991814275,-0.7026171934095324,644.6180555555555,1363.0,0.4673514306676449,0.8606799058575876,-44.590799522061616,90625.95974856993,,,,,,,4943.73,e425a661082e,7e49894e2ac4,3.14.7,,,183.56786500366837,66.49006584634624,-600.8841318172236,,589.4264049462078,,,,6246.021401284761,,,,838.0,0.0,300.0,96000.0,0.0,0.0,2.0,287.0,0.0,241.0,0.0,0.0,0.0,0.0,472.0,0.0,0.9999990232890342,0.0,0.0,0.0,1891.0,,,39222.74025142982,"{""max_hold_day"": 567, ""max_hold_swing"": 23, ""stop_loss"": 438, ""take_profit"": 58, ""trailing_stop"": 277}",,news_ablation,default,False,,,True,0.7,,,0.06,False,0.03,0.09,False,close,,0.1,1.5,,10.0,8.0,0.2,100.0,1.0,0.0,2.0,,200.0,SPY,,0.05,0.05,False,0.14,0.05,0.04,20.0,,,1.0,,,,,,,,,,,,,,,,,,,97.0,,,,,False,True,,,,,0.5,14.0,,,,,,,0.6,0.49,20.0,0.015,0.45,0.55,,,72.0,35.0,,,,False,,,,,True,,1.8,,,,,,,,80.0,,,29848.69999999996,volatile10,,,100000.0,525.0,,,,,0.0,90625.95974856993,news_on_buggy,,,,-3323.0626672127983
20260821_022614_robustness_diag-volatile_e425a6,2026-08-21 02:26:14,2026-08-21T07:26:14Z,robustness,diag-volatile,,2024-08-19 08:00:00+00:00,2026-08-18 23:55:00+00:00,,,,False,10,CLSK|COIN|IONQ|LCID|MARA|MSTR|PLTR|RIOT|RIVN|SMCI,4349f37fcd,5Min,,100000.0,REALISTIC,-0.6007229034173465,-0.3684488030822578,-0.24602120054950993,-0.2718216135619285,-0.5284145986587072,-0.6972721874405136,644.6180555555555,1360.0,0.46838235294117647,0.8620774536041373,-44.170801721863555,90536.40944173439,,,,,,,5170.4,e425a661082e,7e49894e2ac4,3.14.7,,,183.775,66.57088929539293,-602.4217263952385,,589.448379657807,,,,6246.021401284761,,,,835.0,0.0,300.0,96000.0,0.0,0.0,2.0,290.0,0.0,237.0,0.0,0.0,0.0,0.0,474.0,0.0,0.9999990232890342,0.0,0.0,0.0,1887.0,,,39927.70965826536,"{""max_hold_day"": 565, ""max_hold_swing"": 23, ""stop_loss"": 437, ""take_profit"": 58, ""trailing_stop"": 277}",,news_ablation,default,False,,,True,0.7,,,0.06,False,0.03,0.09,False,close,,0.1,1.5,,10.0,8.0,0.2,100.0,1.0,0.0,2.0,,200.0,SPY,,0.05,0.05,False,0.14,0.05,0.04,20.0,,,1.0,,,,,,,,,,,,,,,,,,,97.0,,,,,False,True,,,,,0.5,14.0,,,,,,,0.6,0.49,20.0,0.015,0.45,0.55,,,72.0,35.0,,,,True,,,,,True,,1.8,,,,,,,,80.0,,,30464.11909999996,volatile10,,,100000.0,525.0,,,,,0.0,90536.40944173439,news_on_fixed,,,,-3323.0626672127983
20260821_022614_robustness_diag-volatile_e425a6,2026-08-21 02:26:14,2026-08-21T07:26:14Z,robustness,diag-volatile,,2024-08-19 08:00:00+00:00,2026-08-18 23:55:00+00:00,,,,False,10,CLSK|COIN|IONQ|LCID|MARA|MSTR|PLTR|RIOT|RIVN|SMCI,4349f37fcd,5Min,,100000.0,REALISTIC,-0.5980921185580024,-0.36636922858071075,-0.23723947790674385,-0.2621520311085057,-0.526027701179419,-0.6964827665145119,644.6180555555555,1358.0,0.4639175257731959,0.86311545161686,-44.04212949617087,90915.83385579998,,,,,,,5396.8,e425a661082e,7e49894e2ac4,3.14.7,,,182.73564064801178,66.94833126347568,-600.1810413325884,,598.6072797370227,,,,6246.021401284761,,,,838.0,0.0,300.0,96000.0,0.0,0.0,2.0,291.0,0.0,225.0,0.0,0.0,0.0,0.0,472.0,0.0,0.9999990232890342,0.0,0.0,0.0,1874.0,,,40190.78814419976,"{""max_hold_day"": 569, ""max_hold_swing"": 23, ""stop_loss"": 437, ""take_profit"": 58, ""trailing_stop"": 271}",,news_ablation,default,False,,,True,0.7,,,0.06,False,0.03,0.09,False,close,,0.1,1.5,,10.0,8.0,0.2,100.0,1.0,0.0,2.0,,200.0,SPY,,0.05,0.05,False,0.14,0.05,0.04,20.0,,,1.0,,,,,,,,,,,,,,,,,,,97.0,,,,,False,True,,,,,0.5,14.0,,,,,,,0.6,0.49,20.0,0.015,0.45,0.55,,,72.0,35.0,,,,False,,,,,False,,1.8,,,,,,,,80.0,,,31106.621999999956,volatile10,,,100000.0,520.0,,,,,0.0,90915.83385579998,news_off,,,,-3323.0626672127983
20260821_022614_robustness_diag-volatile_e425a6,2026-08-21 02:26:14,2026-08-21T07:26:14Z,robustness,diag-volatile,,2024-08-19,2026-08-19,,,,False,10,CLSK|COIN|IONQ|LCID|MARA|MSTR|PLTR|RIOT|RIVN|SMCI,4349f37fcd,5Min,,100000.0,REALISTIC,,,,,,,,,,,,,,,,,,,5623.15,e425a661082e,7e49894e2ac4,3.14.7,,,,,,,,,,,,,,,,,,,,,,,,,,,,,,,,,,,,,,,,,monte_carlo,default,False,,,True,0.7,,,0.06,False,0.03,0.09,False,close,,0.1,1.5,,10.0,8.0,0.2,100.0,1.0,0.0,2.0,,200.0,SPY,,0.05,0.05,False,0.14,0.05,0.04,20.0,,,1.0,,,,,,,39222.74025143003,-0.6716424888456481,,39222.74025142994,39222.740251430114,-0.79253281146035,,,,0.0,,-0.9693881113665317,,,,,,False,True,,,,,,,,,,,,,,,,,,,,,,,,,,,,,,,,,,,,,,,,,,,,,volatile10,,,,,,,,,,,1000_sims,,,,
20260821_155315_single_baseline-v2_e425a6,2026-08-21 15:53:15,2026-08-21T20:53:15Z,single,baseline-v2,,2024-08-19 08:00:00+00:00,2026-08-18 23:55:00+00:00,,,,True,10,CLSK|COIN|IONQ|LCID|MARA|MSTR|PLTR|RIOT|RIVN|SMCI,4349f37fcd,5Min,,100000.0,REALISTIC,-0.6077725974857018,-0.3740554061959407,-0.2545854556835867,-0.2813101416486,-0.5323743991814275,-0.7026171934095324,644.6180555555555,1363.0,0.4673514306676449,0.8606799058575876,-44.590799522061616,90625.95974856993,0.418159631704476,-0.18652755530541912,1.0472060033973214,-0.45803078946057707,0.001438514210986327,73.0,229.71,e425a661082e,7e49894e2ac4,3.14.7,"baseline on the post-levers engine, all flags off",,183.56786500366837,66.49006584634624,-600.8841318172236,,589.4264049462078,,-0.20846397584565102,0.7201080354350623,6246.021401284761,,0.27098615494033323,,838.0,0.0,300.0,96000.0,0.0,0.0,2.0,287.0,0.0,241.0,0.0,0.0,0.0,0.0,472.0,0.0,0.9999990232890342,0.0,0.0,0.0,1891.0,,,39222.74025142982,"{""max_hold_day"": 567, ""max_hold_swing"": 23, ""stop_loss"": 438, ""take_profit"": 58, ""trailing_stop"": 277}",,,default,False,,,True,0.7,,,0.06,False,0.03,0.09,False,close,,0.1,1.5,,10.0,8.0,0.2,100.0,1.0,0.0,2.0,,200.0,SPY,,0.05,0.05,False,0.14,0.05,0.04,20.0,,,1.0,,,,,,,,,,,,,,,,,,,97.0,,,,,False,True,,,,,0.5,14.0,,,,,,,0.6,0.49,20.0,0.015,0.45,0.55,,,72.0,35.0,,,,False,,,,,True,,1.8,,,,,,,,80.0,,,29848.69999999996,volatile10,,,100000.0,525.0,,,,,0.0,90625.95974856993,,,,,-3323.0626672127983
20260821_155543_walkforward_wf-volatile_a625f7,2026-08-21 15:55:43,2026-08-21T20:55:43Z,walkforward,wf-volatile,,2024-11-18 09:00:00+00:00,2026-08-18 23:55:00+00:00,,,,False,10,CLSK|COIN|IONQ|LCID|MARA|MSTR|PLTR|RIOT|RIVN|SMCI,4349f37fcd,5Min,,100000.0,REALISTIC,-0.6661572606579881,-0.46605446474660783,-0.4981120597624616,-0.4643937668226612,-0.660531947075444,-0.705574449214909,617.3784722222222,1174.0,0.4557069846678024,0.7609527008367867,-56.74252646149811,50340.046865798766,,,,,0.001112150516738849,27.0,34189.54,a625f708f76e,7e49894e2ac4,3.14.7,,,182.81942078364565,42.87908591635329,-436.10600458241424,,396.36637544367085,,,,2965.7298444858493,,,,692.0,,,,,,,,,,,,,,,,,,,,,,,33384.27393420119,"{""end_of_backtest"": 60, ""max_hold_day"": 449, ""max_hold_swing"": 14, ""stop_loss"": 390, ""take_profit"": 50, ""trailing_stop"": 211}",,walkforward,default,False,27.0,0.9446112908235444,True,0.7,,,0.06,False,0.03,0.09,False,close,,0.1,1.5,,10.0,8.0,0.2,100.0,1.0,0.0,2.0,,200.0,SPY,,0.05,0.05,False,0.14,0.05,0.04,20.0,,,1.0,,,,,,,,,,,,,,,,,,,97.0,,,,22.0,False,True,,,,,,,,,,,,,,,,,,,,,,,,,,,,,"{""param_min_confidence"": 3, ""param_rsi_oversold"": 3, ""param_volume_surge_mult"": 3}",,,,,,,,,,,,,,0.18181818181818182,-16275.67920000002,volatile10,,,100000.0,482.0,,,,,0.0,50340.046865798766,90/30,,,,-1640.8008814545233
20260824_181215_single_swingextendedoff-mixed18_a625f7,2026-08-24 18:12:15,2026-08-24T23:12:15Z,single,swing+extended off-mixed18,,2024-08-19 08:00:00+00:00,2026-08-18 23:55:00+00:00,,,,False,18,AAPL|AMD|AMZN|CLSK|COIN|GOOGL|IONQ|LCID|MARA|META|MSFT|MSTR|NVDA|PLTR|RIOT|RIVN|SMCI|TSLA,d848afd031,5Min,,100000.0,REALISTIC,-0.3206564717782693,-0.1759597255047961,0.07211025706528404,0.08393919283568571,-0.32169429908444686,-0.5469780658394743,644.6180555555555,1199.0,0.47706422018348627,0.9316322716663237,-26.743659030714703,70633.15577782695,0.418159631704476,-0.06006036499126396,1.221731649625999,-0.0935611939627021,,,259.37,a625f708f76e,7f7745319a61,3.14.7,"H: Swing and no extended hours will provide the bot with better, more reasonable trades and result in a higher sharpe due to less volatile trades.",,315.52210175145956,58.910054860572934,-748.0339672708408,,763.9014865401929,,-0.20846397584565102,0.7201080354350623,4928.554173368611,,0.27515583520823145,,0.0,0.0,300.0,96000.0,0.0,0.0,6.0,380.0,0.0,478.0,0.0,0.0,0.0,0.0,690.0,0.0,0.9999992565486198,0.0,0.0,0.0,2057.0,,,67934.35282217307,"{""end_of_backtest"": 2, ""max_hold_swing"": 41, ""stop_loss"": 594, ""take_profit"": 110, ""trailing_stop"": 452}",,,default,False,,,False,0.7,,,0.06,False,0.03,0.09,False,close,,0.1,1.5,,10.0,8.0,0.2,100.0,1.0,0.0,2.0,,200.0,SPY,,0.05,0.05,True,0.14,0.05,0.04,20.0,,,1.0,,,,,,,,,,,,,,,,,,,200.0,,,,,False,True,,,,,0.5,14.0,,,,,,,0.6,0.49,20.0,0.015,0.45,0.55,,,72.0,35.0,,,,False,,,,,True,,1.8,,,,,,,,80.0,,,38567.508600000016,mixed18,,,100000.0,1199.0,,,,,0.0,70633.15577782695,,,,,-3416.4497820862193
20260824_181017_single_swing-mixed18_a625f7,2026-08-24 18:10:17,2026-08-24T23:10:17Z,single,swing-mixed18,,2024-08-19 08:00:00+00:00,2026-08-18 23:55:00+00:00,,,,False,18,AAPL|AMD|AMZN|CLSK|COIN|GOOGL|IONQ|LCID|MARA|META|MSFT|MSTR|NVDA|PLTR|RIOT|RIVN|SMCI|TSLA,d848afd031,5Min,,100000.0,REALISTIC,-0.3902630020951636,-0.21936490722726987,0.025598218439047544,0.029783379981258944,-0.4010488188234746,-0.5469780658394743,644.6180555555555,1202.0,0.4767054908485857,0.9164373851204752,-32.46780383487219,69983.61060951639,0.418159631704476,-0.08224693262563416,1.2219806418302799,-0.1419072853197093,0.3216143825937103,2.0,410.79,a625f708f76e,7f7745319a61,3.14.7,H: Swing only will reduce the amount of unnecessary trades and make the algo more profitable.,,315.7179700499168,58.22263777829982,-742.4970182350241,,746.9534454804779,,-0.20846397584565102,0.7201080354350623,4928.554173368611,,0.27525753552413834,,0.0,0.0,300.0,96000.0,0.0,0.0,6.0,377.0,0.0,475.0,0.0,0.0,0.0,0.0,690.0,0.0,0.9999989117626875,0.0,0.0,0.0,2054.0,,,60973.69979048364,"{""end_of_backtest"": 2, ""max_hold_swing"": 42, ""stop_loss"": 595, ""take_profit"": 109, ""trailing_stop"": 454}",,,default,False,,,True,0.7,,,0.06,False,0.03,0.09,False,close,,0.1,1.5,,10.0,8.0,0.2,100.0,1.0,0.0,2.0,,200.0,SPY,,0.05,0.05,True,0.14,0.05,0.04,20.0,,,1.0,,,,,,,,,,,,,,,,,,,200.0,,,,,False,True,,,,,0.5,14.0,,,,,,,0.6,0.49,20.0,0.015,0.45,0.55,,,72.0,35.0,,,,False,,,,,True,,1.8,,,,,,,,80.0,,,30957.310400000006,mixed18,,,100000.0,1202.0,,,,,0.0,69983.61060951639,,,,,-3416.4497820862193
20260824_181635_single_swingextendedoff-volatil_a625f7,2026-08-24 18:16:35,2026-08-24T23:16:35Z,single,swing+extended off-volatile10,,2024-08-19 08:00:00+00:00,2026-08-18 23:55:00+00:00,,,,False,10,CLSK|COIN|IONQ|LCID|MARA|MSTR|PLTR|RIOT|RIVN|SMCI,4349f37fcd,5Min,,100000.0,REALISTIC,-0.5805760688850241,-0.3526931164790186,-0.10528914974251427,-0.12062262898898658,-0.556024804200987,-0.6343118397134135,722.40625,1140.0,0.46228070175438596,0.8658881511721285,-50.92772534079162,64861.78688850244,0.418159631704476,-0.14494389562032672,1.1936885123714736,-0.26844803948885015,0.13885418951499767,3.0,149.91,a625f708f76e,7e49894e2ac4,3.14.7,"H: Swing and no extended hours will provide the bot with better, more reasonable trades and result in a higher sharpe due to less volatile trades.",,282.5877192982456,56.89630428816004,-706.2061678668405,,711.2842011648404,,-0.20846397584565102,0.7201080354350623,4830.236529312937,,0.2560260215043039,,0.0,0.0,300.0,96000.0,0.0,0.0,2.0,325.0,0.0,322.0,0.0,0.0,0.0,0.0,540.0,0.0,0.9999986477830543,0.0,0.0,0.0,1787.0,,,41942.393111497586,"{""end_of_backtest"": 2, ""max_hold_swing"": 28, ""stop_loss"": 586, ""take_profit"": 100, ""trailing_stop"": 424}",,,default,False,,,False,0.7,,,0.06,False,0.03,0.09,False,close,,0.1,1.5,,10.0,8.0,0.2,100.0,1.0,0.0,2.0,,200.0,SPY,,0.05,0.05,True,0.14,0.05,0.04,20.0,,,1.0,,,,,,,,,,,,,,,,,,,194.0,,,,,False,True,,,,,0.5,14.0,,,,,,,0.6,0.49,20.0,0.015,0.45,0.55,,,72.0,35.0,,,,False,,,,,True,,1.8,,,,,,,,80.0,,,6804.179999999997,volatile10,,,100000.0,1140.0,,,,,0.0,64861.78688850244,,,,,-2976.487511024281
20260824_181709_single_swing-volatile10_a625f7,2026-08-24 18:17:09,2026-08-24T23:17:09Z,single,swing-volatile10,,2024-08-19 08:00:00+00:00,2026-08-18 23:55:00+00:00,,,,False,10,CLSK|COIN|IONQ|LCID|MARA|MSTR|PLTR|RIOT|RIVN|SMCI,4349f37fcd,5Min,,100000.0,REALISTIC,-0.5354493478113819,-0.31872005063029263,-0.06059939836224295,-0.06936682742678715,-0.5024658703742508,-0.6343118397134135,722.40625,1146.0,0.4607329842931937,0.8758994785934894,-46.723328779352734,65031.537781138235,0.418159631704476,-0.12313169490729728,1.1988107582431367,-0.2214285331042023,0.11780234977726955,4.0,219.63,a625f708f76e,7e49894e2ac4,3.14.7,H: Swing only will reduce the amount of unnecessary trades and make the algo more profitable.,,281.9842931937173,56.74654256643825,-698.1621697305951,,715.7562236976696,,-0.20846397584565102,0.7201080354350623,4830.236529312937,,0.2558195252349915,,0.0,0.0,300.0,96000.0,0.0,0.0,2.0,310.0,0.0,320.0,0.0,0.0,0.0,0.0,532.0,0.0,0.9999999811363423,0.0,0.0,0.0,1776.0,,,46455.06521886181,"{""end_of_backtest"": 2, ""max_hold_swing"": 29, ""stop_loss"": 591, ""take_profit"": 98, ""trailing_stop"": 426}",,,default,False,,,True,0.7,,,0.06,False,0.03,0.09,False,close,,0.1,1.5,,10.0,8.0,0.2,100.0,1.0,0.0,2.0,,200.0,SPY,,0.05,0.05,True,0.14,0.05,0.04,20.0,,,1.0,,,,,,,,,,,,,,,,,,,194.0,,,,,False,True,,,,,0.5,14.0,,,,,,,0.6,0.49,20.0,0.015,0.45,0.55,,,72.0,35.0,,,,False,,,,,True,,1.8,,,,,,,,80.0,,,11486.602999999985,volatile10,,,100000.0,1146.0,,,,,0.0,65031.537781138235,,,,,-2976.487511024281
20260824_181905_single_swingextendedoff-stable8_a625f7,2026-08-24 18:19:05,2026-08-24T23:19:05Z,single,swing+extended off-stable8,,2024-08-19 08:00:00+00:00,2026-08-18 23:55:00+00:00,,,,False,8,AAPL|AMD|AMZN|GOOGL|META|MSFT|NVDA|TSLA,238588ae78,5Min,,100000.0,REALISTIC,0.18085859890959366,0.0867767728170783,0.3123980943731437,0.2589221552433626,0.48437824177597005,-0.1791508481035642,330.22222222222223,155.0,0.4967741935483871,1.2301206629103087,116.68296703844706,10766.62190904071,0.418159631704476,0.012686272300859357,0.40406703497518753,-0.2251396402908131,0.30765760051791113,5.0,125.87,a625f708f76e,6ea52a3454ef,3.14.7,"H: Swing and no extended hours will provide the bot with better, more reasonable trades and result in a higher sharpe due to less volatile trades.",,553.8322580645162,69.46207683252071,-1007.6018192786767,,1255.5688544765721,,-0.20846397584565102,0.7201117860869272,3884.5520076151547,,0.3084987920497165,,0.0,0.0,300.0,95999.0,0.0,0.0,0.0,0.0,0.0,7.0,0.0,0.0,0.0,0.0,5.0,0.0,0.9996294869723313,0.0,0.0,0.0,162.0,,,118085.85989095937,"{""end_of_backtest"": 1, ""max_hold_swing"": 24, ""stop_loss"": 65, ""take_profit"": 15, ""trailing_stop"": 50}",,,default,False,,,False,0.7,,,0.06,False,0.03,0.09,False,close,,0.1,1.5,,10.0,8.0,0.2,100.0,1.0,0.0,2.0,,200.0,SPY,,0.05,0.05,True,0.14,0.05,0.04,20.0,,,1.0,,,,,,,,,,,,,,,,,,,387.0,,,,,False,True,,,,,0.5,14.0,,,,,,,0.6,0.49,20.0,0.015,0.45,0.55,,,72.0,35.0,,,,False,,,,,True,,1.8,,,,,,,,80.0,,,28852.48180000001,stable8,,,100000.0,155.0,,,,,0.0,10766.62190904071,,,,,-2054.2428664853223
20260824_182112_single_swingextendedoff-liquid1_a625f7,2026-08-24 18:21:12,2026-08-24T23:21:12Z,single,swing+extended off-liquid15,,2024-08-19 08:00:00+00:00,2026-08-18 23:55:00+00:00,,,,False,15,AAPL|AMZN|BAC|CAT|COST|CVX|GE|GOOGL|JPM|LLY|MSFT|NVDA|UNH|WMT|XOM,b903a736fc,5Min,,100000.0,REALISTIC,0.08880541042766588,0.04350929800908787,0.20174834996789356,0.17220928007325173,0.40590993318951757,-0.1071895375094789,126.31597222222223,133.0,0.5263157894736842,1.1613528149516505,66.7709852839595,8864.531557233398,0.418159631704476,0.0316416701888741,0.317436900449224,-0.073844449803859,0.1964347893381797,6.0,178.13,a625f708f76e,7e7eb0c5c92a,3.14.7,"H: Swing and no extended hours will provide the bot with better, more reasonable trades and result in a higher sharpe due to less volatile trades.",,833.1353383458646,66.65061321228119,-873.6195211409381,,913.1224410663673,,-0.20846397584565102,0.7201080354350623,3083.292471273246,,0.1223576817069386,,0.0,0.0,300.0,96000.0,0.0,0.0,0.0,5.0,0.0,25.0,0.0,0.0,0.0,0.0,9.0,0.0,0.9998847135242839,0.0,0.0,0.0,163.0,,,108880.54104276658,"{""max_hold_swing"": 51, ""stop_loss"": 43, ""take_profit"": 6, ""trailing_stop"": 33}",,,default,False,,,False,0.7,,,0.06,False,0.03,0.09,False,close,,0.1,1.5,,10.0,8.0,0.2,100.0,1.0,0.0,2.0,,200.0,SPY,,0.05,0.05,True,0.14,0.05,0.04,20.0,,,1.0,,,,,,,,,,,,,,,,,,,956.0,,,,,False,True,,,,,0.5,14.0,,,,,,,0.6,0.49,20.0,0.015,0.45,0.55,,,72.0,35.0,,,,False,,,,,True,,1.8,,,,,,,,80.0,,,17745.072600000007,liquid15,,,100000.0,133.0,,,,,0.0,8864.531557233398,,,,,-1441.7632232742965
20260824_182049_single_swing-stable8_a625f7,2026-08-24 18:20:49,2026-08-24T23:20:49Z,single,swing-stable8,,2024-08-19 08:00:00+00:00,2026-08-18 23:55:00+00:00,,,,False,8,AAPL|AMD|AMZN|GOOGL|META|MSFT|NVDA|TSLA,238588ae78,5Min,,100000.0,REALISTIC,0.18085859890959366,0.0867767728170783,0.3123980943731437,0.2589221552433626,0.48437824177597005,-0.1791508481035642,330.22222222222223,155.0,0.4967741935483871,1.2301206629103087,116.68296703844706,10766.62190904071,0.418159631704476,0.012686272300859357,0.40406703497518753,-0.2251396402908131,0.24296523811900078,7.0,202.16,a625f708f76e,6ea52a3454ef,3.14.7,H: Swing only will reduce the amount of unnecessary trades and make the algo more profitable.,,553.8322580645162,69.46207683252071,-1007.6018192786767,,1255.5688544765721,,-0.20846397584565102,0.7201117860869272,3884.5520076151547,,0.3084987920497165,,0.0,0.0,300.0,95999.0,0.0,0.0,0.0,0.0,0.0,7.0,0.0,0.0,0.0,0.0,5.0,0.0,0.9996294869723313,0.0,0.0,0.0,162.0,,,118085.85989095937,"{""end_of_backtest"": 1, ""max_hold_swing"": 24, ""stop_loss"": 65, ""take_profit"": 15, ""trailing_stop"": 50}",,,default,False,,,True,0.7,,,0.06,False,0.03,0.09,False,close,,0.1,1.5,,10.0,8.0,0.2,100.0,1.0,0.0,2.0,,200.0,SPY,,0.05,0.05,True,0.14,0.05,0.04,20.0,,,1.0,,,,,,,,,,,,,,,,,,,387.0,,,,,False,True,,,,,0.5,14.0,,,,,,,0.6,0.49,20.0,0.015,0.45,0.55,,,72.0,35.0,,,,False,,,,,True,,1.8,,,,,,,,80.0,,,28852.48180000001,stable8,,,100000.0,155.0,,,,,0.0,10766.62190904071,,,,,-2054.2428664853223
20260824_182411_single_swingextendedoff-crypto__a625f7,2026-08-24 18:24:11,2026-08-24T23:24:11Z,single,swing+extended off-crypto_proxy,,2024-08-19 08:00:00+00:00,2026-08-18 23:55:00+00:00,,,,False,5,CLSK|COIN|MARA|MSTR|RIOT,3319f568a1,5Min,,100000.0,REALISTIC,-0.22998742685621543,-0.12262789181933242,0.08800632972715929,0.09219212329476023,-0.2425044974586065,-0.5056726498042123,396.40625,684.0,0.4853801169590643,0.9473515288498255,-33.623892815236516,71810.88568562176,0.418159631704476,-0.03078247752406327,0.88421323198144,-0.09542266787803894,0.10300339645551415,8.0,75.33,a625f708f76e,2a4c3d304270,3.14.7,"H: Swing and no extended hours will provide the bot with better, more reasonable trades and result in a higher sharpe due to less volatile trades.",,266.67397660818716,104.98667497897918,-1241.0111015131633,,1246.4974850813605,,-0.20846397584565102,0.7201772643433366,6467.900352563812,,0.2223276283834315,,0.0,0.0,300.0,95982.0,0.0,0.0,1.0,57.0,0.0,0.0,0.0,0.0,0.0,0.0,79.0,0.0,0.9999677787179021,0.0,0.0,0.0,741.0,,,77001.25731437845,"{""end_of_backtest"": 1, ""max_hold_swing"": 11, ""stop_loss"": 338, ""take_profit"": 59, ""trailing_stop"": 275}",,,default,False,,,False,0.7,,,0.06,False,0.03,0.09,False,close,,0.1,1.5,,10.0,8.0,0.2,100.0,1.0,0.0,2.0,,200.0,SPY,,0.05,0.05,True,0.14,0.05,0.04,20.0,,,1.0,,,,,,,,,,,,,,,,,,,192.0,,,,,False,True,,,,,0.5,14.0,,,,,,,0.6,0.49,20.0,0.015,0.45,0.55,,,72.0,35.0,,,,False,,,,,True,,1.8,,,,,,,,80.0,,,48812.143,crypto_proxy,,,100000.0,684.0,,,,,0.0,71810.88568562176,,,,,-3010.7774902985484
20260824_182412_single_swing-liquid15_a625f7,2026-08-24 18:24:12,2026-08-24T23:24:12Z,single,swing-liquid15,,2024-08-19 08:00:00+00:00,2026-08-18 23:55:00+00:00,,,,False,15,AAPL|AMZN|BAC|CAT|COST|CVX|GE|GOOGL|JPM|LLY|MSFT|NVDA|UNH|WMT|XOM,b903a736fc,5Min,,100000.0,REALISTIC,0.08880541042766588,0.04350929800908787,0.20174834996789356,0.17220928007325173,0.40590993318951757,-0.1071895375094789,126.31597222222223,133.0,0.5263157894736842,1.1613528149516505,66.7709852839595,8864.531557233398,0.418159631704476,0.0316416701888741,0.317436900449224,-0.073844449803859,0.14116510170475494,9.0,264.98,a625f708f76e,7e7eb0c5c92a,3.14.7,H: Swing only will reduce the amount of unnecessary trades and make the algo more profitable.,,833.1353383458646,66.65061321228119,-873.6195211409381,,913.1224410663673,,-0.20846397584565102,0.7201080354350623,3083.292471273246,,0.1223576817069386,,0.0,0.0,300.0,96000.0,0.0,0.0,0.0,5.0,0.0,25.0,0.0,0.0,0.0,0.0,9.0,0.0,0.9998847135242839,0.0,0.0,0.0,163.0,,,108880.54104276658,"{""max_hold_swing"": 51, ""stop_loss"": 43, ""take_profit"": 6, ""trailing_stop"": 33}",,,default,False,,,True,0.7,,,0.06,False,0.03,0.09,False,close,,0.1,1.5,,10.0,8.0,0.2,100.0,1.0,0.0,2.0,,200.0,SPY,,0.05,0.05,True,0.14,0.05,0.04,20.0,,,1.0,,,,,,,,,,,,,,,,,,,956.0,,,,,False,True,,,,,0.5,14.0,,,,,,,0.6,0.49,20.0,0.015,0.45,0.55,,,72.0,35.0,,,,False,,,,,True,,1.8,,,,,,,,80.0,,,17745.072600000007,liquid15,,,100000.0,133.0,,,,,0.0,8864.531557233398,,,,,-1441.7632232742965
20260824_182837_single_swing-crypto_proxy_a625f7,2026-08-24 18:28:37,2026-08-24T23:28:37Z,single,swing-crypto_proxy,,2024-08-19 08:00:00+00:00,2026-08-18 23:55:00+00:00,,,,False,5,CLSK|COIN|MARA|MSTR|RIOT,3319f568a1,5Min,,100000.0,REALISTIC,-0.23497663951761727,-0.12547818940593503,0.08406714266263687,0.08803787642362261,-0.2481411431971217,-0.5056726498042123,396.40625,684.0,0.4868421052631579,0.9459750533157056,-34.35330987099724,71721.09495176209,0.418159631704476,-0.03238848567748808,0.8821148803721394,-0.09990872178459556,0.08243007261700253,10.0,110.0,a625f708f76e,2a4c3d304270,3.14.7,H: Swing only will reduce the amount of unnecessary trades and make the algo more profitable.,,266.48830409356725,104.85540197626037,-1239.1481278952099,,1235.5655523707403,,-0.20846397584565102,0.7201772643433366,6467.900352563812,,0.22233667453683953,,0.0,0.0,300.0,95982.0,0.0,0.0,1.0,58.0,0.0,0.0,0.0,0.0,0.0,0.0,79.0,0.0,0.9999677787179021,0.0,0.0,0.0,742.0,,,76502.33604823827,"{""end_of_backtest"": 1, ""max_hold_swing"": 11, ""stop_loss"": 337, ""take_profit"": 59, ""trailing_stop"": 276}",,,default,False,,,True,0.7,,,0.06,False,0.03,0.09,False,close,,0.1,1.5,,10.0,8.0,0.2,100.0,1.0,0.0,2.0,,200.0,SPY,,0.05,0.05,True,0.14,0.05,0.04,20.0,,,1.0,,,,,,,,,,,,,,,,,,,192.0,,,,,False,True,,,,,0.5,14.0,,,,,,,0.6,0.49,20.0,0.015,0.45,0.55,,,72.0,35.0,,,,False,,,,,True,,1.8,,,,,,,,80.0,,,48223.431,crypto_proxy,,,100000.0,684.0,,,,,0.0,71721.09495176209,,,,,-3010.7774902985484
20260825_001942_robustness_robustness-swing-rth-mix_a625f7,2026-08-25 00:19:42,2026-08-25T05:19:42Z,robustness,robustness-swing-rth-mixed18,,2024-08-19,2026-08-19,,,,False,18,AAPL|AMD|AMZN|CLSK|COIN|GOOGL|IONQ|LCID|MARA|META|MSFT|MSTR|NVDA|PLTR|RIOT|RIVN|SMCI|TSLA,d848afd031,5Min,,100000.0,zero,0.613844690000001,,0.44521034592969455,,,,,1256.0,,,,0.0,,,,,,,1040.34,a625f708f76e,7f7745319a61,3.14.7,"H: Swing and no extended hours will provide the bot with better, more reasonable trades and result in a higher sharpe due to less volatile trades.",,,,,,,,,,,,,zero,,,,,,,,,,,,,,,,,,,,,,,,,,,cost_sensitivity,default,False,,,False,0.7,,,0.06,False,0.03,0.09,False,close,,0.1,1.5,,10.0,8.0,0.2,100.0,1.0,0.0,2.0,,200.0,SPY,,0.05,0.05,True,0.14,0.05,0.04,20.0,,-0.3883684549822489,1.0,,,,,,,,,,,,,,,,,,,,,,,,False,True,,,,,,,,,,,,,,,,,,,,,,,,,,,,,,,,,,,,,,,,,,,,,mixed18,,,,,,,,,,,zero,,,,
20260825_001942_robustness_robustness-swing-rth-mix_a625f7,2026-08-25 00:19:42,2026-08-25T05:19:42Z,robustness,robustness-swing-rth-mixed18,,2024-08-19,2026-08-19,,,,False,18,AAPL|AMD|AMZN|CLSK|COIN|GOOGL|IONQ|LCID|MARA|META|MSFT|MSTR|NVDA|PLTR|RIOT|RIVN|SMCI|TSLA,d848afd031,5Min,,100000.0,large_cap_rth,-0.034147935053365996,,0.22476069818068656,,,,,1233.0,,,,44389.33400533664,,,,,,,1040.35,a625f708f76e,7f7745319a61,3.14.7,"H: Swing and no extended hours will provide the bot with better, more reasonable trades and result in a higher sharpe due to less volatile trades.",,,,,,,,,,,,,large_cap_rth,,,,,,,,,,,,,,,,,,,,,,,,,,,cost_sensitivity,default,False,,,False,0.7,,,0.06,False,0.03,0.09,False,close,,0.1,1.5,,10.0,8.0,0.2,100.0,1.0,0.0,2.0,,200.0,SPY,,0.05,0.05,True,0.14,0.05,0.04,20.0,,-0.4226859610685083,1.0,,,,,,,,,,,,,,,,,,,,,,,,False,True,,,,,,,,,,,,,,,,,,,,,,,,,,,,,,,,,,,,,,,,,,,,,mixed18,,,,,,,,,,,large_cap_rth,,,,
20260825_001942_robustness_robustness-swing-rth-mix_a625f7,2026-08-25 00:19:42,2026-08-25T05:19:42Z,robustness,robustness-swing-rth-mixed18,,2024-08-19,2026-08-19,,,,False,18,AAPL|AMD|AMZN|CLSK|COIN|GOOGL|IONQ|LCID|MARA|META|MSFT|MSTR|NVDA|PLTR|RIOT|RIVN|SMCI|TSLA,d848afd031,5Min,,100000.0,realistic,-0.3206564717782693,,0.07211025706528404,,,,,1199.0,,,,70633.15577782695,,,,,,,1040.37,a625f708f76e,7f7745319a61,3.14.7,"H: Swing and no extended hours will provide the bot with better, more reasonable trades and result in a higher sharpe due to less volatile trades.",,,,,,,,,,,,,realistic,,,,,,,,,,,,,,,,,,,,,,,,,,,cost_sensitivity,default,False,,,False,0.7,,,0.06,False,0.03,0.09,False,close,,0.1,1.5,,10.0,8.0,0.2,100.0,1.0,0.0,2.0,,200.0,SPY,,0.05,0.05,True,0.14,0.05,0.04,20.0,,-0.5469780658394743,1.0,,,,,,,,,,,,,,,,,,,,,,,,False,True,,,,,,,,,,,,,,,,,,,,,,,,,,,,,,,,,,,,,,,,,,,,,mixed18,,,,,,,,,,,realistic,,,,
20260825_001942_robustness_robustness-swing-rth-mix_a625f7,2026-08-25 00:19:42,2026-08-25T05:19:42Z,robustness,robustness-swing-rth-mixed18,,2024-08-19,2026-08-19,,,,False,18,AAPL|AMD|AMZN|CLSK|COIN|GOOGL|IONQ|LCID|MARA|META|MSFT|MSTR|NVDA|PLTR|RIOT|RIVN|SMCI|TSLA,d848afd031,5Min,,100000.0,pessimistic,-0.8068276562616163,,-0.4676248059156782,,,,,1162.0,,,,95419.54162616162,,,,,,,1040.39,a625f708f76e,7f7745319a61,3.14.7,"H: Swing and no extended hours will provide the bot with better, more reasonable trades and result in a higher sharpe due to less volatile trades.",,,,,,,,,,,,,pessimistic,,,,,,,,,,,,,,,,,,,,,,,,,,,cost_sensitivity,default,False,,,False,0.7,,,0.06,False,0.03,0.09,False,close,,0.1,1.5,,10.0,8.0,0.2,100.0,1.0,0.0,2.0,,200.0,SPY,,0.05,0.05,True,0.14,0.05,0.04,20.0,,-0.8273088730697307,1.0,,,,,,,,,,,,,,,,,,,,,,,,False,True,,,,,,,,,,,,,,,,,,,,,,,,,,,,,,,,,,,,,,,,,,,,,mixed18,,,,,,,,,,,pessimistic,,,,
20260825_002035_robustness_robustness-swing-mixed18_a625f7,2026-08-25 00:20:35,2026-08-25T05:20:35Z,robustness,robustness-swing-mixed18,,2024-08-19,2026-08-19,,,,False,18,AAPL|AMD|AMZN|CLSK|COIN|GOOGL|IONQ|LCID|MARA|META|MSFT|MSTR|NVDA|PLTR|RIOT|RIVN|SMCI|TSLA,d848afd031,5Min,,100000.0,zero,0.6386273810000007,,0.4514576012179489,,,,,1262.0,,,,0.0,,,,,,,1617.26,a625f708f76e,7f7745319a61,3.14.7,H: Swing only will reduce the amount of unnecessary trades and make the algo more profitable.,,,,,,,,,,,,,zero,,,,,,,,,,,,,,,,,,,,,,,,,,,cost_sensitivity,default,False,,,True,0.7,,,0.06,False,0.03,0.09,False,close,,0.1,1.5,,10.0,8.0,0.2,100.0,1.0,0.0,2.0,,200.0,SPY,,0.05,0.05,True,0.14,0.05,0.04,20.0,,-0.3883684549822489,1.0,,,,,,,,,,,,,,,,,,,,,,,,False,True,,,,,,,,,,,,,,,,,,,,,,,,,,,,,,,,,,,,,,,,,,,,,mixed18,,,,,,,,,,,zero,,,,
20260825_002035_robustness_robustness-swing-mixed18_a625f7,2026-08-25 00:20:35,2026-08-25T05:20:35Z,robustness,robustness-swing-mixed18,,2024-08-19,2026-08-19,,,,False,18,AAPL|AMD|AMZN|CLSK|COIN|GOOGL|IONQ|LCID|MARA|META|MSFT|MSTR|NVDA|PLTR|RIOT|RIVN|SMCI|TSLA,d848afd031,5Min,,100000.0,large_cap_rth,-0.004659631423195809,,0.23709559135003655,,,,,1228.0,,,,44224.36174231958,,,,,,,1617.28,a625f708f76e,7f7745319a61,3.14.7,H: Swing only will reduce the amount of unnecessary trades and make the algo more profitable.,,,,,,,,,,,,,large_cap_rth,,,,,,,,,,,,,,,,,,,,,,,,,,,cost_sensitivity,default,False,,,True,0.7,,,0.06,False,0.03,0.09,False,close,,0.1,1.5,,10.0,8.0,0.2,100.0,1.0,0.0,2.0,,200.0,SPY,,0.05,0.05,True,0.14,0.05,0.04,20.0,,-0.4226859610685083,1.0,,,,,,,,,,,,,,,,,,,,,,,,False,True,,,,,,,,,,,,,,,,,,,,,,,,,,,,,,,,,,,,,,,,,,,,,mixed18,,,,,,,,,,,large_cap_rth,,,,
20260825_002035_robustness_robustness-swing-mixed18_a625f7,2026-08-25 00:20:35,2026-08-25T05:20:35Z,robustness,robustness-swing-mixed18,,2024-08-19,2026-08-19,,,,False,18,AAPL|AMD|AMZN|CLSK|COIN|GOOGL|IONQ|LCID|MARA|META|MSFT|MSTR|NVDA|PLTR|RIOT|RIVN|SMCI|TSLA,d848afd031,5Min,,100000.0,realistic,-0.3902630020951636,,0.025598218439047544,,,,,1202.0,,,,69983.61060951639,,,,,,,1617.3,a625f708f76e,7f7745319a61,3.14.7,H: Swing only will reduce the amount of unnecessary trades and make the algo more profitable.,,,,,,,,,,,,,realistic,,,,,,,,,,,,,,,,,,,,,,,,,,,cost_sensitivity,default,False,,,True,0.7,,,0.06,False,0.03,0.09,False,close,,0.1,1.5,,10.0,8.0,0.2,100.0,1.0,0.0,2.0,,200.0,SPY,,0.05,0.05,True,0.14,0.05,0.04,20.0,,-0.5469780658394743,1.0,,,,,,,,,,,,,,,,,,,,,,,,False,True,,,,,,,,,,,,,,,,,,,,,,,,,,,,,,,,,,,,,,,,,,,,,mixed18,,,,,,,,,,,realistic,,,,
20260825_002035_robustness_robustness-swing-mixed18_a625f7,2026-08-25 00:20:35,2026-08-25T05:20:35Z,robustness,robustness-swing-mixed18,,2024-08-19,2026-08-19,,,,False,18,AAPL|AMD|AMZN|CLSK|COIN|GOOGL|IONQ|LCID|MARA|META|MSFT|MSTR|NVDA|PLTR|RIOT|RIVN|SMCI|TSLA,d848afd031,5Min,,100000.0,pessimistic,-0.8171330488371836,,-0.5033931354994519,,,,,1164.0,,,,95161.01148371834,,,,,,,1617.31,a625f708f76e,7f7745319a61,3.14.7,H: Swing only will reduce the amount of unnecessary trades and make the algo more profitable.,,,,,,,,,,,,,pessimistic,,,,,,,,,,,,,,,,,,,,,,,,,,,cost_sensitivity,default,False,,,True,0.7,,,0.06,False,0.03,0.09,False,close,,0.1,1.5,,10.0,8.0,0.2,100.0,1.0,0.0,2.0,,200.0,SPY,,0.05,0.05,True,0.14,0.05,0.04,20.0,,-0.8273088730697307,1.0,,,,,,,,,,,,,,,,,,,,,,,,False,True,,,,,,,,,,,,,,,,,,,,,,,,,,,,,,,,,,,,,,,,,,,,,mixed18,,,,,,,,,,,pessimistic,,,,
20260825_001942_robustness_robustness-swing-rth-mix_a625f7,2026-08-25 00:19:42,2026-08-25T05:19:42Z,robustness,robustness-swing-rth-mixed18,,2024-08-19,2026-08-19,,,,False,18,AAPL|AMD|AMZN|CLSK|COIN|GOOGL|IONQ|LCID|MARA|META|MSFT|MSTR|NVDA|PLTR|RIOT|RIVN|SMCI|TSLA,d848afd031,5Min,,100000.0,varies,-0.5457452364983213,,-0.08210279292050664,,,,,1892.0,,,,,,,,,,,2644.32,a625f708f76e,7f7745319a61,3.14.7,"H: Swing and no extended hours will provide the bot with better, more reasonable trades and result in a higher sharpe due to less volatile trades.",,,,,,,,,,,,,,,,,,,,,,,,,,,,,,,,,,,,,,,,sensitivity_min_confidence,default,False,,,False,0.7,,,0.06,False,0.03,0.09,False,close,,0.1,1.5,,10.0,8.0,0.2,100.0,1.0,0.0,2.0,,200.0,SPY,,0.05,0.05,True,0.14,0.05,0.04,20.0,,-0.661503382714014,1.0,,,,,,,,,,,,,,,,,,,,0.4,,,,False,True,,,,,,,,,,,,,,,,,,,,,,,,,,,,,,,,,,,,,,,,,,,,,mixed18,,,,,,,,,,,min_confidence=0.4,,,,
20260825_001942_robustness_robustness-swing-rth-mix_a625f7,2026-08-25 00:19:42,2026-08-25T05:19:42Z,robustness,robustness-swing-rth-mixed18,,2024-08-19,2026-08-19,,,,False,18,AAPL|AMD|AMZN|CLSK|COIN|GOOGL|IONQ|LCID|MARA|META|MSFT|MSTR|NVDA|PLTR|RIOT|RIVN|SMCI|TSLA,d848afd031,5Min,,100000.0,varies,-0.5457452364983213,,-0.08210279292050664,,,,,1892.0,,,,,,,,,,,2644.34,a625f708f76e,7f7745319a61,3.14.7,"H: Swing and no extended hours will provide the bot with better, more reasonable trades and result in a higher sharpe due to less volatile trades.",,,,,,,,,,,,,,,,,,,,,,,,,,,,,,,,,,,,,,,,sensitivity_min_confidence,default,False,,,False,0.7,,,0.06,False,0.03,0.09,False,close,,0.1,1.5,,10.0,8.0,0.2,100.0,1.0,0.0,2.0,,200.0,SPY,,0.05,0.05,True,0.14,0.05,0.04,20.0,,-0.661503382714014,1.0,,,,,,,,,,,,,,,,,,,,0.45,,,,False,True,,,,,,,,,,,,,,,,,,,,,,,,,,,,,,,,,,,,,,,,,,,,,mixed18,,,,,,,,,,,min_confidence=0.45,,,,
20260825_001942_robustness_robustness-swing-rth-mix_a625f7,2026-08-25 00:19:42,2026-08-25T05:19:42Z,robustness,robustness-swing-rth-mixed18,,2024-08-19,2026-08-19,,,,False,18,AAPL|AMD|AMZN|CLSK|COIN|GOOGL|IONQ|LCID|MARA|META|MSFT|MSTR|NVDA|PLTR|RIOT|RIVN|SMCI|TSLA,d848afd031,5Min,,100000.0,varies,-0.3206564717782693,,0.07211025706528404,,,,,1199.0,,,,,,,,,,,2644.36,a625f708f76e,7f7745319a61,3.14.7,"H: Swing and no extended hours will provide the bot with better, more reasonable trades and result in a higher sharpe due to less volatile trades.",,,,,,,,,,,,,,,,,,,,,,,,,,,,,,,,,,,,,,,,sensitivity_min_confidence,default,False,,,False,0.7,,,0.06,False,0.03,0.09,False,close,,0.1,1.5,,10.0,8.0,0.2,100.0,1.0,0.0,2.0,,200.0,SPY,,0.05,0.05,True,0.14,0.05,0.04,20.0,,-0.5469780658394743,1.0,,,,,,,,,,,,,,,,,,,,0.49,,,,False,True,,,,,,,,,,,,,,,,,,,,,,,,,,,,,,,,,,,,,,,,,,,,,mixed18,,,,,,,,,,,min_confidence=0.49,,,,
20260825_001942_robustness_robustness-swing-rth-mix_a625f7,2026-08-25 00:19:42,2026-08-25T05:19:42Z,robustness,robustness-swing-rth-mixed18,,2024-08-19,2026-08-19,,,,False,18,AAPL|AMD|AMZN|CLSK|COIN|GOOGL|IONQ|LCID|MARA|META|MSFT|MSTR|NVDA|PLTR|RIOT|RIVN|SMCI|TSLA,d848afd031,5Min,,100000.0,varies,0.03509549797498135,,0.123340415608149,,,,,20.0,,,,,,,,,,,2644.38,a625f708f76e,7f7745319a61,3.14.7,"H: Swing and no extended hours will provide the bot with better, more reasonable trades and result in a higher sharpe due to less volatile trades.",,,,,,,,,,,,,,,,,,,,,,,,,,,,,,,,,,,,,,,,sensitivity_min_confidence,default,False,,,False,0.7,,,0.06,False,0.03,0.09,False,close,,0.1,1.5,,10.0,8.0,0.2,100.0,1.0,0.0,2.0,,200.0,SPY,,0.05,0.05,True,0.14,0.05,0.04,20.0,,-0.07731542441528483,1.0,,,,,,,,,,,,,,,,,,,,0.55,,,,False,True,,,,,,,,,,,,,,,,,,,,,,,,,,,,,,,,,,,,,,,,,,,,,mixed18,,,,,,,,,,,min_confidence=0.55,,,,
20260825_001942_robustness_robustness-swing-rth-mix_a625f7,2026-08-25 00:19:42,2026-08-25T05:19:42Z,robustness,robustness-swing-rth-mixed18,,2024-08-19,2026-08-19,,,,False,18,AAPL|AMD|AMZN|CLSK|COIN|GOOGL|IONQ|LCID|MARA|META|MSFT|MSTR|NVDA|PLTR|RIOT|RIVN|SMCI|TSLA,d848afd031,5Min,,100000.0,varies,0.037427878073112986,,0.12854507010955382,,,,,19.0,,,,,,,,,,,2644.39,a625f708f76e,7f7745319a61,3.14.7,"H: Swing and no extended hours will provide the bot with better, more reasonable trades and result in a higher sharpe due to less volatile trades.",,,,,,,,,,,,,,,,,,,,,,,,,,,,,,,,,,,,,,,,sensitivity_min_confidence,default,False,,,False,0.7,,,0.06,False,0.03,0.09,False,close,,0.1,1.5,,10.0,8.0,0.2,100.0,1.0,0.0,2.0,,200.0,SPY,,0.05,0.05,True,0.14,0.05,0.04,20.0,,-0.07684293116834795,1.0,,,,,,,,,,,,,,,,,,,,0.6,,,,False,True,,,,,,,,,,,,,,,,,,,,,,,,,,,,,,,,,,,,,,,,,,,,,mixed18,,,,,,,,,,,min_confidence=0.6,,,,
20260825_001942_robustness_robustness-swing-rth-mix_a625f7,2026-08-25 00:19:42,2026-08-25T05:19:42Z,robustness,robustness-swing-rth-mixed18,,2024-08-19,2026-08-19,,,,False,18,AAPL|AMD|AMZN|CLSK|COIN|GOOGL|IONQ|LCID|MARA|META|MSFT|MSTR|NVDA|PLTR|RIOT|RIVN|SMCI|TSLA,d848afd031,5Min,,100000.0,varies,0.03950330986221662,,0.13311040211264824,,,,,18.0,,,,,,,,,,,2644.41,a625f708f76e,7f7745319a61,3.14.7,"H: Swing and no extended hours will provide the bot with better, more reasonable trades and result in a higher sharpe due to less volatile trades.",,,,,,,,,,,,,,,,,,,,,,,,,,,,,,,,,,,,,,,,sensitivity_min_confidence,default,False,,,False,0.7,,,0.06,False,0.03,0.09,False,close,,0.1,1.5,,10.0,8.0,0.2,100.0,1.0,0.0,2.0,,200.0,SPY,,0.05,0.05,True,0.14,0.05,0.04,20.0,,-0.07684293116834795,1.0,,,,,,,,,,,,,,,,,,,,0.65,,,,False,True,,,,,,,,,,,,,,,,,,,,,,,,,,,,,,,,,,,,,,,,,,,,,mixed18,,,,,,,,,,,min_confidence=0.65,,,,
20260825_001942_robustness_robustness-swing-rth-mix_a625f7,2026-08-25 00:19:42,2026-08-25T05:19:42Z,robustness,robustness-swing-rth-mixed18,,2024-08-19,2026-08-19,,,,False,18,AAPL|AMD|AMZN|CLSK|COIN|GOOGL|IONQ|LCID|MARA|META|MSFT|MSTR|NVDA|PLTR|RIOT|RIVN|SMCI|TSLA,d848afd031,5Min,,100000.0,varies,-0.33918497708368234,,0.060320421591379764,,,,,1200.0,,,,,,,,,,,3943.77,a625f708f76e,7f7745319a61,3.14.7,"H: Swing and no extended hours will provide the bot with better, more reasonable trades and result in a higher sharpe due to less volatile trades.",,,,,,,,,,,,,,,,,,,,,,,,,,,,,,,,,,,,,,,,sensitivity_rsi_oversold,default,False,,,False,0.7,,,0.06,False,0.03,0.09,False,close,,0.1,1.5,,10.0,8.0,0.2,100.0,1.0,0.0,2.0,,200.0,SPY,,0.05,0.05,True,0.14,0.05,0.04,20.0,,-0.5469780658394743,1.0,,,,,,,,,,,,,,,,,,,,,,,,False,True,,,,,,,,,,,,,,,,,,,,,,,,,,,,,,,,,,,,,,,,,,,,,mixed18,,25.0,,,,,,,,,rsi_oversold=25.0,,,,
20260825_001942_robustness_robustness-swing-rth-mix_a625f7,2026-08-25 00:19:42,2026-08-25T05:19:42Z,robustness,robustness-swing-rth-mixed18,,2024-08-19,2026-08-19,,,,False,18,AAPL|AMD|AMZN|CLSK|COIN|GOOGL|IONQ|LCID|MARA|META|MSFT|MSTR|NVDA|PLTR|RIOT|RIVN|SMCI|TSLA,d848afd031,5Min,,100000.0,varies,-0.33918497708368234,,0.060320421591379764,,,,,1200.0,,,,,,,,,,,3943.79,a625f708f76e,7f7745319a61,3.14.7,"H: Swing and no extended hours will provide the bot with better, more reasonable trades and result in a higher sharpe due to less volatile trades.",,,,,,,,,,,,,,,,,,,,,,,,,,,,,,,,,,,,,,,,sensitivity_rsi_oversold,default,False,,,False,0.7,,,0.06,False,0.03,0.09,False,close,,0.1,1.5,,10.0,8.0,0.2,100.0,1.0,0.0,2.0,,200.0,SPY,,0.05,0.05,True,0.14,0.05,0.04,20.0,,-0.5469780658394743,1.0,,,,,,,,,,,,,,,,,,,,,,,,False,True,,,,,,,,,,,,,,,,,,,,,,,,,,,,,,,,,,,,,,,,,,,,,mixed18,,30.0,,,,,,,,,rsi_oversold=30.0,,,,
20260825_001942_robustness_robustness-swing-rth-mix_a625f7,2026-08-25 00:19:42,2026-08-25T05:19:42Z,robustness,robustness-swing-rth-mixed18,,2024-08-19,2026-08-19,,,,False,18,AAPL|AMD|AMZN|CLSK|COIN|GOOGL|IONQ|LCID|MARA|META|MSFT|MSTR|NVDA|PLTR|RIOT|RIVN|SMCI|TSLA,d848afd031,5Min,,100000.0,varies,-0.3206564717782693,,0.07211025706528404,,,,,1199.0,,,,,,,,,,,3943.81,a625f708f76e,7f7745319a61,3.14.7,"H: Swing and no extended hours will provide the bot with better, more reasonable trades and result in a higher sharpe due to less volatile trades.",,,,,,,,,,,,,,,,,,,,,,,,,,,,,,,,,,,,,,,,sensitivity_rsi_oversold,default,False,,,False,0.7,,,0.06,False,0.03,0.09,False,close,,0.1,1.5,,10.0,8.0,0.2,100.0,1.0,0.0,2.0,,200.0,SPY,,0.05,0.05,True,0.14,0.05,0.04,20.0,,-0.5469780658394743,1.0,,,,,,,,,,,,,,,,,,,,,,,,False,True,,,,,,,,,,,,,,,,,,,,,,,,,,,,,,,,,,,,,,,,,,,,,mixed18,,35.0,,,,,,,,,rsi_oversold=35.0,,,,
20260825_001942_robustness_robustness-swing-rth-mix_a625f7,2026-08-25 00:19:42,2026-08-25T05:19:42Z,robustness,robustness-swing-rth-mixed18,,2024-08-19,2026-08-19,,,,False,18,AAPL|AMD|AMZN|CLSK|COIN|GOOGL|IONQ|LCID|MARA|META|MSFT|MSTR|NVDA|PLTR|RIOT|RIVN|SMCI|TSLA,d848afd031,5Min,,100000.0,varies,-0.36916502487098235,,0.03834038121122541,,,,,1221.0,,,,,,,,,,,3943.82,a625f708f76e,7f7745319a61,3.14.7,"H: Swing and no extended hours will provide the bot with better, more reasonable trades and result in a higher sharpe due to less volatile trades.",,,,,,,,,,,,,,,,,,,,,,,,,,,,,,,,,,,,,,,,sensitivity_rsi_oversold,default,False,,,False,0.7,,,0.06,False,0.03,0.09,False,close,,0.1,1.5,,10.0,8.0,0.2,100.0,1.0,0.0,2.0,,200.0,SPY,,0.05,0.05,True,0.14,0.05,0.04,20.0,,-0.5378003683466711,1.0,,,,,,,,,,,,,,,,,,,,,,,,False,True,,,,,,,,,,,,,,,,,,,,,,,,,,,,,,,,,,,,,,,,,,,,,mixed18,,40.0,,,,,,,,,rsi_oversold=40.0,,,,
20260825_001942_robustness_robustness-swing-rth-mix_a625f7,2026-08-25 00:19:42,2026-08-25T05:19:42Z,robustness,robustness-swing-rth-mixed18,,2024-08-19,2026-08-19,,,,False,18,AAPL|AMD|AMZN|CLSK|COIN|GOOGL|IONQ|LCID|MARA|META|MSFT|MSTR|NVDA|PLTR|RIOT|RIVN|SMCI|TSLA,d848afd031,5Min,,100000.0,varies,-0.5633802979691,,-0.10818218280350074,,,,,1265.0,,,,,,,,,,,3943.84,a625f708f76e,7f7745319a61,3.14.7,"H: Swing and no extended hours will provide the bot with better, more reasonable trades and result in a higher sharpe due to less volatile trades.",,,,,,,,,,,,,,,,,,,,,,,,,,,,,,,,,,,,,,,,sensitivity_rsi_oversold,default,False,,,False,0.7,,,0.06,False,0.03,0.09,False,close,,0.1,1.5,,10.0,8.0,0.2,100.0,1.0,0.0,2.0,,200.0,SPY,,0.05,0.05,True,0.14,0.05,0.04,20.0,,-0.6615111359108661,1.0,,,,,,,,,,,,,,,,,,,,,,,,False,True,,,,,,,,,,,,,,,,,,,,,,,,,,,,,,,,,,,,,,,,,,,,,mixed18,,45.0,,,,,,,,,rsi_oversold=45.0,,,,
20260825_002035_robustness_robustness-swing-mixed18_a625f7,2026-08-25 00:20:35,2026-08-25T05:20:35Z,robustness,robustness-swing-mixed18,,2024-08-19,2026-08-19,,,,False,18,AAPL|AMD|AMZN|CLSK|COIN|GOOGL|IONQ|LCID|MARA|META|MSFT|MSTR|NVDA|PLTR|RIOT|RIVN|SMCI|TSLA,d848afd031,5Min,,100000.0,varies,-0.5532747485259157,,-0.08899575840385215,,,,,1892.0,,,,,,,,,,,4144.79,a625f708f76e,7f7745319a61,3.14.7,H: Swing only will reduce the amount of unnecessary trades and make the algo more profitable.,,,,,,,,,,,,,,,,,,,,,,,,,,,,,,,,,,,,,,,,sensitivity_min_confidence,default,False,,,True,0.7,,,0.06,False,0.03,0.09,False,close,,0.1,1.5,,10.0,8.0,0.2,100.0,1.0,0.0,2.0,,200.0,SPY,,0.05,0.05,True,0.14,0.05,0.04,20.0,,-0.661503382714014,1.0,,,,,,,,,,,,,,,,,,,,0.4,,,,False,True,,,,,,,,,,,,,,,,,,,,,,,,,,,,,,,,,,,,,,,,,,,,,mixed18,,,,,,,,,,,min_confidence=0.4,,,,
20260825_002035_robustness_robustness-swing-mixed18_a625f7,2026-08-25 00:20:35,2026-08-25T05:20:35Z,robustness,robustness-swing-mixed18,,2024-08-19,2026-08-19,,,,False,18,AAPL|AMD|AMZN|CLSK|COIN|GOOGL|IONQ|LCID|MARA|META|MSFT|MSTR|NVDA|PLTR|RIOT|RIVN|SMCI|TSLA,d848afd031,5Min,,100000.0,varies,-0.5532747485259157,,-0.08899575840385215,,,,,1892.0,,,,,,,,,,,4144.81,a625f708f76e,7f7745319a61,3.14.7,H: Swing only will reduce the amount of unnecessary trades and make the algo more profitable.,,,,,,,,,,,,,,,,,,,,,,,,,,,,,,,,,,,,,,,,sensitivity_min_confidence,default,False,,,True,0.7,,,0.06,False,0.03,0.09,False,close,,0.1,1.5,,10.0,8.0,0.2,100.0,1.0,0.0,2.0,,200.0,SPY,,0.05,0.05,True,0.14,0.05,0.04,20.0,,-0.661503382714014,1.0,,,,,,,,,,,,,,,,,,,,0.45,,,,False,True,,,,,,,,,,,,,,,,,,,,,,,,,,,,,,,,,,,,,,,,,,,,,mixed18,,,,,,,,,,,min_confidence=0.45,,,,
20260825_002035_robustness_robustness-swing-mixed18_a625f7,2026-08-25 00:20:35,2026-08-25T05:20:35Z,robustness,robustness-swing-mixed18,,2024-08-19,2026-08-19,,,,False,18,AAPL|AMD|AMZN|CLSK|COIN|GOOGL|IONQ|LCID|MARA|META|MSFT|MSTR|NVDA|PLTR|RIOT|RIVN|SMCI|TSLA,d848afd031,5Min,,100000.0,varies,-0.3902630020951636,,0.025598218439047544,,,,,1202.0,,,,,,,,,,,4144.82,a625f708f76e,7f7745319a61,3.14.7,H: Swing only will reduce the amount of unnecessary trades and make the algo more profitable.,,,,,,,,,,,,,,,,,,,,,,,,,,,,,,,,,,,,,,,,sensitivity_min_confidence,default,False,,,True,0.7,,,0.06,False,0.03,0.09,False,close,,0.1,1.5,,10.0,8.0,0.2,100.0,1.0,0.0,2.0,,200.0,SPY,,0.05,0.05,True,0.14,0.05,0.04,20.0,,-0.5469780658394743,1.0,,,,,,,,,,,,,,,,,,,,0.49,,,,False,True,,,,,,,,,,,,,,,,,,,,,,,,,,,,,,,,,,,,,,,,,,,,,mixed18,,,,,,,,,,,min_confidence=0.49,,,,
20260825_002035_robustness_robustness-swing-mixed18_a625f7,2026-08-25 00:20:35,2026-08-25T05:20:35Z,robustness,robustness-swing-mixed18,,2024-08-19,2026-08-19,,,,False,18,AAPL|AMD|AMZN|CLSK|COIN|GOOGL|IONQ|LCID|MARA|META|MSFT|MSTR|NVDA|PLTR|RIOT|RIVN|SMCI|TSLA,d848afd031,5Min,,100000.0,varies,0.031385382824427266,,0.11418546790894517,,,,,23.0,,,,,,,,,,,4144.84,a625f708f76e,7f7745319a61,3.14.7,H: Swing only will reduce the amount of unnecessary trades and make the algo more profitable.,,,,,,,,,,,,,,,,,,,,,,,,,,,,,,,,,,,,,,,,sensitivity_min_confidence,default,False,,,True,0.7,,,0.06,False,0.03,0.09,False,close,,0.1,1.5,,10.0,8.0,0.2,100.0,1.0,0.0,2.0,,200.0,SPY,,0.05,0.05,True,0.14,0.05,0.04,20.0,,-0.07731427761012244,1.0,,,,,,,,,,,,,,,,,,,,0.55,,,,False,True,,,,,,,,,,,,,,,,,,,,,,,,,,,,,,,,,,,,,,,,,,,,,mixed18,,,,,,,,,,,min_confidence=0.55,,,,
20260825_002035_robustness_robustness-swing-mixed18_a625f7,2026-08-25 00:20:35,2026-08-25T05:20:35Z,robustness,robustness-swing-mixed18,,2024-08-19,2026-08-19,,,,False,18,AAPL|AMD|AMZN|CLSK|COIN|GOOGL|IONQ|LCID|MARA|META|MSFT|MSTR|NVDA|PLTR|RIOT|RIVN|SMCI|TSLA,d848afd031,5Min,,100000.0,varies,0.033806953770634696,,0.1193309109146983,,,,,22.0,,,,,,,,,,,4144.85,a625f708f76e,7f7745319a61,3.14.7,H: Swing only will reduce the amount of unnecessary trades and make the algo more profitable.,,,,,,,,,,,,,,,,,,,,,,,,,,,,,,,,,,,,,,,,sensitivity_min_confidence,default,False,,,True,0.7,,,0.06,False,0.03,0.09,False,close,,0.1,1.5,,10.0,8.0,0.2,100.0,1.0,0.0,2.0,,200.0,SPY,,0.05,0.05,True,0.14,0.05,0.04,20.0,,-0.07684398207743515,1.0,,,,,,,,,,,,,,,,,,,,0.6,,,,False,True,,,,,,,,,,,,,,,,,,,,,,,,,,,,,,,,,,,,,,,,,,,,,mixed18,,,,,,,,,,,min_confidence=0.6,,,,
20260825_002035_robustness_robustness-swing-mixed18_a625f7,2026-08-25 00:20:35,2026-08-25T05:20:35Z,robustness,robustness-swing-mixed18,,2024-08-19,2026-08-19,,,,False,18,AAPL|AMD|AMZN|CLSK|COIN|GOOGL|IONQ|LCID|MARA|META|MSFT|MSTR|NVDA|PLTR|RIOT|RIVN|SMCI|TSLA,d848afd031,5Min,,100000.0,varies,0.033806953770634696,,0.1193309109146983,,,,,22.0,,,,,,,,,,,4144.87,a625f708f76e,7f7745319a61,3.14.7,H: Swing only will reduce the amount of unnecessary trades and make the algo more profitable.,,,,,,,,,,,,,,,,,,,,,,,,,,,,,,,,,,,,,,,,sensitivity_min_confidence,default,False,,,True,0.7,,,0.06,False,0.03,0.09,False,close,,0.1,1.5,,10.0,8.0,0.2,100.0,1.0,0.0,2.0,,200.0,SPY,,0.05,0.05,True,0.14,0.05,0.04,20.0,,-0.07684398207743515,1.0,,,,,,,,,,,,,,,,,,,,0.65,,,,False,True,,,,,,,,,,,,,,,,,,,,,,,,,,,,,,,,,,,,,,,,,,,,,mixed18,,,,,,,,,,,min_confidence=0.65,,,,
20260825_001942_robustness_robustness-swing-rth-mix_a625f7,2026-08-25 00:19:42,2026-08-25T05:19:42Z,robustness,robustness-swing-rth-mixed18,,2024-08-19,2026-08-19,,,,False,18,AAPL|AMD|AMZN|CLSK|COIN|GOOGL|IONQ|LCID|MARA|META|MSFT|MSTR|NVDA|PLTR|RIOT|RIVN|SMCI|TSLA,d848afd031,5Min,,100000.0,varies,-0.3148054230139672,,0.09400097816374406,,,,,1486.0,,,,,,,,,,,5242.18,a625f708f76e,7f7745319a61,3.14.7,"H: Swing and no extended hours will provide the bot with better, more reasonable trades and result in a higher sharpe due to less volatile trades.",,,,,,,,,,,,,,,,,,,,,,,,,,,,,,,,,,,,,,,,sensitivity_volume_surge_mult,default,False,,,False,0.7,,,0.06,False,0.03,0.09,False,close,,0.1,1.5,,10.0,8.0,0.2,100.0,1.0,0.0,2.0,,200.0,SPY,,0.05,0.05,True,0.14,0.05,0.04,20.0,,-0.5767162994492968,1.0,,,,,,,,,,,,,,,,,,,,,,,,False,True,,,,,,,,,,,,,,,,,,,,,,,,,,,,,,,,,,,,,,,,,,,,,mixed18,,,,,,,,,,,volume_surge_mult=1.2,1.2,,,
20260825_001942_robustness_robustness-swing-rth-mix_a625f7,2026-08-25 00:19:42,2026-08-25T05:19:42Z,robustness,robustness-swing-rth-mixed18,,2024-08-19,2026-08-19,,,,False,18,AAPL|AMD|AMZN|CLSK|COIN|GOOGL|IONQ|LCID|MARA|META|MSFT|MSTR|NVDA|PLTR|RIOT|RIVN|SMCI|TSLA,d848afd031,5Min,,100000.0,varies,-0.3756071830732477,,0.0489502574425596,,,,,1341.0,,,,,,,,,,,5242.19,a625f708f76e,7f7745319a61,3.14.7,"H: Swing and no extended hours will provide the bot with better, more reasonable trades and result in a higher sharpe due to less volatile trades.",,,,,,,,,,,,,,,,,,,,,,,,,,,,,,,,,,,,,,,,sensitivity_volume_surge_mult,default,False,,,False,0.7,,,0.06,False,0.03,0.09,False,close,,0.1,1.5,,10.0,8.0,0.2,100.0,1.0,0.0,2.0,,200.0,SPY,,0.05,0.05,True,0.14,0.05,0.04,20.0,,-0.5594544508772217,1.0,,,,,,,,,,,,,,,,,,,,,,,,False,True,,,,,,,,,,,,,,,,,,,,,,,,,,,,,,,,,,,,,,,,,,,,,mixed18,,,,,,,,,,,volume_surge_mult=1.5,1.5,,,
20260825_001942_robustness_robustness-swing-rth-mix_a625f7,2026-08-25 00:19:42,2026-08-25T05:19:42Z,robustness,robustness-swing-rth-mixed18,,2024-08-19,2026-08-19,,,,False,18,AAPL|AMD|AMZN|CLSK|COIN|GOOGL|IONQ|LCID|MARA|META|MSFT|MSTR|NVDA|PLTR|RIOT|RIVN|SMCI|TSLA,d848afd031,5Min,,100000.0,varies,-0.3206564717782693,,0.07211025706528404,,,,,1199.0,,,,,,,,,,,5242.21,a625f708f76e,7f7745319a61,3.14.7,"H: Swing and no extended hours will provide the bot with better, more reasonable trades and result in a higher sharpe due to less volatile trades.",,,,,,,,,,,,,,,,,,,,,,,,,,,,,,,,,,,,,,,,sensitivity_volume_surge_mult,default,False,,,False,0.7,,,0.06,False,0.03,0.09,False,close,,0.1,1.5,,10.0,8.0,0.2,100.0,1.0,0.0,2.0,,200.0,SPY,,0.05,0.05,True,0.14,0.05,0.04,20.0,,-0.5469780658394743,1.0,,,,,,,,,,,,,,,,,,,,,,,,False,True,,,,,,,,,,,,,,,,,,,,,,,,,,,,,,,,,,,,,,,,,,,,,mixed18,,,,,,,,,,,volume_surge_mult=1.8,1.8,,,
20260825_001942_robustness_robustness-swing-rth-mix_a625f7,2026-08-25 00:19:42,2026-08-25T05:19:42Z,robustness,robustness-swing-rth-mixed18,,2024-08-19,2026-08-19,,,,False,18,AAPL|AMD|AMZN|CLSK|COIN|GOOGL|IONQ|LCID|MARA|META|MSFT|MSTR|NVDA|PLTR|RIOT|RIVN|SMCI|TSLA,d848afd031,5Min,,100000.0,varies,-0.31630394498292724,,0.0701033338768343,,,,,1052.0,,,,,,,,,,,5242.23,a625f708f76e,7f7745319a61,3.14.7,"H: Swing and no extended hours will provide the bot with better, more reasonable trades and result in a higher sharpe due to less volatile trades.",,,,,,,,,,,,,,,,,,,,,,,,,,,,,,,,,,,,,,,,sensitivity_volume_surge_mult,default,False,,,False,0.7,,,0.06,False,0.03,0.09,False,close,,0.1,1.5,,10.0,8.0,0.2,100.0,1.0,0.0,2.0,,200.0,SPY,,0.05,0.05,True,0.14,0.05,0.04,20.0,,-0.4907681246617236,1.0,,,,,,,,,,,,,,,,,,,,,,,,False,True,,,,,,,,,,,,,,,,,,,,,,,,,,,,,,,,,,,,,,,,,,,,,mixed18,,,,,,,,,,,volume_surge_mult=2.1,2.1,,,
20260825_001942_robustness_robustness-swing-rth-mix_a625f7,2026-08-25 00:19:42,2026-08-25T05:19:42Z,robustness,robustness-swing-rth-mixed18,,2024-08-19,2026-08-19,,,,False,18,AAPL|AMD|AMZN|CLSK|COIN|GOOGL|IONQ|LCID|MARA|META|MSFT|MSTR|NVDA|PLTR|RIOT|RIVN|SMCI|TSLA,d848afd031,5Min,,100000.0,varies,-0.14501105989489005,,0.14358788776138057,,,,,918.0,,,,,,,,,,,5242.24,a625f708f76e,7f7745319a61,3.14.7,"H: Swing and no extended hours will provide the bot with better, more reasonable trades and result in a higher sharpe due to less volatile trades.",,,,,,,,,,,,,,,,,,,,,,,,,,,,,,,,,,,,,,,,sensitivity_volume_surge_mult,default,False,,,False,0.7,,,0.06,False,0.03,0.09,False,close,,0.1,1.5,,10.0,8.0,0.2,100.0,1.0,0.0,2.0,,200.0,SPY,,0.05,0.05,True,0.14,0.05,0.04,20.0,,-0.4174618957711421,1.0,,,,,,,,,,,,,,,,,,,,,,,,False,True,,,,,,,,,,,,,,,,,,,,,,,,,,,,,,,,,,,,,,,,,,,,,mixed18,,,,,,,,,,,volume_surge_mult=2.5,2.5,,,
20260825_001942_robustness_robustness-swing-rth-mix_a625f7,2026-08-25 00:19:42,2026-08-25T05:19:42Z,robustness,robustness-swing-rth-mixed18,,2024-08-19 08:00:00+00:00,2026-08-18 23:55:00+00:00,,,,False,18,AAPL|AMD|AMZN|CLSK|COIN|GOOGL|IONQ|LCID|MARA|META|MSFT|MSTR|NVDA|PLTR|RIOT|RIVN|SMCI|TSLA,d848afd031,5Min,,100000.0,REALISTIC,-0.3206564717782693,-0.1759597255047961,0.07211025706528404,0.08393919283568571,-0.32169429908444686,-0.5469780658394743,644.6180555555555,1199.0,0.47706422018348627,0.9316322716663237,-26.743659030714703,70633.15577782695,,,,,,,5501.18,a625f708f76e,7f7745319a61,3.14.7,"H: Swing and no extended hours will provide the bot with better, more reasonable trades and result in a higher sharpe due to less volatile trades.",,315.52210175145956,58.910054860572934,-748.0339672708408,,763.9014865401929,,,,4928.554173368611,,,,0.0,0.0,300.0,96000.0,0.0,0.0,6.0,380.0,0.0,478.0,0.0,0.0,0.0,0.0,690.0,0.0,0.9999992565486198,0.0,0.0,0.0,2057.0,,,67934.35282217307,"{""end_of_backtest"": 2, ""max_hold_swing"": 41, ""stop_loss"": 594, ""take_profit"": 110, ""trailing_stop"": 452}",,news_ablation,default,False,,,False,0.7,,,0.06,False,0.03,0.09,False,close,,0.1,1.5,,10.0,8.0,0.2,100.0,1.0,0.0,2.0,,200.0,SPY,,0.05,0.05,True,0.14,0.05,0.04,20.0,,,1.0,,,,,,,,,,,,,,,,,,,200.0,,,,,False,True,,,,,0.5,14.0,,,,,,,0.6,0.49,20.0,0.015,0.45,0.55,,,72.0,35.0,,,,False,,,,,True,,1.8,,,,,,,,80.0,,,38567.508600000016,mixed18,,,100000.0,1199.0,,,,,0.0,70633.15577782695,news_on_buggy,,,,-3416.4497820862193
20260825_001942_robustness_robustness-swing-rth-mix_a625f7,2026-08-25 00:19:42,2026-08-25T05:19:42Z,robustness,robustness-swing-rth-mixed18,,2024-08-19 08:00:00+00:00,2026-08-18 23:55:00+00:00,,,,False,18,AAPL|AMD|AMZN|CLSK|COIN|GOOGL|IONQ|LCID|MARA|META|MSFT|MSTR|NVDA|PLTR|RIOT|RIVN|SMCI|TSLA,d848afd031,5Min,,100000.0,REALISTIC,-0.31448912551377817,-0.17222340688905646,0.07596188886177888,0.08841811497811515,-0.31486346097761103,-0.5469780658394743,644.6180555555555,1201.0,0.47710241465445463,0.9329088746321947,-26.185605787991534,70720.17365137786,,,,,,,5761.36,a625f708f76e,7f7745319a61,3.14.7,"H: Swing and no extended hours will provide the bot with better, more reasonable trades and result in a higher sharpe due to less volatile trades.",,314.5728559533722,58.88440770306233,-746.4159522406724,,763.1767983521194,,,,4928.554173368611,,,,0.0,0.0,300.0,96000.0,0.0,0.0,6.0,370.0,0.0,472.0,0.0,0.0,0.0,0.0,682.0,0.0,0.9999978521110728,0.0,0.0,0.0,2043.0,,,68551.08744862219,"{""end_of_backtest"": 3, ""max_hold_swing"": 41, ""stop_loss"": 594, ""take_profit"": 111, ""trailing_stop"": 452}",,news_ablation,default,False,,,False,0.7,,,0.06,False,0.03,0.09,False,close,,0.1,1.5,,10.0,8.0,0.2,100.0,1.0,0.0,2.0,,200.0,SPY,,0.05,0.05,True,0.14,0.05,0.04,20.0,,,1.0,,,,,,,,,,,,,,,,,,,200.0,,,,,False,True,,,,,0.5,14.0,,,,,,,0.6,0.49,20.0,0.015,0.45,0.55,,,72.0,35.0,,,,True,,,,,True,,1.8,,,,,,,,80.0,,,39271.26110000001,mixed18,,,100000.0,1201.0,,,,,0.0,70720.17365137786,news_on_fixed,,,,-3416.4497820862193
20260825_001942_robustness_robustness-swing-rth-mix_a625f7,2026-08-25 00:19:42,2026-08-25T05:19:42Z,robustness,robustness-swing-rth-mixed18,,2024-08-19 08:00:00+00:00,2026-08-18 23:55:00+00:00,,,,False,18,AAPL|AMD|AMZN|CLSK|COIN|GOOGL|IONQ|LCID|MARA|META|MSFT|MSTR|NVDA|PLTR|RIOT|RIVN|SMCI|TSLA,d848afd031,5Min,,100000.0,REALISTIC,-0.4147140550256442,-0.2351951171722213,0.010495118744587618,0.012222361028126455,-0.4299900340816331,-0.5469780658394743,644.6180555555555,1194.0,0.4731993299832496,0.9117462748612816,-34.7331704376586,70144.14050256439,,,,,,,6020.85,a625f708f76e,7f7745319a61,3.14.7,"H: Swing and no extended hours will provide the bot with better, more reasonable trades and result in a higher sharpe due to less volatile trades.",,315.36683417085425,58.74718635055644,-747.0764785781254,,758.3003531381886,,,,4928.554173368611,,,,0.0,0.0,300.0,96000.0,0.0,0.0,6.0,372.0,0.0,486.0,0.0,0.0,0.0,0.0,677.0,0.0,0.9999943011105512,0.0,0.0,0.0,2052.0,,,58528.59449743558,"{""end_of_backtest"": 3, ""max_hold_swing"": 42, ""stop_loss"": 593, ""take_profit"": 111, ""trailing_stop"": 445}",,news_ablation,default,False,,,False,0.7,,,0.06,False,0.03,0.09,False,close,,0.1,1.5,,10.0,8.0,0.2,100.0,1.0,0.0,2.0,,200.0,SPY,,0.05,0.05,True,0.14,0.05,0.04,20.0,,,1.0,,,,,,,,,,,,,,,,,,,200.0,,,,,False,True,,,,,0.5,14.0,,,,,,,0.6,0.49,20.0,0.015,0.45,0.55,,,72.0,35.0,,,,False,,,,,False,,1.8,,,,,,,,80.0,,,28672.735000000008,mixed18,,,100000.0,1194.0,,,,,0.0,70144.14050256439,news_off,,,,-3416.4497820862193
20260825_002035_robustness_robustness-swing-mixed18_a625f7,2026-08-25 00:20:35,2026-08-25T05:20:35Z,robustness,robustness-swing-mixed18,,2024-08-19,2026-08-19,,,,False,18,AAPL|AMD|AMZN|CLSK|COIN|GOOGL|IONQ|LCID|MARA|META|MSFT|MSTR|NVDA|PLTR|RIOT|RIVN|SMCI|TSLA,d848afd031,5Min,,100000.0,varies,-0.3324760224884993,,0.06782250474695671,,,,,1197.0,,,,,,,,,,,6163.31,a625f708f76e,7f7745319a61,3.14.7,H: Swing only will reduce the amount of unnecessary trades and make the algo more profitable.,,,,,,,,,,,,,,,,,,,,,,,,,,,,,,,,,,,,,,,,sensitivity_rsi_oversold,default,False,,,True,0.7,,,0.06,False,0.03,0.09,False,close,,0.1,1.5,,10.0,8.0,0.2,100.0,1.0,0.0,2.0,,200.0,SPY,,0.05,0.05,True,0.14,0.05,0.04,20.0,,-0.5469780658394743,1.0,,,,,,,,,,,,,,,,,,,,,,,,False,True,,,,,,,,,,,,,,,,,,,,,,,,,,,,,,,,,,,,,,,,,,,,,mixed18,,25.0,,,,,,,,,rsi_oversold=25.0,,,,
20260825_002035_robustness_robustness-swing-mixed18_a625f7,2026-08-25 00:20:35,2026-08-25T05:20:35Z,robustness,robustness-swing-mixed18,,2024-08-19,2026-08-19,,,,False,18,AAPL|AMD|AMZN|CLSK|COIN|GOOGL|IONQ|LCID|MARA|META|MSFT|MSTR|NVDA|PLTR|RIOT|RIVN|SMCI|TSLA,d848afd031,5Min,,100000.0,varies,-0.3908106443674785,,0.025186409918690162,,,,,1201.0,,,,,,,,,,,6163.33,a625f708f76e,7f7745319a61,3.14.7,H: Swing only will reduce the amount of unnecessary trades and make the algo more profitable.,,,,,,,,,,,,,,,,,,,,,,,,,,,,,,,,,,,,,,,,sensitivity_rsi_oversold,default,False,,,True,0.7,,,0.06,False,0.03,0.09,False,close,,0.1,1.5,,10.0,8.0,0.2,100.0,1.0,0.0,2.0,,200.0,SPY,,0.05,0.05,True,0.14,0.05,0.04,20.0,,-0.5469780658394743,1.0,,,,,,,,,,,,,,,,,,,,,,,,False,True,,,,,,,,,,,,,,,,,,,,,,,,,,,,,,,,,,,,,,,,,,,,,mixed18,,30.0,,,,,,,,,rsi_oversold=30.0,,,,
20260825_002035_robustness_robustness-swing-mixed18_a625f7,2026-08-25 00:20:35,2026-08-25T05:20:35Z,robustness,robustness-swing-mixed18,,2024-08-19,2026-08-19,,,,False,18,AAPL|AMD|AMZN|CLSK|COIN|GOOGL|IONQ|LCID|MARA|META|MSFT|MSTR|NVDA|PLTR|RIOT|RIVN|SMCI|TSLA,d848afd031,5Min,,100000.0,varies,-0.3902630020951636,,0.025598218439047544,,,,,1202.0,,,,,,,,,,,6163.34,a625f708f76e,7f7745319a61,3.14.7,H: Swing only will reduce the amount of unnecessary trades and make the algo more profitable.,,,,,,,,,,,,,,,,,,,,,,,,,,,,,,,,,,,,,,,,sensitivity_rsi_oversold,default,False,,,True,0.7,,,0.06,False,0.03,0.09,False,close,,0.1,1.5,,10.0,8.0,0.2,100.0,1.0,0.0,2.0,,200.0,SPY,,0.05,0.05,True,0.14,0.05,0.04,20.0,,-0.5469780658394743,1.0,,,,,,,,,,,,,,,,,,,,,,,,False,True,,,,,,,,,,,,,,,,,,,,,,,,,,,,,,,,,,,,,,,,,,,,,mixed18,,35.0,,,,,,,,,rsi_oversold=35.0,,,,
20260825_002035_robustness_robustness-swing-mixed18_a625f7,2026-08-25 00:20:35,2026-08-25T05:20:35Z,robustness,robustness-swing-mixed18,,2024-08-19,2026-08-19,,,,False,18,AAPL|AMD|AMZN|CLSK|COIN|GOOGL|IONQ|LCID|MARA|META|MSFT|MSTR|NVDA|PLTR|RIOT|RIVN|SMCI|TSLA,d848afd031,5Min,,100000.0,varies,-0.44383624065502647,,-0.016755445076126117,,,,,1228.0,,,,,,,,,,,6163.36,a625f708f76e,7f7745319a61,3.14.7,H: Swing only will reduce the amount of unnecessary trades and make the algo more profitable.,,,,,,,,,,,,,,,,,,,,,,,,,,,,,,,,,,,,,,,,sensitivity_rsi_oversold,default,False,,,True,0.7,,,0.06,False,0.03,0.09,False,close,,0.1,1.5,,10.0,8.0,0.2,100.0,1.0,0.0,2.0,,200.0,SPY,,0.05,0.05,True,0.14,0.05,0.04,20.0,,-0.5378003683466711,1.0,,,,,,,,,,,,,,,,,,,,,,,,False,True,,,,,,,,,,,,,,,,,,,,,,,,,,,,,,,,,,,,,,,,,,,,,mixed18,,40.0,,,,,,,,,rsi_oversold=40.0,,,,
20260825_002035_robustness_robustness-swing-mixed18_a625f7,2026-08-25 00:20:35,2026-08-25T05:20:35Z,robustness,robustness-swing-mixed18,,2024-08-19,2026-08-19,,,,False,18,AAPL|AMD|AMZN|CLSK|COIN|GOOGL|IONQ|LCID|MARA|META|MSFT|MSTR|NVDA|PLTR|RIOT|RIVN|SMCI|TSLA,d848afd031,5Min,,100000.0,varies,-0.5631129779466213,,-0.11254203949352515,,,,,1267.0,,,,,,,,,,,6163.38,a625f708f76e,7f7745319a61,3.14.7,H: Swing only will reduce the amount of unnecessary trades and make the algo more profitable.,,,,,,,,,,,,,,,,,,,,,,,,,,,,,,,,,,,,,,,,sensitivity_rsi_oversold,default,False,,,True,0.7,,,0.06,False,0.03,0.09,False,close,,0.1,1.5,,10.0,8.0,0.2,100.0,1.0,0.0,2.0,,200.0,SPY,,0.05,0.05,True,0.14,0.05,0.04,20.0,,-0.6615111359108661,1.0,,,,,,,,,,,,,,,,,,,,,,,,False,True,,,,,,,,,,,,,,,,,,,,,,,,,,,,,,,,,,,,,,,,,,,,,mixed18,,45.0,,,,,,,,,rsi_oversold=45.0,,,,
20260825_001942_robustness_robustness-swing-rth-mix_a625f7,2026-08-25 00:19:42,2026-08-25T05:19:42Z,robustness,robustness-swing-rth-mixed18,,2024-08-19,2026-08-19,,,,False,18,AAPL|AMD|AMZN|CLSK|COIN|GOOGL|IONQ|LCID|MARA|META|MSFT|MSTR|NVDA|PLTR|RIOT|RIVN|SMCI|TSLA,d848afd031,5Min,,100000.0,REALISTIC,,,,,,,,,,,,,,,,,,,6280.9,a625f708f76e,7f7745319a61,3.14.7,"H: Swing and no extended hours will provide the bot with better, more reasonable trades and result in a higher sharpe due to less volatile trades.",,,,,,,,,,,,,,,,,,,,,,,,,,,,,,,,,,,,,,,,monte_carlo,default,False,,,False,0.7,,,0.06,False,0.03,0.09,False,close,,0.1,1.5,,10.0,8.0,0.2,100.0,1.0,0.0,2.0,,200.0,SPY,,0.05,0.05,True,0.14,0.05,0.04,20.0,,,1.0,67652.13861888801,-0.4952077425794293,10330.700483694458,125993.20745552078,-0.952774735919932,0.178,,,1199.0,,,,-0.47577653465675607,-0.6276298023629578,-0.8236007818618089,,67934.35282217307,,,,,,,False,True,,,,,,,,,,,,,,,,,,,,,,,,,,,,,,,,,,,,,,,,,,,,,mixed18,,,,,,,,,,,1000_sims,,,,
20260825_020423_robustness_robustness-swing-rth-vol_a625f7,2026-08-25 02:04:23,2026-08-25T07:04:23Z,robustness,robustness-swing-rth-volatile10,,2024-08-19,2026-08-19,,,,False,10,CLSK|COIN|IONQ|LCID|MARA|MSTR|PLTR|RIOT|RIVN|SMCI,4349f37fcd,5Min,,100000.0,zero,0.435177536000003,,0.40103728913941145,,,,,1195.0,,,,0.0,,,,,,,567.01,a625f708f76e,7e49894e2ac4,3.14.7,"H: Swing and no extended hours will provide the bot with better, more reasonable trades and result in a higher sharpe due to less volatile trades.",,,,,,,,,,,,,zero,,,,,,,,,,,,,,,,,,,,,,,,,,,cost_sensitivity,default,False,,,False,0.7,,,0.06,False,0.03,0.09,False,close,,0.1,1.5,,10.0,8.0,0.2,100.0,1.0,0.0,2.0,,200.0,SPY,,0.05,0.05,True,0.14,0.05,0.04,20.0,,-0.45658922275566416,1.0,,,,,,,,,,,,,,,,,,,,,,,,False,True,,,,,,,,,,,,,,,,,,,,,,,,,,,,,,,,,,,,,,,,,,,,,volatile10,,,,,,,,,,,zero,,,,
20260825_020423_robustness_robustness-swing-rth-vol_a625f7,2026-08-25 02:04:23,2026-08-25T07:04:23Z,robustness,robustness-swing-rth-volatile10,,2024-08-19,2026-08-19,,,,False,10,CLSK|COIN|IONQ|LCID|MARA|MSTR|PLTR|RIOT|RIVN|SMCI,4349f37fcd,5Min,,100000.0,large_cap_rth,-0.20934256555407604,,0.15846819893929634,,,,,1167.0,,,,44568.61895540753,,,,,,,567.03,a625f708f76e,7e49894e2ac4,3.14.7,"H: Swing and no extended hours will provide the bot with better, more reasonable trades and result in a higher sharpe due to less volatile trades.",,,,,,,,,,,,,large_cap_rth,,,,,,,,,,,,,,,,,,,,,,,,,,,cost_sensitivity,default,False,,,False,0.7,,,0.06,False,0.03,0.09,False,close,,0.1,1.5,,10.0,8.0,0.2,100.0,1.0,0.0,2.0,,200.0,SPY,,0.05,0.05,True,0.14,0.05,0.04,20.0,,-0.5447509206797831,1.0,,,,,,,,,,,,,,,,,,,,,,,,False,True,,,,,,,,,,,,,,,,,,,,,,,,,,,,,,,,,,,,,,,,,,,,,volatile10,,,,,,,,,,,large_cap_rth,,,,
20260825_020423_robustness_robustness-swing-rth-vol_a625f7,2026-08-25 02:04:23,2026-08-25T07:04:23Z,robustness,robustness-swing-rth-volatile10,,2024-08-19,2026-08-19,,,,False,10,CLSK|COIN|IONQ|LCID|MARA|MSTR|PLTR|RIOT|RIVN|SMCI,4349f37fcd,5Min,,100000.0,realistic,-0.5805760688850241,,-0.10528914974251427,,,,,1140.0,,,,64861.78688850244,,,,,,,567.04,a625f708f76e,7e49894e2ac4,3.14.7,"H: Swing and no extended hours will provide the bot with better, more reasonable trades and result in a higher sharpe due to less volatile trades.",,,,,,,,,,,,,realistic,,,,,,,,,,,,,,,,,,,,,,,,,,,cost_sensitivity,default,False,,,False,0.7,,,0.06,False,0.03,0.09,False,close,,0.1,1.5,,10.0,8.0,0.2,100.0,1.0,0.0,2.0,,200.0,SPY,,0.05,0.05,True,0.14,0.05,0.04,20.0,,-0.6343118397134135,1.0,,,,,,,,,,,,,,,,,,,,,,,,False,True,,,,,,,,,,,,,,,,,,,,,,,,,,,,,,,,,,,,,,,,,,,,,volatile10,,,,,,,,,,,realistic,,,,
20260825_020423_robustness_robustness-swing-rth-vol_a625f7,2026-08-25 02:04:23,2026-08-25T07:04:23Z,robustness,robustness-swing-rth-volatile10,,2024-08-19,2026-08-19,,,,False,10,CLSK|COIN|IONQ|LCID|MARA|MSTR|PLTR|RIOT|RIVN|SMCI,4349f37fcd,5Min,,100000.0,pessimistic,-0.9048114369460312,,-0.7366504643017446,,,,,1140.0,,,,81084.71439460307,,,,,,,567.06,a625f708f76e,7e49894e2ac4,3.14.7,"H: Swing and no extended hours will provide the bot with better, more reasonable trades and result in a higher sharpe due to less volatile trades.",,,,,,,,,,,,,pessimistic,,,,,,,,,,,,,,,,,,,,,,,,,,,cost_sensitivity,default,False,,,False,0.7,,,0.06,False,0.03,0.09,False,close,,0.1,1.5,,10.0,8.0,0.2,100.0,1.0,0.0,2.0,,200.0,SPY,,0.05,0.05,True,0.14,0.05,0.04,20.0,,-0.9097281057603486,1.0,,,,,,,,,,,,,,,,,,,,,,,,False,True,,,,,,,,,,,,,,,,,,,,,,,,,,,,,,,,,,,,,,,,,,,,,volatile10,,,,,,,,,,,pessimistic,,,,
20260825_020423_robustness_robustness-swing-rth-vol_a625f7,2026-08-25 02:04:23,2026-08-25T07:04:23Z,robustness,robustness-swing-rth-volatile10,,2024-08-19,2026-08-19,,,,False,10,CLSK|COIN|IONQ|LCID|MARA|MSTR|PLTR|RIOT|RIVN|SMCI,4349f37fcd,5Min,,100000.0,varies,-0.484964960802313,,0.020568379507200654,,,,,1762.0,,,,,,,,,,,1458.45,a625f708f76e,7e49894e2ac4,3.14.7,"H: Swing and no extended hours will provide the bot with better, more reasonable trades and result in a higher sharpe due to less volatile trades.",,,,,,,,,,,,,,,,,,,,,,,,,,,,,,,,,,,,,,,,sensitivity_min_confidence,default,False,,,False,0.7,,,0.06,False,0.03,0.09,False,close,,0.1,1.5,,10.0,8.0,0.2,100.0,1.0,0.0,2.0,,200.0,SPY,,0.05,0.05,True,0.14,0.05,0.04,20.0,,-0.6729718941382676,1.0,,,,,,,,,,,,,,,,,,,,0.4,,,,False,True,,,,,,,,,,,,,,,,,,,,,,,,,,,,,,,,,,,,,,,,,,,,,volatile10,,,,,,,,,,,min_confidence=0.4,,,,
20260825_020423_robustness_robustness-swing-rth-vol_a625f7,2026-08-25 02:04:23,2026-08-25T07:04:23Z,robustness,robustness-swing-rth-volatile10,,2024-08-19,2026-08-19,,,,False,10,CLSK|COIN|IONQ|LCID|MARA|MSTR|PLTR|RIOT|RIVN|SMCI,4349f37fcd,5Min,,100000.0,varies,-0.484964960802313,,0.020568379507200654,,,,,1762.0,,,,,,,,,,,1458.47,a625f708f76e,7e49894e2ac4,3.14.7,"H: Swing and no extended hours will provide the bot with better, more reasonable trades and result in a higher sharpe due to less volatile trades.",,,,,,,,,,,,,,,,,,,,,,,,,,,,,,,,,,,,,,,,sensitivity_min_confidence,default,False,,,False,0.7,,,0.06,False,0.03,0.09,False,close,,0.1,1.5,,10.0,8.0,0.2,100.0,1.0,0.0,2.0,,200.0,SPY,,0.05,0.05,True,0.14,0.05,0.04,20.0,,-0.6729718941382676,1.0,,,,,,,,,,,,,,,,,,,,0.45,,,,False,True,,,,,,,,,,,,,,,,,,,,,,,,,,,,,,,,,,,,,,,,,,,,,volatile10,,,,,,,,,,,min_confidence=0.45,,,,
20260825_020423_robustness_robustness-swing-rth-vol_a625f7,2026-08-25 02:04:23,2026-08-25T07:04:23Z,robustness,robustness-swing-rth-volatile10,,2024-08-19,2026-08-19,,,,False,10,CLSK|COIN|IONQ|LCID|MARA|MSTR|PLTR|RIOT|RIVN|SMCI,4349f37fcd,5Min,,100000.0,varies,-0.5805760688850241,,-0.10528914974251427,,,,,1140.0,,,,,,,,,,,1458.49,a625f708f76e,7e49894e2ac4,3.14.7,"H: Swing and no extended hours will provide the bot with better, more reasonable trades and result in a higher sharpe due to less volatile trades.",,,,,,,,,,,,,,,,,,,,,,,,,,,,,,,,,,,,,,,,sensitivity_min_confidence,default,False,,,False,0.7,,,0.06,False,0.03,0.09,False,close,,0.1,1.5,,10.0,8.0,0.2,100.0,1.0,0.0,2.0,,200.0,SPY,,0.05,0.05,True,0.14,0.05,0.04,20.0,,-0.6343118397134135,1.0,,,,,,,,,,,,,,,,,,,,0.49,,,,False,True,,,,,,,,,,,,,,,,,,,,,,,,,,,,,,,,,,,,,,,,,,,,,volatile10,,,,,,,,,,,min_confidence=0.49,,,,
20260825_020423_robustness_robustness-swing-rth-vol_a625f7,2026-08-25 02:04:23,2026-08-25T07:04:23Z,robustness,robustness-swing-rth-volatile10,,2024-08-19,2026-08-19,,,,False,10,CLSK|COIN|IONQ|LCID|MARA|MSTR|PLTR|RIOT|RIVN|SMCI,4349f37fcd,5Min,,100000.0,varies,0.03740066751024451,,0.12846487003968687,,,,,19.0,,,,,,,,,,,1458.5,a625f708f76e,7e49894e2ac4,3.14.7,"H: Swing and no extended hours will provide the bot with better, more reasonable trades and result in a higher sharpe due to less volatile trades.",,,,,,,,,,,,,,,,,,,,,,,,,,,,,,,,,,,,,,,,sensitivity_min_confidence,default,False,,,False,0.7,,,0.06,False,0.03,0.09,False,close,,0.1,1.5,,10.0,8.0,0.2,100.0,1.0,0.0,2.0,,200.0,SPY,,0.05,0.05,True,0.14,0.05,0.04,20.0,,-0.07731542441528483,1.0,,,,,,,,,,,,,,,,,,,,0.55,,,,False,True,,,,,,,,,,,,,,,,,,,,,,,,,,,,,,,,,,,,,,,,,,,,,volatile10,,,,,,,,,,,min_confidence=0.55,,,,
20260825_020423_robustness_robustness-swing-rth-vol_a625f7,2026-08-25 02:04:23,2026-08-25T07:04:23Z,robustness,robustness-swing-rth-volatile10,,2024-08-19,2026-08-19,,,,False,10,CLSK|COIN|IONQ|LCID|MARA|MSTR|PLTR|RIOT|RIVN|SMCI,4349f37fcd,5Min,,100000.0,varies,0.03973304760837615,,0.13368394286217658,,,,,18.0,,,,,,,,,,,1458.52,a625f708f76e,7e49894e2ac4,3.14.7,"H: Swing and no extended hours will provide the bot with better, more reasonable trades and result in a higher sharpe due to less volatile trades.",,,,,,,,,,,,,,,,,,,,,,,,,,,,,,,,,,,,,,,,sensitivity_min_confidence,default,False,,,False,0.7,,,0.06,False,0.03,0.09,False,close,,0.1,1.5,,10.0,8.0,0.2,100.0,1.0,0.0,2.0,,200.0,SPY,,0.05,0.05,True,0.14,0.05,0.04,20.0,,-0.07684293116834795,1.0,,,,,,,,,,,,,,,,,,,,0.6,,,,False,True,,,,,,,,,,,,,,,,,,,,,,,,,,,,,,,,,,,,,,,,,,,,,volatile10,,,,,,,,,,,min_confidence=0.6,,,,
20260825_020423_robustness_robustness-swing-rth-vol_a625f7,2026-08-25 02:04:23,2026-08-25T07:04:23Z,robustness,robustness-swing-rth-volatile10,,2024-08-19,2026-08-19,,,,False,10,CLSK|COIN|IONQ|LCID|MARA|MSTR|PLTR|RIOT|RIVN|SMCI,4349f37fcd,5Min,,100000.0,varies,0.04180847939747978,,0.13825157127731122,,,,,17.0,,,,,,,,,,,1458.54,a625f708f76e,7e49894e2ac4,3.14.7,"H: Swing and no extended hours will provide the bot with better, more reasonable trades and result in a higher sharpe due to less volatile trades.",,,,,,,,,,,,,,,,,,,,,,,,,,,,,,,,,,,,,,,,sensitivity_min_confidence,default,False,,,False,0.7,,,0.06,False,0.03,0.09,False,close,,0.1,1.5,,10.0,8.0,0.2,100.0,1.0,0.0,2.0,,200.0,SPY,,0.05,0.05,True,0.14,0.05,0.04,20.0,,-0.07684293116834795,1.0,,,,,,,,,,,,,,,,,,,,0.65,,,,False,True,,,,,,,,,,,,,,,,,,,,,,,,,,,,,,,,,,,,,,,,,,,,,volatile10,,,,,,,,,,,min_confidence=0.65,,,,
20260825_002035_robustness_robustness-swing-mixed18_a625f7,2026-08-25 00:20:35,2026-08-25T05:20:35Z,robustness,robustness-swing-mixed18,,2024-08-19,2026-08-19,,,,False,18,AAPL|AMD|AMZN|CLSK|COIN|GOOGL|IONQ|LCID|MARA|META|MSFT|MSTR|NVDA|PLTR|RIOT|RIVN|SMCI|TSLA,d848afd031,5Min,,100000.0,varies,-0.36152139107218073,,0.0674741426064574,,,,,1488.0,,,,,,,,,,,8183.33,a625f708f76e,7f7745319a61,3.14.7,H: Swing only will reduce the amount of unnecessary trades and make the algo more profitable.,,,,,,,,,,,,,,,,,,,,,,,,,,,,,,,,,,,,,,,,sensitivity_volume_surge_mult,default,False,,,True,0.7,,,0.06,False,0.03,0.09,False,close,,0.1,1.5,,10.0,8.0,0.2,100.0,1.0,0.0,2.0,,200.0,SPY,,0.05,0.05,True,0.14,0.05,0.04,20.0,,-0.5767162994492968,1.0,,,,,,,,,,,,,,,,,,,,,,,,False,True,,,,,,,,,,,,,,,,,,,,,,,,,,,,,,,,,,,,,,,,,,,,,mixed18,,,,,,,,,,,volume_surge_mult=1.2,1.2,,,
20260825_002035_robustness_robustness-swing-mixed18_a625f7,2026-08-25 00:20:35,2026-08-25T05:20:35Z,robustness,robustness-swing-mixed18,,2024-08-19,2026-08-19,,,,False,18,AAPL|AMD|AMZN|CLSK|COIN|GOOGL|IONQ|LCID|MARA|META|MSFT|MSTR|NVDA|PLTR|RIOT|RIVN|SMCI|TSLA,d848afd031,5Min,,100000.0,varies,-0.43901710437398256,,0.0051097171298442184,,,,,1344.0,,,,,,,,,,,8183.35,a625f708f76e,7f7745319a61,3.14.7,H: Swing only will reduce the amount of unnecessary trades and make the algo more profitable.,,,,,,,,,,,,,,,,,,,,,,,,,,,,,,,,,,,,,,,,sensitivity_volume_surge_mult,default,False,,,True,0.7,,,0.06,False,0.03,0.09,False,close,,0.1,1.5,,10.0,8.0,0.2,100.0,1.0,0.0,2.0,,200.0,SPY,,0.05,0.05,True,0.14,0.05,0.04,20.0,,-0.5653643659206222,1.0,,,,,,,,,,,,,,,,,,,,,,,,False,True,,,,,,,,,,,,,,,,,,,,,,,,,,,,,,,,,,,,,,,,,,,,,mixed18,,,,,,,,,,,volume_surge_mult=1.5,1.5,,,
20260825_002035_robustness_robustness-swing-mixed18_a625f7,2026-08-25 00:20:35,2026-08-25T05:20:35Z,robustness,robustness-swing-mixed18,,2024-08-19,2026-08-19,,,,False,18,AAPL|AMD|AMZN|CLSK|COIN|GOOGL|IONQ|LCID|MARA|META|MSFT|MSTR|NVDA|PLTR|RIOT|RIVN|SMCI|TSLA,d848afd031,5Min,,100000.0,varies,-0.3902630020951636,,0.025598218439047544,,,,,1202.0,,,,,,,,,,,8183.37,a625f708f76e,7f7745319a61,3.14.7,H: Swing only will reduce the amount of unnecessary trades and make the algo more profitable.,,,,,,,,,,,,,,,,,,,,,,,,,,,,,,,,,,,,,,,,sensitivity_volume_surge_mult,default,False,,,True,0.7,,,0.06,False,0.03,0.09,False,close,,0.1,1.5,,10.0,8.0,0.2,100.0,1.0,0.0,2.0,,200.0,SPY,,0.05,0.05,True,0.14,0.05,0.04,20.0,,-0.5469780658394743,1.0,,,,,,,,,,,,,,,,,,,,,,,,False,True,,,,,,,,,,,,,,,,,,,,,,,,,,,,,,,,,,,,,,,,,,,,,mixed18,,,,,,,,,,,volume_surge_mult=1.8,1.8,,,
20260825_002035_robustness_robustness-swing-mixed18_a625f7,2026-08-25 00:20:35,2026-08-25T05:20:35Z,robustness,robustness-swing-mixed18,,2024-08-19,2026-08-19,,,,False,18,AAPL|AMD|AMZN|CLSK|COIN|GOOGL|IONQ|LCID|MARA|META|MSFT|MSTR|NVDA|PLTR|RIOT|RIVN|SMCI|TSLA,d848afd031,5Min,,100000.0,varies,-0.30828819762276394,,0.07383274838071037,,,,,1054.0,,,,,,,,,,,8183.38,a625f708f76e,7f7745319a61,3.14.7,H: Swing only will reduce the amount of unnecessary trades and make the algo more profitable.,,,,,,,,,,,,,,,,,,,,,,,,,,,,,,,,,,,,,,,,sensitivity_volume_surge_mult,default,False,,,True,0.7,,,0.06,False,0.03,0.09,False,close,,0.1,1.5,,10.0,8.0,0.2,100.0,1.0,0.0,2.0,,200.0,SPY,,0.05,0.05,True,0.14,0.05,0.04,20.0,,-0.4907681246617236,1.0,,,,,,,,,,,,,,,,,,,,,,,,False,True,,,,,,,,,,,,,,,,,,,,,,,,,,,,,,,,,,,,,,,,,,,,,mixed18,,,,,,,,,,,volume_surge_mult=2.1,2.1,,,
20260825_002035_robustness_robustness-swing-mixed18_a625f7,2026-08-25 00:20:35,2026-08-25T05:20:35Z,robustness,robustness-swing-mixed18,,2024-08-19,2026-08-19,,,,False,18,AAPL|AMD|AMZN|CLSK|COIN|GOOGL|IONQ|LCID|MARA|META|MSFT|MSTR|NVDA|PLTR|RIOT|RIVN|SMCI|TSLA,d848afd031,5Min,,100000.0,varies,-0.09598180833556802,,0.16845078600232988,,,,,925.0,,,,,,,,,,,8183.4,a625f708f76e,7f7745319a61,3.14.7,H: Swing only will reduce the amount of unnecessary trades and make the algo more profitable.,,,,,,,,,,,,,,,,,,,,,,,,,,,,,,,,,,,,,,,,sensitivity_volume_surge_mult,default,False,,,True,0.7,,,0.06,False,0.03,0.09,False,close,,0.1,1.5,,10.0,8.0,0.2,100.0,1.0,0.0,2.0,,200.0,SPY,,0.05,0.05,True,0.14,0.05,0.04,20.0,,-0.4174618957711421,1.0,,,,,,,,,,,,,,,,,,,,,,,,False,True,,,,,,,,,,,,,,,,,,,,,,,,,,,,,,,,,,,,,,,,,,,,,mixed18,,,,,,,,,,,volume_surge_mult=2.5,2.5,,,
20260825_020423_robustness_robustness-swing-rth-vol_a625f7,2026-08-25 02:04:23,2026-08-25T07:04:23Z,robustness,robustness-swing-rth-volatile10,,2024-08-19,2026-08-19,,,,False,10,CLSK|COIN|IONQ|LCID|MARA|MSTR|PLTR|RIOT|RIVN|SMCI,4349f37fcd,5Min,,100000.0,varies,-0.5732163798309053,,-0.09892120364184342,,,,,1140.0,,,,,,,,,,,2171.14,a625f708f76e,7e49894e2ac4,3.14.7,"H: Swing and no extended hours will provide the bot with better, more reasonable trades and result in a higher sharpe due to less volatile trades.",,,,,,,,,,,,,,,,,,,,,,,,,,,,,,,,,,,,,,,,sensitivity_rsi_oversold,default,False,,,False,0.7,,,0.06,False,0.03,0.09,False,close,,0.1,1.5,,10.0,8.0,0.2,100.0,1.0,0.0,2.0,,200.0,SPY,,0.05,0.05,True,0.14,0.05,0.04,20.0,,-0.6343118397134135,1.0,,,,,,,,,,,,,,,,,,,,,,,,False,True,,,,,,,,,,,,,,,,,,,,,,,,,,,,,,,,,,,,,,,,,,,,,volatile10,,25.0,,,,,,,,,rsi_oversold=25.0,,,,
20260825_020423_robustness_robustness-swing-rth-vol_a625f7,2026-08-25 02:04:23,2026-08-25T07:04:23Z,robustness,robustness-swing-rth-volatile10,,2024-08-19,2026-08-19,,,,False,10,CLSK|COIN|IONQ|LCID|MARA|MSTR|PLTR|RIOT|RIVN|SMCI,4349f37fcd,5Min,,100000.0,varies,-0.5732163798309053,,-0.09892120364184342,,,,,1140.0,,,,,,,,,,,2171.16,a625f708f76e,7e49894e2ac4,3.14.7,"H: Swing and no extended hours will provide the bot with better, more reasonable trades and result in a higher sharpe due to less volatile trades.",,,,,,,,,,,,,,,,,,,,,,,,,,,,,,,,,,,,,,,,sensitivity_rsi_oversold,default,False,,,False,0.7,,,0.06,False,0.03,0.09,False,close,,0.1,1.5,,10.0,8.0,0.2,100.0,1.0,0.0,2.0,,200.0,SPY,,0.05,0.05,True,0.14,0.05,0.04,20.0,,-0.6343118397134135,1.0,,,,,,,,,,,,,,,,,,,,,,,,False,True,,,,,,,,,,,,,,,,,,,,,,,,,,,,,,,,,,,,,,,,,,,,,volatile10,,30.0,,,,,,,,,rsi_oversold=30.0,,,,
20260825_020423_robustness_robustness-swing-rth-vol_a625f7,2026-08-25 02:04:23,2026-08-25T07:04:23Z,robustness,robustness-swing-rth-volatile10,,2024-08-19,2026-08-19,,,,False,10,CLSK|COIN|IONQ|LCID|MARA|MSTR|PLTR|RIOT|RIVN|SMCI,4349f37fcd,5Min,,100000.0,varies,-0.5805760688850241,,-0.10528914974251427,,,,,1140.0,,,,,,,,,,,2171.18,a625f708f76e,7e49894e2ac4,3.14.7,"H: Swing and no extended hours will provide the bot with better, more reasonable trades and result in a higher sharpe due to less volatile trades.",,,,,,,,,,,,,,,,,,,,,,,,,,,,,,,,,,,,,,,,sensitivity_rsi_oversold,default,False,,,False,0.7,,,0.06,False,0.03,0.09,False,close,,0.1,1.5,,10.0,8.0,0.2,100.0,1.0,0.0,2.0,,200.0,SPY,,0.05,0.05,True,0.14,0.05,0.04,20.0,,-0.6343118397134135,1.0,,,,,,,,,,,,,,,,,,,,,,,,False,True,,,,,,,,,,,,,,,,,,,,,,,,,,,,,,,,,,,,,,,,,,,,,volatile10,,35.0,,,,,,,,,rsi_oversold=35.0,,,,
20260825_020423_robustness_robustness-swing-rth-vol_a625f7,2026-08-25 02:04:23,2026-08-25T07:04:23Z,robustness,robustness-swing-rth-volatile10,,2024-08-19,2026-08-19,,,,False,10,CLSK|COIN|IONQ|LCID|MARA|MSTR|PLTR|RIOT|RIVN|SMCI,4349f37fcd,5Min,,100000.0,varies,-0.5925224719911343,,-0.11129655772565951,,,,,1156.0,,,,,,,,,,,2171.2,a625f708f76e,7e49894e2ac4,3.14.7,"H: Swing and no extended hours will provide the bot with better, more reasonable trades and result in a higher sharpe due to less volatile trades.",,,,,,,,,,,,,,,,,,,,,,,,,,,,,,,,,,,,,,,,sensitivity_rsi_oversold,default,False,,,False,0.7,,,0.06,False,0.03,0.09,False,close,,0.1,1.5,,10.0,8.0,0.2,100.0,1.0,0.0,2.0,,200.0,SPY,,0.05,0.05,True,0.14,0.05,0.04,20.0,,-0.6556387245545681,1.0,,,,,,,,,,,,,,,,,,,,,,,,False,True,,,,,,,,,,,,,,,,,,,,,,,,,,,,,,,,,,,,,,,,,,,,,volatile10,,40.0,,,,,,,,,rsi_oversold=40.0,,,,
20260825_020423_robustness_robustness-swing-rth-vol_a625f7,2026-08-25 02:04:23,2026-08-25T07:04:23Z,robustness,robustness-swing-rth-volatile10,,2024-08-19,2026-08-19,,,,False,10,CLSK|COIN|IONQ|LCID|MARA|MSTR|PLTR|RIOT|RIVN|SMCI,4349f37fcd,5Min,,100000.0,varies,-0.6932728561041124,,-0.2159939482069331,,,,,1204.0,,,,,,,,,,,2171.21,a625f708f76e,7e49894e2ac4,3.14.7,"H: Swing and no extended hours will provide the bot with better, more reasonable trades and result in a higher sharpe due to less volatile trades.",,,,,,,,,,,,,,,,,,,,,,,,,,,,,,,,,,,,,,,,sensitivity_rsi_oversold,default,False,,,False,0.7,,,0.06,False,0.03,0.09,False,close,,0.1,1.5,,10.0,8.0,0.2,100.0,1.0,0.0,2.0,,200.0,SPY,,0.05,0.05,True,0.14,0.05,0.04,20.0,,-0.7235921876110777,1.0,,,,,,,,,,,,,,,,,,,,,,,,False,True,,,,,,,,,,,,,,,,,,,,,,,,,,,,,,,,,,,,,,,,,,,,,volatile10,,45.0,,,,,,,,,rsi_oversold=45.0,,,,
20260825_002035_robustness_robustness-swing-mixed18_a625f7,2026-08-25 00:20:35,2026-08-25T05:20:35Z,robustness,robustness-swing-mixed18,,2024-08-19 08:00:00+00:00,2026-08-18 23:55:00+00:00,,,,False,18,AAPL|AMD|AMZN|CLSK|COIN|GOOGL|IONQ|LCID|MARA|META|MSFT|MSTR|NVDA|PLTR|RIOT|RIVN|SMCI|TSLA,d848afd031,5Min,,100000.0,REALISTIC,-0.3902630020951636,-0.21936490722726987,0.025598218439047544,0.029783379981258944,-0.4010488188234746,-0.5469780658394743,644.6180555555555,1202.0,0.4767054908485857,0.9164373851204752,-32.46780383487219,69983.61060951639,,,,,,,8587.19,a625f708f76e,7f7745319a61,3.14.7,H: Swing only will reduce the amount of unnecessary trades and make the algo more profitable.,,315.7179700499168,58.22263777829982,-742.4970182350241,,746.9534454804779,,,,4928.554173368611,,,,0.0,0.0,300.0,96000.0,0.0,0.0,6.0,377.0,0.0,475.0,0.0,0.0,0.0,0.0,690.0,0.0,0.9999989117626875,0.0,0.0,0.0,2054.0,,,60973.69979048364,"{""end_of_backtest"": 2, ""max_hold_swing"": 42, ""stop_loss"": 595, ""take_profit"": 109, ""trailing_stop"": 454}",,news_ablation,default,False,,,True,0.7,,,0.06,False,0.03,0.09,False,close,,0.1,1.5,,10.0,8.0,0.2,100.0,1.0,0.0,2.0,,200.0,SPY,,0.05,0.05,True,0.14,0.05,0.04,20.0,,,1.0,,,,,,,,,,,,,,,,,,,200.0,,,,,False,True,,,,,0.5,14.0,,,,,,,0.6,0.49,20.0,0.015,0.45,0.55,,,72.0,35.0,,,,False,,,,,True,,1.8,,,,,,,,80.0,,,30957.310400000006,mixed18,,,100000.0,1202.0,,,,,0.0,69983.61060951639,news_on_buggy,,,,-3416.4497820862193
20260825_002035_robustness_robustness-swing-mixed18_a625f7,2026-08-25 00:20:35,2026-08-25T05:20:35Z,robustness,robustness-swing-mixed18,,2024-08-19 08:00:00+00:00,2026-08-18 23:55:00+00:00,,,,False,18,AAPL|AMD|AMZN|CLSK|COIN|GOOGL|IONQ|LCID|MARA|META|MSFT|MSTR|NVDA|PLTR|RIOT|RIVN|SMCI|TSLA,d848afd031,5Min,,100000.0,REALISTIC,-0.37946173556568563,-0.2124729989308506,0.033073474930536126,0.03848052534785055,-0.38844884685596626,-0.5469780658394743,644.6180555555555,1202.0,0.4767054908485857,0.9186177642781441,-31.569195970522948,70073.5014565686,,,,,,,8993.33,a625f708f76e,7f7745319a61,3.14.7,H: Swing only will reduce the amount of unnecessary trades and make the algo more profitable.,,314.55906821963396,58.29742217684576,-741.2892919941446,,747.5127244463323,,,,4928.554173368611,,,,0.0,0.0,300.0,96000.0,0.0,0.0,6.0,370.0,0.0,474.0,0.0,0.0,0.0,0.0,682.0,0.0,0.9999966713084825,0.0,0.0,0.0,2046.0,,,62053.82644343143,"{""end_of_backtest"": 3, ""max_hold_swing"": 42, ""stop_loss"": 594, ""take_profit"": 109, ""trailing_stop"": 454}",,news_ablation,default,False,,,True,0.7,,,0.06,False,0.03,0.09,False,close,,0.1,1.5,,10.0,8.0,0.2,100.0,1.0,0.0,2.0,,200.0,SPY,,0.05,0.05,True,0.14,0.05,0.04,20.0,,,1.0,,,,,,,,,,,,,,,,,,,199.5,,,,,False,True,,,,,0.5,14.0,,,,,,,0.6,0.49,20.0,0.015,0.45,0.55,,,72.0,35.0,,,,True,,,,,True,,1.8,,,,,,,,80.0,,,32127.32790000001,mixed18,,,100000.0,1202.0,,,,,0.0,70073.5014565686,news_on_fixed,,,,-3416.4497820862193
20260825_020423_robustness_robustness-swing-rth-vol_a625f7,2026-08-25 02:04:23,2026-08-25T07:04:23Z,robustness,robustness-swing-rth-volatile10,,2024-08-19,2026-08-19,,,,False,10,CLSK|COIN|IONQ|LCID|MARA|MSTR|PLTR|RIOT|RIVN|SMCI,4349f37fcd,5Min,,100000.0,varies,-0.5134433005531308,,-0.018316440756637454,,,,,1419.0,,,,,,,,,,,2879.64,a625f708f76e,7e49894e2ac4,3.14.7,"H: Swing and no extended hours will provide the bot with better, more reasonable trades and result in a higher sharpe due to less volatile trades.",,,,,,,,,,,,,,,,,,,,,,,,,,,,,,,,,,,,,,,,sensitivity_volume_surge_mult,default,False,,,False,0.7,,,0.06,False,0.03,0.09,False,close,,0.1,1.5,,10.0,8.0,0.2,100.0,1.0,0.0,2.0,,200.0,SPY,,0.05,0.05,True,0.14,0.05,0.04,20.0,,-0.679282435697418,1.0,,,,,,,,,,,,,,,,,,,,,,,,False,True,,,,,,,,,,,,,,,,,,,,,,,,,,,,,,,,,,,,,,,,,,,,,volatile10,,,,,,,,,,,volume_surge_mult=1.2,1.2,,,
20260825_020423_robustness_robustness-swing-rth-vol_a625f7,2026-08-25 02:04:23,2026-08-25T07:04:23Z,robustness,robustness-swing-rth-volatile10,,2024-08-19,2026-08-19,,,,False,10,CLSK|COIN|IONQ|LCID|MARA|MSTR|PLTR|RIOT|RIVN|SMCI,4349f37fcd,5Min,,100000.0,varies,-0.4864559474166774,,-0.0069587818735309896,,,,,1267.0,,,,,,,,,,,2879.66,a625f708f76e,7e49894e2ac4,3.14.7,"H: Swing and no extended hours will provide the bot with better, more reasonable trades and result in a higher sharpe due to less volatile trades.",,,,,,,,,,,,,,,,,,,,,,,,,,,,,,,,,,,,,,,,sensitivity_volume_surge_mult,default,False,,,False,0.7,,,0.06,False,0.03,0.09,False,close,,0.1,1.5,,10.0,8.0,0.2,100.0,1.0,0.0,2.0,,200.0,SPY,,0.05,0.05,True,0.14,0.05,0.04,20.0,,-0.5893334042399077,1.0,,,,,,,,,,,,,,,,,,,,,,,,False,True,,,,,,,,,,,,,,,,,,,,,,,,,,,,,,,,,,,,,,,,,,,,,volatile10,,,,,,,,,,,volume_surge_mult=1.5,1.5,,,
20260825_020423_robustness_robustness-swing-rth-vol_a625f7,2026-08-25 02:04:23,2026-08-25T07:04:23Z,robustness,robustness-swing-rth-volatile10,,2024-08-19,2026-08-19,,,,False,10,CLSK|COIN|IONQ|LCID|MARA|MSTR|PLTR|RIOT|RIVN|SMCI,4349f37fcd,5Min,,100000.0,varies,-0.5805760688850241,,-0.10528914974251427,,,,,1140.0,,,,,,,,,,,2879.68,a625f708f76e,7e49894e2ac4,3.14.7,"H: Swing and no extended hours will provide the bot with better, more reasonable trades and result in a higher sharpe due to less volatile trades.",,,,,,,,,,,,,,,,,,,,,,,,,,,,,,,,,,,,,,,,sensitivity_volume_surge_mult,default,False,,,False,0.7,,,0.06,False,0.03,0.09,False,close,,0.1,1.5,,10.0,8.0,0.2,100.0,1.0,0.0,2.0,,200.0,SPY,,0.05,0.05,True,0.14,0.05,0.04,20.0,,-0.6343118397134135,1.0,,,,,,,,,,,,,,,,,,,,,,,,False,True,,,,,,,,,,,,,,,,,,,,,,,,,,,,,,,,,,,,,,,,,,,,,volatile10,,,,,,,,,,,volume_surge_mult=1.8,1.8,,,
20260825_020423_robustness_robustness-swing-rth-vol_a625f7,2026-08-25 02:04:23,2026-08-25T07:04:23Z,robustness,robustness-swing-rth-volatile10,,2024-08-19,2026-08-19,,,,False,10,CLSK|COIN|IONQ|LCID|MARA|MSTR|PLTR|RIOT|RIVN|SMCI,4349f37fcd,5Min,,100000.0,varies,-0.5160586549135391,,-0.0679770475869247,,,,,1022.0,,,,,,,,,,,2879.7,a625f708f76e,7e49894e2ac4,3.14.7,"H: Swing and no extended hours will provide the bot with better, more reasonable trades and result in a higher sharpe due to less volatile trades.",,,,,,,,,,,,,,,,,,,,,,,,,,,,,,,,,,,,,,,,sensitivity_volume_surge_mult,default,False,,,False,0.7,,,0.06,False,0.03,0.09,False,close,,0.1,1.5,,10.0,8.0,0.2,100.0,1.0,0.0,2.0,,200.0,SPY,,0.05,0.05,True,0.14,0.05,0.04,20.0,,-0.5807780883782708,1.0,,,,,,,,,,,,,,,,,,,,,,,,False,True,,,,,,,,,,,,,,,,,,,,,,,,,,,,,,,,,,,,,,,,,,,,,volatile10,,,,,,,,,,,volume_surge_mult=2.1,2.1,,,
20260825_020423_robustness_robustness-swing-rth-vol_a625f7,2026-08-25 02:04:23,2026-08-25T07:04:23Z,robustness,robustness-swing-rth-volatile10,,2024-08-19,2026-08-19,,,,False,10,CLSK|COIN|IONQ|LCID|MARA|MSTR|PLTR|RIOT|RIVN|SMCI,4349f37fcd,5Min,,100000.0,varies,-0.41930978736650093,,-0.030872038438943067,,,,,874.0,,,,,,,,,,,2879.72,a625f708f76e,7e49894e2ac4,3.14.7,"H: Swing and no extended hours will provide the bot with better, more reasonable trades and result in a higher sharpe due to less volatile trades.",,,,,,,,,,,,,,,,,,,,,,,,,,,,,,,,,,,,,,,,sensitivity_volume_surge_mult,default,False,,,False,0.7,,,0.06,False,0.03,0.09,False,close,,0.1,1.5,,10.0,8.0,0.2,100.0,1.0,0.0,2.0,,200.0,SPY,,0.05,0.05,True,0.14,0.05,0.04,20.0,,-0.5448711137193158,1.0,,,,,,,,,,,,,,,,,,,,,,,,False,True,,,,,,,,,,,,,,,,,,,,,,,,,,,,,,,,,,,,,,,,,,,,,volatile10,,,,,,,,,,,volume_surge_mult=2.5,2.5,,,
20260825_020423_robustness_robustness-swing-rth-vol_a625f7,2026-08-25 02:04:23,2026-08-25T07:04:23Z,robustness,robustness-swing-rth-volatile10,,2024-08-19 08:00:00+00:00,2026-08-18 23:55:00+00:00,,,,False,10,CLSK|COIN|IONQ|LCID|MARA|MSTR|PLTR|RIOT|RIVN|SMCI,4349f37fcd,5Min,,100000.0,REALISTIC,-0.5805760688850241,-0.3526931164790186,-0.10528914974251427,-0.12062262898898658,-0.556024804200987,-0.6343118397134135,722.40625,1140.0,0.46228070175438596,0.8658881511721285,-50.92772534079162,64861.78688850244,,,,,,,3021.64,a625f708f76e,7e49894e2ac4,3.14.7,"H: Swing and no extended hours will provide the bot with better, more reasonable trades and result in a higher sharpe due to less volatile trades.",,282.5877192982456,56.89630428816004,-706.2061678668405,,711.2842011648404,,,,4830.236529312937,,,,0.0,0.0,300.0,96000.0,0.0,0.0,2.0,325.0,0.0,322.0,0.0,0.0,0.0,0.0,540.0,0.0,0.9999986477830543,0.0,0.0,0.0,1787.0,,,41942.393111497586,"{""end_of_backtest"": 2, ""max_hold_swing"": 28, ""stop_loss"": 586, ""take_profit"": 100, ""trailing_stop"": 424}",,news_ablation,default,False,,,False,0.7,,,0.06,False,0.03,0.09,False,close,,0.1,1.5,,10.0,8.0,0.2,100.0,1.0,0.0,2.0,,200.0,SPY,,0.05,0.05,True,0.14,0.05,0.04,20.0,,,1.0,,,,,,,,,,,,,,,,,,,194.0,,,,,False,True,,,,,0.5,14.0,,,,,,,0.6,0.49,20.0,0.015,0.45,0.55,,,72.0,35.0,,,,False,,,,,True,,1.8,,,,,,,,80.0,,,6804.179999999997,volatile10,,,100000.0,1140.0,,,,,0.0,64861.78688850244,news_on_buggy,,,,-2976.487511024281
20260825_020423_robustness_robustness-swing-rth-vol_a625f7,2026-08-25 02:04:23,2026-08-25T07:04:23Z,robustness,robustness-swing-rth-volatile10,,2024-08-19 08:00:00+00:00,2026-08-18 23:55:00+00:00,,,,False,10,CLSK|COIN|IONQ|LCID|MARA|MSTR|PLTR|RIOT|RIVN|SMCI,4349f37fcd,5Min,,100000.0,REALISTIC,-0.5778959845278648,-0.35062591912281305,-0.10283355674143917,-0.11782454022296829,-0.5527658435025086,-0.6343118397134135,722.40625,1137.0,0.46262093227792433,0.8664423318562833,-50.82638386348857,64904.69415278651,,,,,,,3164.4,a625f708f76e,7e49894e2ac4,3.14.7,"H: Swing and no extended hours will provide the bot with better, more reasonable trades and result in a higher sharpe due to less volatile trades.",,282.0633245382586,57.08416372276738,-708.173446788821,,712.7459648957854,,,,4830.236529312937,,,,0.0,0.0,300.0,96000.0,0.0,0.0,2.0,324.0,0.0,316.0,0.0,0.0,0.0,0.0,535.0,0.0,0.9999986477830543,0.0,0.0,0.0,1777.0,,,42210.401547213514,"{""end_of_backtest"": 1, ""max_hold_swing"": 28, ""stop_loss"": 585, ""take_profit"": 98, ""trailing_stop"": 425}",,news_ablation,default,False,,,False,0.7,,,0.06,False,0.03,0.09,False,close,,0.1,1.5,,10.0,8.0,0.2,100.0,1.0,0.0,2.0,,200.0,SPY,,0.05,0.05,True,0.14,0.05,0.04,20.0,,,1.0,,,,,,,,,,,,,,,,,,,194.0,,,,,False,True,,,,,0.5,14.0,,,,,,,0.6,0.49,20.0,0.015,0.45,0.55,,,72.0,35.0,,,,True,,,,,True,,1.8,,,,,,,,80.0,,,7115.095699999994,volatile10,,,100000.0,1137.0,,,,,0.0,64904.69415278651,news_on_fixed,,,,-2976.487511024281
20260825_002035_robustness_robustness-swing-mixed18_a625f7,2026-08-25 00:20:35,2026-08-25T05:20:35Z,robustness,robustness-swing-mixed18,,2024-08-19 08:00:00+00:00,2026-08-18 23:55:00+00:00,,,,False,18,AAPL|AMD|AMZN|CLSK|COIN|GOOGL|IONQ|LCID|MARA|META|MSFT|MSTR|NVDA|PLTR|RIOT|RIVN|SMCI|TSLA,d848afd031,5Min,,100000.0,REALISTIC,-0.4147140550256442,-0.2351951171722213,0.010495118744587618,0.012222361028126455,-0.4299900340816331,-0.5469780658394743,644.6180555555555,1194.0,0.4731993299832496,0.9117462748612816,-34.7331704376586,70144.14050256439,,,,,,,9397.06,a625f708f76e,7f7745319a61,3.14.7,H: Swing only will reduce the amount of unnecessary trades and make the algo more profitable.,,315.36683417085425,58.74718635055644,-747.0764785781254,,758.3003531381886,,,,4928.554173368611,,,,0.0,0.0,300.0,96000.0,0.0,0.0,6.0,372.0,0.0,486.0,0.0,0.0,0.0,0.0,677.0,0.0,0.9999943011105512,0.0,0.0,0.0,2052.0,,,58528.59449743558,"{""end_of_backtest"": 3, ""max_hold_swing"": 42, ""stop_loss"": 593, ""take_profit"": 111, ""trailing_stop"": 445}",,news_ablation,default,False,,,True,0.7,,,0.06,False,0.03,0.09,False,close,,0.1,1.5,,10.0,8.0,0.2,100.0,1.0,0.0,2.0,,200.0,SPY,,0.05,0.05,True,0.14,0.05,0.04,20.0,,,1.0,,,,,,,,,,,,,,,,,,,200.0,,,,,False,True,,,,,0.5,14.0,,,,,,,0.6,0.49,20.0,0.015,0.45,0.55,,,72.0,35.0,,,,False,,,,,False,,1.8,,,,,,,,80.0,,,28672.735000000008,mixed18,,,100000.0,1194.0,,,,,0.0,70144.14050256439,news_off,,,,-3416.4497820862193
20260825_020423_robustness_robustness-swing-rth-vol_a625f7,2026-08-25 02:04:23,2026-08-25T07:04:23Z,robustness,robustness-swing-rth-volatile10,,2024-08-19 08:00:00+00:00,2026-08-18 23:55:00+00:00,,,,False,10,CLSK|COIN|IONQ|LCID|MARA|MSTR|PLTR|RIOT|RIVN|SMCI,4349f37fcd,5Min,,100000.0,REALISTIC,-0.5765302001231005,-0.34957498638481377,-0.10660784870239937,-0.1220377501104579,-0.5511090358060385,-0.6343118397134135,722.40625,1140.0,0.46228070175438596,0.8660166444909186,-50.572824572201824,64519.25611231008,,,,,,,3306.14,a625f708f76e,7e49894e2ac4,3.14.7,"H: Swing and no extended hours will provide the bot with better, more reasonable trades and result in a higher sharpe due to less volatile trades.",,282.0798245614035,56.595838695008844,-701.9573681494635,,707.1097659645371,,,,4830.236529312937,,,,0.0,0.0,300.0,96000.0,0.0,0.0,2.0,318.0,0.0,314.0,0.0,0.0,0.0,0.0,541.0,0.0,0.9999986477830543,0.0,0.0,0.0,1772.0,,,42346.97998768994,"{""end_of_backtest"": 2, ""max_hold_swing"": 28, ""stop_loss"": 586, ""take_profit"": 98, ""trailing_stop"": 426}",,news_ablation,default,False,,,False,0.7,,,0.06,False,0.03,0.09,False,close,,0.1,1.5,,10.0,8.0,0.2,100.0,1.0,0.0,2.0,,200.0,SPY,,0.05,0.05,True,0.14,0.05,0.04,20.0,,,1.0,,,,,,,,,,,,,,,,,,,195.0,,,,,False,True,,,,,0.5,14.0,,,,,,,0.6,0.49,20.0,0.015,0.45,0.55,,,72.0,35.0,,,,False,,,,,False,,1.8,,,,,,,,80.0,,,6866.236099999995,volatile10,,,100000.0,1140.0,,,,,0.0,64519.25611231008,news_off,,,,-2976.487511024281
20260825_020423_robustness_robustness-swing-rth-vol_a625f7,2026-08-25 02:04:23,2026-08-25T07:04:23Z,robustness,robustness-swing-rth-volatile10,,2024-08-19,2026-08-19,,,,False,10,CLSK|COIN|IONQ|LCID|MARA|MSTR|PLTR|RIOT|RIVN|SMCI,4349f37fcd,5Min,,100000.0,REALISTIC,,,,,,,,,,,,,,,,,,,3448.52,a625f708f76e,7e49894e2ac4,3.14.7,"H: Swing and no extended hours will provide the bot with better, more reasonable trades and result in a higher sharpe due to less volatile trades.",,,,,,,,,,,,,,,,,,,,,,,,,,,,,,,,,,,,,,,,monte_carlo,default,False,,,False,0.7,,,0.06,False,0.03,0.09,False,close,,0.1,1.5,,10.0,8.0,0.2,100.0,1.0,0.0,2.0,,200.0,SPY,,0.05,0.05,True,0.14,0.05,0.04,20.0,,,1.0,41270.45016731386,-0.6769369030109689,-6594.482568603281,90926.83083864208,-1.1247606910367387,0.02,,,1140.0,,,,-0.6516329023110081,-0.7736461779170669,-0.9533228375134373,,41942.39311149756,,,,,,,False,True,,,,,,,,,,,,,,,,,,,,,,,,,,,,,,,,,,,,,,,,,,,,,volatile10,,,,,,,,,,,1000_sims,,,,
20260825_002035_robustness_robustness-swing-mixed18_a625f7,2026-08-25 00:20:35,2026-08-25T05:20:35Z,robustness,robustness-swing-mixed18,,2024-08-19,2026-08-19,,,,False,18,AAPL|AMD|AMZN|CLSK|COIN|GOOGL|IONQ|LCID|MARA|META|MSFT|MSTR|NVDA|PLTR|RIOT|RIVN|SMCI|TSLA,d848afd031,5Min,,100000.0,REALISTIC,,,,,,,,,,,,,,,,,,,9802.47,a625f708f76e,7f7745319a61,3.14.7,H: Swing only will reduce the amount of unnecessary trades and make the algo more profitable.,,,,,,,,,,,,,,,,,,,,,,,,,,,,,,,,,,,,,,,,monte_carlo,default,False,,,True,0.7,,,0.06,False,0.03,0.09,False,close,,0.1,1.5,,10.0,8.0,0.2,100.0,1.0,0.0,2.0,,200.0,SPY,,0.05,0.05,True,0.14,0.05,0.04,20.0,,,1.0,59114.47700213369,-0.5519352784240357,8018.978725846787,117028.72780534229,-0.9700734472060119,0.125,,,1202.0,,,,-0.5239556438133177,-0.6670663778029295,-0.8120068683221612,,60973.699790483624,,,,,,,False,True,,,,,,,,,,,,,,,,,,,,,,,,,,,,,,,,,,,,,,,,,,,,,mixed18,,,,,,,,,,,1000_sims,,,,
20260825_030152_robustness_robustness-swing-rth-sta_a625f7,2026-08-25 03:01:52,2026-08-25T08:01:52Z,robustness,robustness-swing-rth-stable8,,2024-08-19,2026-08-19,,,,False,8,AAPL|AMD|AMZN|GOOGL|META|MSFT|NVDA|TSLA,238588ae78,5Min,,100000.0,zero,0.26901488099999904,,0.4106415236101414,,,,,155.0,,,,0.0,,,,,,,491.18,a625f708f76e,6ea52a3454ef,3.14.7,"H: Swing and no extended hours will provide the bot with better, more reasonable trades and result in a higher sharpe due to less volatile trades.",,,,,,,,,,,,,zero,,,,,,,,,,,,,,,,,,,,,,,,,,,cost_sensitivity,default,False,,,False,0.7,,,0.06,False,0.03,0.09,False,close,,0.1,1.5,,10.0,8.0,0.2,100.0,1.0,0.0,2.0,,200.0,SPY,,0.05,0.05,True,0.14,0.05,0.04,20.0,,-0.15565174035205753,1.0,,,,,,,,,,,,,,,,,,,,,,,,False,True,,,,,,,,,,,,,,,,,,,,,,,,,,,,,,,,,,,,,,,,,,,,,stable8,,,,,,,,,,,zero,,,,
20260825_030152_robustness_robustness-swing-rth-sta_a625f7,2026-08-25 03:01:52,2026-08-25T08:01:52Z,robustness,robustness-swing-rth-stable8,,2024-08-19,2026-08-19,,,,False,8,AAPL|AMD|AMZN|GOOGL|META|MSFT|NVDA|TSLA,238588ae78,5Min,,100000.0,large_cap_rth,0.22073934693259423,,0.35739031756441364,,,,,156.0,,,,4993.350006740646,,,,,,,491.21,a625f708f76e,6ea52a3454ef,3.14.7,"H: Swing and no extended hours will provide the bot with better, more reasonable trades and result in a higher sharpe due to less volatile trades.",,,,,,,,,,,,,large_cap_rth,,,,,,,,,,,,,,,,,,,,,,,,,,,cost_sensitivity,default,False,,,False,0.7,,,0.06,False,0.03,0.09,False,close,,0.1,1.5,,10.0,8.0,0.2,100.0,1.0,0.0,2.0,,200.0,SPY,,0.05,0.05,True,0.14,0.05,0.04,20.0,,-0.16556984356603888,1.0,,,,,,,,,,,,,,,,,,,,,,,,False,True,,,,,,,,,,,,,,,,,,,,,,,,,,,,,,,,,,,,,,,,,,,,,stable8,,,,,,,,,,,large_cap_rth,,,,
20260825_030152_robustness_robustness-swing-rth-sta_a625f7,2026-08-25 03:01:52,2026-08-25T08:01:52Z,robustness,robustness-swing-rth-stable8,,2024-08-19,2026-08-19,,,,False,8,AAPL|AMD|AMZN|GOOGL|META|MSFT|NVDA|TSLA,238588ae78,5Min,,100000.0,realistic,0.18085859890959366,,0.3123980943731437,,,,,155.0,,,,10766.62190904071,,,,,,,491.23,a625f708f76e,6ea52a3454ef,3.14.7,"H: Swing and no extended hours will provide the bot with better, more reasonable trades and result in a higher sharpe due to less volatile trades.",,,,,,,,,,,,,realistic,,,,,,,,,,,,,,,,,,,,,,,,,,,cost_sensitivity,default,False,,,False,0.7,,,0.06,False,0.03,0.09,False,close,,0.1,1.5,,10.0,8.0,0.2,100.0,1.0,0.0,2.0,,200.0,SPY,,0.05,0.05,True,0.14,0.05,0.04,20.0,,-0.1791508481035642,1.0,,,,,,,,,,,,,,,,,,,,,,,,False,True,,,,,,,,,,,,,,,,,,,,,,,,,,,,,,,,,,,,,,,,,,,,,stable8,,,,,,,,,,,realistic,,,,
20260825_030152_robustness_robustness-swing-rth-sta_a625f7,2026-08-25 03:01:52,2026-08-25T08:01:52Z,robustness,robustness-swing-rth-stable8,,2024-08-19,2026-08-19,,,,False,8,AAPL|AMD|AMZN|GOOGL|META|MSFT|NVDA|TSLA,238588ae78,5Min,,100000.0,pessimistic,-0.020440941583409478,,0.03886652970080318,,,,,154.0,,,,26292.095858340945,,,,,,,491.25,a625f708f76e,6ea52a3454ef,3.14.7,"H: Swing and no extended hours will provide the bot with better, more reasonable trades and result in a higher sharpe due to less volatile trades.",,,,,,,,,,,,,pessimistic,,,,,,,,,,,,,,,,,,,,,,,,,,,cost_sensitivity,default,False,,,False,0.7,,,0.06,False,0.03,0.09,False,close,,0.1,1.5,,10.0,8.0,0.2,100.0,1.0,0.0,2.0,,200.0,SPY,,0.05,0.05,True,0.14,0.05,0.04,20.0,,-0.21588785220840812,1.0,,,,,,,,,,,,,,,,,,,,,,,,False,True,,,,,,,,,,,,,,,,,,,,,,,,,,,,,,,,,,,,,,,,,,,,,stable8,,,,,,,,,,,pessimistic,,,,
20260825_030358_robustness_robustness-swing-volatil_a625f7,2026-08-25 03:03:58,2026-08-25T08:03:58Z,robustness,robustness-swing-volatile10,,2024-08-19,2026-08-19,,,,False,10,CLSK|COIN|IONQ|LCID|MARA|MSTR|PLTR|RIOT|RIVN|SMCI,4349f37fcd,5Min,,100000.0,zero,0.470775882000003,,0.4109390952320712,,,,,1198.0,,,,0.0,,,,,,,846.26,a625f708f76e,7e49894e2ac4,3.14.7,H: Swing only will reduce the amount of unnecessary trades and make the algo more profitable.,,,,,,,,,,,,,zero,,,,,,,,,,,,,,,,,,,,,,,,,,,cost_sensitivity,default,False,,,True,0.7,,,0.06,False,0.03,0.09,False,close,,0.1,1.5,,10.0,8.0,0.2,100.0,1.0,0.0,2.0,,200.0,SPY,,0.05,0.05,True,0.14,0.05,0.04,20.0,,-0.45658922275566416,1.0,,,,,,,,,,,,,,,,,,,,,,,,False,True,,,,,,,,,,,,,,,,,,,,,,,,,,,,,,,,,,,,,,,,,,,,,volatile10,,,,,,,,,,,zero,,,,
20260825_030358_robustness_robustness-swing-volatil_a625f7,2026-08-25 03:03:58,2026-08-25T08:03:58Z,robustness,robustness-swing-volatile10,,2024-08-19,2026-08-19,,,,False,10,CLSK|COIN|IONQ|LCID|MARA|MSTR|PLTR|RIOT|RIVN|SMCI,4349f37fcd,5Min,,100000.0,large_cap_rth,-0.1954676159398686,,0.16523632155690907,,,,,1171.0,,,,44598.12019398683,,,,,,,846.28,a625f708f76e,7e49894e2ac4,3.14.7,H: Swing only will reduce the amount of unnecessary trades and make the algo more profitable.,,,,,,,,,,,,,large_cap_rth,,,,,,,,,,,,,,,,,,,,,,,,,,,cost_sensitivity,default,False,,,True,0.7,,,0.06,False,0.03,0.09,False,close,,0.1,1.5,,10.0,8.0,0.2,100.0,1.0,0.0,2.0,,200.0,SPY,,0.05,0.05,True,0.14,0.05,0.04,20.0,,-0.5447509206797831,1.0,,,,,,,,,,,,,,,,,,,,,,,,False,True,,,,,,,,,,,,,,,,,,,,,,,,,,,,,,,,,,,,,,,,,,,,,volatile10,,,,,,,,,,,large_cap_rth,,,,
20260825_030358_robustness_robustness-swing-volatil_a625f7,2026-08-25 03:03:58,2026-08-25T08:03:58Z,robustness,robustness-swing-volatile10,,2024-08-19,2026-08-19,,,,False,10,CLSK|COIN|IONQ|LCID|MARA|MSTR|PLTR|RIOT|RIVN|SMCI,4349f37fcd,5Min,,100000.0,realistic,-0.5354493478113819,,-0.06059939836224295,,,,,1146.0,,,,65031.537781138235,,,,,,,846.3,a625f708f76e,7e49894e2ac4,3.14.7,H: Swing only will reduce the amount of unnecessary trades and make the algo more profitable.,,,,,,,,,,,,,realistic,,,,,,,,,,,,,,,,,,,,,,,,,,,cost_sensitivity,default,False,,,True,0.7,,,0.06,False,0.03,0.09,False,close,,0.1,1.5,,10.0,8.0,0.2,100.0,1.0,0.0,2.0,,200.0,SPY,,0.05,0.05,True,0.14,0.05,0.04,20.0,,-0.6343118397134135,1.0,,,,,,,,,,,,,,,,,,,,,,,,False,True,,,,,,,,,,,,,,,,,,,,,,,,,,,,,,,,,,,,,,,,,,,,,volatile10,,,,,,,,,,,realistic,,,,
20260825_030358_robustness_robustness-swing-volatil_a625f7,2026-08-25 03:03:58,2026-08-25T08:03:58Z,robustness,robustness-swing-volatile10,,2024-08-19,2026-08-19,,,,False,10,CLSK|COIN|IONQ|LCID|MARA|MSTR|PLTR|RIOT|RIVN|SMCI,4349f37fcd,5Min,,100000.0,pessimistic,-0.8940933115891284,,-0.6856499455619743,,,,,1142.0,,,,81250.29715891281,,,,,,,846.32,a625f708f76e,7e49894e2ac4,3.14.7,H: Swing only will reduce the amount of unnecessary trades and make the algo more profitable.,,,,,,,,,,,,,pessimistic,,,,,,,,,,,,,,,,,,,,,,,,,,,cost_sensitivity,default,False,,,True,0.7,,,0.06,False,0.03,0.09,False,close,,0.1,1.5,,10.0,8.0,0.2,100.0,1.0,0.0,2.0,,200.0,SPY,,0.05,0.05,True,0.14,0.05,0.04,20.0,,-0.9004660671675706,1.0,,,,,,,,,,,,,,,,,,,,,,,,False,True,,,,,,,,,,,,,,,,,,,,,,,,,,,,,,,,,,,,,,,,,,,,,volatile10,,,,,,,,,,,pessimistic,,,,
20260825_030152_robustness_robustness-swing-rth-sta_a625f7,2026-08-25 03:01:52,2026-08-25T08:01:52Z,robustness,robustness-swing-rth-stable8,,2024-08-19,2026-08-19,,,,False,8,AAPL|AMD|AMZN|GOOGL|META|MSFT|NVDA|TSLA,238588ae78,5Min,,100000.0,varies,0.12707976529659692,,0.2230847751816465,,,,,404.0,,,,,,,,,,,1222.34,a625f708f76e,6ea52a3454ef,3.14.7,"H: Swing and no extended hours will provide the bot with better, more reasonable trades and result in a higher sharpe due to less volatile trades.",,,,,,,,,,,,,,,,,,,,,,,,,,,,,,,,,,,,,,,,sensitivity_min_confidence,default,False,,,False,0.7,,,0.06,False,0.03,0.09,False,close,,0.1,1.5,,10.0,8.0,0.2,100.0,1.0,0.0,2.0,,200.0,SPY,,0.05,0.05,True,0.14,0.05,0.04,20.0,,-0.2756373014735346,1.0,,,,,,,,,,,,,,,,,,,,0.4,,,,False,True,,,,,,,,,,,,,,,,,,,,,,,,,,,,,,,,,,,,,,,,,,,,,stable8,,,,,,,,,,,min_confidence=0.4,,,,
20260825_030152_robustness_robustness-swing-rth-sta_a625f7,2026-08-25 03:01:52,2026-08-25T08:01:52Z,robustness,robustness-swing-rth-stable8,,2024-08-19,2026-08-19,,,,False,8,AAPL|AMD|AMZN|GOOGL|META|MSFT|NVDA|TSLA,238588ae78,5Min,,100000.0,varies,0.12707976529659692,,0.2230847751816465,,,,,404.0,,,,,,,,,,,1222.36,a625f708f76e,6ea52a3454ef,3.14.7,"H: Swing and no extended hours will provide the bot with better, more reasonable trades and result in a higher sharpe due to less volatile trades.",,,,,,,,,,,,,,,,,,,,,,,,,,,,,,,,,,,,,,,,sensitivity_min_confidence,default,False,,,False,0.7,,,0.06,False,0.03,0.09,False,close,,0.1,1.5,,10.0,8.0,0.2,100.0,1.0,0.0,2.0,,200.0,SPY,,0.05,0.05,True,0.14,0.05,0.04,20.0,,-0.2756373014735346,1.0,,,,,,,,,,,,,,,,,,,,0.45,,,,False,True,,,,,,,,,,,,,,,,,,,,,,,,,,,,,,,,,,,,,,,,,,,,,stable8,,,,,,,,,,,min_confidence=0.45,,,,
20260825_030152_robustness_robustness-swing-rth-sta_a625f7,2026-08-25 03:01:52,2026-08-25T08:01:52Z,robustness,robustness-swing-rth-stable8,,2024-08-19,2026-08-19,,,,False,8,AAPL|AMD|AMZN|GOOGL|META|MSFT|NVDA|TSLA,238588ae78,5Min,,100000.0,varies,0.18085859890959366,,0.3123980943731437,,,,,155.0,,,,,,,,,,,1222.38,a625f708f76e,6ea52a3454ef,3.14.7,"H: Swing and no extended hours will provide the bot with better, more reasonable trades and result in a higher sharpe due to less volatile trades.",,,,,,,,,,,,,,,,,,,,,,,,,,,,,,,,,,,,,,,,sensitivity_min_confidence,default,False,,,False,0.7,,,0.06,False,0.03,0.09,False,close,,0.1,1.5,,10.0,8.0,0.2,100.0,1.0,0.0,2.0,,200.0,SPY,,0.05,0.05,True,0.14,0.05,0.04,20.0,,-0.1791508481035642,1.0,,,,,,,,,,,,,,,,,,,,0.49,,,,False,True,,,,,,,,,,,,,,,,,,,,,,,,,,,,,,,,,,,,,,,,,,,,,stable8,,,,,,,,,,,min_confidence=0.49,,,,
20260825_030152_robustness_robustness-swing-rth-sta_a625f7,2026-08-25 03:01:52,2026-08-25T08:01:52Z,robustness,robustness-swing-rth-stable8,,2024-08-19,2026-08-19,,,,False,8,AAPL|AMD|AMZN|GOOGL|META|MSFT|NVDA|TSLA,238588ae78,5Min,,100000.0,varies,-0.002194243394717077,,-0.086839279657959,,,,,1.0,,,,,,,,,,,1222.4,a625f708f76e,6ea52a3454ef,3.14.7,"H: Swing and no extended hours will provide the bot with better, more reasonable trades and result in a higher sharpe due to less volatile trades.",,,,,,,,,,,,,,,,,,,,,,,,,,,,,,,,,,,,,,,,sensitivity_min_confidence,default,False,,,False,0.7,,,0.06,False,0.03,0.09,False,close,,0.1,1.5,,10.0,8.0,0.2,100.0,1.0,0.0,2.0,,200.0,SPY,,0.05,0.05,True,0.14,0.05,0.04,20.0,,-0.012567517823649399,1.0,,,,,,,,,,,,,,,,,,,,0.55,,,,False,True,,,,,,,,,,,,,,,,,,,,,,,,,,,,,,,,,,,,,,,,,,,,,stable8,,,,,,,,,,,min_confidence=0.55,,,,
20260825_030152_robustness_robustness-swing-rth-sta_a625f7,2026-08-25 03:01:52,2026-08-25T08:01:52Z,robustness,robustness-swing-rth-stable8,,2024-08-19,2026-08-19,,,,False,8,AAPL|AMD|AMZN|GOOGL|META|MSFT|NVDA|TSLA,238588ae78,5Min,,100000.0,varies,-0.002194243394717077,,-0.086839279657959,,,,,1.0,,,,,,,,,,,1222.42,a625f708f76e,6ea52a3454ef,3.14.7,"H: Swing and no extended hours will provide the bot with better, more reasonable trades and result in a higher sharpe due to less volatile trades.",,,,,,,,,,,,,,,,,,,,,,,,,,,,,,,,,,,,,,,,sensitivity_min_confidence,default,False,,,False,0.7,,,0.06,False,0.03,0.09,False,close,,0.1,1.5,,10.0,8.0,0.2,100.0,1.0,0.0,2.0,,200.0,SPY,,0.05,0.05,True,0.14,0.05,0.04,20.0,,-0.012567517823649399,1.0,,,,,,,,,,,,,,,,,,,,0.6,,,,False,True,,,,,,,,,,,,,,,,,,,,,,,,,,,,,,,,,,,,,,,,,,,,,stable8,,,,,,,,,,,min_confidence=0.6,,,,
20260825_030152_robustness_robustness-swing-rth-sta_a625f7,2026-08-25 03:01:52,2026-08-25T08:01:52Z,robustness,robustness-swing-rth-stable8,,2024-08-19,2026-08-19,,,,False,8,AAPL|AMD|AMZN|GOOGL|META|MSFT|NVDA|TSLA,238588ae78,5Min,,100000.0,varies,-0.002194243394717077,,-0.086839279657959,,,,,1.0,,,,,,,,,,,1222.44,a625f708f76e,6ea52a3454ef,3.14.7,"H: Swing and no extended hours will provide the bot with better, more reasonable trades and result in a higher sharpe due to less volatile trades.",,,,,,,,,,,,,,,,,,,,,,,,,,,,,,,,,,,,,,,,sensitivity_min_confidence,default,False,,,False,0.7,,,0.06,False,0.03,0.09,False,close,,0.1,1.5,,10.0,8.0,0.2,100.0,1.0,0.0,2.0,,200.0,SPY,,0.05,0.05,True,0.14,0.05,0.04,20.0,,-0.012567517823649399,1.0,,,,,,,,,,,,,,,,,,,,0.65,,,,False,True,,,,,,,,,,,,,,,,,,,,,,,,,,,,,,,,,,,,,,,,,,,,,stable8,,,,,,,,,,,min_confidence=0.65,,,,
20260825_030152_robustness_robustness-swing-rth-sta_a625f7,2026-08-25 03:01:52,2026-08-25T08:01:52Z,robustness,robustness-swing-rth-stable8,,2024-08-19,2026-08-19,,,,False,8,AAPL|AMD|AMZN|GOOGL|META|MSFT|NVDA|TSLA,238588ae78,5Min,,100000.0,varies,0.18085859890959366,,0.3123980943731437,,,,,155.0,,,,,,,,,,,1836.99,a625f708f76e,6ea52a3454ef,3.14.7,"H: Swing and no extended hours will provide the bot with better, more reasonable trades and result in a higher sharpe due to less volatile trades.",,,,,,,,,,,,,,,,,,,,,,,,,,,,,,,,,,,,,,,,sensitivity_rsi_oversold,default,False,,,False,0.7,,,0.06,False,0.03,0.09,False,close,,0.1,1.5,,10.0,8.0,0.2,100.0,1.0,0.0,2.0,,200.0,SPY,,0.05,0.05,True,0.14,0.05,0.04,20.0,,-0.1791508481035642,1.0,,,,,,,,,,,,,,,,,,,,,,,,False,True,,,,,,,,,,,,,,,,,,,,,,,,,,,,,,,,,,,,,,,,,,,,,stable8,,25.0,,,,,,,,,rsi_oversold=25.0,,,,
20260825_030152_robustness_robustness-swing-rth-sta_a625f7,2026-08-25 03:01:52,2026-08-25T08:01:52Z,robustness,robustness-swing-rth-stable8,,2024-08-19,2026-08-19,,,,False,8,AAPL|AMD|AMZN|GOOGL|META|MSFT|NVDA|TSLA,238588ae78,5Min,,100000.0,varies,0.18085859890959366,,0.3123980943731437,,,,,155.0,,,,,,,,,,,1837.01,a625f708f76e,6ea52a3454ef,3.14.7,"H: Swing and no extended hours will provide the bot with better, more reasonable trades and result in a higher sharpe due to less volatile trades.",,,,,,,,,,,,,,,,,,,,,,,,,,,,,,,,,,,,,,,,sensitivity_rsi_oversold,default,False,,,False,0.7,,,0.06,False,0.03,0.09,False,close,,0.1,1.5,,10.0,8.0,0.2,100.0,1.0,0.0,2.0,,200.0,SPY,,0.05,0.05,True,0.14,0.05,0.04,20.0,,-0.1791508481035642,1.0,,,,,,,,,,,,,,,,,,,,,,,,False,True,,,,,,,,,,,,,,,,,,,,,,,,,,,,,,,,,,,,,,,,,,,,,stable8,,30.0,,,,,,,,,rsi_oversold=30.0,,,,
20260825_030152_robustness_robustness-swing-rth-sta_a625f7,2026-08-25 03:01:52,2026-08-25T08:01:52Z,robustness,robustness-swing-rth-stable8,,2024-08-19,2026-08-19,,,,False,8,AAPL|AMD|AMZN|GOOGL|META|MSFT|NVDA|TSLA,238588ae78,5Min,,100000.0,varies,0.18085859890959366,,0.3123980943731437,,,,,155.0,,,,,,,,,,,1837.03,a625f708f76e,6ea52a3454ef,3.14.7,"H: Swing and no extended hours will provide the bot with better, more reasonable trades and result in a higher sharpe due to less volatile trades.",,,,,,,,,,,,,,,,,,,,,,,,,,,,,,,,,,,,,,,,sensitivity_rsi_oversold,default,False,,,False,0.7,,,0.06,False,0.03,0.09,False,close,,0.1,1.5,,10.0,8.0,0.2,100.0,1.0,0.0,2.0,,200.0,SPY,,0.05,0.05,True,0.14,0.05,0.04,20.0,,-0.1791508481035642,1.0,,,,,,,,,,,,,,,,,,,,,,,,False,True,,,,,,,,,,,,,,,,,,,,,,,,,,,,,,,,,,,,,,,,,,,,,stable8,,35.0,,,,,,,,,rsi_oversold=35.0,,,,
20260825_030152_robustness_robustness-swing-rth-sta_a625f7,2026-08-25 03:01:52,2026-08-25T08:01:52Z,robustness,robustness-swing-rth-stable8,,2024-08-19,2026-08-19,,,,False,8,AAPL|AMD|AMZN|GOOGL|META|MSFT|NVDA|TSLA,238588ae78,5Min,,100000.0,varies,0.16918914618673497,,0.2980462280212827,,,,,156.0,,,,,,,,,,,1837.05,a625f708f76e,6ea52a3454ef,3.14.7,"H: Swing and no extended hours will provide the bot with better, more reasonable trades and result in a higher sharpe due to less volatile trades.",,,,,,,,,,,,,,,,,,,,,,,,,,,,,,,,,,,,,,,,sensitivity_rsi_oversold,default,False,,,False,0.7,,,0.06,False,0.03,0.09,False,close,,0.1,1.5,,10.0,8.0,0.2,100.0,1.0,0.0,2.0,,200.0,SPY,,0.05,0.05,True,0.14,0.05,0.04,20.0,,-0.1791508481035642,1.0,,,,,,,,,,,,,,,,,,,,,,,,False,True,,,,,,,,,,,,,,,,,,,,,,,,,,,,,,,,,,,,,,,,,,,,,stable8,,40.0,,,,,,,,,rsi_oversold=40.0,,,,
20260825_030152_robustness_robustness-swing-rth-sta_a625f7,2026-08-25 03:01:52,2026-08-25T08:01:52Z,robustness,robustness-swing-rth-stable8,,2024-08-19,2026-08-19,,,,False,8,AAPL|AMD|AMZN|GOOGL|META|MSFT|NVDA|TSLA,238588ae78,5Min,,100000.0,varies,0.14757078037454563,,0.26944510751261413,,,,,160.0,,,,,,,,,,,1837.07,a625f708f76e,6ea52a3454ef,3.14.7,"H: Swing and no extended hours will provide the bot with better, more reasonable trades and result in a higher sharpe due to less volatile trades.",,,,,,,,,,,,,,,,,,,,,,,,,,,,,,,,,,,,,,,,sensitivity_rsi_oversold,default,False,,,False,0.7,,,0.06,False,0.03,0.09,False,close,,0.1,1.5,,10.0,8.0,0.2,100.0,1.0,0.0,2.0,,200.0,SPY,,0.05,0.05,True,0.14,0.05,0.04,20.0,,-0.17821393183111123,1.0,,,,,,,,,,,,,,,,,,,,,,,,False,True,,,,,,,,,,,,,,,,,,,,,,,,,,,,,,,,,,,,,,,,,,,,,stable8,,45.0,,,,,,,,,rsi_oversold=45.0,,,,
20260825_030358_robustness_robustness-swing-volatil_a625f7,2026-08-25 03:03:58,2026-08-25T08:03:58Z,robustness,robustness-swing-volatile10,,2024-08-19,2026-08-19,,,,False,10,CLSK|COIN|IONQ|LCID|MARA|MSTR|PLTR|RIOT|RIVN|SMCI,4349f37fcd,5Min,,100000.0,varies,-0.5159484538064005,,-0.006618004080278652,,,,,1776.0,,,,,,,,,,,2210.37,a625f708f76e,7e49894e2ac4,3.14.7,H: Swing only will reduce the amount of unnecessary trades and make the algo more profitable.,,,,,,,,,,,,,,,,,,,,,,,,,,,,,,,,,,,,,,,,sensitivity_min_confidence,default,False,,,True,0.7,,,0.06,False,0.03,0.09,False,close,,0.1,1.5,,10.0,8.0,0.2,100.0,1.0,0.0,2.0,,200.0,SPY,,0.05,0.05,True,0.14,0.05,0.04,20.0,,-0.692572246698389,1.0,,,,,,,,,,,,,,,,,,,,0.4,,,,False,True,,,,,,,,,,,,,,,,,,,,,,,,,,,,,,,,,,,,,,,,,,,,,volatile10,,,,,,,,,,,min_confidence=0.4,,,,
20260825_030358_robustness_robustness-swing-volatil_a625f7,2026-08-25 03:03:58,2026-08-25T08:03:58Z,robustness,robustness-swing-volatile10,,2024-08-19,2026-08-19,,,,False,10,CLSK|COIN|IONQ|LCID|MARA|MSTR|PLTR|RIOT|RIVN|SMCI,4349f37fcd,5Min,,100000.0,varies,-0.5159484538064005,,-0.006618004080278652,,,,,1776.0,,,,,,,,,,,2210.39,a625f708f76e,7e49894e2ac4,3.14.7,H: Swing only will reduce the amount of unnecessary trades and make the algo more profitable.,,,,,,,,,,,,,,,,,,,,,,,,,,,,,,,,,,,,,,,,sensitivity_min_confidence,default,False,,,True,0.7,,,0.06,False,0.03,0.09,False,close,,0.1,1.5,,10.0,8.0,0.2,100.0,1.0,0.0,2.0,,200.0,SPY,,0.05,0.05,True,0.14,0.05,0.04,20.0,,-0.692572246698389,1.0,,,,,,,,,,,,,,,,,,,,0.45,,,,False,True,,,,,,,,,,,,,,,,,,,,,,,,,,,,,,,,,,,,,,,,,,,,,volatile10,,,,,,,,,,,min_confidence=0.45,,,,
20260825_030358_robustness_robustness-swing-volatil_a625f7,2026-08-25 03:03:58,2026-08-25T08:03:58Z,robustness,robustness-swing-volatile10,,2024-08-19,2026-08-19,,,,False,10,CLSK|COIN|IONQ|LCID|MARA|MSTR|PLTR|RIOT|RIVN|SMCI,4349f37fcd,5Min,,100000.0,varies,-0.5354493478113819,,-0.06059939836224295,,,,,1146.0,,,,,,,,,,,2210.41,a625f708f76e,7e49894e2ac4,3.14.7,H: Swing only will reduce the amount of unnecessary trades and make the algo more profitable.,,,,,,,,,,,,,,,,,,,,,,,,,,,,,,,,,,,,,,,,sensitivity_min_confidence,default,False,,,True,0.7,,,0.06,False,0.03,0.09,False,close,,0.1,1.5,,10.0,8.0,0.2,100.0,1.0,0.0,2.0,,200.0,SPY,,0.05,0.05,True,0.14,0.05,0.04,20.0,,-0.6343118397134135,1.0,,,,,,,,,,,,,,,,,,,,0.49,,,,False,True,,,,,,,,,,,,,,,,,,,,,,,,,,,,,,,,,,,,,,,,,,,,,volatile10,,,,,,,,,,,min_confidence=0.49,,,,
20260825_030358_robustness_robustness-swing-volatil_a625f7,2026-08-25 03:03:58,2026-08-25T08:03:58Z,robustness,robustness-swing-volatile10,,2024-08-19,2026-08-19,,,,False,10,CLSK|COIN|IONQ|LCID|MARA|MSTR|PLTR|RIOT|RIVN|SMCI,4349f37fcd,5Min,,100000.0,varies,0.03369055235969043,,0.11907274015676148,,,,,22.0,,,,,,,,,,,2210.43,a625f708f76e,7e49894e2ac4,3.14.7,H: Swing only will reduce the amount of unnecessary trades and make the algo more profitable.,,,,,,,,,,,,,,,,,,,,,,,,,,,,,,,,,,,,,,,,sensitivity_min_confidence,default,False,,,True,0.7,,,0.06,False,0.03,0.09,False,close,,0.1,1.5,,10.0,8.0,0.2,100.0,1.0,0.0,2.0,,200.0,SPY,,0.05,0.05,True,0.14,0.05,0.04,20.0,,-0.07731427761012244,1.0,,,,,,,,,,,,,,,,,,,,0.55,,,,False,True,,,,,,,,,,,,,,,,,,,,,,,,,,,,,,,,,,,,,,,,,,,,,volatile10,,,,,,,,,,,min_confidence=0.55,,,,
20260825_030358_robustness_robustness-swing-volatil_a625f7,2026-08-25 03:03:58,2026-08-25T08:03:58Z,robustness,robustness-swing-volatile10,,2024-08-19,2026-08-19,,,,False,10,CLSK|COIN|IONQ|LCID|MARA|MSTR|PLTR|RIOT|RIVN|SMCI,4349f37fcd,5Min,,100000.0,varies,0.03611212330589786,,0.1242299529990739,,,,,21.0,,,,,,,,,,,2210.45,a625f708f76e,7e49894e2ac4,3.14.7,H: Swing only will reduce the amount of unnecessary trades and make the algo more profitable.,,,,,,,,,,,,,,,,,,,,,,,,,,,,,,,,,,,,,,,,sensitivity_min_confidence,default,False,,,True,0.7,,,0.06,False,0.03,0.09,False,close,,0.1,1.5,,10.0,8.0,0.2,100.0,1.0,0.0,2.0,,200.0,SPY,,0.05,0.05,True,0.14,0.05,0.04,20.0,,-0.07684398207743515,1.0,,,,,,,,,,,,,,,,,,,,0.6,,,,False,True,,,,,,,,,,,,,,,,,,,,,,,,,,,,,,,,,,,,,,,,,,,,,volatile10,,,,,,,,,,,min_confidence=0.6,,,,
20260825_030358_robustness_robustness-swing-volatil_a625f7,2026-08-25 03:03:58,2026-08-25T08:03:58Z,robustness,robustness-swing-volatile10,,2024-08-19,2026-08-19,,,,False,10,CLSK|COIN|IONQ|LCID|MARA|MSTR|PLTR|RIOT|RIVN|SMCI,4349f37fcd,5Min,,100000.0,varies,0.03611212330589786,,0.1242299529990739,,,,,21.0,,,,,,,,,,,2210.47,a625f708f76e,7e49894e2ac4,3.14.7,H: Swing only will reduce the amount of unnecessary trades and make the algo more profitable.,,,,,,,,,,,,,,,,,,,,,,,,,,,,,,,,,,,,,,,,sensitivity_min_confidence,default,False,,,True,0.7,,,0.06,False,0.03,0.09,False,close,,0.1,1.5,,10.0,8.0,0.2,100.0,1.0,0.0,2.0,,200.0,SPY,,0.05,0.05,True,0.14,0.05,0.04,20.0,,-0.07684398207743515,1.0,,,,,,,,,,,,,,,,,,,,0.65,,,,False,True,,,,,,,,,,,,,,,,,,,,,,,,,,,,,,,,,,,,,,,,,,,,,volatile10,,,,,,,,,,,min_confidence=0.65,,,,
20260825_030152_robustness_robustness-swing-rth-sta_a625f7,2026-08-25 03:01:52,2026-08-25T08:01:52Z,robustness,robustness-swing-rth-stable8,,2024-08-19,2026-08-19,,,,False,8,AAPL|AMD|AMZN|GOOGL|META|MSFT|NVDA|TSLA,238588ae78,5Min,,100000.0,varies,0.15213738340224392,,0.2500952568838231,,,,,236.0,,,,,,,,,,,2448.16,a625f708f76e,6ea52a3454ef,3.14.7,"H: Swing and no extended hours will provide the bot with better, more reasonable trades and result in a higher sharpe due to less volatile trades.",,,,,,,,,,,,,,,,,,,,,,,,,,,,,,,,,,,,,,,,sensitivity_volume_surge_mult,default,False,,,False,0.7,,,0.06,False,0.03,0.09,False,close,,0.1,1.5,,10.0,8.0,0.2,100.0,1.0,0.0,2.0,,200.0,SPY,,0.05,0.05,True,0.14,0.05,0.04,20.0,,-0.17593047774867576,1.0,,,,,,,,,,,,,,,,,,,,,,,,False,True,,,,,,,,,,,,,,,,,,,,,,,,,,,,,,,,,,,,,,,,,,,,,stable8,,,,,,,,,,,volume_surge_mult=1.2,1.2,,,
20260825_030152_robustness_robustness-swing-rth-sta_a625f7,2026-08-25 03:01:52,2026-08-25T08:01:52Z,robustness,robustness-swing-rth-stable8,,2024-08-19,2026-08-19,,,,False,8,AAPL|AMD|AMZN|GOOGL|META|MSFT|NVDA|TSLA,238588ae78,5Min,,100000.0,varies,0.08360667921568199,,0.18216589612240808,,,,,192.0,,,,,,,,,,,2448.18,a625f708f76e,6ea52a3454ef,3.14.7,"H: Swing and no extended hours will provide the bot with better, more reasonable trades and result in a higher sharpe due to less volatile trades.",,,,,,,,,,,,,,,,,,,,,,,,,,,,,,,,,,,,,,,,sensitivity_volume_surge_mult,default,False,,,False,0.7,,,0.06,False,0.03,0.09,False,close,,0.1,1.5,,10.0,8.0,0.2,100.0,1.0,0.0,2.0,,200.0,SPY,,0.05,0.05,True,0.14,0.05,0.04,20.0,,-0.20271534501156196,1.0,,,,,,,,,,,,,,,,,,,,,,,,False,True,,,,,,,,,,,,,,,,,,,,,,,,,,,,,,,,,,,,,,,,,,,,,stable8,,,,,,,,,,,volume_surge_mult=1.5,1.5,,,
20260825_030152_robustness_robustness-swing-rth-sta_a625f7,2026-08-25 03:01:52,2026-08-25T08:01:52Z,robustness,robustness-swing-rth-stable8,,2024-08-19,2026-08-19,,,,False,8,AAPL|AMD|AMZN|GOOGL|META|MSFT|NVDA|TSLA,238588ae78,5Min,,100000.0,varies,0.18085859890959366,,0.3123980943731437,,,,,155.0,,,,,,,,,,,2448.2,a625f708f76e,6ea52a3454ef,3.14.7,"H: Swing and no extended hours will provide the bot with better, more reasonable trades and result in a higher sharpe due to less volatile trades.",,,,,,,,,,,,,,,,,,,,,,,,,,,,,,,,,,,,,,,,sensitivity_volume_surge_mult,default,False,,,False,0.7,,,0.06,False,0.03,0.09,False,close,,0.1,1.5,,10.0,8.0,0.2,100.0,1.0,0.0,2.0,,200.0,SPY,,0.05,0.05,True,0.14,0.05,0.04,20.0,,-0.1791508481035642,1.0,,,,,,,,,,,,,,,,,,,,,,,,False,True,,,,,,,,,,,,,,,,,,,,,,,,,,,,,,,,,,,,,,,,,,,,,stable8,,,,,,,,,,,volume_surge_mult=1.8,1.8,,,
20260825_030152_robustness_robustness-swing-rth-sta_a625f7,2026-08-25 03:01:52,2026-08-25T08:01:52Z,robustness,robustness-swing-rth-stable8,,2024-08-19,2026-08-19,,,,False,8,AAPL|AMD|AMZN|GOOGL|META|MSFT|NVDA|TSLA,238588ae78,5Min,,100000.0,varies,0.08282194354159023,,0.19049557380451718,,,,,138.0,,,,,,,,,,,2448.22,a625f708f76e,6ea52a3454ef,3.14.7,"H: Swing and no extended hours will provide the bot with better, more reasonable trades and result in a higher sharpe due to less volatile trades.",,,,,,,,,,,,,,,,,,,,,,,,,,,,,,,,,,,,,,,,sensitivity_volume_surge_mult,default,False,,,False,0.7,,,0.06,False,0.03,0.09,False,close,,0.1,1.5,,10.0,8.0,0.2,100.0,1.0,0.0,2.0,,200.0,SPY,,0.05,0.05,True,0.14,0.05,0.04,20.0,,-0.16986561028543212,1.0,,,,,,,,,,,,,,,,,,,,,,,,False,True,,,,,,,,,,,,,,,,,,,,,,,,,,,,,,,,,,,,,,,,,,,,,stable8,,,,,,,,,,,volume_surge_mult=2.1,2.1,,,
20260825_030152_robustness_robustness-swing-rth-sta_a625f7,2026-08-25 03:01:52,2026-08-25T08:01:52Z,robustness,robustness-swing-rth-stable8,,2024-08-19,2026-08-19,,,,False,8,AAPL|AMD|AMZN|GOOGL|META|MSFT|NVDA|TSLA,238588ae78,5Min,,100000.0,varies,0.1315099026256128,,0.27170934424871773,,,,,111.0,,,,,,,,,,,2448.24,a625f708f76e,6ea52a3454ef,3.14.7,"H: Swing and no extended hours will provide the bot with better, more reasonable trades and result in a higher sharpe due to less volatile trades.",,,,,,,,,,,,,,,,,,,,,,,,,,,,,,,,,,,,,,,,sensitivity_volume_surge_mult,default,False,,,False,0.7,,,0.06,False,0.03,0.09,False,close,,0.1,1.5,,10.0,8.0,0.2,100.0,1.0,0.0,2.0,,200.0,SPY,,0.05,0.05,True,0.14,0.05,0.04,20.0,,-0.13973633907880023,1.0,,,,,,,,,,,,,,,,,,,,,,,,False,True,,,,,,,,,,,,,,,,,,,,,,,,,,,,,,,,,,,,,,,,,,,,,stable8,,,,,,,,,,,volume_surge_mult=2.5,2.5,,,
20260825_030152_robustness_robustness-swing-rth-sta_a625f7,2026-08-25 03:01:52,2026-08-25T08:01:52Z,robustness,robustness-swing-rth-stable8,,2024-08-19 08:00:00+00:00,2026-08-18 23:55:00+00:00,,,,False,8,AAPL|AMD|AMZN|GOOGL|META|MSFT|NVDA|TSLA,238588ae78,5Min,,100000.0,REALISTIC,0.18085859890959366,0.0867767728170783,0.3123980943731437,0.2589221552433626,0.48437824177597005,-0.1791508481035642,330.22222222222223,155.0,0.4967741935483871,1.2301206629103087,116.68296703844706,10766.62190904071,,,,,,,2570.48,a625f708f76e,6ea52a3454ef,3.14.7,"H: Swing and no extended hours will provide the bot with better, more reasonable trades and result in a higher sharpe due to less volatile trades.",,553.8322580645162,69.46207683252071,-1007.6018192786767,,1255.5688544765721,,,,3884.5520076151547,,,,0.0,0.0,300.0,95999.0,0.0,0.0,0.0,0.0,0.0,7.0,0.0,0.0,0.0,0.0,5.0,0.0,0.9996294869723313,0.0,0.0,0.0,162.0,,,118085.85989095937,"{""end_of_backtest"": 1, ""max_hold_swing"": 24, ""stop_loss"": 65, ""take_profit"": 15, ""trailing_stop"": 50}",,news_ablation,default,False,,,False,0.7,,,0.06,False,0.03,0.09,False,close,,0.1,1.5,,10.0,8.0,0.2,100.0,1.0,0.0,2.0,,200.0,SPY,,0.05,0.05,True,0.14,0.05,0.04,20.0,,,1.0,,,,,,,,,,,,,,,,,,,387.0,,,,,False,True,,,,,0.5,14.0,,,,,,,0.6,0.49,20.0,0.015,0.45,0.55,,,72.0,35.0,,,,False,,,,,True,,1.8,,,,,,,,80.0,,,28852.48180000001,stable8,,,100000.0,155.0,,,,,0.0,10766.62190904071,news_on_buggy,,,,-2054.2428664853223
20260825_030152_robustness_robustness-swing-rth-sta_a625f7,2026-08-25 03:01:52,2026-08-25T08:01:52Z,robustness,robustness-swing-rth-stable8,,2024-08-19 08:00:00+00:00,2026-08-18 23:55:00+00:00,,,,False,8,AAPL|AMD|AMZN|GOOGL|META|MSFT|NVDA|TSLA,238588ae78,5Min,,100000.0,REALISTIC,0.18085859890959366,0.0867767728170783,0.3123980943731437,0.2589221552433626,0.48437824177597005,-0.1791508481035642,330.22222222222223,155.0,0.4967741935483871,1.2301206629103087,116.68296703844706,10766.62190904071,,,,,,,2693.3,a625f708f76e,6ea52a3454ef,3.14.7,"H: Swing and no extended hours will provide the bot with better, more reasonable trades and result in a higher sharpe due to less volatile trades.",,553.8322580645162,69.46207683252071,-1007.6018192786767,,1255.5688544765721,,,,3884.5520076151547,,,,0.0,0.0,300.0,95999.0,0.0,0.0,0.0,0.0,0.0,7.0,0.0,0.0,0.0,0.0,5.0,0.0,0.9996294869723313,0.0,0.0,0.0,162.0,,,118085.85989095937,"{""end_of_backtest"": 1, ""max_hold_swing"": 24, ""stop_loss"": 65, ""take_profit"": 15, ""trailing_stop"": 50}",,news_ablation,default,False,,,False,0.7,,,0.06,False,0.03,0.09,False,close,,0.1,1.5,,10.0,8.0,0.2,100.0,1.0,0.0,2.0,,200.0,SPY,,0.05,0.05,True,0.14,0.05,0.04,20.0,,,1.0,,,,,,,,,,,,,,,,,,,387.0,,,,,False,True,,,,,0.5,14.0,,,,,,,0.6,0.49,20.0,0.015,0.45,0.55,,,72.0,35.0,,,,True,,,,,True,,1.8,,,,,,,,80.0,,,28852.48180000001,stable8,,,100000.0,155.0,,,,,0.0,10766.62190904071,news_on_fixed,,,,-2054.2428664853223
20260825_030152_robustness_robustness-swing-rth-sta_a625f7,2026-08-25 03:01:52,2026-08-25T08:01:52Z,robustness,robustness-swing-rth-stable8,,2024-08-19 08:00:00+00:00,2026-08-18 23:55:00+00:00,,,,False,8,AAPL|AMD|AMZN|GOOGL|META|MSFT|NVDA|TSLA,238588ae78,5Min,,100000.0,REALISTIC,0.18085859890959366,0.0867767728170783,0.3123980943731437,0.2589221552433626,0.48437824177597005,-0.1791508481035642,330.22222222222223,155.0,0.4967741935483871,1.2301206629103087,116.68296703844706,10766.62190904071,,,,,,,2816.13,a625f708f76e,6ea52a3454ef,3.14.7,"H: Swing and no extended hours will provide the bot with better, more reasonable trades and result in a higher sharpe due to less volatile trades.",,553.8322580645162,69.46207683252071,-1007.6018192786767,,1255.5688544765721,,,,3884.5520076151547,,,,0.0,0.0,300.0,95999.0,0.0,0.0,0.0,0.0,0.0,7.0,0.0,0.0,0.0,0.0,5.0,0.0,0.9996294869723313,0.0,0.0,0.0,162.0,,,118085.85989095937,"{""end_of_backtest"": 1, ""max_hold_swing"": 24, ""stop_loss"": 65, ""take_profit"": 15, ""trailing_stop"": 50}",,news_ablation,default,False,,,False,0.7,,,0.06,False,0.03,0.09,False,close,,0.1,1.5,,10.0,8.0,0.2,100.0,1.0,0.0,2.0,,200.0,SPY,,0.05,0.05,True,0.14,0.05,0.04,20.0,,,1.0,,,,,,,,,,,,,,,,,,,387.0,,,,,False,True,,,,,0.5,14.0,,,,,,,0.6,0.49,20.0,0.015,0.45,0.55,,,72.0,35.0,,,,False,,,,,False,,1.8,,,,,,,,80.0,,,28852.48180000001,stable8,,,100000.0,155.0,,,,,0.0,10766.62190904071,news_off,,,,-2054.2428664853223
20260825_030152_robustness_robustness-swing-rth-sta_a625f7,2026-08-25 03:01:52,2026-08-25T08:01:52Z,robustness,robustness-swing-rth-stable8,,2024-08-19,2026-08-19,,,,False,8,AAPL|AMD|AMZN|GOOGL|META|MSFT|NVDA|TSLA,238588ae78,5Min,,100000.0,REALISTIC,,,,,,,,,,,,,,,,,,,2938.47,a625f708f76e,6ea52a3454ef,3.14.7,"H: Swing and no extended hours will provide the bot with better, more reasonable trades and result in a higher sharpe due to less volatile trades.",,,,,,,,,,,,,,,,,,,,,,,,,,,,,,,,,,,,,,,,monte_carlo,default,False,,,False,0.7,,,0.06,False,0.03,0.09,False,close,,0.1,1.5,,10.0,8.0,0.2,100.0,1.0,0.0,2.0,,200.0,SPY,,0.05,0.05,True,0.14,0.05,0.04,20.0,,,1.0,118059.31086582244,-0.10792142951630498,91448.03057144437,147388.8706333891,-0.2173339323452037,0.866,,,155.0,,,,-0.10597973419321921,-0.16523067316420642,-0.25462346437826666,,118085.8598909593,,,,,,,False,True,,,,,,,,,,,,,,,,,,,,,,,,,,,,,,,,,,,,,,,,,,,,,stable8,,,,,,,,,,,1000_sims,,,,
20260825_030358_robustness_robustness-swing-volatil_a625f7,2026-08-25 03:03:58,2026-08-25T08:03:58Z,robustness,robustness-swing-volatile10,,2024-08-19,2026-08-19,,,,False,10,CLSK|COIN|IONQ|LCID|MARA|MSTR|PLTR|RIOT|RIVN|SMCI,4349f37fcd,5Min,,100000.0,varies,-0.5760543104706064,,-0.0973862697644189,,,,,1145.0,,,,,,,,,,,3269.97,a625f708f76e,7e49894e2ac4,3.14.7,H: Swing only will reduce the amount of unnecessary trades and make the algo more profitable.,,,,,,,,,,,,,,,,,,,,,,,,,,,,,,,,,,,,,,,,sensitivity_rsi_oversold,default,False,,,True,0.7,,,0.06,False,0.03,0.09,False,close,,0.1,1.5,,10.0,8.0,0.2,100.0,1.0,0.0,2.0,,200.0,SPY,,0.05,0.05,True,0.14,0.05,0.04,20.0,,-0.6343118397134135,1.0,,,,,,,,,,,,,,,,,,,,,,,,False,True,,,,,,,,,,,,,,,,,,,,,,,,,,,,,,,,,,,,,,,,,,,,,volatile10,,25.0,,,,,,,,,rsi_oversold=25.0,,,,
20260825_030358_robustness_robustness-swing-volatil_a625f7,2026-08-25 03:03:58,2026-08-25T08:03:58Z,robustness,robustness-swing-volatile10,,2024-08-19,2026-08-19,,,,False,10,CLSK|COIN|IONQ|LCID|MARA|MSTR|PLTR|RIOT|RIVN|SMCI,4349f37fcd,5Min,,100000.0,varies,-0.5422626479339233,,-0.06692588155262594,,,,,1147.0,,,,,,,,,,,3269.99,a625f708f76e,7e49894e2ac4,3.14.7,H: Swing only will reduce the amount of unnecessary trades and make the algo more profitable.,,,,,,,,,,,,,,,,,,,,,,,,,,,,,,,,,,,,,,,,sensitivity_rsi_oversold,default,False,,,True,0.7,,,0.06,False,0.03,0.09,False,close,,0.1,1.5,,10.0,8.0,0.2,100.0,1.0,0.0,2.0,,200.0,SPY,,0.05,0.05,True,0.14,0.05,0.04,20.0,,-0.6343118397134135,1.0,,,,,,,,,,,,,,,,,,,,,,,,False,True,,,,,,,,,,,,,,,,,,,,,,,,,,,,,,,,,,,,,,,,,,,,,volatile10,,30.0,,,,,,,,,rsi_oversold=30.0,,,,
20260825_030358_robustness_robustness-swing-volatil_a625f7,2026-08-25 03:03:58,2026-08-25T08:03:58Z,robustness,robustness-swing-volatile10,,2024-08-19,2026-08-19,,,,False,10,CLSK|COIN|IONQ|LCID|MARA|MSTR|PLTR|RIOT|RIVN|SMCI,4349f37fcd,5Min,,100000.0,varies,-0.5354493478113819,,-0.06059939836224295,,,,,1146.0,,,,,,,,,,,3270.01,a625f708f76e,7e49894e2ac4,3.14.7,H: Swing only will reduce the amount of unnecessary trades and make the algo more profitable.,,,,,,,,,,,,,,,,,,,,,,,,,,,,,,,,,,,,,,,,sensitivity_rsi_oversold,default,False,,,True,0.7,,,0.06,False,0.03,0.09,False,close,,0.1,1.5,,10.0,8.0,0.2,100.0,1.0,0.0,2.0,,200.0,SPY,,0.05,0.05,True,0.14,0.05,0.04,20.0,,-0.6343118397134135,1.0,,,,,,,,,,,,,,,,,,,,,,,,False,True,,,,,,,,,,,,,,,,,,,,,,,,,,,,,,,,,,,,,,,,,,,,,volatile10,,35.0,,,,,,,,,rsi_oversold=35.0,,,,
20260825_030358_robustness_robustness-swing-volatil_a625f7,2026-08-25 03:03:58,2026-08-25T08:03:58Z,robustness,robustness-swing-volatile10,,2024-08-19,2026-08-19,,,,False,10,CLSK|COIN|IONQ|LCID|MARA|MSTR|PLTR|RIOT|RIVN|SMCI,4349f37fcd,5Min,,100000.0,varies,-0.58774637556873,,-0.11155625131966851,,,,,1159.0,,,,,,,,,,,3270.03,a625f708f76e,7e49894e2ac4,3.14.7,H: Swing only will reduce the amount of unnecessary trades and make the algo more profitable.,,,,,,,,,,,,,,,,,,,,,,,,,,,,,,,,,,,,,,,,sensitivity_rsi_oversold,default,False,,,True,0.7,,,0.06,False,0.03,0.09,False,close,,0.1,1.5,,10.0,8.0,0.2,100.0,1.0,0.0,2.0,,200.0,SPY,,0.05,0.05,True,0.14,0.05,0.04,20.0,,-0.6556387245545681,1.0,,,,,,,,,,,,,,,,,,,,,,,,False,True,,,,,,,,,,,,,,,,,,,,,,,,,,,,,,,,,,,,,,,,,,,,,volatile10,,40.0,,,,,,,,,rsi_oversold=40.0,,,,
20260825_030358_robustness_robustness-swing-volatil_a625f7,2026-08-25 03:03:58,2026-08-25T08:03:58Z,robustness,robustness-swing-volatile10,,2024-08-19,2026-08-19,,,,False,10,CLSK|COIN|IONQ|LCID|MARA|MSTR|PLTR|RIOT|RIVN|SMCI,4349f37fcd,5Min,,100000.0,varies,-0.6899413634087282,,-0.21530374753222534,,,,,1208.0,,,,,,,,,,,3270.05,a625f708f76e,7e49894e2ac4,3.14.7,H: Swing only will reduce the amount of unnecessary trades and make the algo more profitable.,,,,,,,,,,,,,,,,,,,,,,,,,,,,,,,,,,,,,,,,sensitivity_rsi_oversold,default,False,,,True,0.7,,,0.06,False,0.03,0.09,False,close,,0.1,1.5,,10.0,8.0,0.2,100.0,1.0,0.0,2.0,,200.0,SPY,,0.05,0.05,True,0.14,0.05,0.04,20.0,,-0.7235921876110777,1.0,,,,,,,,,,,,,,,,,,,,,,,,False,True,,,,,,,,,,,,,,,,,,,,,,,,,,,,,,,,,,,,,,,,,,,,,volatile10,,45.0,,,,,,,,,rsi_oversold=45.0,,,,
20260825_035051_robustness_robustness-swing-rth-liq_a625f7,2026-08-25 03:50:51,2026-08-25T08:50:51Z,robustness,robustness-swing-rth-liquid15,,2024-08-19,2026-08-19,,,,False,15,AAPL|AMZN|BAC|CAT|COST|CVX|GE|GOOGL|JPM|LLY|MSFT|NVDA|UNH|WMT|XOM,b903a736fc,5Min,,100000.0,zero,0.1861201800000003,,0.26520899286411975,,,,,137.0,,,,0.0,,,,,,,699.51,a625f708f76e,7e7eb0c5c92a,3.14.7,"H: Swing and no extended hours will provide the bot with better, more reasonable trades and result in a higher sharpe due to less volatile trades.",,,,,,,,,,,,,zero,,,,,,,,,,,,,,,,,,,,,,,,,,,cost_sensitivity,default,False,,,False,0.7,,,0.06,False,0.03,0.09,False,close,,0.1,1.5,,10.0,8.0,0.2,100.0,1.0,0.0,2.0,,200.0,SPY,,0.05,0.05,True,0.14,0.05,0.04,20.0,,-0.11389216720574957,1.0,,,,,,,,,,,,,,,,,,,,,,,,False,True,,,,,,,,,,,,,,,,,,,,,,,,,,,,,,,,,,,,,,,,,,,,,liquid15,,,,,,,,,,,zero,,,,
20260825_035051_robustness_robustness-swing-rth-liq_a625f7,2026-08-25 03:50:51,2026-08-25T08:50:51Z,robustness,robustness-swing-rth-liquid15,,2024-08-19,2026-08-19,,,,False,15,AAPL|AMZN|BAC|CAT|COST|CVX|GE|GOOGL|JPM|LLY|MSFT|NVDA|UNH|WMT|XOM,b903a736fc,5Min,,100000.0,large_cap_rth,0.1174151500887235,,0.22085463308061462,,,,,134.0,,,,4088.1055911275917,,,,,,,699.53,a625f708f76e,7e7eb0c5c92a,3.14.7,"H: Swing and no extended hours will provide the bot with better, more reasonable trades and result in a higher sharpe due to less volatile trades.",,,,,,,,,,,,,large_cap_rth,,,,,,,,,,,,,,,,,,,,,,,,,,,cost_sensitivity,default,False,,,False,0.7,,,0.06,False,0.03,0.09,False,close,,0.1,1.5,,10.0,8.0,0.2,100.0,1.0,0.0,2.0,,200.0,SPY,,0.05,0.05,True,0.14,0.05,0.04,20.0,,-0.11685179214609809,1.0,,,,,,,,,,,,,,,,,,,,,,,,False,True,,,,,,,,,,,,,,,,,,,,,,,,,,,,,,,,,,,,,,,,,,,,,liquid15,,,,,,,,,,,large_cap_rth,,,,
20260825_035051_robustness_robustness-swing-rth-liq_a625f7,2026-08-25 03:50:51,2026-08-25T08:50:51Z,robustness,robustness-swing-rth-liquid15,,2024-08-19,2026-08-19,,,,False,15,AAPL|AMZN|BAC|CAT|COST|CVX|GE|GOOGL|JPM|LLY|MSFT|NVDA|UNH|WMT|XOM,b903a736fc,5Min,,100000.0,realistic,0.08880541042766588,,0.20174834996789356,,,,,133.0,,,,8864.531557233398,,,,,,,699.55,a625f708f76e,7e7eb0c5c92a,3.14.7,"H: Swing and no extended hours will provide the bot with better, more reasonable trades and result in a higher sharpe due to less volatile trades.",,,,,,,,,,,,,realistic,,,,,,,,,,,,,,,,,,,,,,,,,,,cost_sensitivity,default,False,,,False,0.7,,,0.06,False,0.03,0.09,False,close,,0.1,1.5,,10.0,8.0,0.2,100.0,1.0,0.0,2.0,,200.0,SPY,,0.05,0.05,True,0.14,0.05,0.04,20.0,,-0.1071895375094789,1.0,,,,,,,,,,,,,,,,,,,,,,,,False,True,,,,,,,,,,,,,,,,,,,,,,,,,,,,,,,,,,,,,,,,,,,,,liquid15,,,,,,,,,,,realistic,,,,
20260825_035051_robustness_robustness-swing-rth-liq_a625f7,2026-08-25 03:50:51,2026-08-25T08:50:51Z,robustness,robustness-swing-rth-liquid15,,2024-08-19,2026-08-19,,,,False,15,AAPL|AMZN|BAC|CAT|COST|CVX|GE|GOOGL|JPM|LLY|MSFT|NVDA|UNH|WMT|XOM,b903a736fc,5Min,,100000.0,pessimistic,-0.036058026880265714,,0.10737743813652999,,,,,132.0,,,,21802.84488802655,,,,,,,699.57,a625f708f76e,7e7eb0c5c92a,3.14.7,"H: Swing and no extended hours will provide the bot with better, more reasonable trades and result in a higher sharpe due to less volatile trades.",,,,,,,,,,,,,pessimistic,,,,,,,,,,,,,,,,,,,,,,,,,,,cost_sensitivity,default,False,,,False,0.7,,,0.06,False,0.03,0.09,False,close,,0.1,1.5,,10.0,8.0,0.2,100.0,1.0,0.0,2.0,,200.0,SPY,,0.05,0.05,True,0.14,0.05,0.04,20.0,,-0.12192106552734894,1.0,,,,,,,,,,,,,,,,,,,,,,,,False,True,,,,,,,,,,,,,,,,,,,,,,,,,,,,,,,,,,,,,,,,,,,,,liquid15,,,,,,,,,,,pessimistic,,,,
20260825_030358_robustness_robustness-swing-volatil_a625f7,2026-08-25 03:03:58,2026-08-25T08:03:58Z,robustness,robustness-swing-volatile10,,2024-08-19,2026-08-19,,,,False,10,CLSK|COIN|IONQ|LCID|MARA|MSTR|PLTR|RIOT|RIVN|SMCI,4349f37fcd,5Min,,100000.0,varies,-0.5561964867092609,,-0.05207576413407909,,,,,1426.0,,,,,,,,,,,4327.94,a625f708f76e,7e49894e2ac4,3.14.7,H: Swing only will reduce the amount of unnecessary trades and make the algo more profitable.,,,,,,,,,,,,,,,,,,,,,,,,,,,,,,,,,,,,,,,,sensitivity_volume_surge_mult,default,False,,,True,0.7,,,0.06,False,0.03,0.09,False,close,,0.1,1.5,,10.0,8.0,0.2,100.0,1.0,0.0,2.0,,200.0,SPY,,0.05,0.05,True,0.14,0.05,0.04,20.0,,-0.7072533495682547,1.0,,,,,,,,,,,,,,,,,,,,,,,,False,True,,,,,,,,,,,,,,,,,,,,,,,,,,,,,,,,,,,,,,,,,,,,,volatile10,,,,,,,,,,,volume_surge_mult=1.2,1.2,,,
20260825_030358_robustness_robustness-swing-volatil_a625f7,2026-08-25 03:03:58,2026-08-25T08:03:58Z,robustness,robustness-swing-volatile10,,2024-08-19,2026-08-19,,,,False,10,CLSK|COIN|IONQ|LCID|MARA|MSTR|PLTR|RIOT|RIVN|SMCI,4349f37fcd,5Min,,100000.0,varies,-0.501821992661299,,-0.014902062284426653,,,,,1274.0,,,,,,,,,,,4327.96,a625f708f76e,7e49894e2ac4,3.14.7,H: Swing only will reduce the amount of unnecessary trades and make the algo more profitable.,,,,,,,,,,,,,,,,,,,,,,,,,,,,,,,,,,,,,,,,sensitivity_volume_surge_mult,default,False,,,True,0.7,,,0.06,False,0.03,0.09,False,close,,0.1,1.5,,10.0,8.0,0.2,100.0,1.0,0.0,2.0,,200.0,SPY,,0.05,0.05,True,0.14,0.05,0.04,20.0,,-0.5893334042399077,1.0,,,,,,,,,,,,,,,,,,,,,,,,False,True,,,,,,,,,,,,,,,,,,,,,,,,,,,,,,,,,,,,,,,,,,,,,volatile10,,,,,,,,,,,volume_surge_mult=1.5,1.5,,,
20260825_030358_robustness_robustness-swing-volatil_a625f7,2026-08-25 03:03:58,2026-08-25T08:03:58Z,robustness,robustness-swing-volatile10,,2024-08-19,2026-08-19,,,,False,10,CLSK|COIN|IONQ|LCID|MARA|MSTR|PLTR|RIOT|RIVN|SMCI,4349f37fcd,5Min,,100000.0,varies,-0.5354493478113819,,-0.06059939836224295,,,,,1146.0,,,,,,,,,,,4327.98,a625f708f76e,7e49894e2ac4,3.14.7,H: Swing only will reduce the amount of unnecessary trades and make the algo more profitable.,,,,,,,,,,,,,,,,,,,,,,,,,,,,,,,,,,,,,,,,sensitivity_volume_surge_mult,default,False,,,True,0.7,,,0.06,False,0.03,0.09,False,close,,0.1,1.5,,10.0,8.0,0.2,100.0,1.0,0.0,2.0,,200.0,SPY,,0.05,0.05,True,0.14,0.05,0.04,20.0,,-0.6343118397134135,1.0,,,,,,,,,,,,,,,,,,,,,,,,False,True,,,,,,,,,,,,,,,,,,,,,,,,,,,,,,,,,,,,,,,,,,,,,volatile10,,,,,,,,,,,volume_surge_mult=1.8,1.8,,,
20260825_030358_robustness_robustness-swing-volatil_a625f7,2026-08-25 03:03:58,2026-08-25T08:03:58Z,robustness,robustness-swing-volatile10,,2024-08-19,2026-08-19,,,,False,10,CLSK|COIN|IONQ|LCID|MARA|MSTR|PLTR|RIOT|RIVN|SMCI,4349f37fcd,5Min,,100000.0,varies,-0.5163377598174939,,-0.06682926548499885,,,,,1024.0,,,,,,,,,,,4328.0,a625f708f76e,7e49894e2ac4,3.14.7,H: Swing only will reduce the amount of unnecessary trades and make the algo more profitable.,,,,,,,,,,,,,,,,,,,,,,,,,,,,,,,,,,,,,,,,sensitivity_volume_surge_mult,default,False,,,True,0.7,,,0.06,False,0.03,0.09,False,close,,0.1,1.5,,10.0,8.0,0.2,100.0,1.0,0.0,2.0,,200.0,SPY,,0.05,0.05,True,0.14,0.05,0.04,20.0,,-0.5900690502605324,1.0,,,,,,,,,,,,,,,,,,,,,,,,False,True,,,,,,,,,,,,,,,,,,,,,,,,,,,,,,,,,,,,,,,,,,,,,volatile10,,,,,,,,,,,volume_surge_mult=2.1,2.1,,,
20260825_030358_robustness_robustness-swing-volatil_a625f7,2026-08-25 03:03:58,2026-08-25T08:03:58Z,robustness,robustness-swing-volatile10,,2024-08-19,2026-08-19,,,,False,10,CLSK|COIN|IONQ|LCID|MARA|MSTR|PLTR|RIOT|RIVN|SMCI,4349f37fcd,5Min,,100000.0,varies,-0.4189122312704803,,-0.03159674943703133,,,,,880.0,,,,,,,,,,,4328.02,a625f708f76e,7e49894e2ac4,3.14.7,H: Swing only will reduce the amount of unnecessary trades and make the algo more profitable.,,,,,,,,,,,,,,,,,,,,,,,,,,,,,,,,,,,,,,,,sensitivity_volume_surge_mult,default,False,,,True,0.7,,,0.06,False,0.03,0.09,False,close,,0.1,1.5,,10.0,8.0,0.2,100.0,1.0,0.0,2.0,,200.0,SPY,,0.05,0.05,True,0.14,0.05,0.04,20.0,,-0.5448711137193158,1.0,,,,,,,,,,,,,,,,,,,,,,,,False,True,,,,,,,,,,,,,,,,,,,,,,,,,,,,,,,,,,,,,,,,,,,,,volatile10,,,,,,,,,,,volume_surge_mult=2.5,2.5,,,
20260825_030358_robustness_robustness-swing-volatil_a625f7,2026-08-25 03:03:58,2026-08-25T08:03:58Z,robustness,robustness-swing-volatile10,,2024-08-19 08:00:00+00:00,2026-08-18 23:55:00+00:00,,,,False,10,CLSK|COIN|IONQ|LCID|MARA|MSTR|PLTR|RIOT|RIVN|SMCI,4349f37fcd,5Min,,100000.0,REALISTIC,-0.5354493478113819,-0.31872005063029263,-0.06059939836224295,-0.06936682742678715,-0.5024658703742508,-0.6343118397134135,722.40625,1146.0,0.4607329842931937,0.8758994785934894,-46.723328779352734,65031.537781138235,,,,,,,4539.74,a625f708f76e,7e49894e2ac4,3.14.7,H: Swing only will reduce the amount of unnecessary trades and make the algo more profitable.,,281.9842931937173,56.74654256643825,-698.1621697305951,,715.7562236976696,,,,4830.236529312937,,,,0.0,0.0,300.0,96000.0,0.0,0.0,2.0,310.0,0.0,320.0,0.0,0.0,0.0,0.0,532.0,0.0,0.9999999811363423,0.0,0.0,0.0,1776.0,,,46455.06521886181,"{""end_of_backtest"": 2, ""max_hold_swing"": 29, ""stop_loss"": 591, ""take_profit"": 98, ""trailing_stop"": 426}",,news_ablation,default,False,,,True,0.7,,,0.06,False,0.03,0.09,False,close,,0.1,1.5,,10.0,8.0,0.2,100.0,1.0,0.0,2.0,,200.0,SPY,,0.05,0.05,True,0.14,0.05,0.04,20.0,,,1.0,,,,,,,,,,,,,,,,,,,194.0,,,,,False,True,,,,,0.5,14.0,,,,,,,0.6,0.49,20.0,0.015,0.45,0.55,,,72.0,35.0,,,,False,,,,,True,,1.8,,,,,,,,80.0,,,11486.602999999985,volatile10,,,100000.0,1146.0,,,,,0.0,65031.537781138235,news_on_buggy,,,,-2976.487511024281
20260825_035051_robustness_robustness-swing-rth-liq_a625f7,2026-08-25 03:50:51,2026-08-25T08:50:51Z,robustness,robustness-swing-rth-liquid15,,2024-08-19,2026-08-19,,,,False,15,AAPL|AMZN|BAC|CAT|COST|CVX|GE|GOOGL|JPM|LLY|MSFT|NVDA|UNH|WMT|XOM,b903a736fc,5Min,,100000.0,varies,-0.036803435493814374,,0.20636444951907978,,,,,328.0,,,,,,,,,,,1749.65,a625f708f76e,7e7eb0c5c92a,3.14.7,"H: Swing and no extended hours will provide the bot with better, more reasonable trades and result in a higher sharpe due to less volatile trades.",,,,,,,,,,,,,,,,,,,,,,,,,,,,,,,,,,,,,,,,sensitivity_min_confidence,default,False,,,False,0.7,,,0.06,False,0.03,0.09,False,close,,0.1,1.5,,10.0,8.0,0.2,100.0,1.0,0.0,2.0,,200.0,SPY,,0.05,0.05,True,0.14,0.05,0.04,20.0,,-0.2123238115165016,1.0,,,,,,,,,,,,,,,,,,,,0.4,,,,False,True,,,,,,,,,,,,,,,,,,,,,,,,,,,,,,,,,,,,,,,,,,,,,liquid15,,,,,,,,,,,min_confidence=0.4,,,,
20260825_035051_robustness_robustness-swing-rth-liq_a625f7,2026-08-25 03:50:51,2026-08-25T08:50:51Z,robustness,robustness-swing-rth-liquid15,,2024-08-19,2026-08-19,,,,False,15,AAPL|AMZN|BAC|CAT|COST|CVX|GE|GOOGL|JPM|LLY|MSFT|NVDA|UNH|WMT|XOM,b903a736fc,5Min,,100000.0,varies,-0.036803435493814374,,0.20636444951907978,,,,,328.0,,,,,,,,,,,1749.68,a625f708f76e,7e7eb0c5c92a,3.14.7,"H: Swing and no extended hours will provide the bot with better, more reasonable trades and result in a higher sharpe due to less volatile trades.",,,,,,,,,,,,,,,,,,,,,,,,,,,,,,,,,,,,,,,,sensitivity_min_confidence,default,False,,,False,0.7,,,0.06,False,0.03,0.09,False,close,,0.1,1.5,,10.0,8.0,0.2,100.0,1.0,0.0,2.0,,200.0,SPY,,0.05,0.05,True,0.14,0.05,0.04,20.0,,-0.2123238115165016,1.0,,,,,,,,,,,,,,,,,,,,0.45,,,,False,True,,,,,,,,,,,,,,,,,,,,,,,,,,,,,,,,,,,,,,,,,,,,,liquid15,,,,,,,,,,,min_confidence=0.45,,,,
20260825_035051_robustness_robustness-swing-rth-liq_a625f7,2026-08-25 03:50:51,2026-08-25T08:50:51Z,robustness,robustness-swing-rth-liquid15,,2024-08-19,2026-08-19,,,,False,15,AAPL|AMZN|BAC|CAT|COST|CVX|GE|GOOGL|JPM|LLY|MSFT|NVDA|UNH|WMT|XOM,b903a736fc,5Min,,100000.0,varies,0.08880541042766588,,0.20174834996789356,,,,,133.0,,,,,,,,,,,1749.7,a625f708f76e,7e7eb0c5c92a,3.14.7,"H: Swing and no extended hours will provide the bot with better, more reasonable trades and result in a higher sharpe due to less volatile trades.",,,,,,,,,,,,,,,,,,,,,,,,,,,,,,,,,,,,,,,,sensitivity_min_confidence,default,False,,,False,0.7,,,0.06,False,0.03,0.09,False,close,,0.1,1.5,,10.0,8.0,0.2,100.0,1.0,0.0,2.0,,200.0,SPY,,0.05,0.05,True,0.14,0.05,0.04,20.0,,-0.1071895375094789,1.0,,,,,,,,,,,,,,,,,,,,0.49,,,,False,True,,,,,,,,,,,,,,,,,,,,,,,,,,,,,,,,,,,,,,,,,,,,,liquid15,,,,,,,,,,,min_confidence=0.49,,,,
20260825_035051_robustness_robustness-swing-rth-liq_a625f7,2026-08-25 03:50:51,2026-08-25T08:50:51Z,robustness,robustness-swing-rth-liquid15,,2024-08-19,2026-08-19,,,,False,15,AAPL|AMZN|BAC|CAT|COST|CVX|GE|GOOGL|JPM|LLY|MSFT|NVDA|UNH|WMT|XOM,b903a736fc,5Min,,100000.0,varies,0.0,,0.0,,,,,0.0,,,,,,,,,,,1749.72,a625f708f76e,7e7eb0c5c92a,3.14.7,"H: Swing and no extended hours will provide the bot with better, more reasonable trades and result in a higher sharpe due to less volatile trades.",,,,,,,,,,,,,,,,,,,,,,,,,,,,,,,,,,,,,,,,sensitivity_min_confidence,default,False,,,False,0.7,,,0.06,False,0.03,0.09,False,close,,0.1,1.5,,10.0,8.0,0.2,100.0,1.0,0.0,2.0,,200.0,SPY,,0.05,0.05,True,0.14,0.05,0.04,20.0,,0.0,1.0,,,,,,,,,,,,,,,,,,,,0.55,,,,False,True,,,,,,,,,,,,,,,,,,,,,,,,,,,,,,,,,,,,,,,,,,,,,liquid15,,,,,,,,,,,min_confidence=0.55,,,,
20260825_035051_robustness_robustness-swing-rth-liq_a625f7,2026-08-25 03:50:51,2026-08-25T08:50:51Z,robustness,robustness-swing-rth-liquid15,,2024-08-19,2026-08-19,,,,False,15,AAPL|AMZN|BAC|CAT|COST|CVX|GE|GOOGL|JPM|LLY|MSFT|NVDA|UNH|WMT|XOM,b903a736fc,5Min,,100000.0,varies,0.0,,0.0,,,,,0.0,,,,,,,,,,,1749.74,a625f708f76e,7e7eb0c5c92a,3.14.7,"H: Swing and no extended hours will provide the bot with better, more reasonable trades and result in a higher sharpe due to less volatile trades.",,,,,,,,,,,,,,,,,,,,,,,,,,,,,,,,,,,,,,,,sensitivity_min_confidence,default,False,,,False,0.7,,,0.06,False,0.03,0.09,False,close,,0.1,1.5,,10.0,8.0,0.2,100.0,1.0,0.0,2.0,,200.0,SPY,,0.05,0.05,True,0.14,0.05,0.04,20.0,,0.0,1.0,,,,,,,,,,,,,,,,,,,,0.6,,,,False,True,,,,,,,,,,,,,,,,,,,,,,,,,,,,,,,,,,,,,,,,,,,,,liquid15,,,,,,,,,,,min_confidence=0.6,,,,
20260825_035051_robustness_robustness-swing-rth-liq_a625f7,2026-08-25 03:50:51,2026-08-25T08:50:51Z,robustness,robustness-swing-rth-liquid15,,2024-08-19,2026-08-19,,,,False,15,AAPL|AMZN|BAC|CAT|COST|CVX|GE|GOOGL|JPM|LLY|MSFT|NVDA|UNH|WMT|XOM,b903a736fc,5Min,,100000.0,varies,0.0,,0.0,,,,,0.0,,,,,,,,,,,1749.76,a625f708f76e,7e7eb0c5c92a,3.14.7,"H: Swing and no extended hours will provide the bot with better, more reasonable trades and result in a higher sharpe due to less volatile trades.",,,,,,,,,,,,,,,,,,,,,,,,,,,,,,,,,,,,,,,,sensitivity_min_confidence,default,False,,,False,0.7,,,0.06,False,0.03,0.09,False,close,,0.1,1.5,,10.0,8.0,0.2,100.0,1.0,0.0,2.0,,200.0,SPY,,0.05,0.05,True,0.14,0.05,0.04,20.0,,0.0,1.0,,,,,,,,,,,,,,,,,,,,0.65,,,,False,True,,,,,,,,,,,,,,,,,,,,,,,,,,,,,,,,,,,,,,,,,,,,,liquid15,,,,,,,,,,,min_confidence=0.65,,,,
20260825_030358_robustness_robustness-swing-volatil_a625f7,2026-08-25 03:03:58,2026-08-25T08:03:58Z,robustness,robustness-swing-volatile10,,2024-08-19 08:00:00+00:00,2026-08-18 23:55:00+00:00,,,,False,10,CLSK|COIN|IONQ|LCID|MARA|MSTR|PLTR|RIOT|RIVN|SMCI,4349f37fcd,5Min,,100000.0,REALISTIC,-0.5252576915398126,-0.3112788127974415,-0.05184064048589826,-0.059286131643005995,-0.4907346722994788,-0.6343118397134135,722.40625,1149.0,0.4630113141862489,0.8782941018435989,-45.71433346734665,65164.826453981295,,,,,,,4751.84,a625f708f76e,7e49894e2ac4,3.14.7,H: Swing only will reduce the amount of unnecessary trades and make the algo more profitable.,,280.42297650130547,56.71438333679834,-699.48053081966,,712.5069894017838,,,,4830.236529312937,,,,0.0,0.0,300.0,96000.0,0.0,0.0,2.0,298.0,0.0,309.0,0.0,0.0,0.0,0.0,520.0,0.0,0.9999999811363423,0.0,0.0,0.0,1756.0,,,47474.230846018734,"{""end_of_backtest"": 2, ""max_hold_swing"": 29, ""stop_loss"": 590, ""take_profit"": 99, ""trailing_stop"": 429}",,news_ablation,default,False,,,True,0.7,,,0.06,False,0.03,0.09,False,close,,0.1,1.5,,10.0,8.0,0.2,100.0,1.0,0.0,2.0,,200.0,SPY,,0.05,0.05,True,0.14,0.05,0.04,20.0,,,1.0,,,,,,,,,,,,,,,,,,,194.0,,,,,False,True,,,,,0.5,14.0,,,,,,,0.6,0.49,20.0,0.015,0.45,0.55,,,72.0,35.0,,,,True,,,,,True,,1.8,,,,,,,,80.0,,,12639.057299999988,volatile10,,,100000.0,1149.0,,,,,0.0,65164.826453981295,news_on_fixed,,,,-2976.487511024281
20260825_030358_robustness_robustness-swing-volatil_a625f7,2026-08-25 03:03:58,2026-08-25T08:03:58Z,robustness,robustness-swing-volatile10,,2024-08-19 08:00:00+00:00,2026-08-18 23:55:00+00:00,,,,False,10,CLSK|COIN|IONQ|LCID|MARA|MSTR|PLTR|RIOT|RIVN|SMCI,4349f37fcd,5Min,,100000.0,REALISTIC,-0.5765302001231005,-0.34957498638481377,-0.10660784870239937,-0.1220377501104579,-0.5511090358060385,-0.6343118397134135,722.40625,1140.0,0.46228070175438596,0.8660166444909186,-50.572824572201824,64519.25611231008,,,,,,,4965.86,a625f708f76e,7e49894e2ac4,3.14.7,H: Swing only will reduce the amount of unnecessary trades and make the algo more profitable.,,282.0798245614035,56.595838695008844,-701.9573681494635,,707.1097659645371,,,,4830.236529312937,,,,0.0,0.0,300.0,96000.0,0.0,0.0,2.0,318.0,0.0,314.0,0.0,0.0,0.0,0.0,541.0,0.0,0.9999986477830543,0.0,0.0,0.0,1772.0,,,42346.97998768994,"{""end_of_backtest"": 2, ""max_hold_swing"": 28, ""stop_loss"": 586, ""take_profit"": 98, ""trailing_stop"": 426}",,news_ablation,default,False,,,True,0.7,,,0.06,False,0.03,0.09,False,close,,0.1,1.5,,10.0,8.0,0.2,100.0,1.0,0.0,2.0,,200.0,SPY,,0.05,0.05,True,0.14,0.05,0.04,20.0,,,1.0,,,,,,,,,,,,,,,,,,,195.0,,,,,False,True,,,,,0.5,14.0,,,,,,,0.6,0.49,20.0,0.015,0.45,0.55,,,72.0,35.0,,,,False,,,,,False,,1.8,,,,,,,,80.0,,,6866.236099999995,volatile10,,,100000.0,1140.0,,,,,0.0,64519.25611231008,news_off,,,,-2976.487511024281
20260825_030358_robustness_robustness-swing-volatil_a625f7,2026-08-25 03:03:58,2026-08-25T08:03:58Z,robustness,robustness-swing-volatile10,,2024-08-19,2026-08-19,,,,False,10,CLSK|COIN|IONQ|LCID|MARA|MSTR|PLTR|RIOT|RIVN|SMCI,4349f37fcd,5Min,,100000.0,REALISTIC,,,,,,,,,,,,,,,,,,,5179.06,a625f708f76e,7e49894e2ac4,3.14.7,H: Swing only will reduce the amount of unnecessary trades and make the algo more profitable.,,,,,,,,,,,,,,,,,,,,,,,,,,,,,,,,,,,,,,,,monte_carlo,default,False,,,True,0.7,,,0.06,False,0.03,0.09,False,close,,0.1,1.5,,10.0,8.0,0.2,100.0,1.0,0.0,2.0,,200.0,SPY,,0.05,0.05,True,0.14,0.05,0.04,20.0,,,1.0,45239.96763476901,-0.6409785122650202,-3723.2118143689363,96947.0736881935,-1.0761744140641316,0.038,,,1146.0,,,,-0.6149597617711207,-0.7473792095227658,-0.8907214787426426,,46455.06521886177,,,,,,,False,True,,,,,,,,,,,,,,,,,,,,,,,,,,,,,,,,,,,,,,,,,,,,,volatile10,,,,,,,,,,,1000_sims,,,,
20260825_035051_robustness_robustness-swing-rth-liq_a625f7,2026-08-25 03:50:51,2026-08-25T08:50:51Z,robustness,robustness-swing-rth-liquid15,,2024-08-19,2026-08-19,,,,False,15,AAPL|AMZN|BAC|CAT|COST|CVX|GE|GOOGL|JPM|LLY|MSFT|NVDA|UNH|WMT|XOM,b903a736fc,5Min,,100000.0,varies,0.08880541042766588,,0.20174834996789356,,,,,133.0,,,,,,,,,,,2626.44,a625f708f76e,7e7eb0c5c92a,3.14.7,"H: Swing and no extended hours will provide the bot with better, more reasonable trades and result in a higher sharpe due to less volatile trades.",,,,,,,,,,,,,,,,,,,,,,,,,,,,,,,,,,,,,,,,sensitivity_rsi_oversold,default,False,,,False,0.7,,,0.06,False,0.03,0.09,False,close,,0.1,1.5,,10.0,8.0,0.2,100.0,1.0,0.0,2.0,,200.0,SPY,,0.05,0.05,True,0.14,0.05,0.04,20.0,,-0.1071895375094789,1.0,,,,,,,,,,,,,,,,,,,,,,,,False,True,,,,,,,,,,,,,,,,,,,,,,,,,,,,,,,,,,,,,,,,,,,,,liquid15,,25.0,,,,,,,,,rsi_oversold=25.0,,,,
20260825_035051_robustness_robustness-swing-rth-liq_a625f7,2026-08-25 03:50:51,2026-08-25T08:50:51Z,robustness,robustness-swing-rth-liquid15,,2024-08-19,2026-08-19,,,,False,15,AAPL|AMZN|BAC|CAT|COST|CVX|GE|GOOGL|JPM|LLY|MSFT|NVDA|UNH|WMT|XOM,b903a736fc,5Min,,100000.0,varies,0.08880541042766588,,0.20174834996789356,,,,,133.0,,,,,,,,,,,2626.47,a625f708f76e,7e7eb0c5c92a,3.14.7,"H: Swing and no extended hours will provide the bot with better, more reasonable trades and result in a higher sharpe due to less volatile trades.",,,,,,,,,,,,,,,,,,,,,,,,,,,,,,,,,,,,,,,,sensitivity_rsi_oversold,default,False,,,False,0.7,,,0.06,False,0.03,0.09,False,close,,0.1,1.5,,10.0,8.0,0.2,100.0,1.0,0.0,2.0,,200.0,SPY,,0.05,0.05,True,0.14,0.05,0.04,20.0,,-0.1071895375094789,1.0,,,,,,,,,,,,,,,,,,,,,,,,False,True,,,,,,,,,,,,,,,,,,,,,,,,,,,,,,,,,,,,,,,,,,,,,liquid15,,30.0,,,,,,,,,rsi_oversold=30.0,,,,
20260825_035051_robustness_robustness-swing-rth-liq_a625f7,2026-08-25 03:50:51,2026-08-25T08:50:51Z,robustness,robustness-swing-rth-liquid15,,2024-08-19,2026-08-19,,,,False,15,AAPL|AMZN|BAC|CAT|COST|CVX|GE|GOOGL|JPM|LLY|MSFT|NVDA|UNH|WMT|XOM,b903a736fc,5Min,,100000.0,varies,0.08880541042766588,,0.20174834996789356,,,,,133.0,,,,,,,,,,,2626.49,a625f708f76e,7e7eb0c5c92a,3.14.7,"H: Swing and no extended hours will provide the bot with better, more reasonable trades and result in a higher sharpe due to less volatile trades.",,,,,,,,,,,,,,,,,,,,,,,,,,,,,,,,,,,,,,,,sensitivity_rsi_oversold,default,False,,,False,0.7,,,0.06,False,0.03,0.09,False,close,,0.1,1.5,,10.0,8.0,0.2,100.0,1.0,0.0,2.0,,200.0,SPY,,0.05,0.05,True,0.14,0.05,0.04,20.0,,-0.1071895375094789,1.0,,,,,,,,,,,,,,,,,,,,,,,,False,True,,,,,,,,,,,,,,,,,,,,,,,,,,,,,,,,,,,,,,,,,,,,,liquid15,,35.0,,,,,,,,,rsi_oversold=35.0,,,,
20260825_035051_robustness_robustness-swing-rth-liq_a625f7,2026-08-25 03:50:51,2026-08-25T08:50:51Z,robustness,robustness-swing-rth-liquid15,,2024-08-19,2026-08-19,,,,False,15,AAPL|AMZN|BAC|CAT|COST|CVX|GE|GOOGL|JPM|LLY|MSFT|NVDA|UNH|WMT|XOM,b903a736fc,5Min,,100000.0,varies,0.08880541042766588,,0.20174834996789356,,,,,133.0,,,,,,,,,,,2626.51,a625f708f76e,7e7eb0c5c92a,3.14.7,"H: Swing and no extended hours will provide the bot with better, more reasonable trades and result in a higher sharpe due to less volatile trades.",,,,,,,,,,,,,,,,,,,,,,,,,,,,,,,,,,,,,,,,sensitivity_rsi_oversold,default,False,,,False,0.7,,,0.06,False,0.03,0.09,False,close,,0.1,1.5,,10.0,8.0,0.2,100.0,1.0,0.0,2.0,,200.0,SPY,,0.05,0.05,True,0.14,0.05,0.04,20.0,,-0.1071895375094789,1.0,,,,,,,,,,,,,,,,,,,,,,,,False,True,,,,,,,,,,,,,,,,,,,,,,,,,,,,,,,,,,,,,,,,,,,,,liquid15,,40.0,,,,,,,,,rsi_oversold=40.0,,,,
20260825_035051_robustness_robustness-swing-rth-liq_a625f7,2026-08-25 03:50:51,2026-08-25T08:50:51Z,robustness,robustness-swing-rth-liquid15,,2024-08-19,2026-08-19,,,,False,15,AAPL|AMZN|BAC|CAT|COST|CVX|GE|GOOGL|JPM|LLY|MSFT|NVDA|UNH|WMT|XOM,b903a736fc,5Min,,100000.0,varies,0.069706743603835,,0.19208945279326098,,,,,140.0,,,,,,,,,,,2626.53,a625f708f76e,7e7eb0c5c92a,3.14.7,"H: Swing and no extended hours will provide the bot with better, more reasonable trades and result in a higher sharpe due to less volatile trades.",,,,,,,,,,,,,,,,,,,,,,,,,,,,,,,,,,,,,,,,sensitivity_rsi_oversold,default,False,,,False,0.7,,,0.06,False,0.03,0.09,False,close,,0.1,1.5,,10.0,8.0,0.2,100.0,1.0,0.0,2.0,,200.0,SPY,,0.05,0.05,True,0.14,0.05,0.04,20.0,,-0.126300992043483,1.0,,,,,,,,,,,,,,,,,,,,,,,,False,True,,,,,,,,,,,,,,,,,,,,,,,,,,,,,,,,,,,,,,,,,,,,,liquid15,,45.0,,,,,,,,,rsi_oversold=45.0,,,,
20260825_043018_robustness_robustness-swing-stable8_a625f7,2026-08-25 04:30:18,2026-08-25T09:30:18Z,robustness,robustness-swing-stable8,,2024-08-19,2026-08-19,,,,False,8,AAPL|AMD|AMZN|GOOGL|META|MSFT|NVDA|TSLA,238588ae78,5Min,,100000.0,zero,0.26901488099999904,,0.4106415236101414,,,,,155.0,,,,0.0,,,,,,,796.57,a625f708f76e,6ea52a3454ef,3.14.7,H: Swing only will reduce the amount of unnecessary trades and make the algo more profitable.,,,,,,,,,,,,,zero,,,,,,,,,,,,,,,,,,,,,,,,,,,cost_sensitivity,default,False,,,True,0.7,,,0.06,False,0.03,0.09,False,close,,0.1,1.5,,10.0,8.0,0.2,100.0,1.0,0.0,2.0,,200.0,SPY,,0.05,0.05,True,0.14,0.05,0.04,20.0,,-0.15565174035205753,1.0,,,,,,,,,,,,,,,,,,,,,,,,False,True,,,,,,,,,,,,,,,,,,,,,,,,,,,,,,,,,,,,,,,,,,,,,stable8,,,,,,,,,,,zero,,,,
20260825_043018_robustness_robustness-swing-stable8_a625f7,2026-08-25 04:30:18,2026-08-25T09:30:18Z,robustness,robustness-swing-stable8,,2024-08-19,2026-08-19,,,,False,8,AAPL|AMD|AMZN|GOOGL|META|MSFT|NVDA|TSLA,238588ae78,5Min,,100000.0,large_cap_rth,0.22073934693259423,,0.35739031756441364,,,,,156.0,,,,4993.350006740646,,,,,,,796.6,a625f708f76e,6ea52a3454ef,3.14.7,H: Swing only will reduce the amount of unnecessary trades and make the algo more profitable.,,,,,,,,,,,,,large_cap_rth,,,,,,,,,,,,,,,,,,,,,,,,,,,cost_sensitivity,default,False,,,True,0.7,,,0.06,False,0.03,0.09,False,close,,0.1,1.5,,10.0,8.0,0.2,100.0,1.0,0.0,2.0,,200.0,SPY,,0.05,0.05,True,0.14,0.05,0.04,20.0,,-0.16556984356603888,1.0,,,,,,,,,,,,,,,,,,,,,,,,False,True,,,,,,,,,,,,,,,,,,,,,,,,,,,,,,,,,,,,,,,,,,,,,stable8,,,,,,,,,,,large_cap_rth,,,,
20260825_043018_robustness_robustness-swing-stable8_a625f7,2026-08-25 04:30:18,2026-08-25T09:30:18Z,robustness,robustness-swing-stable8,,2024-08-19,2026-08-19,,,,False,8,AAPL|AMD|AMZN|GOOGL|META|MSFT|NVDA|TSLA,238588ae78,5Min,,100000.0,realistic,0.18085859890959366,,0.3123980943731437,,,,,155.0,,,,10766.62190904071,,,,,,,796.62,a625f708f76e,6ea52a3454ef,3.14.7,H: Swing only will reduce the amount of unnecessary trades and make the algo more profitable.,,,,,,,,,,,,,realistic,,,,,,,,,,,,,,,,,,,,,,,,,,,cost_sensitivity,default,False,,,True,0.7,,,0.06,False,0.03,0.09,False,close,,0.1,1.5,,10.0,8.0,0.2,100.0,1.0,0.0,2.0,,200.0,SPY,,0.05,0.05,True,0.14,0.05,0.04,20.0,,-0.1791508481035642,1.0,,,,,,,,,,,,,,,,,,,,,,,,False,True,,,,,,,,,,,,,,,,,,,,,,,,,,,,,,,,,,,,,,,,,,,,,stable8,,,,,,,,,,,realistic,,,,
20260825_043018_robustness_robustness-swing-stable8_a625f7,2026-08-25 04:30:18,2026-08-25T09:30:18Z,robustness,robustness-swing-stable8,,2024-08-19,2026-08-19,,,,False,8,AAPL|AMD|AMZN|GOOGL|META|MSFT|NVDA|TSLA,238588ae78,5Min,,100000.0,pessimistic,-0.020440941583409478,,0.03886652970080318,,,,,154.0,,,,26292.095858340945,,,,,,,796.65,a625f708f76e,6ea52a3454ef,3.14.7,H: Swing only will reduce the amount of unnecessary trades and make the algo more profitable.,,,,,,,,,,,,,pessimistic,,,,,,,,,,,,,,,,,,,,,,,,,,,cost_sensitivity,default,False,,,True,0.7,,,0.06,False,0.03,0.09,False,close,,0.1,1.5,,10.0,8.0,0.2,100.0,1.0,0.0,2.0,,200.0,SPY,,0.05,0.05,True,0.14,0.05,0.04,20.0,,-0.21588785220840812,1.0,,,,,,,,,,,,,,,,,,,,,,,,False,True,,,,,,,,,,,,,,,,,,,,,,,,,,,,,,,,,,,,,,,,,,,,,stable8,,,,,,,,,,,pessimistic,,,,
20260825_035051_robustness_robustness-swing-rth-liq_a625f7,2026-08-25 03:50:51,2026-08-25T08:50:51Z,robustness,robustness-swing-rth-liquid15,,2024-08-19,2026-08-19,,,,False,15,AAPL|AMZN|BAC|CAT|COST|CVX|GE|GOOGL|JPM|LLY|MSFT|NVDA|UNH|WMT|XOM,b903a736fc,5Min,,100000.0,varies,0.17260658654432737,,0.2686584463145807,,,,,185.0,,,,,,,,,,,3500.17,a625f708f76e,7e7eb0c5c92a,3.14.7,"H: Swing and no extended hours will provide the bot with better, more reasonable trades and result in a higher sharpe due to less volatile trades.",,,,,,,,,,,,,,,,,,,,,,,,,,,,,,,,,,,,,,,,sensitivity_volume_surge_mult,default,False,,,False,0.7,,,0.06,False,0.03,0.09,False,close,,0.1,1.5,,10.0,8.0,0.2,100.0,1.0,0.0,2.0,,200.0,SPY,,0.05,0.05,True,0.14,0.05,0.04,20.0,,-0.1430371489667034,1.0,,,,,,,,,,,,,,,,,,,,,,,,False,True,,,,,,,,,,,,,,,,,,,,,,,,,,,,,,,,,,,,,,,,,,,,,liquid15,,,,,,,,,,,volume_surge_mult=1.2,1.2,,,
20260825_035051_robustness_robustness-swing-rth-liq_a625f7,2026-08-25 03:50:51,2026-08-25T08:50:51Z,robustness,robustness-swing-rth-liquid15,,2024-08-19,2026-08-19,,,,False,15,AAPL|AMZN|BAC|CAT|COST|CVX|GE|GOOGL|JPM|LLY|MSFT|NVDA|UNH|WMT|XOM,b903a736fc,5Min,,100000.0,varies,0.14503339862808917,,0.24332604272014607,,,,,154.0,,,,,,,,,,,3500.21,a625f708f76e,7e7eb0c5c92a,3.14.7,"H: Swing and no extended hours will provide the bot with better, more reasonable trades and result in a higher sharpe due to less volatile trades.",,,,,,,,,,,,,,,,,,,,,,,,,,,,,,,,,,,,,,,,sensitivity_volume_surge_mult,default,False,,,False,0.7,,,0.06,False,0.03,0.09,False,close,,0.1,1.5,,10.0,8.0,0.2,100.0,1.0,0.0,2.0,,200.0,SPY,,0.05,0.05,True,0.14,0.05,0.04,20.0,,-0.10356878933484326,1.0,,,,,,,,,,,,,,,,,,,,,,,,False,True,,,,,,,,,,,,,,,,,,,,,,,,,,,,,,,,,,,,,,,,,,,,,liquid15,,,,,,,,,,,volume_surge_mult=1.5,1.5,,,
20260825_035051_robustness_robustness-swing-rth-liq_a625f7,2026-08-25 03:50:51,2026-08-25T08:50:51Z,robustness,robustness-swing-rth-liquid15,,2024-08-19,2026-08-19,,,,False,15,AAPL|AMZN|BAC|CAT|COST|CVX|GE|GOOGL|JPM|LLY|MSFT|NVDA|UNH|WMT|XOM,b903a736fc,5Min,,100000.0,varies,0.08880541042766588,,0.20174834996789356,,,,,133.0,,,,,,,,,,,3500.23,a625f708f76e,7e7eb0c5c92a,3.14.7,"H: Swing and no extended hours will provide the bot with better, more reasonable trades and result in a higher sharpe due to less volatile trades.",,,,,,,,,,,,,,,,,,,,,,,,,,,,,,,,,,,,,,,,sensitivity_volume_surge_mult,default,False,,,False,0.7,,,0.06,False,0.03,0.09,False,close,,0.1,1.5,,10.0,8.0,0.2,100.0,1.0,0.0,2.0,,200.0,SPY,,0.05,0.05,True,0.14,0.05,0.04,20.0,,-0.1071895375094789,1.0,,,,,,,,,,,,,,,,,,,,,,,,False,True,,,,,,,,,,,,,,,,,,,,,,,,,,,,,,,,,,,,,,,,,,,,,liquid15,,,,,,,,,,,volume_surge_mult=1.8,1.8,,,
20260825_035051_robustness_robustness-swing-rth-liq_a625f7,2026-08-25 03:50:51,2026-08-25T08:50:51Z,robustness,robustness-swing-rth-liquid15,,2024-08-19,2026-08-19,,,,False,15,AAPL|AMZN|BAC|CAT|COST|CVX|GE|GOOGL|JPM|LLY|MSFT|NVDA|UNH|WMT|XOM,b903a736fc,5Min,,100000.0,varies,0.07308425960118248,,0.1889579469595976,,,,,119.0,,,,,,,,,,,3500.25,a625f708f76e,7e7eb0c5c92a,3.14.7,"H: Swing and no extended hours will provide the bot with better, more reasonable trades and result in a higher sharpe due to less volatile trades.",,,,,,,,,,,,,,,,,,,,,,,,,,,,,,,,,,,,,,,,sensitivity_volume_surge_mult,default,False,,,False,0.7,,,0.06,False,0.03,0.09,False,close,,0.1,1.5,,10.0,8.0,0.2,100.0,1.0,0.0,2.0,,200.0,SPY,,0.05,0.05,True,0.14,0.05,0.04,20.0,,-0.10677706726931047,1.0,,,,,,,,,,,,,,,,,,,,,,,,False,True,,,,,,,,,,,,,,,,,,,,,,,,,,,,,,,,,,,,,,,,,,,,,liquid15,,,,,,,,,,,volume_surge_mult=2.1,2.1,,,
20260825_035051_robustness_robustness-swing-rth-liq_a625f7,2026-08-25 03:50:51,2026-08-25T08:50:51Z,robustness,robustness-swing-rth-liquid15,,2024-08-19,2026-08-19,,,,False,15,AAPL|AMZN|BAC|CAT|COST|CVX|GE|GOOGL|JPM|LLY|MSFT|NVDA|UNH|WMT|XOM,b903a736fc,5Min,,100000.0,varies,0.17081152780109266,,0.2542568377072835,,,,,94.0,,,,,,,,,,,3500.27,a625f708f76e,7e7eb0c5c92a,3.14.7,"H: Swing and no extended hours will provide the bot with better, more reasonable trades and result in a higher sharpe due to less volatile trades.",,,,,,,,,,,,,,,,,,,,,,,,,,,,,,,,,,,,,,,,sensitivity_volume_surge_mult,default,False,,,False,0.7,,,0.06,False,0.03,0.09,False,close,,0.1,1.5,,10.0,8.0,0.2,100.0,1.0,0.0,2.0,,200.0,SPY,,0.05,0.05,True,0.14,0.05,0.04,20.0,,-0.11566997271105806,1.0,,,,,,,,,,,,,,,,,,,,,,,,False,True,,,,,,,,,,,,,,,,,,,,,,,,,,,,,,,,,,,,,,,,,,,,,liquid15,,,,,,,,,,,volume_surge_mult=2.5,2.5,,,
20260825_035051_robustness_robustness-swing-rth-liq_a625f7,2026-08-25 03:50:51,2026-08-25T08:50:51Z,robustness,robustness-swing-rth-liquid15,,2024-08-19 08:00:00+00:00,2026-08-18 23:55:00+00:00,,,,False,15,AAPL|AMZN|BAC|CAT|COST|CVX|GE|GOOGL|JPM|LLY|MSFT|NVDA|UNH|WMT|XOM,b903a736fc,5Min,,100000.0,REALISTIC,0.08880541042766588,0.04350929800908787,0.20174834996789356,0.17220928007325173,0.40590993318951757,-0.1071895375094789,126.31597222222223,133.0,0.5263157894736842,1.1613528149516505,66.7709852839595,8864.531557233398,,,,,,,3674.92,a625f708f76e,7e7eb0c5c92a,3.14.7,"H: Swing and no extended hours will provide the bot with better, more reasonable trades and result in a higher sharpe due to less volatile trades.",,833.1353383458646,66.65061321228119,-873.6195211409381,,913.1224410663673,,,,3083.292471273246,,,,0.0,0.0,300.0,96000.0,0.0,0.0,0.0,5.0,0.0,25.0,0.0,0.0,0.0,0.0,9.0,0.0,0.9998847135242839,0.0,0.0,0.0,163.0,,,108880.54104276658,"{""max_hold_swing"": 51, ""stop_loss"": 43, ""take_profit"": 6, ""trailing_stop"": 33}",,news_ablation,default,False,,,False,0.7,,,0.06,False,0.03,0.09,False,close,,0.1,1.5,,10.0,8.0,0.2,100.0,1.0,0.0,2.0,,200.0,SPY,,0.05,0.05,True,0.14,0.05,0.04,20.0,,,1.0,,,,,,,,,,,,,,,,,,,956.0,,,,,False,True,,,,,0.5,14.0,,,,,,,0.6,0.49,20.0,0.015,0.45,0.55,,,72.0,35.0,,,,False,,,,,True,,1.8,,,,,,,,80.0,,,17745.072600000007,liquid15,,,100000.0,133.0,,,,,0.0,8864.531557233398,news_on_buggy,,,,-1441.7632232742965
20260825_035051_robustness_robustness-swing-rth-liq_a625f7,2026-08-25 03:50:51,2026-08-25T08:50:51Z,robustness,robustness-swing-rth-liquid15,,2024-08-19 08:00:00+00:00,2026-08-18 23:55:00+00:00,,,,False,15,AAPL|AMZN|BAC|CAT|COST|CVX|GE|GOOGL|JPM|LLY|MSFT|NVDA|UNH|WMT|XOM,b903a736fc,5Min,,100000.0,REALISTIC,0.08880541042766588,0.04350929800908787,0.20174834996789356,0.17220928007325173,0.40590993318951757,-0.1071895375094789,126.31597222222223,133.0,0.5263157894736842,1.1613528149516505,66.7709852839595,8864.531557233398,,,,,,,3849.11,a625f708f76e,7e7eb0c5c92a,3.14.7,"H: Swing and no extended hours will provide the bot with better, more reasonable trades and result in a higher sharpe due to less volatile trades.",,833.1353383458646,66.65061321228119,-873.6195211409381,,913.1224410663673,,,,3083.292471273246,,,,0.0,0.0,300.0,96000.0,0.0,0.0,0.0,5.0,0.0,25.0,0.0,0.0,0.0,0.0,9.0,0.0,0.9998847135242839,0.0,0.0,0.0,163.0,,,108880.54104276658,"{""max_hold_swing"": 51, ""stop_loss"": 43, ""take_profit"": 6, ""trailing_stop"": 33}",,news_ablation,default,False,,,False,0.7,,,0.06,False,0.03,0.09,False,close,,0.1,1.5,,10.0,8.0,0.2,100.0,1.0,0.0,2.0,,200.0,SPY,,0.05,0.05,True,0.14,0.05,0.04,20.0,,,1.0,,,,,,,,,,,,,,,,,,,956.0,,,,,False,True,,,,,0.5,14.0,,,,,,,0.6,0.49,20.0,0.015,0.45,0.55,,,72.0,35.0,,,,True,,,,,True,,1.8,,,,,,,,80.0,,,17745.072600000007,liquid15,,,100000.0,133.0,,,,,0.0,8864.531557233398,news_on_fixed,,,,-1441.7632232742965
20260825_035051_robustness_robustness-swing-rth-liq_a625f7,2026-08-25 03:50:51,2026-08-25T08:50:51Z,robustness,robustness-swing-rth-liquid15,,2024-08-19 08:00:00+00:00,2026-08-18 23:55:00+00:00,,,,False,15,AAPL|AMZN|BAC|CAT|COST|CVX|GE|GOOGL|JPM|LLY|MSFT|NVDA|UNH|WMT|XOM,b903a736fc,5Min,,100000.0,REALISTIC,0.08880541042766588,0.04350929800908787,0.20174834996789356,0.17220928007325173,0.40590993318951757,-0.1071895375094789,126.31597222222223,133.0,0.5263157894736842,1.1613528149516505,66.7709852839595,8864.531557233398,,,,,,,4023.96,a625f708f76e,7e7eb0c5c92a,3.14.7,"H: Swing and no extended hours will provide the bot with better, more reasonable trades and result in a higher sharpe due to less volatile trades.",,833.1353383458646,66.65061321228119,-873.6195211409381,,913.1224410663673,,,,3083.292471273246,,,,0.0,0.0,300.0,96000.0,0.0,0.0,0.0,5.0,0.0,25.0,0.0,0.0,0.0,0.0,9.0,0.0,0.9998847135242839,0.0,0.0,0.0,163.0,,,108880.54104276658,"{""max_hold_swing"": 51, ""stop_loss"": 43, ""take_profit"": 6, ""trailing_stop"": 33}",,news_ablation,default,False,,,False,0.7,,,0.06,False,0.03,0.09,False,close,,0.1,1.5,,10.0,8.0,0.2,100.0,1.0,0.0,2.0,,200.0,SPY,,0.05,0.05,True,0.14,0.05,0.04,20.0,,,1.0,,,,,,,,,,,,,,,,,,,956.0,,,,,False,True,,,,,0.5,14.0,,,,,,,0.6,0.49,20.0,0.015,0.45,0.55,,,72.0,35.0,,,,False,,,,,False,,1.8,,,,,,,,80.0,,,17745.072600000007,liquid15,,,100000.0,133.0,,,,,0.0,8864.531557233398,news_off,,,,-1441.7632232742965
20260825_035051_robustness_robustness-swing-rth-liq_a625f7,2026-08-25 03:50:51,2026-08-25T08:50:51Z,robustness,robustness-swing-rth-liquid15,,2024-08-19,2026-08-19,,,,False,15,AAPL|AMZN|BAC|CAT|COST|CVX|GE|GOOGL|JPM|LLY|MSFT|NVDA|UNH|WMT|XOM,b903a736fc,5Min,,100000.0,REALISTIC,,,,,,,,,,,,,,,,,,,4198.41,a625f708f76e,7e7eb0c5c92a,3.14.7,"H: Swing and no extended hours will provide the bot with better, more reasonable trades and result in a higher sharpe due to less volatile trades.",,,,,,,,,,,,,,,,,,,,,,,,,,,,,,,,,,,,,,,,monte_carlo,default,False,,,False,0.7,,,0.06,False,0.03,0.09,False,close,,0.1,1.5,,10.0,8.0,0.2,100.0,1.0,0.0,2.0,,200.0,SPY,,0.05,0.05,True,0.14,0.05,0.04,20.0,,,1.0,108430.45078812973,-0.09556799849810545,88914.25496551496,130409.6136180361,-0.18919818301691713,0.746,,,133.0,,,,-0.09031324818928066,-0.1435335883048851,-0.19366815336294158,,108880.54104276662,,,,,,,False,True,,,,,,,,,,,,,,,,,,,,,,,,,,,,,,,,,,,,,,,,,,,,,liquid15,,,,,,,,,,,1000_sims,,,,
20260825_043018_robustness_robustness-swing-stable8_a625f7,2026-08-25 04:30:18,2026-08-25T09:30:18Z,robustness,robustness-swing-stable8,,2024-08-19,2026-08-19,,,,False,8,AAPL|AMD|AMZN|GOOGL|META|MSFT|NVDA|TSLA,238588ae78,5Min,,100000.0,varies,0.12707976529659692,,0.2230847751816465,,,,,404.0,,,,,,,,,,,1978.6,a625f708f76e,6ea52a3454ef,3.14.7,H: Swing only will reduce the amount of unnecessary trades and make the algo more profitable.,,,,,,,,,,,,,,,,,,,,,,,,,,,,,,,,,,,,,,,,sensitivity_min_confidence,default,False,,,True,0.7,,,0.06,False,0.03,0.09,False,close,,0.1,1.5,,10.0,8.0,0.2,100.0,1.0,0.0,2.0,,200.0,SPY,,0.05,0.05,True,0.14,0.05,0.04,20.0,,-0.2756373014735346,1.0,,,,,,,,,,,,,,,,,,,,0.4,,,,False,True,,,,,,,,,,,,,,,,,,,,,,,,,,,,,,,,,,,,,,,,,,,,,stable8,,,,,,,,,,,min_confidence=0.4,,,,
20260825_043018_robustness_robustness-swing-stable8_a625f7,2026-08-25 04:30:18,2026-08-25T09:30:18Z,robustness,robustness-swing-stable8,,2024-08-19,2026-08-19,,,,False,8,AAPL|AMD|AMZN|GOOGL|META|MSFT|NVDA|TSLA,238588ae78,5Min,,100000.0,varies,0.12707976529659692,,0.2230847751816465,,,,,404.0,,,,,,,,,,,1978.63,a625f708f76e,6ea52a3454ef,3.14.7,H: Swing only will reduce the amount of unnecessary trades and make the algo more profitable.,,,,,,,,,,,,,,,,,,,,,,,,,,,,,,,,,,,,,,,,sensitivity_min_confidence,default,False,,,True,0.7,,,0.06,False,0.03,0.09,False,close,,0.1,1.5,,10.0,8.0,0.2,100.0,1.0,0.0,2.0,,200.0,SPY,,0.05,0.05,True,0.14,0.05,0.04,20.0,,-0.2756373014735346,1.0,,,,,,,,,,,,,,,,,,,,0.45,,,,False,True,,,,,,,,,,,,,,,,,,,,,,,,,,,,,,,,,,,,,,,,,,,,,stable8,,,,,,,,,,,min_confidence=0.45,,,,
20260825_043018_robustness_robustness-swing-stable8_a625f7,2026-08-25 04:30:18,2026-08-25T09:30:18Z,robustness,robustness-swing-stable8,,2024-08-19,2026-08-19,,,,False,8,AAPL|AMD|AMZN|GOOGL|META|MSFT|NVDA|TSLA,238588ae78,5Min,,100000.0,varies,0.18085859890959366,,0.3123980943731437,,,,,155.0,,,,,,,,,,,1978.65,a625f708f76e,6ea52a3454ef,3.14.7,H: Swing only will reduce the amount of unnecessary trades and make the algo more profitable.,,,,,,,,,,,,,,,,,,,,,,,,,,,,,,,,,,,,,,,,sensitivity_min_confidence,default,False,,,True,0.7,,,0.06,False,0.03,0.09,False,close,,0.1,1.5,,10.0,8.0,0.2,100.0,1.0,0.0,2.0,,200.0,SPY,,0.05,0.05,True,0.14,0.05,0.04,20.0,,-0.1791508481035642,1.0,,,,,,,,,,,,,,,,,,,,0.49,,,,False,True,,,,,,,,,,,,,,,,,,,,,,,,,,,,,,,,,,,,,,,,,,,,,stable8,,,,,,,,,,,min_confidence=0.49,,,,
20260825_043018_robustness_robustness-swing-stable8_a625f7,2026-08-25 04:30:18,2026-08-25T09:30:18Z,robustness,robustness-swing-stable8,,2024-08-19,2026-08-19,,,,False,8,AAPL|AMD|AMZN|GOOGL|META|MSFT|NVDA|TSLA,238588ae78,5Min,,100000.0,varies,-0.002194243394717077,,-0.086839279657959,,,,,1.0,,,,,,,,,,,1978.67,a625f708f76e,6ea52a3454ef,3.14.7,H: Swing only will reduce the amount of unnecessary trades and make the algo more profitable.,,,,,,,,,,,,,,,,,,,,,,,,,,,,,,,,,,,,,,,,sensitivity_min_confidence,default,False,,,True,0.7,,,0.06,False,0.03,0.09,False,close,,0.1,1.5,,10.0,8.0,0.2,100.0,1.0,0.0,2.0,,200.0,SPY,,0.05,0.05,True,0.14,0.05,0.04,20.0,,-0.012567517823649399,1.0,,,,,,,,,,,,,,,,,,,,0.55,,,,False,True,,,,,,,,,,,,,,,,,,,,,,,,,,,,,,,,,,,,,,,,,,,,,stable8,,,,,,,,,,,min_confidence=0.55,,,,
20260825_043018_robustness_robustness-swing-stable8_a625f7,2026-08-25 04:30:18,2026-08-25T09:30:18Z,robustness,robustness-swing-stable8,,2024-08-19,2026-08-19,,,,False,8,AAPL|AMD|AMZN|GOOGL|META|MSFT|NVDA|TSLA,238588ae78,5Min,,100000.0,varies,-0.002194243394717077,,-0.086839279657959,,,,,1.0,,,,,,,,,,,1978.69,a625f708f76e,6ea52a3454ef,3.14.7,H: Swing only will reduce the amount of unnecessary trades and make the algo more profitable.,,,,,,,,,,,,,,,,,,,,,,,,,,,,,,,,,,,,,,,,sensitivity_min_confidence,default,False,,,True,0.7,,,0.06,False,0.03,0.09,False,close,,0.1,1.5,,10.0,8.0,0.2,100.0,1.0,0.0,2.0,,200.0,SPY,,0.05,0.05,True,0.14,0.05,0.04,20.0,,-0.012567517823649399,1.0,,,,,,,,,,,,,,,,,,,,0.6,,,,False,True,,,,,,,,,,,,,,,,,,,,,,,,,,,,,,,,,,,,,,,,,,,,,stable8,,,,,,,,,,,min_confidence=0.6,,,,
20260825_043018_robustness_robustness-swing-stable8_a625f7,2026-08-25 04:30:18,2026-08-25T09:30:18Z,robustness,robustness-swing-stable8,,2024-08-19,2026-08-19,,,,False,8,AAPL|AMD|AMZN|GOOGL|META|MSFT|NVDA|TSLA,238588ae78,5Min,,100000.0,varies,-0.002194243394717077,,-0.086839279657959,,,,,1.0,,,,,,,,,,,1978.72,a625f708f76e,6ea52a3454ef,3.14.7,H: Swing only will reduce the amount of unnecessary trades and make the algo more profitable.,,,,,,,,,,,,,,,,,,,,,,,,,,,,,,,,,,,,,,,,sensitivity_min_confidence,default,False,,,True,0.7,,,0.06,False,0.03,0.09,False,close,,0.1,1.5,,10.0,8.0,0.2,100.0,1.0,0.0,2.0,,200.0,SPY,,0.05,0.05,True,0.14,0.05,0.04,20.0,,-0.012567517823649399,1.0,,,,,,,,,,,,,,,,,,,,0.65,,,,False,True,,,,,,,,,,,,,,,,,,,,,,,,,,,,,,,,,,,,,,,,,,,,,stable8,,,,,,,,,,,min_confidence=0.65,,,,
20260825_050050_robustness_robustness-swing-rth-cry_a625f7,2026-08-25 05:00:50,2026-08-25T10:00:50Z,robustness,robustness-swing-rth-crypto_proxy,,2024-08-19,2026-08-19,,,,False,5,CLSK|COIN|MARA|MSTR|RIOT,3319f568a1,5Min,,100000.0,zero,0.8427406729999996,,0.5048180542439034,,,,,696.0,,,,0.0,,,,,,,294.0,a625f708f76e,2a4c3d304270,3.14.7,"H: Swing and no extended hours will provide the bot with better, more reasonable trades and result in a higher sharpe due to less volatile trades.",,,,,,,,,,,,,zero,,,,,,,,,,,,,,,,,,,,,,,,,,,cost_sensitivity,default,False,,,False,0.7,,,0.06,False,0.03,0.09,False,close,,0.1,1.5,,10.0,8.0,0.2,100.0,1.0,0.0,2.0,,200.0,SPY,,0.05,0.05,True,0.14,0.05,0.04,20.0,,-0.3755382842505507,1.0,,,,,,,,,,,,,,,,,,,,,,,,False,True,,,,,,,,,,,,,,,,,,,,,,,,,,,,,,,,,,,,,,,,,,,,,crypto_proxy,,,,,,,,,,,zero,,,,
20260825_050050_robustness_robustness-swing-rth-cry_a625f7,2026-08-25 05:00:50,2026-08-25T10:00:50Z,robustness,robustness-swing-rth-crypto_proxy,,2024-08-19,2026-08-19,,,,False,5,CLSK|COIN|MARA|MSTR|RIOT,3319f568a1,5Min,,100000.0,large_cap_rth,0.153834442633346,,0.2828659215573371,,,,,685.0,,,,41449.84363666532,,,,,,,294.02,a625f708f76e,2a4c3d304270,3.14.7,"H: Swing and no extended hours will provide the bot with better, more reasonable trades and result in a higher sharpe due to less volatile trades.",,,,,,,,,,,,,large_cap_rth,,,,,,,,,,,,,,,,,,,,,,,,,,,cost_sensitivity,default,False,,,False,0.7,,,0.06,False,0.03,0.09,False,close,,0.1,1.5,,10.0,8.0,0.2,100.0,1.0,0.0,2.0,,200.0,SPY,,0.05,0.05,True,0.14,0.05,0.04,20.0,,-0.44065831238785547,1.0,,,,,,,,,,,,,,,,,,,,,,,,False,True,,,,,,,,,,,,,,,,,,,,,,,,,,,,,,,,,,,,,,,,,,,,,crypto_proxy,,,,,,,,,,,large_cap_rth,,,,
20260825_050050_robustness_robustness-swing-rth-cry_a625f7,2026-08-25 05:00:50,2026-08-25T10:00:50Z,robustness,robustness-swing-rth-crypto_proxy,,2024-08-19,2026-08-19,,,,False,5,CLSK|COIN|MARA|MSTR|RIOT,3319f568a1,5Min,,100000.0,realistic,-0.22998742685621543,,0.08800632972715929,,,,,684.0,,,,71810.88568562176,,,,,,,294.05,a625f708f76e,2a4c3d304270,3.14.7,"H: Swing and no extended hours will provide the bot with better, more reasonable trades and result in a higher sharpe due to less volatile trades.",,,,,,,,,,,,,realistic,,,,,,,,,,,,,,,,,,,,,,,,,,,cost_sensitivity,default,False,,,False,0.7,,,0.06,False,0.03,0.09,False,close,,0.1,1.5,,10.0,8.0,0.2,100.0,1.0,0.0,2.0,,200.0,SPY,,0.05,0.05,True,0.14,0.05,0.04,20.0,,-0.5056726498042123,1.0,,,,,,,,,,,,,,,,,,,,,,,,False,True,,,,,,,,,,,,,,,,,,,,,,,,,,,,,,,,,,,,,,,,,,,,,crypto_proxy,,,,,,,,,,,realistic,,,,
20260825_050050_robustness_robustness-swing-rth-cry_a625f7,2026-08-25 05:00:50,2026-08-25T10:00:50Z,robustness,robustness-swing-rth-crypto_proxy,,2024-08-19,2026-08-19,,,,False,5,CLSK|COIN|MARA|MSTR|RIOT,3319f568a1,5Min,,100000.0,pessimistic,-0.695721899407795,,-0.36233476176643964,,,,,685.0,,,,114452.32194077961,,,,,,,294.07,a625f708f76e,2a4c3d304270,3.14.7,"H: Swing and no extended hours will provide the bot with better, more reasonable trades and result in a higher sharpe due to less volatile trades.",,,,,,,,,,,,,pessimistic,,,,,,,,,,,,,,,,,,,,,,,,,,,cost_sensitivity,default,False,,,False,0.7,,,0.06,False,0.03,0.09,False,close,,0.1,1.5,,10.0,8.0,0.2,100.0,1.0,0.0,2.0,,200.0,SPY,,0.05,0.05,True,0.14,0.05,0.04,20.0,,-0.7647672902505225,1.0,,,,,,,,,,,,,,,,,,,,,,,,False,True,,,,,,,,,,,,,,,,,,,,,,,,,,,,,,,,,,,,,,,,,,,,,crypto_proxy,,,,,,,,,,,pessimistic,,,,
20260825_050050_robustness_robustness-swing-rth-cry_a625f7,2026-08-25 05:00:50,2026-08-25T10:00:50Z,robustness,robustness-swing-rth-crypto_proxy,,2024-08-19,2026-08-19,,,,False,5,CLSK|COIN|MARA|MSTR|RIOT,3319f568a1,5Min,,100000.0,varies,-0.5926611120268084,,-0.04498807608750548,,,,,1142.0,,,,,,,,,,,753.26,a625f708f76e,2a4c3d304270,3.14.7,"H: Swing and no extended hours will provide the bot with better, more reasonable trades and result in a higher sharpe due to less volatile trades.",,,,,,,,,,,,,,,,,,,,,,,,,,,,,,,,,,,,,,,,sensitivity_min_confidence,default,False,,,False,0.7,,,0.06,False,0.03,0.09,False,close,,0.1,1.5,,10.0,8.0,0.2,100.0,1.0,0.0,2.0,,200.0,SPY,,0.05,0.05,True,0.14,0.05,0.04,20.0,,-0.7282932162116347,1.0,,,,,,,,,,,,,,,,,,,,0.4,,,,False,True,,,,,,,,,,,,,,,,,,,,,,,,,,,,,,,,,,,,,,,,,,,,,crypto_proxy,,,,,,,,,,,min_confidence=0.4,,,,
20260825_050050_robustness_robustness-swing-rth-cry_a625f7,2026-08-25 05:00:50,2026-08-25T10:00:50Z,robustness,robustness-swing-rth-crypto_proxy,,2024-08-19,2026-08-19,,,,False,5,CLSK|COIN|MARA|MSTR|RIOT,3319f568a1,5Min,,100000.0,varies,-0.5926611120268084,,-0.04498807608750548,,,,,1142.0,,,,,,,,,,,753.29,a625f708f76e,2a4c3d304270,3.14.7,"H: Swing and no extended hours will provide the bot with better, more reasonable trades and result in a higher sharpe due to less volatile trades.",,,,,,,,,,,,,,,,,,,,,,,,,,,,,,,,,,,,,,,,sensitivity_min_confidence,default,False,,,False,0.7,,,0.06,False,0.03,0.09,False,close,,0.1,1.5,,10.0,8.0,0.2,100.0,1.0,0.0,2.0,,200.0,SPY,,0.05,0.05,True,0.14,0.05,0.04,20.0,,-0.7282932162116347,1.0,,,,,,,,,,,,,,,,,,,,0.45,,,,False,True,,,,,,,,,,,,,,,,,,,,,,,,,,,,,,,,,,,,,,,,,,,,,crypto_proxy,,,,,,,,,,,min_confidence=0.45,,,,
20260825_050050_robustness_robustness-swing-rth-cry_a625f7,2026-08-25 05:00:50,2026-08-25T10:00:50Z,robustness,robustness-swing-rth-crypto_proxy,,2024-08-19,2026-08-19,,,,False,5,CLSK|COIN|MARA|MSTR|RIOT,3319f568a1,5Min,,100000.0,varies,-0.22998742685621543,,0.08800632972715929,,,,,684.0,,,,,,,,,,,753.31,a625f708f76e,2a4c3d304270,3.14.7,"H: Swing and no extended hours will provide the bot with better, more reasonable trades and result in a higher sharpe due to less volatile trades.",,,,,,,,,,,,,,,,,,,,,,,,,,,,,,,,,,,,,,,,sensitivity_min_confidence,default,False,,,False,0.7,,,0.06,False,0.03,0.09,False,close,,0.1,1.5,,10.0,8.0,0.2,100.0,1.0,0.0,2.0,,200.0,SPY,,0.05,0.05,True,0.14,0.05,0.04,20.0,,-0.5056726498042123,1.0,,,,,,,,,,,,,,,,,,,,0.49,,,,False,True,,,,,,,,,,,,,,,,,,,,,,,,,,,,,,,,,,,,,,,,,,,,,crypto_proxy,,,,,,,,,,,min_confidence=0.49,,,,
20260825_050050_robustness_robustness-swing-rth-cry_a625f7,2026-08-25 05:00:50,2026-08-25T10:00:50Z,robustness,robustness-swing-rth-crypto_proxy,,2024-08-19,2026-08-19,,,,False,5,CLSK|COIN|MARA|MSTR|RIOT,3319f568a1,5Min,,100000.0,varies,0.04745393468899217,,0.15487776961646893,,,,,7.0,,,,,,,,,,,753.33,a625f708f76e,2a4c3d304270,3.14.7,"H: Swing and no extended hours will provide the bot with better, more reasonable trades and result in a higher sharpe due to less volatile trades.",,,,,,,,,,,,,,,,,,,,,,,,,,,,,,,,,,,,,,,,sensitivity_min_confidence,default,False,,,False,0.7,,,0.06,False,0.03,0.09,False,close,,0.1,1.5,,10.0,8.0,0.2,100.0,1.0,0.0,2.0,,200.0,SPY,,0.05,0.05,True,0.14,0.05,0.04,20.0,,-0.029988082657269044,1.0,,,,,,,,,,,,,,,,,,,,0.55,,,,False,True,,,,,,,,,,,,,,,,,,,,,,,,,,,,,,,,,,,,,,,,,,,,,crypto_proxy,,,,,,,,,,,min_confidence=0.55,,,,
20260825_050050_robustness_robustness-swing-rth-cry_a625f7,2026-08-25 05:00:50,2026-08-25T10:00:50Z,robustness,robustness-swing-rth-crypto_proxy,,2024-08-19,2026-08-19,,,,False,5,CLSK|COIN|MARA|MSTR|RIOT,3319f568a1,5Min,,100000.0,varies,0.04745393468899217,,0.15487776961646893,,,,,7.0,,,,,,,,,,,753.36,a625f708f76e,2a4c3d304270,3.14.7,"H: Swing and no extended hours will provide the bot with better, more reasonable trades and result in a higher sharpe due to less volatile trades.",,,,,,,,,,,,,,,,,,,,,,,,,,,,,,,,,,,,,,,,sensitivity_min_confidence,default,False,,,False,0.7,,,0.06,False,0.03,0.09,False,close,,0.1,1.5,,10.0,8.0,0.2,100.0,1.0,0.0,2.0,,200.0,SPY,,0.05,0.05,True,0.14,0.05,0.04,20.0,,-0.029988082657269044,1.0,,,,,,,,,,,,,,,,,,,,0.6,,,,False,True,,,,,,,,,,,,,,,,,,,,,,,,,,,,,,,,,,,,,,,,,,,,,crypto_proxy,,,,,,,,,,,min_confidence=0.6,,,,
20260825_050050_robustness_robustness-swing-rth-cry_a625f7,2026-08-25 05:00:50,2026-08-25T10:00:50Z,robustness,robustness-swing-rth-crypto_proxy,,2024-08-19,2026-08-19,,,,False,5,CLSK|COIN|MARA|MSTR|RIOT,3319f568a1,5Min,,100000.0,varies,0.04745393468899217,,0.15487776961646893,,,,,7.0,,,,,,,,,,,753.38,a625f708f76e,2a4c3d304270,3.14.7,"H: Swing and no extended hours will provide the bot with better, more reasonable trades and result in a higher sharpe due to less volatile trades.",,,,,,,,,,,,,,,,,,,,,,,,,,,,,,,,,,,,,,,,sensitivity_min_confidence,default,False,,,False,0.7,,,0.06,False,0.03,0.09,False,close,,0.1,1.5,,10.0,8.0,0.2,100.0,1.0,0.0,2.0,,200.0,SPY,,0.05,0.05,True,0.14,0.05,0.04,20.0,,-0.029988082657269044,1.0,,,,,,,,,,,,,,,,,,,,0.65,,,,False,True,,,,,,,,,,,,,,,,,,,,,,,,,,,,,,,,,,,,,,,,,,,,,crypto_proxy,,,,,,,,,,,min_confidence=0.65,,,,
20260825_050050_robustness_robustness-swing-rth-cry_a625f7,2026-08-25 05:00:50,2026-08-25T10:00:50Z,robustness,robustness-swing-rth-crypto_proxy,,2024-08-19,2026-08-19,,,,False,5,CLSK|COIN|MARA|MSTR|RIOT,3319f568a1,5Min,,100000.0,varies,-0.22998742685621543,,0.08800632972715929,,,,,684.0,,,,,,,,,,,1121.15,a625f708f76e,2a4c3d304270,3.14.7,"H: Swing and no extended hours will provide the bot with better, more reasonable trades and result in a higher sharpe due to less volatile trades.",,,,,,,,,,,,,,,,,,,,,,,,,,,,,,,,,,,,,,,,sensitivity_rsi_oversold,default,False,,,False,0.7,,,0.06,False,0.03,0.09,False,close,,0.1,1.5,,10.0,8.0,0.2,100.0,1.0,0.0,2.0,,200.0,SPY,,0.05,0.05,True,0.14,0.05,0.04,20.0,,-0.5056726498042123,1.0,,,,,,,,,,,,,,,,,,,,,,,,False,True,,,,,,,,,,,,,,,,,,,,,,,,,,,,,,,,,,,,,,,,,,,,,crypto_proxy,,25.0,,,,,,,,,rsi_oversold=25.0,,,,
20260825_050050_robustness_robustness-swing-rth-cry_a625f7,2026-08-25 05:00:50,2026-08-25T10:00:50Z,robustness,robustness-swing-rth-crypto_proxy,,2024-08-19,2026-08-19,,,,False,5,CLSK|COIN|MARA|MSTR|RIOT,3319f568a1,5Min,,100000.0,varies,-0.22998742685621543,,0.08800632972715929,,,,,684.0,,,,,,,,,,,1121.17,a625f708f76e,2a4c3d304270,3.14.7,"H: Swing and no extended hours will provide the bot with better, more reasonable trades and result in a higher sharpe due to less volatile trades.",,,,,,,,,,,,,,,,,,,,,,,,,,,,,,,,,,,,,,,,sensitivity_rsi_oversold,default,False,,,False,0.7,,,0.06,False,0.03,0.09,False,close,,0.1,1.5,,10.0,8.0,0.2,100.0,1.0,0.0,2.0,,200.0,SPY,,0.05,0.05,True,0.14,0.05,0.04,20.0,,-0.5056726498042123,1.0,,,,,,,,,,,,,,,,,,,,,,,,False,True,,,,,,,,,,,,,,,,,,,,,,,,,,,,,,,,,,,,,,,,,,,,,crypto_proxy,,30.0,,,,,,,,,rsi_oversold=30.0,,,,
20260825_050050_robustness_robustness-swing-rth-cry_a625f7,2026-08-25 05:00:50,2026-08-25T10:00:50Z,robustness,robustness-swing-rth-crypto_proxy,,2024-08-19,2026-08-19,,,,False,5,CLSK|COIN|MARA|MSTR|RIOT,3319f568a1,5Min,,100000.0,varies,-0.22998742685621543,,0.08800632972715929,,,,,684.0,,,,,,,,,,,1121.2,a625f708f76e,2a4c3d304270,3.14.7,"H: Swing and no extended hours will provide the bot with better, more reasonable trades and result in a higher sharpe due to less volatile trades.",,,,,,,,,,,,,,,,,,,,,,,,,,,,,,,,,,,,,,,,sensitivity_rsi_oversold,default,False,,,False,0.7,,,0.06,False,0.03,0.09,False,close,,0.1,1.5,,10.0,8.0,0.2,100.0,1.0,0.0,2.0,,200.0,SPY,,0.05,0.05,True,0.14,0.05,0.04,20.0,,-0.5056726498042123,1.0,,,,,,,,,,,,,,,,,,,,,,,,False,True,,,,,,,,,,,,,,,,,,,,,,,,,,,,,,,,,,,,,,,,,,,,,crypto_proxy,,35.0,,,,,,,,,rsi_oversold=35.0,,,,
20260825_050050_robustness_robustness-swing-rth-cry_a625f7,2026-08-25 05:00:50,2026-08-25T10:00:50Z,robustness,robustness-swing-rth-crypto_proxy,,2024-08-19,2026-08-19,,,,False,5,CLSK|COIN|MARA|MSTR|RIOT,3319f568a1,5Min,,100000.0,varies,-0.2353175840234366,,0.08499804571032804,,,,,685.0,,,,,,,,,,,1121.22,a625f708f76e,2a4c3d304270,3.14.7,"H: Swing and no extended hours will provide the bot with better, more reasonable trades and result in a higher sharpe due to less volatile trades.",,,,,,,,,,,,,,,,,,,,,,,,,,,,,,,,,,,,,,,,sensitivity_rsi_oversold,default,False,,,False,0.7,,,0.06,False,0.03,0.09,False,close,,0.1,1.5,,10.0,8.0,0.2,100.0,1.0,0.0,2.0,,200.0,SPY,,0.05,0.05,True,0.14,0.05,0.04,20.0,,-0.48871783577665084,1.0,,,,,,,,,,,,,,,,,,,,,,,,False,True,,,,,,,,,,,,,,,,,,,,,,,,,,,,,,,,,,,,,,,,,,,,,crypto_proxy,,40.0,,,,,,,,,rsi_oversold=40.0,,,,
20260825_050050_robustness_robustness-swing-rth-cry_a625f7,2026-08-25 05:00:50,2026-08-25T10:00:50Z,robustness,robustness-swing-rth-crypto_proxy,,2024-08-19,2026-08-19,,,,False,5,CLSK|COIN|MARA|MSTR|RIOT,3319f568a1,5Min,,100000.0,varies,-0.3597395197867499,,0.006450151584763062,,,,,723.0,,,,,,,,,,,1121.24,a625f708f76e,2a4c3d304270,3.14.7,"H: Swing and no extended hours will provide the bot with better, more reasonable trades and result in a higher sharpe due to less volatile trades.",,,,,,,,,,,,,,,,,,,,,,,,,,,,,,,,,,,,,,,,sensitivity_rsi_oversold,default,False,,,False,0.7,,,0.06,False,0.03,0.09,False,close,,0.1,1.5,,10.0,8.0,0.2,100.0,1.0,0.0,2.0,,200.0,SPY,,0.05,0.05,True,0.14,0.05,0.04,20.0,,-0.5604789670704315,1.0,,,,,,,,,,,,,,,,,,,,,,,,False,True,,,,,,,,,,,,,,,,,,,,,,,,,,,,,,,,,,,,,,,,,,,,,crypto_proxy,,45.0,,,,,,,,,rsi_oversold=45.0,,,,
20260825_043018_robustness_robustness-swing-stable8_a625f7,2026-08-25 04:30:18,2026-08-25T09:30:18Z,robustness,robustness-swing-stable8,,2024-08-19,2026-08-19,,,,False,8,AAPL|AMD|AMZN|GOOGL|META|MSFT|NVDA|TSLA,238588ae78,5Min,,100000.0,varies,0.18085859890959366,,0.3123980943731437,,,,,155.0,,,,,,,,,,,2977.31,a625f708f76e,6ea52a3454ef,3.14.7,H: Swing only will reduce the amount of unnecessary trades and make the algo more profitable.,,,,,,,,,,,,,,,,,,,,,,,,,,,,,,,,,,,,,,,,sensitivity_rsi_oversold,default,False,,,True,0.7,,,0.06,False,0.03,0.09,False,close,,0.1,1.5,,10.0,8.0,0.2,100.0,1.0,0.0,2.0,,200.0,SPY,,0.05,0.05,True,0.14,0.05,0.04,20.0,,-0.1791508481035642,1.0,,,,,,,,,,,,,,,,,,,,,,,,False,True,,,,,,,,,,,,,,,,,,,,,,,,,,,,,,,,,,,,,,,,,,,,,stable8,,25.0,,,,,,,,,rsi_oversold=25.0,,,,
20260825_043018_robustness_robustness-swing-stable8_a625f7,2026-08-25 04:30:18,2026-08-25T09:30:18Z,robustness,robustness-swing-stable8,,2024-08-19,2026-08-19,,,,False,8,AAPL|AMD|AMZN|GOOGL|META|MSFT|NVDA|TSLA,238588ae78,5Min,,100000.0,varies,0.18085859890959366,,0.3123980943731437,,,,,155.0,,,,,,,,,,,2977.34,a625f708f76e,6ea52a3454ef,3.14.7,H: Swing only will reduce the amount of unnecessary trades and make the algo more profitable.,,,,,,,,,,,,,,,,,,,,,,,,,,,,,,,,,,,,,,,,sensitivity_rsi_oversold,default,False,,,True,0.7,,,0.06,False,0.03,0.09,False,close,,0.1,1.5,,10.0,8.0,0.2,100.0,1.0,0.0,2.0,,200.0,SPY,,0.05,0.05,True,0.14,0.05,0.04,20.0,,-0.1791508481035642,1.0,,,,,,,,,,,,,,,,,,,,,,,,False,True,,,,,,,,,,,,,,,,,,,,,,,,,,,,,,,,,,,,,,,,,,,,,stable8,,30.0,,,,,,,,,rsi_oversold=30.0,,,,
20260825_043018_robustness_robustness-swing-stable8_a625f7,2026-08-25 04:30:18,2026-08-25T09:30:18Z,robustness,robustness-swing-stable8,,2024-08-19,2026-08-19,,,,False,8,AAPL|AMD|AMZN|GOOGL|META|MSFT|NVDA|TSLA,238588ae78,5Min,,100000.0,varies,0.18085859890959366,,0.3123980943731437,,,,,155.0,,,,,,,,,,,2977.36,a625f708f76e,6ea52a3454ef,3.14.7,H: Swing only will reduce the amount of unnecessary trades and make the algo more profitable.,,,,,,,,,,,,,,,,,,,,,,,,,,,,,,,,,,,,,,,,sensitivity_rsi_oversold,default,False,,,True,0.7,,,0.06,False,0.03,0.09,False,close,,0.1,1.5,,10.0,8.0,0.2,100.0,1.0,0.0,2.0,,200.0,SPY,,0.05,0.05,True,0.14,0.05,0.04,20.0,,-0.1791508481035642,1.0,,,,,,,,,,,,,,,,,,,,,,,,False,True,,,,,,,,,,,,,,,,,,,,,,,,,,,,,,,,,,,,,,,,,,,,,stable8,,35.0,,,,,,,,,rsi_oversold=35.0,,,,
20260825_043018_robustness_robustness-swing-stable8_a625f7,2026-08-25 04:30:18,2026-08-25T09:30:18Z,robustness,robustness-swing-stable8,,2024-08-19,2026-08-19,,,,False,8,AAPL|AMD|AMZN|GOOGL|META|MSFT|NVDA|TSLA,238588ae78,5Min,,100000.0,varies,0.16918914618673497,,0.2980462280212827,,,,,156.0,,,,,,,,,,,2977.39,a625f708f76e,6ea52a3454ef,3.14.7,H: Swing only will reduce the amount of unnecessary trades and make the algo more profitable.,,,,,,,,,,,,,,,,,,,,,,,,,,,,,,,,,,,,,,,,sensitivity_rsi_oversold,default,False,,,True,0.7,,,0.06,False,0.03,0.09,False,close,,0.1,1.5,,10.0,8.0,0.2,100.0,1.0,0.0,2.0,,200.0,SPY,,0.05,0.05,True,0.14,0.05,0.04,20.0,,-0.1791508481035642,1.0,,,,,,,,,,,,,,,,,,,,,,,,False,True,,,,,,,,,,,,,,,,,,,,,,,,,,,,,,,,,,,,,,,,,,,,,stable8,,40.0,,,,,,,,,rsi_oversold=40.0,,,,
20260825_043018_robustness_robustness-swing-stable8_a625f7,2026-08-25 04:30:18,2026-08-25T09:30:18Z,robustness,robustness-swing-stable8,,2024-08-19,2026-08-19,,,,False,8,AAPL|AMD|AMZN|GOOGL|META|MSFT|NVDA|TSLA,238588ae78,5Min,,100000.0,varies,0.14757078037454563,,0.26944510751261413,,,,,160.0,,,,,,,,,,,2977.41,a625f708f76e,6ea52a3454ef,3.14.7,H: Swing only will reduce the amount of unnecessary trades and make the algo more profitable.,,,,,,,,,,,,,,,,,,,,,,,,,,,,,,,,,,,,,,,,sensitivity_rsi_oversold,default,False,,,True,0.7,,,0.06,False,0.03,0.09,False,close,,0.1,1.5,,10.0,8.0,0.2,100.0,1.0,0.0,2.0,,200.0,SPY,,0.05,0.05,True,0.14,0.05,0.04,20.0,,-0.17821393183111123,1.0,,,,,,,,,,,,,,,,,,,,,,,,False,True,,,,,,,,,,,,,,,,,,,,,,,,,,,,,,,,,,,,,,,,,,,,,stable8,,45.0,,,,,,,,,rsi_oversold=45.0,,,,
20260825_050050_robustness_robustness-swing-rth-cry_a625f7,2026-08-25 05:00:50,2026-08-25T10:00:50Z,robustness,robustness-swing-rth-crypto_proxy,,2024-08-19,2026-08-19,,,,False,5,CLSK|COIN|MARA|MSTR|RIOT,3319f568a1,5Min,,100000.0,varies,-0.2756639661714133,,0.1089931807391647,,,,,882.0,,,,,,,,,,,1489.26,a625f708f76e,2a4c3d304270,3.14.7,"H: Swing and no extended hours will provide the bot with better, more reasonable trades and result in a higher sharpe due to less volatile trades.",,,,,,,,,,,,,,,,,,,,,,,,,,,,,,,,,,,,,,,,sensitivity_volume_surge_mult,default,False,,,False,0.7,,,0.06,False,0.03,0.09,False,close,,0.1,1.5,,10.0,8.0,0.2,100.0,1.0,0.0,2.0,,200.0,SPY,,0.05,0.05,True,0.14,0.05,0.04,20.0,,-0.5669085605475843,1.0,,,,,,,,,,,,,,,,,,,,,,,,False,True,,,,,,,,,,,,,,,,,,,,,,,,,,,,,,,,,,,,,,,,,,,,,crypto_proxy,,,,,,,,,,,volume_surge_mult=1.2,1.2,,,
20260825_050050_robustness_robustness-swing-rth-cry_a625f7,2026-08-25 05:00:50,2026-08-25T10:00:50Z,robustness,robustness-swing-rth-crypto_proxy,,2024-08-19,2026-08-19,,,,False,5,CLSK|COIN|MARA|MSTR|RIOT,3319f568a1,5Min,,100000.0,varies,-0.31183311689375603,,0.06590471427531006,,,,,789.0,,,,,,,,,,,1489.29,a625f708f76e,2a4c3d304270,3.14.7,"H: Swing and no extended hours will provide the bot with better, more reasonable trades and result in a higher sharpe due to less volatile trades.",,,,,,,,,,,,,,,,,,,,,,,,,,,,,,,,,,,,,,,,sensitivity_volume_surge_mult,default,False,,,False,0.7,,,0.06,False,0.03,0.09,False,close,,0.1,1.5,,10.0,8.0,0.2,100.0,1.0,0.0,2.0,,200.0,SPY,,0.05,0.05,True,0.14,0.05,0.04,20.0,,-0.581318974235378,1.0,,,,,,,,,,,,,,,,,,,,,,,,False,True,,,,,,,,,,,,,,,,,,,,,,,,,,,,,,,,,,,,,,,,,,,,,crypto_proxy,,,,,,,,,,,volume_surge_mult=1.5,1.5,,,
20260825_050050_robustness_robustness-swing-rth-cry_a625f7,2026-08-25 05:00:50,2026-08-25T10:00:50Z,robustness,robustness-swing-rth-crypto_proxy,,2024-08-19,2026-08-19,,,,False,5,CLSK|COIN|MARA|MSTR|RIOT,3319f568a1,5Min,,100000.0,varies,-0.22998742685621543,,0.08800632972715929,,,,,684.0,,,,,,,,,,,1489.31,a625f708f76e,2a4c3d304270,3.14.7,"H: Swing and no extended hours will provide the bot with better, more reasonable trades and result in a higher sharpe due to less volatile trades.",,,,,,,,,,,,,,,,,,,,,,,,,,,,,,,,,,,,,,,,sensitivity_volume_surge_mult,default,False,,,False,0.7,,,0.06,False,0.03,0.09,False,close,,0.1,1.5,,10.0,8.0,0.2,100.0,1.0,0.0,2.0,,200.0,SPY,,0.05,0.05,True,0.14,0.05,0.04,20.0,,-0.5056726498042123,1.0,,,,,,,,,,,,,,,,,,,,,,,,False,True,,,,,,,,,,,,,,,,,,,,,,,,,,,,,,,,,,,,,,,,,,,,,crypto_proxy,,,,,,,,,,,volume_surge_mult=1.8,1.8,,,
20260825_050050_robustness_robustness-swing-rth-cry_a625f7,2026-08-25 05:00:50,2026-08-25T10:00:50Z,robustness,robustness-swing-rth-crypto_proxy,,2024-08-19,2026-08-19,,,,False,5,CLSK|COIN|MARA|MSTR|RIOT,3319f568a1,5Min,,100000.0,varies,-0.05375729945141805,,0.1701557993518275,,,,,608.0,,,,,,,,,,,1489.34,a625f708f76e,2a4c3d304270,3.14.7,"H: Swing and no extended hours will provide the bot with better, more reasonable trades and result in a higher sharpe due to less volatile trades.",,,,,,,,,,,,,,,,,,,,,,,,,,,,,,,,,,,,,,,,sensitivity_volume_surge_mult,default,False,,,False,0.7,,,0.06,False,0.03,0.09,False,close,,0.1,1.5,,10.0,8.0,0.2,100.0,1.0,0.0,2.0,,200.0,SPY,,0.05,0.05,True,0.14,0.05,0.04,20.0,,-0.4456412725030684,1.0,,,,,,,,,,,,,,,,,,,,,,,,False,True,,,,,,,,,,,,,,,,,,,,,,,,,,,,,,,,,,,,,,,,,,,,,crypto_proxy,,,,,,,,,,,volume_surge_mult=2.1,2.1,,,
20260825_050050_robustness_robustness-swing-rth-cry_a625f7,2026-08-25 05:00:50,2026-08-25T10:00:50Z,robustness,robustness-swing-rth-crypto_proxy,,2024-08-19,2026-08-19,,,,False,5,CLSK|COIN|MARA|MSTR|RIOT,3319f568a1,5Min,,100000.0,varies,-0.15078991135786735,,0.0810734662881852,,,,,515.0,,,,,,,,,,,1489.36,a625f708f76e,2a4c3d304270,3.14.7,"H: Swing and no extended hours will provide the bot with better, more reasonable trades and result in a higher sharpe due to less volatile trades.",,,,,,,,,,,,,,,,,,,,,,,,,,,,,,,,,,,,,,,,sensitivity_volume_surge_mult,default,False,,,False,0.7,,,0.06,False,0.03,0.09,False,close,,0.1,1.5,,10.0,8.0,0.2,100.0,1.0,0.0,2.0,,200.0,SPY,,0.05,0.05,True,0.14,0.05,0.04,20.0,,-0.43640556465079217,1.0,,,,,,,,,,,,,,,,,,,,,,,,False,True,,,,,,,,,,,,,,,,,,,,,,,,,,,,,,,,,,,,,,,,,,,,,crypto_proxy,,,,,,,,,,,volume_surge_mult=2.5,2.5,,,
20260825_050050_robustness_robustness-swing-rth-cry_a625f7,2026-08-25 05:00:50,2026-08-25T10:00:50Z,robustness,robustness-swing-rth-crypto_proxy,,2024-08-19 08:00:00+00:00,2026-08-18 23:55:00+00:00,,,,False,5,CLSK|COIN|MARA|MSTR|RIOT,3319f568a1,5Min,,100000.0,REALISTIC,-0.22998742685621543,-0.12262789181933242,0.08800632972715929,0.09219212329476023,-0.2425044974586065,-0.5056726498042123,396.40625,684.0,0.4853801169590643,0.9473515288498255,-33.623892815236516,71810.88568562176,,,,,,,1562.82,a625f708f76e,2a4c3d304270,3.14.7,"H: Swing and no extended hours will provide the bot with better, more reasonable trades and result in a higher sharpe due to less volatile trades.",,266.67397660818716,104.98667497897918,-1241.0111015131633,,1246.4974850813605,,,,6467.900352563812,,,,0.0,0.0,300.0,95982.0,0.0,0.0,1.0,57.0,0.0,0.0,0.0,0.0,0.0,0.0,79.0,0.0,0.9999677787179021,0.0,0.0,0.0,741.0,,,77001.25731437845,"{""end_of_backtest"": 1, ""max_hold_swing"": 11, ""stop_loss"": 338, ""take_profit"": 59, ""trailing_stop"": 275}",,news_ablation,default,False,,,False,0.7,,,0.06,False,0.03,0.09,False,close,,0.1,1.5,,10.0,8.0,0.2,100.0,1.0,0.0,2.0,,200.0,SPY,,0.05,0.05,True,0.14,0.05,0.04,20.0,,,1.0,,,,,,,,,,,,,,,,,,,192.0,,,,,False,True,,,,,0.5,14.0,,,,,,,0.6,0.49,20.0,0.015,0.45,0.55,,,72.0,35.0,,,,False,,,,,True,,1.8,,,,,,,,80.0,,,48812.143,crypto_proxy,,,100000.0,684.0,,,,,0.0,71810.88568562176,news_on_buggy,,,,-3010.7774902985484
20260825_050050_robustness_robustness-swing-rth-cry_a625f7,2026-08-25 05:00:50,2026-08-25T10:00:50Z,robustness,robustness-swing-rth-crypto_proxy,,2024-08-19 08:00:00+00:00,2026-08-18 23:55:00+00:00,,,,False,5,CLSK|COIN|MARA|MSTR|RIOT,3319f568a1,5Min,,100000.0,REALISTIC,-0.22998742685621543,-0.12262789181933242,0.08800632972715929,0.09219212329476023,-0.2425044974586065,-0.5056726498042123,396.40625,684.0,0.4853801169590643,0.9473515288498255,-33.623892815236516,71810.88568562176,,,,,,,1636.43,a625f708f76e,2a4c3d304270,3.14.7,"H: Swing and no extended hours will provide the bot with better, more reasonable trades and result in a higher sharpe due to less volatile trades.",,266.67397660818716,104.98667497897918,-1241.0111015131633,,1246.4974850813605,,,,6467.900352563812,,,,0.0,0.0,300.0,95982.0,0.0,0.0,1.0,57.0,0.0,0.0,0.0,0.0,0.0,0.0,79.0,0.0,0.9999677787179021,0.0,0.0,0.0,741.0,,,77001.25731437845,"{""end_of_backtest"": 1, ""max_hold_swing"": 11, ""stop_loss"": 338, ""take_profit"": 59, ""trailing_stop"": 275}",,news_ablation,default,False,,,False,0.7,,,0.06,False,0.03,0.09,False,close,,0.1,1.5,,10.0,8.0,0.2,100.0,1.0,0.0,2.0,,200.0,SPY,,0.05,0.05,True,0.14,0.05,0.04,20.0,,,1.0,,,,,,,,,,,,,,,,,,,192.0,,,,,False,True,,,,,0.5,14.0,,,,,,,0.6,0.49,20.0,0.015,0.45,0.55,,,72.0,35.0,,,,True,,,,,True,,1.8,,,,,,,,80.0,,,48812.143,crypto_proxy,,,100000.0,684.0,,,,,0.0,71810.88568562176,news_on_fixed,,,,-3010.7774902985484
20260825_050050_robustness_robustness-swing-rth-cry_a625f7,2026-08-25 05:00:50,2026-08-25T10:00:50Z,robustness,robustness-swing-rth-crypto_proxy,,2024-08-19 08:00:00+00:00,2026-08-18 23:55:00+00:00,,,,False,5,CLSK|COIN|MARA|MSTR|RIOT,3319f568a1,5Min,,100000.0,REALISTIC,-0.2099451682675566,-0.11126981388370705,0.09892441512146877,0.10381764390155966,-0.220043172053677,-0.5056726498042123,396.40625,680.0,0.4852941176470588,0.9518164639364964,-30.874289451111668,71684.42872675593,,,,,,,1710.23,a625f708f76e,2a4c3d304270,3.14.7,"H: Swing and no extended hours will provide the bot with better, more reasonable trades and result in a higher sharpe due to less volatile trades.",,269.0029411764706,105.41827753934695,-1244.913484798521,,1256.7430389476558,,,,6467.900352563812,,,,0.0,0.0,300.0,95982.0,0.0,0.0,1.0,58.0,0.0,0.0,0.0,0.0,0.0,0.0,79.0,0.0,0.9999677787179021,0.0,0.0,0.0,738.0,,,79005.48317324434,"{""end_of_backtest"": 1, ""max_hold_swing"": 11, ""stop_loss"": 336, ""take_profit"": 59, ""trailing_stop"": 273}",,news_ablation,default,False,,,False,0.7,,,0.06,False,0.03,0.09,False,close,,0.1,1.5,,10.0,8.0,0.2,100.0,1.0,0.0,2.0,,200.0,SPY,,0.05,0.05,True,0.14,0.05,0.04,20.0,,,1.0,,,,,,,,,,,,,,,,,,,193.0,,,,,False,True,,,,,0.5,14.0,,,,,,,0.6,0.49,20.0,0.015,0.45,0.55,,,72.0,35.0,,,,False,,,,,False,,1.8,,,,,,,,80.0,,,50689.9119,crypto_proxy,,,100000.0,680.0,,,,,0.0,71684.42872675593,news_off,,,,-3010.7774902985484
20260825_050050_robustness_robustness-swing-rth-cry_a625f7,2026-08-25 05:00:50,2026-08-25T10:00:50Z,robustness,robustness-swing-rth-crypto_proxy,,2024-08-19,2026-08-19,,,,False,5,CLSK|COIN|MARA|MSTR|RIOT,3319f568a1,5Min,,100000.0,REALISTIC,,,,,,,,,,,,,,,,,,,1784.48,a625f708f76e,2a4c3d304270,3.14.7,"H: Swing and no extended hours will provide the bot with better, more reasonable trades and result in a higher sharpe due to less volatile trades.",,,,,,,,,,,,,,,,,,,,,,,,,,,,,,,,,,,,,,,,monte_carlo,default,False,,,False,0.7,,,0.06,False,0.03,0.09,False,close,,0.1,1.5,,10.0,8.0,0.2,100.0,1.0,0.0,2.0,,200.0,SPY,,0.05,0.05,True,0.14,0.05,0.04,20.0,,,1.0,74386.00634027828,-0.47529074913622116,13853.021415429705,136646.02038320267,-0.9506146932018207,0.255,,,684.0,,,,-0.4494203502557016,-0.6177847681035661,-0.8577202784629123,,77001.25731437822,,,,,,,False,True,,,,,,,,,,,,,,,,,,,,,,,,,,,,,,,,,,,,,,,,,,,,,crypto_proxy,,,,,,,,,,,1000_sims,,,,
20260825_043018_robustness_robustness-swing-stable8_a625f7,2026-08-25 04:30:18,2026-08-25T09:30:18Z,robustness,robustness-swing-stable8,,2024-08-19,2026-08-19,,,,False,8,AAPL|AMD|AMZN|GOOGL|META|MSFT|NVDA|TSLA,238588ae78,5Min,,100000.0,varies,0.15213738340224392,,0.2500952568838231,,,,,236.0,,,,,,,,,,,3967.39,a625f708f76e,6ea52a3454ef,3.14.7,H: Swing only will reduce the amount of unnecessary trades and make the algo more profitable.,,,,,,,,,,,,,,,,,,,,,,,,,,,,,,,,,,,,,,,,sensitivity_volume_surge_mult,default,False,,,True,0.7,,,0.06,False,0.03,0.09,False,close,,0.1,1.5,,10.0,8.0,0.2,100.0,1.0,0.0,2.0,,200.0,SPY,,0.05,0.05,True,0.14,0.05,0.04,20.0,,-0.17593047774867576,1.0,,,,,,,,,,,,,,,,,,,,,,,,False,True,,,,,,,,,,,,,,,,,,,,,,,,,,,,,,,,,,,,,,,,,,,,,stable8,,,,,,,,,,,volume_surge_mult=1.2,1.2,,,
20260825_043018_robustness_robustness-swing-stable8_a625f7,2026-08-25 04:30:18,2026-08-25T09:30:18Z,robustness,robustness-swing-stable8,,2024-08-19,2026-08-19,,,,False,8,AAPL|AMD|AMZN|GOOGL|META|MSFT|NVDA|TSLA,238588ae78,5Min,,100000.0,varies,0.08360667921568199,,0.18216589612240808,,,,,192.0,,,,,,,,,,,3967.41,a625f708f76e,6ea52a3454ef,3.14.7,H: Swing only will reduce the amount of unnecessary trades and make the algo more profitable.,,,,,,,,,,,,,,,,,,,,,,,,,,,,,,,,,,,,,,,,sensitivity_volume_surge_mult,default,False,,,True,0.7,,,0.06,False,0.03,0.09,False,close,,0.1,1.5,,10.0,8.0,0.2,100.0,1.0,0.0,2.0,,200.0,SPY,,0.05,0.05,True,0.14,0.05,0.04,20.0,,-0.20271534501156196,1.0,,,,,,,,,,,,,,,,,,,,,,,,False,True,,,,,,,,,,,,,,,,,,,,,,,,,,,,,,,,,,,,,,,,,,,,,stable8,,,,,,,,,,,volume_surge_mult=1.5,1.5,,,
20260825_043018_robustness_robustness-swing-stable8_a625f7,2026-08-25 04:30:18,2026-08-25T09:30:18Z,robustness,robustness-swing-stable8,,2024-08-19,2026-08-19,,,,False,8,AAPL|AMD|AMZN|GOOGL|META|MSFT|NVDA|TSLA,238588ae78,5Min,,100000.0,varies,0.18085859890959366,,0.3123980943731437,,,,,155.0,,,,,,,,,,,3967.44,a625f708f76e,6ea52a3454ef,3.14.7,H: Swing only will reduce the amount of unnecessary trades and make the algo more profitable.,,,,,,,,,,,,,,,,,,,,,,,,,,,,,,,,,,,,,,,,sensitivity_volume_surge_mult,default,False,,,True,0.7,,,0.06,False,0.03,0.09,False,close,,0.1,1.5,,10.0,8.0,0.2,100.0,1.0,0.0,2.0,,200.0,SPY,,0.05,0.05,True,0.14,0.05,0.04,20.0,,-0.1791508481035642,1.0,,,,,,,,,,,,,,,,,,,,,,,,False,True,,,,,,,,,,,,,,,,,,,,,,,,,,,,,,,,,,,,,,,,,,,,,stable8,,,,,,,,,,,volume_surge_mult=1.8,1.8,,,
20260825_043018_robustness_robustness-swing-stable8_a625f7,2026-08-25 04:30:18,2026-08-25T09:30:18Z,robustness,robustness-swing-stable8,,2024-08-19,2026-08-19,,,,False,8,AAPL|AMD|AMZN|GOOGL|META|MSFT|NVDA|TSLA,238588ae78,5Min,,100000.0,varies,0.08282194354159023,,0.19049557380451718,,,,,138.0,,,,,,,,,,,3967.46,a625f708f76e,6ea52a3454ef,3.14.7,H: Swing only will reduce the amount of unnecessary trades and make the algo more profitable.,,,,,,,,,,,,,,,,,,,,,,,,,,,,,,,,,,,,,,,,sensitivity_volume_surge_mult,default,False,,,True,0.7,,,0.06,False,0.03,0.09,False,close,,0.1,1.5,,10.0,8.0,0.2,100.0,1.0,0.0,2.0,,200.0,SPY,,0.05,0.05,True,0.14,0.05,0.04,20.0,,-0.16986561028543212,1.0,,,,,,,,,,,,,,,,,,,,,,,,False,True,,,,,,,,,,,,,,,,,,,,,,,,,,,,,,,,,,,,,,,,,,,,,stable8,,,,,,,,,,,volume_surge_mult=2.1,2.1,,,
20260825_043018_robustness_robustness-swing-stable8_a625f7,2026-08-25 04:30:18,2026-08-25T09:30:18Z,robustness,robustness-swing-stable8,,2024-08-19,2026-08-19,,,,False,8,AAPL|AMD|AMZN|GOOGL|META|MSFT|NVDA|TSLA,238588ae78,5Min,,100000.0,varies,0.1315099026256128,,0.27170934424871773,,,,,111.0,,,,,,,,,,,3967.49,a625f708f76e,6ea52a3454ef,3.14.7,H: Swing only will reduce the amount of unnecessary trades and make the algo more profitable.,,,,,,,,,,,,,,,,,,,,,,,,,,,,,,,,,,,,,,,,sensitivity_volume_surge_mult,default,False,,,True,0.7,,,0.06,False,0.03,0.09,False,close,,0.1,1.5,,10.0,8.0,0.2,100.0,1.0,0.0,2.0,,200.0,SPY,,0.05,0.05,True,0.14,0.05,0.04,20.0,,-0.13973633907880023,1.0,,,,,,,,,,,,,,,,,,,,,,,,False,True,,,,,,,,,,,,,,,,,,,,,,,,,,,,,,,,,,,,,,,,,,,,,stable8,,,,,,,,,,,volume_surge_mult=2.5,2.5,,,
20260825_043018_robustness_robustness-swing-stable8_a625f7,2026-08-25 04:30:18,2026-08-25T09:30:18Z,robustness,robustness-swing-stable8,,2024-08-19 08:00:00+00:00,2026-08-18 23:55:00+00:00,,,,False,8,AAPL|AMD|AMZN|GOOGL|META|MSFT|NVDA|TSLA,238588ae78,5Min,,100000.0,REALISTIC,0.18085859890959366,0.0867767728170783,0.3123980943731437,0.2589221552433626,0.48437824177597005,-0.1791508481035642,330.22222222222223,155.0,0.4967741935483871,1.2301206629103087,116.68296703844706,10766.62190904071,,,,,,,4166.01,a625f708f76e,6ea52a3454ef,3.14.7,H: Swing only will reduce the amount of unnecessary trades and make the algo more profitable.,,553.8322580645162,69.46207683252071,-1007.6018192786767,,1255.5688544765721,,,,3884.5520076151547,,,,0.0,0.0,300.0,95999.0,0.0,0.0,0.0,0.0,0.0,7.0,0.0,0.0,0.0,0.0,5.0,0.0,0.9996294869723313,0.0,0.0,0.0,162.0,,,118085.85989095937,"{""end_of_backtest"": 1, ""max_hold_swing"": 24, ""stop_loss"": 65, ""take_profit"": 15, ""trailing_stop"": 50}",,news_ablation,default,False,,,True,0.7,,,0.06,False,0.03,0.09,False,close,,0.1,1.5,,10.0,8.0,0.2,100.0,1.0,0.0,2.0,,200.0,SPY,,0.05,0.05,True,0.14,0.05,0.04,20.0,,,1.0,,,,,,,,,,,,,,,,,,,387.0,,,,,False,True,,,,,0.5,14.0,,,,,,,0.6,0.49,20.0,0.015,0.45,0.55,,,72.0,35.0,,,,False,,,,,True,,1.8,,,,,,,,80.0,,,28852.48180000001,stable8,,,100000.0,155.0,,,,,0.0,10766.62190904071,news_on_buggy,,,,-2054.2428664853223
20260825_043018_robustness_robustness-swing-stable8_a625f7,2026-08-25 04:30:18,2026-08-25T09:30:18Z,robustness,robustness-swing-stable8,,2024-08-19 08:00:00+00:00,2026-08-18 23:55:00+00:00,,,,False,8,AAPL|AMD|AMZN|GOOGL|META|MSFT|NVDA|TSLA,238588ae78,5Min,,100000.0,REALISTIC,0.18085859890959366,0.0867767728170783,0.3123980943731437,0.2589221552433626,0.48437824177597005,-0.1791508481035642,330.22222222222223,155.0,0.4967741935483871,1.2301206629103087,116.68296703844706,10766.62190904071,,,,,,,4366.9,a625f708f76e,6ea52a3454ef,3.14.7,H: Swing only will reduce the amount of unnecessary trades and make the algo more profitable.,,553.8322580645162,69.46207683252071,-1007.6018192786767,,1255.5688544765721,,,,3884.5520076151547,,,,0.0,0.0,300.0,95999.0,0.0,0.0,0.0,0.0,0.0,7.0,0.0,0.0,0.0,0.0,5.0,0.0,0.9996294869723313,0.0,0.0,0.0,162.0,,,118085.85989095937,"{""end_of_backtest"": 1, ""max_hold_swing"": 24, ""stop_loss"": 65, ""take_profit"": 15, ""trailing_stop"": 50}",,news_ablation,default,False,,,True,0.7,,,0.06,False,0.03,0.09,False,close,,0.1,1.5,,10.0,8.0,0.2,100.0,1.0,0.0,2.0,,200.0,SPY,,0.05,0.05,True,0.14,0.05,0.04,20.0,,,1.0,,,,,,,,,,,,,,,,,,,387.0,,,,,False,True,,,,,0.5,14.0,,,,,,,0.6,0.49,20.0,0.015,0.45,0.55,,,72.0,35.0,,,,True,,,,,True,,1.8,,,,,,,,80.0,,,28852.48180000001,stable8,,,100000.0,155.0,,,,,0.0,10766.62190904071,news_on_fixed,,,,-2054.2428664853223
20260825_043018_robustness_robustness-swing-stable8_a625f7,2026-08-25 04:30:18,2026-08-25T09:30:18Z,robustness,robustness-swing-stable8,,2024-08-19 08:00:00+00:00,2026-08-18 23:55:00+00:00,,,,False,8,AAPL|AMD|AMZN|GOOGL|META|MSFT|NVDA|TSLA,238588ae78,5Min,,100000.0,REALISTIC,0.18085859890959366,0.0867767728170783,0.3123980943731437,0.2589221552433626,0.48437824177597005,-0.1791508481035642,330.22222222222223,155.0,0.4967741935483871,1.2301206629103087,116.68296703844706,10766.62190904071,,,,,,,4566.88,a625f708f76e,6ea52a3454ef,3.14.7,H: Swing only will reduce the amount of unnecessary trades and make the algo more profitable.,,553.8322580645162,69.46207683252071,-1007.6018192786767,,1255.5688544765721,,,,3884.5520076151547,,,,0.0,0.0,300.0,95999.0,0.0,0.0,0.0,0.0,0.0,7.0,0.0,0.0,0.0,0.0,5.0,0.0,0.9996294869723313,0.0,0.0,0.0,162.0,,,118085.85989095937,"{""end_of_backtest"": 1, ""max_hold_swing"": 24, ""stop_loss"": 65, ""take_profit"": 15, ""trailing_stop"": 50}",,news_ablation,default,False,,,True,0.7,,,0.06,False,0.03,0.09,False,close,,0.1,1.5,,10.0,8.0,0.2,100.0,1.0,0.0,2.0,,200.0,SPY,,0.05,0.05,True,0.14,0.05,0.04,20.0,,,1.0,,,,,,,,,,,,,,,,,,,387.0,,,,,False,True,,,,,0.5,14.0,,,,,,,0.6,0.49,20.0,0.015,0.45,0.55,,,72.0,35.0,,,,False,,,,,False,,1.8,,,,,,,,80.0,,,28852.48180000001,stable8,,,100000.0,155.0,,,,,0.0,10766.62190904071,news_off,,,,-2054.2428664853223
20260825_043018_robustness_robustness-swing-stable8_a625f7,2026-08-25 04:30:18,2026-08-25T09:30:18Z,robustness,robustness-swing-stable8,,2024-08-19,2026-08-19,,,,False,8,AAPL|AMD|AMZN|GOOGL|META|MSFT|NVDA|TSLA,238588ae78,5Min,,100000.0,REALISTIC,,,,,,,,,,,,,,,,,,,4769.0,a625f708f76e,6ea52a3454ef,3.14.7,H: Swing only will reduce the amount of unnecessary trades and make the algo more profitable.,,,,,,,,,,,,,,,,,,,,,,,,,,,,,,,,,,,,,,,,monte_carlo,default,False,,,True,0.7,,,0.06,False,0.03,0.09,False,close,,0.1,1.5,,10.0,8.0,0.2,100.0,1.0,0.0,2.0,,200.0,SPY,,0.05,0.05,True,0.14,0.05,0.04,20.0,,,1.0,118059.31086582244,-0.10792142951630498,91448.03057144437,147388.8706333891,-0.2173339323452037,0.866,,,155.0,,,,-0.10597973419321921,-0.16523067316420642,-0.25462346437826666,,118085.8598909593,,,,,,,False,True,,,,,,,,,,,,,,,,,,,,,,,,,,,,,,,,,,,,,,,,,,,,,stable8,,,,,,,,,,,1000_sims,,,,
20260825_054947_robustness_robustness-swing-liquid1_a625f7,2026-08-25 05:49:47,2026-08-25T10:49:47Z,robustness,robustness-swing-liquid15,,2024-08-19,2026-08-19,,,,False,15,AAPL|AMZN|BAC|CAT|COST|CVX|GE|GOOGL|JPM|LLY|MSFT|NVDA|UNH|WMT|XOM,b903a736fc,5Min,,100000.0,zero,0.1861201800000003,,0.26520899286411975,,,,,137.0,,,,0.0,,,,,,,1069.22,a625f708f76e,7e7eb0c5c92a,3.14.7,H: Swing only will reduce the amount of unnecessary trades and make the algo more profitable.,,,,,,,,,,,,,zero,,,,,,,,,,,,,,,,,,,,,,,,,,,cost_sensitivity,default,False,,,True,0.7,,,0.06,False,0.03,0.09,False,close,,0.1,1.5,,10.0,8.0,0.2,100.0,1.0,0.0,2.0,,200.0,SPY,,0.05,0.05,True,0.14,0.05,0.04,20.0,,-0.11389216720574957,1.0,,,,,,,,,,,,,,,,,,,,,,,,False,True,,,,,,,,,,,,,,,,,,,,,,,,,,,,,,,,,,,,,,,,,,,,,liquid15,,,,,,,,,,,zero,,,,
20260825_054947_robustness_robustness-swing-liquid1_a625f7,2026-08-25 05:49:47,2026-08-25T10:49:47Z,robustness,robustness-swing-liquid15,,2024-08-19,2026-08-19,,,,False,15,AAPL|AMZN|BAC|CAT|COST|CVX|GE|GOOGL|JPM|LLY|MSFT|NVDA|UNH|WMT|XOM,b903a736fc,5Min,,100000.0,large_cap_rth,0.1174151500887235,,0.22085463308061462,,,,,134.0,,,,4088.1055911275917,,,,,,,1069.25,a625f708f76e,7e7eb0c5c92a,3.14.7,H: Swing only will reduce the amount of unnecessary trades and make the algo more profitable.,,,,,,,,,,,,,large_cap_rth,,,,,,,,,,,,,,,,,,,,,,,,,,,cost_sensitivity,default,False,,,True,0.7,,,0.06,False,0.03,0.09,False,close,,0.1,1.5,,10.0,8.0,0.2,100.0,1.0,0.0,2.0,,200.0,SPY,,0.05,0.05,True,0.14,0.05,0.04,20.0,,-0.11685179214609809,1.0,,,,,,,,,,,,,,,,,,,,,,,,False,True,,,,,,,,,,,,,,,,,,,,,,,,,,,,,,,,,,,,,,,,,,,,,liquid15,,,,,,,,,,,large_cap_rth,,,,
20260825_054947_robustness_robustness-swing-liquid1_a625f7,2026-08-25 05:49:47,2026-08-25T10:49:47Z,robustness,robustness-swing-liquid15,,2024-08-19,2026-08-19,,,,False,15,AAPL|AMZN|BAC|CAT|COST|CVX|GE|GOOGL|JPM|LLY|MSFT|NVDA|UNH|WMT|XOM,b903a736fc,5Min,,100000.0,realistic,0.08880541042766588,,0.20174834996789356,,,,,133.0,,,,8864.531557233398,,,,,,,1069.28,a625f708f76e,7e7eb0c5c92a,3.14.7,H: Swing only will reduce the amount of unnecessary trades and make the algo more profitable.,,,,,,,,,,,,,realistic,,,,,,,,,,,,,,,,,,,,,,,,,,,cost_sensitivity,default,False,,,True,0.7,,,0.06,False,0.03,0.09,False,close,,0.1,1.5,,10.0,8.0,0.2,100.0,1.0,0.0,2.0,,200.0,SPY,,0.05,0.05,True,0.14,0.05,0.04,20.0,,-0.1071895375094789,1.0,,,,,,,,,,,,,,,,,,,,,,,,False,True,,,,,,,,,,,,,,,,,,,,,,,,,,,,,,,,,,,,,,,,,,,,,liquid15,,,,,,,,,,,realistic,,,,
20260825_054947_robustness_robustness-swing-liquid1_a625f7,2026-08-25 05:49:47,2026-08-25T10:49:47Z,robustness,robustness-swing-liquid15,,2024-08-19,2026-08-19,,,,False,15,AAPL|AMZN|BAC|CAT|COST|CVX|GE|GOOGL|JPM|LLY|MSFT|NVDA|UNH|WMT|XOM,b903a736fc,5Min,,100000.0,pessimistic,-0.036058026880265714,,0.10737743813652999,,,,,132.0,,,,21802.84488802655,,,,,,,1069.3,a625f708f76e,7e7eb0c5c92a,3.14.7,H: Swing only will reduce the amount of unnecessary trades and make the algo more profitable.,,,,,,,,,,,,,pessimistic,,,,,,,,,,,,,,,,,,,,,,,,,,,cost_sensitivity,default,False,,,True,0.7,,,0.06,False,0.03,0.09,False,close,,0.1,1.5,,10.0,8.0,0.2,100.0,1.0,0.0,2.0,,200.0,SPY,,0.05,0.05,True,0.14,0.05,0.04,20.0,,-0.12192106552734894,1.0,,,,,,,,,,,,,,,,,,,,,,,,False,True,,,,,,,,,,,,,,,,,,,,,,,,,,,,,,,,,,,,,,,,,,,,,liquid15,,,,,,,,,,,pessimistic,,,,
20260825_054947_robustness_robustness-swing-liquid1_a625f7,2026-08-25 05:49:47,2026-08-25T10:49:47Z,robustness,robustness-swing-liquid15,,2024-08-19,2026-08-19,,,,False,15,AAPL|AMZN|BAC|CAT|COST|CVX|GE|GOOGL|JPM|LLY|MSFT|NVDA|UNH|WMT|XOM,b903a736fc,5Min,,100000.0,varies,-0.036803435493814374,,0.20636444951907978,,,,,328.0,,,,,,,,,,,2666.7,a625f708f76e,7e7eb0c5c92a,3.14.7,H: Swing only will reduce the amount of unnecessary trades and make the algo more profitable.,,,,,,,,,,,,,,,,,,,,,,,,,,,,,,,,,,,,,,,,sensitivity_min_confidence,default,False,,,True,0.7,,,0.06,False,0.03,0.09,False,close,,0.1,1.5,,10.0,8.0,0.2,100.0,1.0,0.0,2.0,,200.0,SPY,,0.05,0.05,True,0.14,0.05,0.04,20.0,,-0.2123238115165016,1.0,,,,,,,,,,,,,,,,,,,,0.4,,,,False,True,,,,,,,,,,,,,,,,,,,,,,,,,,,,,,,,,,,,,,,,,,,,,liquid15,,,,,,,,,,,min_confidence=0.4,,,,
20260825_054947_robustness_robustness-swing-liquid1_a625f7,2026-08-25 05:49:47,2026-08-25T10:49:47Z,robustness,robustness-swing-liquid15,,2024-08-19,2026-08-19,,,,False,15,AAPL|AMZN|BAC|CAT|COST|CVX|GE|GOOGL|JPM|LLY|MSFT|NVDA|UNH|WMT|XOM,b903a736fc,5Min,,100000.0,varies,-0.036803435493814374,,0.20636444951907978,,,,,328.0,,,,,,,,,,,2666.73,a625f708f76e,7e7eb0c5c92a,3.14.7,H: Swing only will reduce the amount of unnecessary trades and make the algo more profitable.,,,,,,,,,,,,,,,,,,,,,,,,,,,,,,,,,,,,,,,,sensitivity_min_confidence,default,False,,,True,0.7,,,0.06,False,0.03,0.09,False,close,,0.1,1.5,,10.0,8.0,0.2,100.0,1.0,0.0,2.0,,200.0,SPY,,0.05,0.05,True,0.14,0.05,0.04,20.0,,-0.2123238115165016,1.0,,,,,,,,,,,,,,,,,,,,0.45,,,,False,True,,,,,,,,,,,,,,,,,,,,,,,,,,,,,,,,,,,,,,,,,,,,,liquid15,,,,,,,,,,,min_confidence=0.45,,,,
20260825_054947_robustness_robustness-swing-liquid1_a625f7,2026-08-25 05:49:47,2026-08-25T10:49:47Z,robustness,robustness-swing-liquid15,,2024-08-19,2026-08-19,,,,False,15,AAPL|AMZN|BAC|CAT|COST|CVX|GE|GOOGL|JPM|LLY|MSFT|NVDA|UNH|WMT|XOM,b903a736fc,5Min,,100000.0,varies,0.08880541042766588,,0.20174834996789356,,,,,133.0,,,,,,,,,,,2666.75,a625f708f76e,7e7eb0c5c92a,3.14.7,H: Swing only will reduce the amount of unnecessary trades and make the algo more profitable.,,,,,,,,,,,,,,,,,,,,,,,,,,,,,,,,,,,,,,,,sensitivity_min_confidence,default,False,,,True,0.7,,,0.06,False,0.03,0.09,False,close,,0.1,1.5,,10.0,8.0,0.2,100.0,1.0,0.0,2.0,,200.0,SPY,,0.05,0.05,True,0.14,0.05,0.04,20.0,,-0.1071895375094789,1.0,,,,,,,,,,,,,,,,,,,,0.49,,,,False,True,,,,,,,,,,,,,,,,,,,,,,,,,,,,,,,,,,,,,,,,,,,,,liquid15,,,,,,,,,,,min_confidence=0.49,,,,
20260825_054947_robustness_robustness-swing-liquid1_a625f7,2026-08-25 05:49:47,2026-08-25T10:49:47Z,robustness,robustness-swing-liquid15,,2024-08-19,2026-08-19,,,,False,15,AAPL|AMZN|BAC|CAT|COST|CVX|GE|GOOGL|JPM|LLY|MSFT|NVDA|UNH|WMT|XOM,b903a736fc,5Min,,100000.0,varies,0.0,,0.0,,,,,0.0,,,,,,,,,,,2666.78,a625f708f76e,7e7eb0c5c92a,3.14.7,H: Swing only will reduce the amount of unnecessary trades and make the algo more profitable.,,,,,,,,,,,,,,,,,,,,,,,,,,,,,,,,,,,,,,,,sensitivity_min_confidence,default,False,,,True,0.7,,,0.06,False,0.03,0.09,False,close,,0.1,1.5,,10.0,8.0,0.2,100.0,1.0,0.0,2.0,,200.0,SPY,,0.05,0.05,True,0.14,0.05,0.04,20.0,,0.0,1.0,,,,,,,,,,,,,,,,,,,,0.55,,,,False,True,,,,,,,,,,,,,,,,,,,,,,,,,,,,,,,,,,,,,,,,,,,,,liquid15,,,,,,,,,,,min_confidence=0.55,,,,
20260825_054947_robustness_robustness-swing-liquid1_a625f7,2026-08-25 05:49:47,2026-08-25T10:49:47Z,robustness,robustness-swing-liquid15,,2024-08-19,2026-08-19,,,,False,15,AAPL|AMZN|BAC|CAT|COST|CVX|GE|GOOGL|JPM|LLY|MSFT|NVDA|UNH|WMT|XOM,b903a736fc,5Min,,100000.0,varies,0.0,,0.0,,,,,0.0,,,,,,,,,,,2666.8,a625f708f76e,7e7eb0c5c92a,3.14.7,H: Swing only will reduce the amount of unnecessary trades and make the algo more profitable.,,,,,,,,,,,,,,,,,,,,,,,,,,,,,,,,,,,,,,,,sensitivity_min_confidence,default,False,,,True,0.7,,,0.06,False,0.03,0.09,False,close,,0.1,1.5,,10.0,8.0,0.2,100.0,1.0,0.0,2.0,,200.0,SPY,,0.05,0.05,True,0.14,0.05,0.04,20.0,,0.0,1.0,,,,,,,,,,,,,,,,,,,,0.6,,,,False,True,,,,,,,,,,,,,,,,,,,,,,,,,,,,,,,,,,,,,,,,,,,,,liquid15,,,,,,,,,,,min_confidence=0.6,,,,
20260825_054947_robustness_robustness-swing-liquid1_a625f7,2026-08-25 05:49:47,2026-08-25T10:49:47Z,robustness,robustness-swing-liquid15,,2024-08-19,2026-08-19,,,,False,15,AAPL|AMZN|BAC|CAT|COST|CVX|GE|GOOGL|JPM|LLY|MSFT|NVDA|UNH|WMT|XOM,b903a736fc,5Min,,100000.0,varies,0.0,,0.0,,,,,0.0,,,,,,,,,,,2666.83,a625f708f76e,7e7eb0c5c92a,3.14.7,H: Swing only will reduce the amount of unnecessary trades and make the algo more profitable.,,,,,,,,,,,,,,,,,,,,,,,,,,,,,,,,,,,,,,,,sensitivity_min_confidence,default,False,,,True,0.7,,,0.06,False,0.03,0.09,False,close,,0.1,1.5,,10.0,8.0,0.2,100.0,1.0,0.0,2.0,,200.0,SPY,,0.05,0.05,True,0.14,0.05,0.04,20.0,,0.0,1.0,,,,,,,,,,,,,,,,,,,,0.65,,,,False,True,,,,,,,,,,,,,,,,,,,,,,,,,,,,,,,,,,,,,,,,,,,,,liquid15,,,,,,,,,,,min_confidence=0.65,,,,
20260825_054947_robustness_robustness-swing-liquid1_a625f7,2026-08-25 05:49:47,2026-08-25T10:49:47Z,robustness,robustness-swing-liquid15,,2024-08-19,2026-08-19,,,,False,15,AAPL|AMZN|BAC|CAT|COST|CVX|GE|GOOGL|JPM|LLY|MSFT|NVDA|UNH|WMT|XOM,b903a736fc,5Min,,100000.0,varies,0.08880541042766588,,0.20174834996789356,,,,,133.0,,,,,,,,,,,4002.29,a625f708f76e,7e7eb0c5c92a,3.14.7,H: Swing only will reduce the amount of unnecessary trades and make the algo more profitable.,,,,,,,,,,,,,,,,,,,,,,,,,,,,,,,,,,,,,,,,sensitivity_rsi_oversold,default,False,,,True,0.7,,,0.06,False,0.03,0.09,False,close,,0.1,1.5,,10.0,8.0,0.2,100.0,1.0,0.0,2.0,,200.0,SPY,,0.05,0.05,True,0.14,0.05,0.04,20.0,,-0.1071895375094789,1.0,,,,,,,,,,,,,,,,,,,,,,,,False,True,,,,,,,,,,,,,,,,,,,,,,,,,,,,,,,,,,,,,,,,,,,,,liquid15,,25.0,,,,,,,,,rsi_oversold=25.0,,,,
20260825_054947_robustness_robustness-swing-liquid1_a625f7,2026-08-25 05:49:47,2026-08-25T10:49:47Z,robustness,robustness-swing-liquid15,,2024-08-19,2026-08-19,,,,False,15,AAPL|AMZN|BAC|CAT|COST|CVX|GE|GOOGL|JPM|LLY|MSFT|NVDA|UNH|WMT|XOM,b903a736fc,5Min,,100000.0,varies,0.08880541042766588,,0.20174834996789356,,,,,133.0,,,,,,,,,,,4002.32,a625f708f76e,7e7eb0c5c92a,3.14.7,H: Swing only will reduce the amount of unnecessary trades and make the algo more profitable.,,,,,,,,,,,,,,,,,,,,,,,,,,,,,,,,,,,,,,,,sensitivity_rsi_oversold,default,False,,,True,0.7,,,0.06,False,0.03,0.09,False,close,,0.1,1.5,,10.0,8.0,0.2,100.0,1.0,0.0,2.0,,200.0,SPY,,0.05,0.05,True,0.14,0.05,0.04,20.0,,-0.1071895375094789,1.0,,,,,,,,,,,,,,,,,,,,,,,,False,True,,,,,,,,,,,,,,,,,,,,,,,,,,,,,,,,,,,,,,,,,,,,,liquid15,,30.0,,,,,,,,,rsi_oversold=30.0,,,,
20260825_054947_robustness_robustness-swing-liquid1_a625f7,2026-08-25 05:49:47,2026-08-25T10:49:47Z,robustness,robustness-swing-liquid15,,2024-08-19,2026-08-19,,,,False,15,AAPL|AMZN|BAC|CAT|COST|CVX|GE|GOOGL|JPM|LLY|MSFT|NVDA|UNH|WMT|XOM,b903a736fc,5Min,,100000.0,varies,0.08880541042766588,,0.20174834996789356,,,,,133.0,,,,,,,,,,,4002.34,a625f708f76e,7e7eb0c5c92a,3.14.7,H: Swing only will reduce the amount of unnecessary trades and make the algo more profitable.,,,,,,,,,,,,,,,,,,,,,,,,,,,,,,,,,,,,,,,,sensitivity_rsi_oversold,default,False,,,True,0.7,,,0.06,False,0.03,0.09,False,close,,0.1,1.5,,10.0,8.0,0.2,100.0,1.0,0.0,2.0,,200.0,SPY,,0.05,0.05,True,0.14,0.05,0.04,20.0,,-0.1071895375094789,1.0,,,,,,,,,,,,,,,,,,,,,,,,False,True,,,,,,,,,,,,,,,,,,,,,,,,,,,,,,,,,,,,,,,,,,,,,liquid15,,35.0,,,,,,,,,rsi_oversold=35.0,,,,
20260825_054947_robustness_robustness-swing-liquid1_a625f7,2026-08-25 05:49:47,2026-08-25T10:49:47Z,robustness,robustness-swing-liquid15,,2024-08-19,2026-08-19,,,,False,15,AAPL|AMZN|BAC|CAT|COST|CVX|GE|GOOGL|JPM|LLY|MSFT|NVDA|UNH|WMT|XOM,b903a736fc,5Min,,100000.0,varies,0.08880541042766588,,0.20174834996789356,,,,,133.0,,,,,,,,,,,4002.37,a625f708f76e,7e7eb0c5c92a,3.14.7,H: Swing only will reduce the amount of unnecessary trades and make the algo more profitable.,,,,,,,,,,,,,,,,,,,,,,,,,,,,,,,,,,,,,,,,sensitivity_rsi_oversold,default,False,,,True,0.7,,,0.06,False,0.03,0.09,False,close,,0.1,1.5,,10.0,8.0,0.2,100.0,1.0,0.0,2.0,,200.0,SPY,,0.05,0.05,True,0.14,0.05,0.04,20.0,,-0.1071895375094789,1.0,,,,,,,,,,,,,,,,,,,,,,,,False,True,,,,,,,,,,,,,,,,,,,,,,,,,,,,,,,,,,,,,,,,,,,,,liquid15,,40.0,,,,,,,,,rsi_oversold=40.0,,,,
20260825_054947_robustness_robustness-swing-liquid1_a625f7,2026-08-25 05:49:47,2026-08-25T10:49:47Z,robustness,robustness-swing-liquid15,,2024-08-19,2026-08-19,,,,False,15,AAPL|AMZN|BAC|CAT|COST|CVX|GE|GOOGL|JPM|LLY|MSFT|NVDA|UNH|WMT|XOM,b903a736fc,5Min,,100000.0,varies,0.069706743603835,,0.19208945279326098,,,,,140.0,,,,,,,,,,,4002.39,a625f708f76e,7e7eb0c5c92a,3.14.7,H: Swing only will reduce the amount of unnecessary trades and make the algo more profitable.,,,,,,,,,,,,,,,,,,,,,,,,,,,,,,,,,,,,,,,,sensitivity_rsi_oversold,default,False,,,True,0.7,,,0.06,False,0.03,0.09,False,close,,0.1,1.5,,10.0,8.0,0.2,100.0,1.0,0.0,2.0,,200.0,SPY,,0.05,0.05,True,0.14,0.05,0.04,20.0,,-0.126300992043483,1.0,,,,,,,,,,,,,,,,,,,,,,,,False,True,,,,,,,,,,,,,,,,,,,,,,,,,,,,,,,,,,,,,,,,,,,,,liquid15,,45.0,,,,,,,,,rsi_oversold=45.0,,,,
20260825_054947_robustness_robustness-swing-liquid1_a625f7,2026-08-25 05:49:47,2026-08-25T10:49:47Z,robustness,robustness-swing-liquid15,,2024-08-19,2026-08-19,,,,False,15,AAPL|AMZN|BAC|CAT|COST|CVX|GE|GOOGL|JPM|LLY|MSFT|NVDA|UNH|WMT|XOM,b903a736fc,5Min,,100000.0,varies,0.17260658654432737,,0.2686584463145807,,,,,185.0,,,,,,,,,,,5336.16,a625f708f76e,7e7eb0c5c92a,3.14.7,H: Swing only will reduce the amount of unnecessary trades and make the algo more profitable.,,,,,,,,,,,,,,,,,,,,,,,,,,,,,,,,,,,,,,,,sensitivity_volume_surge_mult,default,False,,,True,0.7,,,0.06,False,0.03,0.09,False,close,,0.1,1.5,,10.0,8.0,0.2,100.0,1.0,0.0,2.0,,200.0,SPY,,0.05,0.05,True,0.14,0.05,0.04,20.0,,-0.1430371489667034,1.0,,,,,,,,,,,,,,,,,,,,,,,,False,True,,,,,,,,,,,,,,,,,,,,,,,,,,,,,,,,,,,,,,,,,,,,,liquid15,,,,,,,,,,,volume_surge_mult=1.2,1.2,,,
20260825_054947_robustness_robustness-swing-liquid1_a625f7,2026-08-25 05:49:47,2026-08-25T10:49:47Z,robustness,robustness-swing-liquid15,,2024-08-19,2026-08-19,,,,False,15,AAPL|AMZN|BAC|CAT|COST|CVX|GE|GOOGL|JPM|LLY|MSFT|NVDA|UNH|WMT|XOM,b903a736fc,5Min,,100000.0,varies,0.14503339862808917,,0.24332604272014607,,,,,154.0,,,,,,,,,,,5336.19,a625f708f76e,7e7eb0c5c92a,3.14.7,H: Swing only will reduce the amount of unnecessary trades and make the algo more profitable.,,,,,,,,,,,,,,,,,,,,,,,,,,,,,,,,,,,,,,,,sensitivity_volume_surge_mult,default,False,,,True,0.7,,,0.06,False,0.03,0.09,False,close,,0.1,1.5,,10.0,8.0,0.2,100.0,1.0,0.0,2.0,,200.0,SPY,,0.05,0.05,True,0.14,0.05,0.04,20.0,,-0.10356878933484326,1.0,,,,,,,,,,,,,,,,,,,,,,,,False,True,,,,,,,,,,,,,,,,,,,,,,,,,,,,,,,,,,,,,,,,,,,,,liquid15,,,,,,,,,,,volume_surge_mult=1.5,1.5,,,
20260825_054947_robustness_robustness-swing-liquid1_a625f7,2026-08-25 05:49:47,2026-08-25T10:49:47Z,robustness,robustness-swing-liquid15,,2024-08-19,2026-08-19,,,,False,15,AAPL|AMZN|BAC|CAT|COST|CVX|GE|GOOGL|JPM|LLY|MSFT|NVDA|UNH|WMT|XOM,b903a736fc,5Min,,100000.0,varies,0.08880541042766588,,0.20174834996789356,,,,,133.0,,,,,,,,,,,5336.22,a625f708f76e,7e7eb0c5c92a,3.14.7,H: Swing only will reduce the amount of unnecessary trades and make the algo more profitable.,,,,,,,,,,,,,,,,,,,,,,,,,,,,,,,,,,,,,,,,sensitivity_volume_surge_mult,default,False,,,True,0.7,,,0.06,False,0.03,0.09,False,close,,0.1,1.5,,10.0,8.0,0.2,100.0,1.0,0.0,2.0,,200.0,SPY,,0.05,0.05,True,0.14,0.05,0.04,20.0,,-0.1071895375094789,1.0,,,,,,,,,,,,,,,,,,,,,,,,False,True,,,,,,,,,,,,,,,,,,,,,,,,,,,,,,,,,,,,,,,,,,,,,liquid15,,,,,,,,,,,volume_surge_mult=1.8,1.8,,,
20260825_054947_robustness_robustness-swing-liquid1_a625f7,2026-08-25 05:49:47,2026-08-25T10:49:47Z,robustness,robustness-swing-liquid15,,2024-08-19,2026-08-19,,,,False,15,AAPL|AMZN|BAC|CAT|COST|CVX|GE|GOOGL|JPM|LLY|MSFT|NVDA|UNH|WMT|XOM,b903a736fc,5Min,,100000.0,varies,0.07308425960118248,,0.1889579469595976,,,,,119.0,,,,,,,,,,,5336.24,a625f708f76e,7e7eb0c5c92a,3.14.7,H: Swing only will reduce the amount of unnecessary trades and make the algo more profitable.,,,,,,,,,,,,,,,,,,,,,,,,,,,,,,,,,,,,,,,,sensitivity_volume_surge_mult,default,False,,,True,0.7,,,0.06,False,0.03,0.09,False,close,,0.1,1.5,,10.0,8.0,0.2,100.0,1.0,0.0,2.0,,200.0,SPY,,0.05,0.05,True,0.14,0.05,0.04,20.0,,-0.10677706726931047,1.0,,,,,,,,,,,,,,,,,,,,,,,,False,True,,,,,,,,,,,,,,,,,,,,,,,,,,,,,,,,,,,,,,,,,,,,,liquid15,,,,,,,,,,,volume_surge_mult=2.1,2.1,,,
20260825_054947_robustness_robustness-swing-liquid1_a625f7,2026-08-25 05:49:47,2026-08-25T10:49:47Z,robustness,robustness-swing-liquid15,,2024-08-19,2026-08-19,,,,False,15,AAPL|AMZN|BAC|CAT|COST|CVX|GE|GOOGL|JPM|LLY|MSFT|NVDA|UNH|WMT|XOM,b903a736fc,5Min,,100000.0,varies,0.17081152780109266,,0.2542568377072835,,,,,94.0,,,,,,,,,,,5336.27,a625f708f76e,7e7eb0c5c92a,3.14.7,H: Swing only will reduce the amount of unnecessary trades and make the algo more profitable.,,,,,,,,,,,,,,,,,,,,,,,,,,,,,,,,,,,,,,,,sensitivity_volume_surge_mult,default,False,,,True,0.7,,,0.06,False,0.03,0.09,False,close,,0.1,1.5,,10.0,8.0,0.2,100.0,1.0,0.0,2.0,,200.0,SPY,,0.05,0.05,True,0.14,0.05,0.04,20.0,,-0.11566997271105806,1.0,,,,,,,,,,,,,,,,,,,,,,,,False,True,,,,,,,,,,,,,,,,,,,,,,,,,,,,,,,,,,,,,,,,,,,,,liquid15,,,,,,,,,,,volume_surge_mult=2.5,2.5,,,
20260825_054947_robustness_robustness-swing-liquid1_a625f7,2026-08-25 05:49:47,2026-08-25T10:49:47Z,robustness,robustness-swing-liquid15,,2024-08-19 08:00:00+00:00,2026-08-18 23:55:00+00:00,,,,False,15,AAPL|AMZN|BAC|CAT|COST|CVX|GE|GOOGL|JPM|LLY|MSFT|NVDA|UNH|WMT|XOM,b903a736fc,5Min,,100000.0,REALISTIC,0.08880541042766588,0.04350929800908787,0.20174834996789356,0.17220928007325173,0.40590993318951757,-0.1071895375094789,126.31597222222223,133.0,0.5263157894736842,1.1613528149516505,66.7709852839595,8864.531557233398,,,,,,,5601.92,a625f708f76e,7e7eb0c5c92a,3.14.7,H: Swing only will reduce the amount of unnecessary trades and make the algo more profitable.,,833.1353383458646,66.65061321228119,-873.6195211409381,,913.1224410663673,,,,3083.292471273246,,,,0.0,0.0,300.0,96000.0,0.0,0.0,0.0,5.0,0.0,25.0,0.0,0.0,0.0,0.0,9.0,0.0,0.9998847135242839,0.0,0.0,0.0,163.0,,,108880.54104276658,"{""max_hold_swing"": 51, ""stop_loss"": 43, ""take_profit"": 6, ""trailing_stop"": 33}",,news_ablation,default,False,,,True,0.7,,,0.06,False,0.03,0.09,False,close,,0.1,1.5,,10.0,8.0,0.2,100.0,1.0,0.0,2.0,,200.0,SPY,,0.05,0.05,True,0.14,0.05,0.04,20.0,,,1.0,,,,,,,,,,,,,,,,,,,956.0,,,,,False,True,,,,,0.5,14.0,,,,,,,0.6,0.49,20.0,0.015,0.45,0.55,,,72.0,35.0,,,,False,,,,,True,,1.8,,,,,,,,80.0,,,17745.072600000007,liquid15,,,100000.0,133.0,,,,,0.0,8864.531557233398,news_on_buggy,,,,-1441.7632232742965
20260825_054947_robustness_robustness-swing-liquid1_a625f7,2026-08-25 05:49:47,2026-08-25T10:49:47Z,robustness,robustness-swing-liquid15,,2024-08-19 08:00:00+00:00,2026-08-18 23:55:00+00:00,,,,False,15,AAPL|AMZN|BAC|CAT|COST|CVX|GE|GOOGL|JPM|LLY|MSFT|NVDA|UNH|WMT|XOM,b903a736fc,5Min,,100000.0,REALISTIC,0.08880541042766588,0.04350929800908787,0.20174834996789356,0.17220928007325173,0.40590993318951757,-0.1071895375094789,126.31597222222223,133.0,0.5263157894736842,1.1613528149516505,66.7709852839595,8864.531557233398,,,,,,,5868.22,a625f708f76e,7e7eb0c5c92a,3.14.7,H: Swing only will reduce the amount of unnecessary trades and make the algo more profitable.,,833.1353383458646,66.65061321228119,-873.6195211409381,,913.1224410663673,,,,3083.292471273246,,,,0.0,0.0,300.0,96000.0,0.0,0.0,0.0,5.0,0.0,25.0,0.0,0.0,0.0,0.0,9.0,0.0,0.9998847135242839,0.0,0.0,0.0,163.0,,,108880.54104276658,"{""max_hold_swing"": 51, ""stop_loss"": 43, ""take_profit"": 6, ""trailing_stop"": 33}",,news_ablation,default,False,,,True,0.7,,,0.06,False,0.03,0.09,False,close,,0.1,1.5,,10.0,8.0,0.2,100.0,1.0,0.0,2.0,,200.0,SPY,,0.05,0.05,True,0.14,0.05,0.04,20.0,,,1.0,,,,,,,,,,,,,,,,,,,956.0,,,,,False,True,,,,,0.5,14.0,,,,,,,0.6,0.49,20.0,0.015,0.45,0.55,,,72.0,35.0,,,,True,,,,,True,,1.8,,,,,,,,80.0,,,17745.072600000007,liquid15,,,100000.0,133.0,,,,,0.0,8864.531557233398,news_on_fixed,,,,-1441.7632232742965
20260825_054947_robustness_robustness-swing-liquid1_a625f7,2026-08-25 05:49:47,2026-08-25T10:49:47Z,robustness,robustness-swing-liquid15,,2024-08-19 08:00:00+00:00,2026-08-18 23:55:00+00:00,,,,False,15,AAPL|AMZN|BAC|CAT|COST|CVX|GE|GOOGL|JPM|LLY|MSFT|NVDA|UNH|WMT|XOM,b903a736fc,5Min,,100000.0,REALISTIC,0.08880541042766588,0.04350929800908787,0.20174834996789356,0.17220928007325173,0.40590993318951757,-0.1071895375094789,126.31597222222223,133.0,0.5263157894736842,1.1613528149516505,66.7709852839595,8864.531557233398,,,,,,,6135.89,a625f708f76e,7e7eb0c5c92a,3.14.7,H: Swing only will reduce the amount of unnecessary trades and make the algo more profitable.,,833.1353383458646,66.65061321228119,-873.6195211409381,,913.1224410663673,,,,3083.292471273246,,,,0.0,0.0,300.0,96000.0,0.0,0.0,0.0,5.0,0.0,25.0,0.0,0.0,0.0,0.0,9.0,0.0,0.9998847135242839,0.0,0.0,0.0,163.0,,,108880.54104276658,"{""max_hold_swing"": 51, ""stop_loss"": 43, ""take_profit"": 6, ""trailing_stop"": 33}",,news_ablation,default,False,,,True,0.7,,,0.06,False,0.03,0.09,False,close,,0.1,1.5,,10.0,8.0,0.2,100.0,1.0,0.0,2.0,,200.0,SPY,,0.05,0.05,True,0.14,0.05,0.04,20.0,,,1.0,,,,,,,,,,,,,,,,,,,956.0,,,,,False,True,,,,,0.5,14.0,,,,,,,0.6,0.49,20.0,0.015,0.45,0.55,,,72.0,35.0,,,,False,,,,,False,,1.8,,,,,,,,80.0,,,17745.072600000007,liquid15,,,100000.0,133.0,,,,,0.0,8864.531557233398,news_off,,,,-1441.7632232742965
20260825_054947_robustness_robustness-swing-liquid1_a625f7,2026-08-25 05:49:47,2026-08-25T10:49:47Z,robustness,robustness-swing-liquid15,,2024-08-19,2026-08-19,,,,False,15,AAPL|AMZN|BAC|CAT|COST|CVX|GE|GOOGL|JPM|LLY|MSFT|NVDA|UNH|WMT|XOM,b903a736fc,5Min,,100000.0,REALISTIC,,,,,,,,,,,,,,,,,,,6402.54,a625f708f76e,7e7eb0c5c92a,3.14.7,H: Swing only will reduce the amount of unnecessary trades and make the algo more profitable.,,,,,,,,,,,,,,,,,,,,,,,,,,,,,,,,,,,,,,,,monte_carlo,default,False,,,True,0.7,,,0.06,False,0.03,0.09,False,close,,0.1,1.5,,10.0,8.0,0.2,100.0,1.0,0.0,2.0,,200.0,SPY,,0.05,0.05,True,0.14,0.05,0.04,20.0,,,1.0,108430.45078812973,-0.09556799849810545,88914.25496551496,130409.6136180361,-0.18919818301691713,0.746,,,133.0,,,,-0.09031324818928066,-0.1435335883048851,-0.19366815336294158,,108880.54104276662,,,,,,,False,True,,,,,,,,,,,,,,,,,,,,,,,,,,,,,,,,,,,,,,,,,,,,,liquid15,,,,,,,,,,,1000_sims,,,,
20260825_073630_robustness_robustness-swing-crypto__a625f7,2026-08-25 07:36:30,2026-08-25T12:36:30Z,robustness,robustness-swing-crypto_proxy,,2024-08-19,2026-08-19,,,,False,5,CLSK|COIN|MARA|MSTR|RIOT,3319f568a1,5Min,,100000.0,zero,0.8151325059999994,,0.4980215692610672,,,,,697.0,,,,0.0,,,,,,,438.37,a625f708f76e,2a4c3d304270,3.14.7,H: Swing only will reduce the amount of unnecessary trades and make the algo more profitable.,,,,,,,,,,,,,zero,,,,,,,,,,,,,,,,,,,,,,,,,,,cost_sensitivity,default,False,,,True,0.7,,,0.06,False,0.03,0.09,False,close,,0.1,1.5,,10.0,8.0,0.2,100.0,1.0,0.0,2.0,,200.0,SPY,,0.05,0.05,True,0.14,0.05,0.04,20.0,,-0.3755382842505507,1.0,,,,,,,,,,,,,,,,,,,,,,,,False,True,,,,,,,,,,,,,,,,,,,,,,,,,,,,,,,,,,,,,,,,,,,,,crypto_proxy,,,,,,,,,,,zero,,,,
20260825_073630_robustness_robustness-swing-crypto__a625f7,2026-08-25 07:36:30,2026-08-25T12:36:30Z,robustness,robustness-swing-crypto_proxy,,2024-08-19,2026-08-19,,,,False,5,CLSK|COIN|MARA|MSTR|RIOT,3319f568a1,5Min,,100000.0,large_cap_rth,0.14599545293451177,,0.27925287858177444,,,,,685.0,,,,41379.69750654866,,,,,,,438.4,a625f708f76e,2a4c3d304270,3.14.7,H: Swing only will reduce the amount of unnecessary trades and make the algo more profitable.,,,,,,,,,,,,,large_cap_rth,,,,,,,,,,,,,,,,,,,,,,,,,,,cost_sensitivity,default,False,,,True,0.7,,,0.06,False,0.03,0.09,False,close,,0.1,1.5,,10.0,8.0,0.2,100.0,1.0,0.0,2.0,,200.0,SPY,,0.05,0.05,True,0.14,0.05,0.04,20.0,,-0.44065831238785547,1.0,,,,,,,,,,,,,,,,,,,,,,,,False,True,,,,,,,,,,,,,,,,,,,,,,,,,,,,,,,,,,,,,,,,,,,,,crypto_proxy,,,,,,,,,,,large_cap_rth,,,,
20260825_073630_robustness_robustness-swing-crypto__a625f7,2026-08-25 07:36:30,2026-08-25T12:36:30Z,robustness,robustness-swing-crypto_proxy,,2024-08-19,2026-08-19,,,,False,5,CLSK|COIN|MARA|MSTR|RIOT,3319f568a1,5Min,,100000.0,realistic,-0.23497663951761727,,0.08406714266263687,,,,,684.0,,,,71721.09495176209,,,,,,,438.43,a625f708f76e,2a4c3d304270,3.14.7,H: Swing only will reduce the amount of unnecessary trades and make the algo more profitable.,,,,,,,,,,,,,realistic,,,,,,,,,,,,,,,,,,,,,,,,,,,cost_sensitivity,default,False,,,True,0.7,,,0.06,False,0.03,0.09,False,close,,0.1,1.5,,10.0,8.0,0.2,100.0,1.0,0.0,2.0,,200.0,SPY,,0.05,0.05,True,0.14,0.05,0.04,20.0,,-0.5056726498042123,1.0,,,,,,,,,,,,,,,,,,,,,,,,False,True,,,,,,,,,,,,,,,,,,,,,,,,,,,,,,,,,,,,,,,,,,,,,crypto_proxy,,,,,,,,,,,realistic,,,,
20260825_073630_robustness_robustness-swing-crypto__a625f7,2026-08-25 07:36:30,2026-08-25T12:36:30Z,robustness,robustness-swing-crypto_proxy,,2024-08-19,2026-08-19,,,,False,5,CLSK|COIN|MARA|MSTR|RIOT,3319f568a1,5Min,,100000.0,pessimistic,-0.6983932194827706,,-0.36878923462811225,,,,,685.0,,,,114339.57374827717,,,,,,,438.45,a625f708f76e,2a4c3d304270,3.14.7,H: Swing only will reduce the amount of unnecessary trades and make the algo more profitable.,,,,,,,,,,,,,pessimistic,,,,,,,,,,,,,,,,,,,,,,,,,,,cost_sensitivity,default,False,,,True,0.7,,,0.06,False,0.03,0.09,False,close,,0.1,1.5,,10.0,8.0,0.2,100.0,1.0,0.0,2.0,,200.0,SPY,,0.05,0.05,True,0.14,0.05,0.04,20.0,,-0.7668309820768522,1.0,,,,,,,,,,,,,,,,,,,,,,,,False,True,,,,,,,,,,,,,,,,,,,,,,,,,,,,,,,,,,,,,,,,,,,,,crypto_proxy,,,,,,,,,,,pessimistic,,,,
20260825_073630_robustness_robustness-swing-crypto__a625f7,2026-08-25 07:36:30,2026-08-25T12:36:30Z,robustness,robustness-swing-crypto_proxy,,2024-08-19,2026-08-19,,,,False,5,CLSK|COIN|MARA|MSTR|RIOT,3319f568a1,5Min,,100000.0,varies,-0.594161750121122,,-0.0471242782827589,,,,,1142.0,,,,,,,,,,,1139.4,a625f708f76e,2a4c3d304270,3.14.7,H: Swing only will reduce the amount of unnecessary trades and make the algo more profitable.,,,,,,,,,,,,,,,,,,,,,,,,,,,,,,,,,,,,,,,,sensitivity_min_confidence,default,False,,,True,0.7,,,0.06,False,0.03,0.09,False,close,,0.1,1.5,,10.0,8.0,0.2,100.0,1.0,0.0,2.0,,200.0,SPY,,0.05,0.05,True,0.14,0.05,0.04,20.0,,-0.7288071198645406,1.0,,,,,,,,,,,,,,,,,,,,0.4,,,,False,True,,,,,,,,,,,,,,,,,,,,,,,,,,,,,,,,,,,,,,,,,,,,,crypto_proxy,,,,,,,,,,,min_confidence=0.4,,,,
20260825_073630_robustness_robustness-swing-crypto__a625f7,2026-08-25 07:36:30,2026-08-25T12:36:30Z,robustness,robustness-swing-crypto_proxy,,2024-08-19,2026-08-19,,,,False,5,CLSK|COIN|MARA|MSTR|RIOT,3319f568a1,5Min,,100000.0,varies,-0.594161750121122,,-0.0471242782827589,,,,,1142.0,,,,,,,,,,,1139.43,a625f708f76e,2a4c3d304270,3.14.7,H: Swing only will reduce the amount of unnecessary trades and make the algo more profitable.,,,,,,,,,,,,,,,,,,,,,,,,,,,,,,,,,,,,,,,,sensitivity_min_confidence,default,False,,,True,0.7,,,0.06,False,0.03,0.09,False,close,,0.1,1.5,,10.0,8.0,0.2,100.0,1.0,0.0,2.0,,200.0,SPY,,0.05,0.05,True,0.14,0.05,0.04,20.0,,-0.7288071198645406,1.0,,,,,,,,,,,,,,,,,,,,0.45,,,,False,True,,,,,,,,,,,,,,,,,,,,,,,,,,,,,,,,,,,,,,,,,,,,,crypto_proxy,,,,,,,,,,,min_confidence=0.45,,,,
20260825_073630_robustness_robustness-swing-crypto__a625f7,2026-08-25 07:36:30,2026-08-25T12:36:30Z,robustness,robustness-swing-crypto_proxy,,2024-08-19,2026-08-19,,,,False,5,CLSK|COIN|MARA|MSTR|RIOT,3319f568a1,5Min,,100000.0,varies,-0.23497663951761727,,0.08406714266263687,,,,,684.0,,,,,,,,,,,1139.46,a625f708f76e,2a4c3d304270,3.14.7,H: Swing only will reduce the amount of unnecessary trades and make the algo more profitable.,,,,,,,,,,,,,,,,,,,,,,,,,,,,,,,,,,,,,,,,sensitivity_min_confidence,default,False,,,True,0.7,,,0.06,False,0.03,0.09,False,close,,0.1,1.5,,10.0,8.0,0.2,100.0,1.0,0.0,2.0,,200.0,SPY,,0.05,0.05,True,0.14,0.05,0.04,20.0,,-0.5056726498042123,1.0,,,,,,,,,,,,,,,,,,,,0.49,,,,False,True,,,,,,,,,,,,,,,,,,,,,,,,,,,,,,,,,,,,,,,,,,,,,crypto_proxy,,,,,,,,,,,min_confidence=0.49,,,,
20260825_073630_robustness_robustness-swing-crypto__a625f7,2026-08-25 07:36:30,2026-08-25T12:36:30Z,robustness,robustness-swing-crypto_proxy,,2024-08-19,2026-08-19,,,,False,5,CLSK|COIN|MARA|MSTR|RIOT,3319f568a1,5Min,,100000.0,varies,0.04079331065617553,,0.1366490104050031,,,,,9.0,,,,,,,,,,,1139.48,a625f708f76e,2a4c3d304270,3.14.7,H: Swing only will reduce the amount of unnecessary trades and make the algo more profitable.,,,,,,,,,,,,,,,,,,,,,,,,,,,,,,,,,,,,,,,,sensitivity_min_confidence,default,False,,,True,0.7,,,0.06,False,0.03,0.09,False,close,,0.1,1.5,,10.0,8.0,0.2,100.0,1.0,0.0,2.0,,200.0,SPY,,0.05,0.05,True,0.14,0.05,0.04,20.0,,-0.034050567326373904,1.0,,,,,,,,,,,,,,,,,,,,0.55,,,,False,True,,,,,,,,,,,,,,,,,,,,,,,,,,,,,,,,,,,,,,,,,,,,,crypto_proxy,,,,,,,,,,,min_confidence=0.55,,,,
20260825_073630_robustness_robustness-swing-crypto__a625f7,2026-08-25 07:36:30,2026-08-25T12:36:30Z,robustness,robustness-swing-crypto_proxy,,2024-08-19,2026-08-19,,,,False,5,CLSK|COIN|MARA|MSTR|RIOT,3319f568a1,5Min,,100000.0,varies,0.04079331065617553,,0.1366490104050031,,,,,9.0,,,,,,,,,,,1139.51,a625f708f76e,2a4c3d304270,3.14.7,H: Swing only will reduce the amount of unnecessary trades and make the algo more profitable.,,,,,,,,,,,,,,,,,,,,,,,,,,,,,,,,,,,,,,,,sensitivity_min_confidence,default,False,,,True,0.7,,,0.06,False,0.03,0.09,False,close,,0.1,1.5,,10.0,8.0,0.2,100.0,1.0,0.0,2.0,,200.0,SPY,,0.05,0.05,True,0.14,0.05,0.04,20.0,,-0.034050567326373904,1.0,,,,,,,,,,,,,,,,,,,,0.6,,,,False,True,,,,,,,,,,,,,,,,,,,,,,,,,,,,,,,,,,,,,,,,,,,,,crypto_proxy,,,,,,,,,,,min_confidence=0.6,,,,
20260825_073630_robustness_robustness-swing-crypto__a625f7,2026-08-25 07:36:30,2026-08-25T12:36:30Z,robustness,robustness-swing-crypto_proxy,,2024-08-19,2026-08-19,,,,False,5,CLSK|COIN|MARA|MSTR|RIOT,3319f568a1,5Min,,100000.0,varies,0.04079331065617553,,0.1366490104050031,,,,,9.0,,,,,,,,,,,1139.53,a625f708f76e,2a4c3d304270,3.14.7,H: Swing only will reduce the amount of unnecessary trades and make the algo more profitable.,,,,,,,,,,,,,,,,,,,,,,,,,,,,,,,,,,,,,,,,sensitivity_min_confidence,default,False,,,True,0.7,,,0.06,False,0.03,0.09,False,close,,0.1,1.5,,10.0,8.0,0.2,100.0,1.0,0.0,2.0,,200.0,SPY,,0.05,0.05,True,0.14,0.05,0.04,20.0,,-0.034050567326373904,1.0,,,,,,,,,,,,,,,,,,,,0.65,,,,False,True,,,,,,,,,,,,,,,,,,,,,,,,,,,,,,,,,,,,,,,,,,,,,crypto_proxy,,,,,,,,,,,min_confidence=0.65,,,,
20260825_073630_robustness_robustness-swing-crypto__a625f7,2026-08-25 07:36:30,2026-08-25T12:36:30Z,robustness,robustness-swing-crypto_proxy,,2024-08-19,2026-08-19,,,,False,5,CLSK|COIN|MARA|MSTR|RIOT,3319f568a1,5Min,,100000.0,varies,-0.23592064422697123,,0.08428880460509108,,,,,684.0,,,,,,,,,,,1685.83,a625f708f76e,2a4c3d304270,3.14.7,H: Swing only will reduce the amount of unnecessary trades and make the algo more profitable.,,,,,,,,,,,,,,,,,,,,,,,,,,,,,,,,,,,,,,,,sensitivity_rsi_oversold,default,False,,,True,0.7,,,0.06,False,0.03,0.09,False,close,,0.1,1.5,,10.0,8.0,0.2,100.0,1.0,0.0,2.0,,200.0,SPY,,0.05,0.05,True,0.14,0.05,0.04,20.0,,-0.5056726498042123,1.0,,,,,,,,,,,,,,,,,,,,,,,,False,True,,,,,,,,,,,,,,,,,,,,,,,,,,,,,,,,,,,,,,,,,,,,,crypto_proxy,,25.0,,,,,,,,,rsi_oversold=25.0,,,,
20260825_073630_robustness_robustness-swing-crypto__a625f7,2026-08-25 07:36:30,2026-08-25T12:36:30Z,robustness,robustness-swing-crypto_proxy,,2024-08-19,2026-08-19,,,,False,5,CLSK|COIN|MARA|MSTR|RIOT,3319f568a1,5Min,,100000.0,varies,-0.23458958552718479,,0.0842575320920658,,,,,684.0,,,,,,,,,,,1685.86,a625f708f76e,2a4c3d304270,3.14.7,H: Swing only will reduce the amount of unnecessary trades and make the algo more profitable.,,,,,,,,,,,,,,,,,,,,,,,,,,,,,,,,,,,,,,,,sensitivity_rsi_oversold,default,False,,,True,0.7,,,0.06,False,0.03,0.09,False,close,,0.1,1.5,,10.0,8.0,0.2,100.0,1.0,0.0,2.0,,200.0,SPY,,0.05,0.05,True,0.14,0.05,0.04,20.0,,-0.5056726498042123,1.0,,,,,,,,,,,,,,,,,,,,,,,,False,True,,,,,,,,,,,,,,,,,,,,,,,,,,,,,,,,,,,,,,,,,,,,,crypto_proxy,,30.0,,,,,,,,,rsi_oversold=30.0,,,,
20260825_073630_robustness_robustness-swing-crypto__a625f7,2026-08-25 07:36:30,2026-08-25T12:36:30Z,robustness,robustness-swing-crypto_proxy,,2024-08-19,2026-08-19,,,,False,5,CLSK|COIN|MARA|MSTR|RIOT,3319f568a1,5Min,,100000.0,varies,-0.23497663951761727,,0.08406714266263687,,,,,684.0,,,,,,,,,,,1685.89,a625f708f76e,2a4c3d304270,3.14.7,H: Swing only will reduce the amount of unnecessary trades and make the algo more profitable.,,,,,,,,,,,,,,,,,,,,,,,,,,,,,,,,,,,,,,,,sensitivity_rsi_oversold,default,False,,,True,0.7,,,0.06,False,0.03,0.09,False,close,,0.1,1.5,,10.0,8.0,0.2,100.0,1.0,0.0,2.0,,200.0,SPY,,0.05,0.05,True,0.14,0.05,0.04,20.0,,-0.5056726498042123,1.0,,,,,,,,,,,,,,,,,,,,,,,,False,True,,,,,,,,,,,,,,,,,,,,,,,,,,,,,,,,,,,,,,,,,,,,,crypto_proxy,,35.0,,,,,,,,,rsi_oversold=35.0,,,,
20260825_073630_robustness_robustness-swing-crypto__a625f7,2026-08-25 07:36:30,2026-08-25T12:36:30Z,robustness,robustness-swing-crypto_proxy,,2024-08-19,2026-08-19,,,,False,5,CLSK|COIN|MARA|MSTR|RIOT,3319f568a1,5Min,,100000.0,varies,-0.24835151852176873,,0.07600898993009239,,,,,686.0,,,,,,,,,,,1685.92,a625f708f76e,2a4c3d304270,3.14.7,H: Swing only will reduce the amount of unnecessary trades and make the algo more profitable.,,,,,,,,,,,,,,,,,,,,,,,,,,,,,,,,,,,,,,,,sensitivity_rsi_oversold,default,False,,,True,0.7,,,0.06,False,0.03,0.09,False,close,,0.1,1.5,,10.0,8.0,0.2,100.0,1.0,0.0,2.0,,200.0,SPY,,0.05,0.05,True,0.14,0.05,0.04,20.0,,-0.4900358009499419,1.0,,,,,,,,,,,,,,,,,,,,,,,,False,True,,,,,,,,,,,,,,,,,,,,,,,,,,,,,,,,,,,,,,,,,,,,,crypto_proxy,,40.0,,,,,,,,,rsi_oversold=40.0,,,,
20260825_073630_robustness_robustness-swing-crypto__a625f7,2026-08-25 07:36:30,2026-08-25T12:36:30Z,robustness,robustness-swing-crypto_proxy,,2024-08-19,2026-08-19,,,,False,5,CLSK|COIN|MARA|MSTR|RIOT,3319f568a1,5Min,,100000.0,varies,-0.37634898433254216,,-0.006462691859995023,,,,,725.0,,,,,,,,,,,1685.94,a625f708f76e,2a4c3d304270,3.14.7,H: Swing only will reduce the amount of unnecessary trades and make the algo more profitable.,,,,,,,,,,,,,,,,,,,,,,,,,,,,,,,,,,,,,,,,sensitivity_rsi_oversold,default,False,,,True,0.7,,,0.06,False,0.03,0.09,False,close,,0.1,1.5,,10.0,8.0,0.2,100.0,1.0,0.0,2.0,,200.0,SPY,,0.05,0.05,True,0.14,0.05,0.04,20.0,,-0.5718826963668115,1.0,,,,,,,,,,,,,,,,,,,,,,,,False,True,,,,,,,,,,,,,,,,,,,,,,,,,,,,,,,,,,,,,,,,,,,,,crypto_proxy,,45.0,,,,,,,,,rsi_oversold=45.0,,,,
20260825_073630_robustness_robustness-swing-crypto__a625f7,2026-08-25 07:36:30,2026-08-25T12:36:30Z,robustness,robustness-swing-crypto_proxy,,2024-08-19,2026-08-19,,,,False,5,CLSK|COIN|MARA|MSTR|RIOT,3319f568a1,5Min,,100000.0,varies,-0.283811686350699,,0.1037934303231285,,,,,882.0,,,,,,,,,,,2230.46,a625f708f76e,2a4c3d304270,3.14.7,H: Swing only will reduce the amount of unnecessary trades and make the algo more profitable.,,,,,,,,,,,,,,,,,,,,,,,,,,,,,,,,,,,,,,,,sensitivity_volume_surge_mult,default,False,,,True,0.7,,,0.06,False,0.03,0.09,False,close,,0.1,1.5,,10.0,8.0,0.2,100.0,1.0,0.0,2.0,,200.0,SPY,,0.05,0.05,True,0.14,0.05,0.04,20.0,,-0.5716531333573277,1.0,,,,,,,,,,,,,,,,,,,,,,,,False,True,,,,,,,,,,,,,,,,,,,,,,,,,,,,,,,,,,,,,,,,,,,,,crypto_proxy,,,,,,,,,,,volume_surge_mult=1.2,1.2,,,
20260825_073630_robustness_robustness-swing-crypto__a625f7,2026-08-25 07:36:30,2026-08-25T12:36:30Z,robustness,robustness-swing-crypto_proxy,,2024-08-19,2026-08-19,,,,False,5,CLSK|COIN|MARA|MSTR|RIOT,3319f568a1,5Min,,100000.0,varies,-0.3211147575305826,,0.05905810304732848,,,,,790.0,,,,,,,,,,,2230.49,a625f708f76e,2a4c3d304270,3.14.7,H: Swing only will reduce the amount of unnecessary trades and make the algo more profitable.,,,,,,,,,,,,,,,,,,,,,,,,,,,,,,,,,,,,,,,,sensitivity_volume_surge_mult,default,False,,,True,0.7,,,0.06,False,0.03,0.09,False,close,,0.1,1.5,,10.0,8.0,0.2,100.0,1.0,0.0,2.0,,200.0,SPY,,0.05,0.05,True,0.14,0.05,0.04,20.0,,-0.581318974235378,1.0,,,,,,,,,,,,,,,,,,,,,,,,False,True,,,,,,,,,,,,,,,,,,,,,,,,,,,,,,,,,,,,,,,,,,,,,crypto_proxy,,,,,,,,,,,volume_surge_mult=1.5,1.5,,,
20260825_073630_robustness_robustness-swing-crypto__a625f7,2026-08-25 07:36:30,2026-08-25T12:36:30Z,robustness,robustness-swing-crypto_proxy,,2024-08-19,2026-08-19,,,,False,5,CLSK|COIN|MARA|MSTR|RIOT,3319f568a1,5Min,,100000.0,varies,-0.23497663951761727,,0.08406714266263687,,,,,684.0,,,,,,,,,,,2230.52,a625f708f76e,2a4c3d304270,3.14.7,H: Swing only will reduce the amount of unnecessary trades and make the algo more profitable.,,,,,,,,,,,,,,,,,,,,,,,,,,,,,,,,,,,,,,,,sensitivity_volume_surge_mult,default,False,,,True,0.7,,,0.06,False,0.03,0.09,False,close,,0.1,1.5,,10.0,8.0,0.2,100.0,1.0,0.0,2.0,,200.0,SPY,,0.05,0.05,True,0.14,0.05,0.04,20.0,,-0.5056726498042123,1.0,,,,,,,,,,,,,,,,,,,,,,,,False,True,,,,,,,,,,,,,,,,,,,,,,,,,,,,,,,,,,,,,,,,,,,,,crypto_proxy,,,,,,,,,,,volume_surge_mult=1.8,1.8,,,
20260825_073630_robustness_robustness-swing-crypto__a625f7,2026-08-25 07:36:30,2026-08-25T12:36:30Z,robustness,robustness-swing-crypto_proxy,,2024-08-19,2026-08-19,,,,False,5,CLSK|COIN|MARA|MSTR|RIOT,3319f568a1,5Min,,100000.0,varies,-0.07047133298477926,,0.16017103733692317,,,,,609.0,,,,,,,,,,,2230.54,a625f708f76e,2a4c3d304270,3.14.7,H: Swing only will reduce the amount of unnecessary trades and make the algo more profitable.,,,,,,,,,,,,,,,,,,,,,,,,,,,,,,,,,,,,,,,,sensitivity_volume_surge_mult,default,False,,,True,0.7,,,0.06,False,0.03,0.09,False,close,,0.1,1.5,,10.0,8.0,0.2,100.0,1.0,0.0,2.0,,200.0,SPY,,0.05,0.05,True,0.14,0.05,0.04,20.0,,-0.4456412725030684,1.0,,,,,,,,,,,,,,,,,,,,,,,,False,True,,,,,,,,,,,,,,,,,,,,,,,,,,,,,,,,,,,,,,,,,,,,,crypto_proxy,,,,,,,,,,,volume_surge_mult=2.1,2.1,,,
20260825_073630_robustness_robustness-swing-crypto__a625f7,2026-08-25 07:36:30,2026-08-25T12:36:30Z,robustness,robustness-swing-crypto_proxy,,2024-08-19,2026-08-19,,,,False,5,CLSK|COIN|MARA|MSTR|RIOT,3319f568a1,5Min,,100000.0,varies,-0.164806686259507,,0.07035105036480295,,,,,516.0,,,,,,,,,,,2230.57,a625f708f76e,2a4c3d304270,3.14.7,H: Swing only will reduce the amount of unnecessary trades and make the algo more profitable.,,,,,,,,,,,,,,,,,,,,,,,,,,,,,,,,,,,,,,,,sensitivity_volume_surge_mult,default,False,,,True,0.7,,,0.06,False,0.03,0.09,False,close,,0.1,1.5,,10.0,8.0,0.2,100.0,1.0,0.0,2.0,,200.0,SPY,,0.05,0.05,True,0.14,0.05,0.04,20.0,,-0.43640556465079217,1.0,,,,,,,,,,,,,,,,,,,,,,,,False,True,,,,,,,,,,,,,,,,,,,,,,,,,,,,,,,,,,,,,,,,,,,,,crypto_proxy,,,,,,,,,,,volume_surge_mult=2.5,2.5,,,
20260825_073630_robustness_robustness-swing-crypto__a625f7,2026-08-25 07:36:30,2026-08-25T12:36:30Z,robustness,robustness-swing-crypto_proxy,,2024-08-19 08:00:00+00:00,2026-08-18 23:55:00+00:00,,,,False,5,CLSK|COIN|MARA|MSTR|RIOT,3319f568a1,5Min,,100000.0,REALISTIC,-0.23497663951761727,-0.12547818940593503,0.08406714266263687,0.08803787642362261,-0.2481411431971217,-0.5056726498042123,396.40625,684.0,0.4868421052631579,0.9459750533157056,-34.35330987099724,71721.09495176209,,,,,,,2339.2,a625f708f76e,2a4c3d304270,3.14.7,H: Swing only will reduce the amount of unnecessary trades and make the algo more profitable.,,266.48830409356725,104.85540197626037,-1239.1481278952099,,1235.5655523707403,,,,6467.900352563812,,,,0.0,0.0,300.0,95982.0,0.0,0.0,1.0,58.0,0.0,0.0,0.0,0.0,0.0,0.0,79.0,0.0,0.9999677787179021,0.0,0.0,0.0,742.0,,,76502.33604823827,"{""end_of_backtest"": 1, ""max_hold_swing"": 11, ""stop_loss"": 337, ""take_profit"": 59, ""trailing_stop"": 276}",,news_ablation,default,False,,,True,0.7,,,0.06,False,0.03,0.09,False,close,,0.1,1.5,,10.0,8.0,0.2,100.0,1.0,0.0,2.0,,200.0,SPY,,0.05,0.05,True,0.14,0.05,0.04,20.0,,,1.0,,,,,,,,,,,,,,,,,,,192.0,,,,,False,True,,,,,0.5,14.0,,,,,,,0.6,0.49,20.0,0.015,0.45,0.55,,,72.0,35.0,,,,False,,,,,True,,1.8,,,,,,,,80.0,,,48223.431,crypto_proxy,,,100000.0,684.0,,,,,0.0,71721.09495176209,news_on_buggy,,,,-3010.7774902985484
20260825_073630_robustness_robustness-swing-crypto__a625f7,2026-08-25 07:36:30,2026-08-25T12:36:30Z,robustness,robustness-swing-crypto_proxy,,2024-08-19 08:00:00+00:00,2026-08-18 23:55:00+00:00,,,,False,5,CLSK|COIN|MARA|MSTR|RIOT,3319f568a1,5Min,,100000.0,REALISTIC,-0.23497663951761727,-0.12547818940593503,0.08406714266263687,0.08803787642362261,-0.2481411431971217,-0.5056726498042123,396.40625,684.0,0.4868421052631579,0.9459750533157056,-34.35330987099724,71721.09495176209,,,,,,,2448.55,a625f708f76e,2a4c3d304270,3.14.7,H: Swing only will reduce the amount of unnecessary trades and make the algo more profitable.,,266.48830409356725,104.85540197626037,-1239.1481278952099,,1235.5655523707403,,,,6467.900352563812,,,,0.0,0.0,300.0,95982.0,0.0,0.0,1.0,58.0,0.0,0.0,0.0,0.0,0.0,0.0,79.0,0.0,0.9999677787179021,0.0,0.0,0.0,742.0,,,76502.33604823827,"{""end_of_backtest"": 1, ""max_hold_swing"": 11, ""stop_loss"": 337, ""take_profit"": 59, ""trailing_stop"": 276}",,news_ablation,default,False,,,True,0.7,,,0.06,False,0.03,0.09,False,close,,0.1,1.5,,10.0,8.0,0.2,100.0,1.0,0.0,2.0,,200.0,SPY,,0.05,0.05,True,0.14,0.05,0.04,20.0,,,1.0,,,,,,,,,,,,,,,,,,,192.0,,,,,False,True,,,,,0.5,14.0,,,,,,,0.6,0.49,20.0,0.015,0.45,0.55,,,72.0,35.0,,,,True,,,,,True,,1.8,,,,,,,,80.0,,,48223.431,crypto_proxy,,,100000.0,684.0,,,,,0.0,71721.09495176209,news_on_fixed,,,,-3010.7774902985484
20260825_073630_robustness_robustness-swing-crypto__a625f7,2026-08-25 07:36:30,2026-08-25T12:36:30Z,robustness,robustness-swing-crypto_proxy,,2024-08-19 08:00:00+00:00,2026-08-18 23:55:00+00:00,,,,False,5,CLSK|COIN|MARA|MSTR|RIOT,3319f568a1,5Min,,100000.0,REALISTIC,-0.2099451682675566,-0.11126981388370705,0.09892441512146877,0.10381764390155966,-0.220043172053677,-0.5056726498042123,396.40625,680.0,0.4852941176470588,0.9518164639364964,-30.874289451111668,71684.42872675593,,,,,,,2557.81,a625f708f76e,2a4c3d304270,3.14.7,H: Swing only will reduce the amount of unnecessary trades and make the algo more profitable.,,269.0029411764706,105.41827753934695,-1244.913484798521,,1256.7430389476558,,,,6467.900352563812,,,,0.0,0.0,300.0,95982.0,0.0,0.0,1.0,58.0,0.0,0.0,0.0,0.0,0.0,0.0,79.0,0.0,0.9999677787179021,0.0,0.0,0.0,738.0,,,79005.48317324434,"{""end_of_backtest"": 1, ""max_hold_swing"": 11, ""stop_loss"": 336, ""take_profit"": 59, ""trailing_stop"": 273}",,news_ablation,default,False,,,True,0.7,,,0.06,False,0.03,0.09,False,close,,0.1,1.5,,10.0,8.0,0.2,100.0,1.0,0.0,2.0,,200.0,SPY,,0.05,0.05,True,0.14,0.05,0.04,20.0,,,1.0,,,,,,,,,,,,,,,,,,,193.0,,,,,False,True,,,,,0.5,14.0,,,,,,,0.6,0.49,20.0,0.015,0.45,0.55,,,72.0,35.0,,,,False,,,,,False,,1.8,,,,,,,,80.0,,,50689.9119,crypto_proxy,,,100000.0,680.0,,,,,0.0,71684.42872675593,news_off,,,,-3010.7774902985484
20260825_073630_robustness_robustness-swing-crypto__a625f7,2026-08-25 07:36:30,2026-08-25T12:36:30Z,robustness,robustness-swing-crypto_proxy,,2024-08-19,2026-08-19,,,,False,5,CLSK|COIN|MARA|MSTR|RIOT,3319f568a1,5Min,,100000.0,REALISTIC,,,,,,,,,,,,,,,,,,,2667.36,a625f708f76e,2a4c3d304270,3.14.7,H: Swing only will reduce the amount of unnecessary trades and make the algo more profitable.,,,,,,,,,,,,,,,,,,,,,,,,,,,,,,,,,,,,,,,,monte_carlo,default,False,,,True,0.7,,,0.06,False,0.03,0.09,False,close,,0.1,1.5,,10.0,8.0,0.2,100.0,1.0,0.0,2.0,,200.0,SPY,,0.05,0.05,True,0.14,0.05,0.04,20.0,,,1.0,74150.45327609722,-0.4768060219245165,12501.373268212059,134258.17066928028,-0.9510474158323629,0.249,,,684.0,,,,-0.45037474783895226,-0.6232948228462467,-0.9027248131799055,,76502.33604823789,,,,,,,False,True,,,,,,,,,,,,,,,,,,,,,,,,,,,,,,,,,,,,,,,,,,,,,crypto_proxy,,,,,,,,,,,1000_sims,,,,
20260831_112142_audit_a625f7,2026-08-31 11:21:42,2026-08-31T16:21:42Z,audit,,,2007-01-01,2026-08-19,,,,False,10,GLD|IWM|QQQ|SPY|TLT|VIXY|XLE|XLF|XLK|XLU,8daf0af6ce,1Day,,100000.0,n/a,,,,,,,,,,,,,,,,,,,0.08,a625f708f76e,c9001cd74e58,3.14.7,,,,,,,,,,,,,,,,,,,,,,,,,,,,,,,,,,,,,,,,,,default,False,,,,,,,,,,,,,,,,,,,,,,,,,,,,,,,,,,,,,1.0,,,,,,,,,,,,,,,,,,,,,,,,False,True,,,,,,,,,,,,,,,,,,,,,,,,,,,,,,,,,,,,,,,,,,,,,regime,,,,,10.0,9.0,1.0,26710.0,,,,,,,
20260831_112143_single_regime-baseline_a625f7,2026-08-31 11:21:43,2026-08-31T16:21:43Z,single,regime-baseline,,2016-01-04 05:00:00+00:00,2026-08-18 04:00:00+00:00,,,,False,10,GLD|IWM|QQQ|SPY|TLT|VIXY|XLE|XLF|XLK|XLU,8daf0af6ce,1Day,,100000.0,REALISTIC,-0.18446622140108715,-0.01901761716273731,-0.21690368887271422,-0.10437353798475162,-0.07372059571632777,-0.2579688481617255,3067.0,118.0,0.3220338983050847,0.6187112042382338,-156.32730627210836,16875.9882401088,3.4853886616014034,-0.00393624101569233,-0.023902105272747647,-0.49402311739576227,7.961379038654846e-05,252.0,7.87,a625f708f76e,c9001cd74e58,3.14.7,"H: if there is any real momentum edge it should not be uniformly dead across 2008/2020/2022; if it is dead there too, that is the same non-finding your 5-min sleeves already show, just twenty years of it for under a minute of compute.",,2.152542372881356,143.01684949244745,-604.745744733162,,787.7115115406363,,-0.33793819113402723,0.46629602361919187,14215.298430428596,,-0.09547415150794834,,114.0,0.0,86400.0,2671.0,0.0,0.0,0.0,0.0,0.0,0.0,0.0,0.0,0.0,0.0,0.0,0.0,0.7877933333414676,0.0,0.0,0.0,118.0,,,81553.37785989129,"{""max_hold_day"": 95, ""max_hold_swing"": 4, ""stop_loss"": 15, ""take_profit"": 2, ""trailing_stop"": 2}",,,default,False,,,True,0.7,,,0.06,False,0.03,0.09,False,close,,0.1,1.5,,10.0,8.0,0.2,100.0,1.0,0.0,2.0,,200.0,SPY,,0.05,0.05,False,0.14,0.05,0.04,20.0,,,1.0,,,,,,,,,,,,,,,,,,,2.0,,,,,False,True,,,,,0.5,14.0,,,,,,,0.6,0.49,20.0,0.015,0.45,0.55,,,72.0,35.0,,,,False,,,,,True,,1.8,,,,,,,,80.0,,,-1570.6338999999837,regime,,,100000.0,4.0,,,,,0.0,16875.9882401088,,,,,-3047.502867971394
20260831_112333_single_regime-baseline-swing_a625f7,2026-08-31 11:23:33,2026-08-31T16:23:33Z,single,regime-baseline-swing,,2016-01-04 05:00:00+00:00,2026-08-18 04:00:00+00:00,,,,False,10,GLD|IWM|QQQ|SPY|TLT|VIXY|XLE|XLF|XLK|XLU,8daf0af6ce,1Day,,100000.0,REALISTIC,-0.09415155078797222,-0.009267820125664294,-0.08784861421937631,-0.06068963223596552,-0.045959420287760594,-0.20165224164353523,2261.0,113.0,0.3805309734513274,0.8375989260964729,-83.31995644953338,17284.29997879729,3.4853886616014034,-0.0011885004756216591,-0.024074907982463024,-0.4626226380180519,0.0004760541944177024,253.0,7.17,a625f708f76e,c9001cd74e58,3.14.7,"H: same regime-robustness question as regime-baseline, but with day-trade classification disabled so the 8h max-hold-day timeout stops force-closing every trade on a 1-day bar.",,6.699115044247788,152.95840689201142,-828.2101354285962,,1129.2919628187085,,-0.33793819113402723,0.46629602361919187,14215.298430428596,,-0.08719028074255396,,0.0,0.0,86400.0,2671.0,0.0,0.0,0.0,0.0,0.0,0.0,0.0,0.0,0.0,0.0,0.0,0.0,0.7965855027775137,0.0,0.0,0.0,113.0,,,90584.84492120278,"{""max_hold_swing"": 81, ""stop_loss"": 22, ""take_profit"": 5, ""trailing_stop"": 5}",,,default,False,,,True,0.7,,,0.06,False,0.03,0.09,False,close,,0.1,1.5,,10.0,8.0,0.2,100.0,1.0,0.0,2.0,,200.0,SPY,,0.05,0.05,True,0.14,0.05,0.04,20.0,,,1.0,,,,,,,,,,,,,,,,,,,8.0,,,,,False,True,,,,,0.5,14.0,,,,,,,0.6,0.49,20.0,0.015,0.45,0.55,,,72.0,35.0,,,,False,,,,,True,,1.8,,,,,,,,80.0,,,7869.1449000000175,regime,,,100000.0,113.0,,,,,0.0,17284.29997879729,,,,,-3278.2245337650866
20260831_113108_robustness_regime-swing-robustness_a625f7,2026-08-31 11:31:08,2026-08-31T16:31:08Z,robustness,regime-swing-robustness,,2007-01-01,2026-08-19,,,,False,10,GLD|IWM|QQQ|SPY|TLT|VIXY|XLE|XLF|XLK|XLU,8daf0af6ce,1Day,,100000.0,zero,0.08059503600000095,,0.08866769504914962,,,,,113.0,,,,0.0,,,,,,,24.5,a625f708f76e,c9001cd74e58,3.14.7,"H: swing-only fixed the day-timeout artifact and gross PnL turned positive. Check whether zero-cost Sharpe is credibly positive (real signal, cost-model too punitive at 1Day) or still noise (no edge, the sign flip was just fewer/bigger trades) — and whether ATR-slippage is scaling sanely for daily bars given the known impact-model miscalibration at 5Min.",,,,,,,,,,,,,zero,,,,,,,,,,,,,,,,,,,,,,,,,,,cost_sensitivity,default,False,,,True,0.7,,,0.06,False,0.03,0.09,False,close,,0.1,1.5,,10.0,8.0,0.2,100.0,1.0,0.0,2.0,,200.0,SPY,,0.05,0.05,True,0.14,0.05,0.04,20.0,,-0.11727859237536609,1.0,,,,,,,,,,,,,,,,,,,,,,,,False,True,,,,,,,,,,,,,,,,,,,,,,,,,,,,,,,,,,,,,,,,,,,,,regime,,,,,,,,,,,zero,,,,
20260831_113108_robustness_regime-swing-robustness_a625f7,2026-08-31 11:31:08,2026-08-31T16:31:08Z,robustness,regime-swing-robustness,,2007-01-01,2026-08-19,,,,False,10,GLD|IWM|QQQ|SPY|TLT|VIXY|XLE|XLF|XLK|XLU,8daf0af6ce,1Day,,100000.0,large_cap_rth,-0.002075953863111213,,0.010724268961604569,,,,,113.0,,,,8952.019586311131,,,,,,,24.53,a625f708f76e,c9001cd74e58,3.14.7,"H: swing-only fixed the day-timeout artifact and gross PnL turned positive. Check whether zero-cost Sharpe is credibly positive (real signal, cost-model too punitive at 1Day) or still noise (no edge, the sign flip was just fewer/bigger trades) — and whether ATR-slippage is scaling sanely for daily bars given the known impact-model miscalibration at 5Min.",,,,,,,,,,,,,large_cap_rth,,,,,,,,,,,,,,,,,,,,,,,,,,,cost_sensitivity,default,False,,,True,0.7,,,0.06,False,0.03,0.09,False,close,,0.1,1.5,,10.0,8.0,0.2,100.0,1.0,0.0,2.0,,200.0,SPY,,0.05,0.05,True,0.14,0.05,0.04,20.0,,-0.15719143664020652,1.0,,,,,,,,,,,,,,,,,,,,,,,,False,True,,,,,,,,,,,,,,,,,,,,,,,,,,,,,,,,,,,,,,,,,,,,,regime,,,,,,,,,,,large_cap_rth,,,,
20260831_113108_robustness_regime-swing-robustness_a625f7,2026-08-31 11:31:08,2026-08-31T16:31:08Z,robustness,regime-swing-robustness,,2007-01-01,2026-08-19,,,,False,10,GLD|IWM|QQQ|SPY|TLT|VIXY|XLE|XLF|XLK|XLU,8daf0af6ce,1Day,,100000.0,realistic,-0.09415155078797222,,-0.08784861421937631,,,,,113.0,,,,17284.29997879729,,,,,,,24.56,a625f708f76e,c9001cd74e58,3.14.7,"H: swing-only fixed the day-timeout artifact and gross PnL turned positive. Check whether zero-cost Sharpe is credibly positive (real signal, cost-model too punitive at 1Day) or still noise (no edge, the sign flip was just fewer/bigger trades) — and whether ATR-slippage is scaling sanely for daily bars given the known impact-model miscalibration at 5Min.",,,,,,,,,,,,,realistic,,,,,,,,,,,,,,,,,,,,,,,,,,,cost_sensitivity,default,False,,,True,0.7,,,0.06,False,0.03,0.09,False,close,,0.1,1.5,,10.0,8.0,0.2,100.0,1.0,0.0,2.0,,200.0,SPY,,0.05,0.05,True,0.14,0.05,0.04,20.0,,-0.20165224164353523,1.0,,,,,,,,,,,,,,,,,,,,,,,,False,True,,,,,,,,,,,,,,,,,,,,,,,,,,,,,,,,,,,,,,,,,,,,,regime,,,,,,,,,,,realistic,,,,
20260831_113108_robustness_regime-swing-robustness_a625f7,2026-08-31 11:31:08,2026-08-31T16:31:08Z,robustness,regime-swing-robustness,,2007-01-01,2026-08-19,,,,False,10,GLD|IWM|QQQ|SPY|TLT|VIXY|XLE|XLF|XLK|XLU,8daf0af6ce,1Day,,100000.0,pessimistic,-0.29474793650840725,,-0.3395972707817583,,,,,113.0,,,,38103.08505084074,,,,,,,24.59,a625f708f76e,c9001cd74e58,3.14.7,"H: swing-only fixed the day-timeout artifact and gross PnL turned positive. Check whether zero-cost Sharpe is credibly positive (real signal, cost-model too punitive at 1Day) or still noise (no edge, the sign flip was just fewer/bigger trades) — and whether ATR-slippage is scaling sanely for daily bars given the known impact-model miscalibration at 5Min.",,,,,,,,,,,,,pessimistic,,,,,,,,,,,,,,,,,,,,,,,,,,,cost_sensitivity,default,False,,,True,0.7,,,0.06,False,0.03,0.09,False,close,,0.1,1.5,,10.0,8.0,0.2,100.0,1.0,0.0,2.0,,200.0,SPY,,0.05,0.05,True,0.14,0.05,0.04,20.0,,-0.3509626974650438,1.0,,,,,,,,,,,,,,,,,,,,,,,,False,True,,,,,,,,,,,,,,,,,,,,,,,,,,,,,,,,,,,,,,,,,,,,,regime,,,,,,,,,,,pessimistic,,,,
20260831_113108_robustness_regime-swing-robustness_a625f7,2026-08-31 11:31:08,2026-08-31T16:31:08Z,robustness,regime-swing-robustness,,2007-01-01,2026-08-19,,,,False,10,GLD|IWM|QQQ|SPY|TLT|VIXY|XLE|XLF|XLK|XLU,8daf0af6ce,1Day,,100000.0,varies,-0.5558605527329826,,-0.34494182633981524,,,,,1109.0,,,,,,,,,,,59.75,a625f708f76e,c9001cd74e58,3.14.7,"H: swing-only fixed the day-timeout artifact and gross PnL turned positive. Check whether zero-cost Sharpe is credibly positive (real signal, cost-model too punitive at 1Day) or still noise (no edge, the sign flip was just fewer/bigger trades) — and whether ATR-slippage is scaling sanely for daily bars given the known impact-model miscalibration at 5Min.",,,,,,,,,,,,,,,,,,,,,,,,,,,,,,,,,,,,,,,,sensitivity_min_confidence,default,False,,,True,0.7,,,0.06,False,0.03,0.09,False,close,,0.1,1.5,,10.0,8.0,0.2,100.0,1.0,0.0,2.0,,200.0,SPY,,0.05,0.05,True,0.14,0.05,0.04,20.0,,-0.6183629603693914,1.0,,,,,,,,,,,,,,,,,,,,0.4,,,,False,True,,,,,,,,,,,,,,,,,,,,,,,,,,,,,,,,,,,,,,,,,,,,,regime,,,,,,,,,,,min_confidence=0.4,,,,
20260831_113108_robustness_regime-swing-robustness_a625f7,2026-08-31 11:31:08,2026-08-31T16:31:08Z,robustness,regime-swing-robustness,,2007-01-01,2026-08-19,,,,False,10,GLD|IWM|QQQ|SPY|TLT|VIXY|XLE|XLF|XLK|XLU,8daf0af6ce,1Day,,100000.0,varies,-0.5558605527329826,,-0.34494182633981524,,,,,1109.0,,,,,,,,,,,59.78,a625f708f76e,c9001cd74e58,3.14.7,"H: swing-only fixed the day-timeout artifact and gross PnL turned positive. Check whether zero-cost Sharpe is credibly positive (real signal, cost-model too punitive at 1Day) or still noise (no edge, the sign flip was just fewer/bigger trades) — and whether ATR-slippage is scaling sanely for daily bars given the known impact-model miscalibration at 5Min.",,,,,,,,,,,,,,,,,,,,,,,,,,,,,,,,,,,,,,,,sensitivity_min_confidence,default,False,,,True,0.7,,,0.06,False,0.03,0.09,False,close,,0.1,1.5,,10.0,8.0,0.2,100.0,1.0,0.0,2.0,,200.0,SPY,,0.05,0.05,True,0.14,0.05,0.04,20.0,,-0.6183629603693914,1.0,,,,,,,,,,,,,,,,,,,,0.45,,,,False,True,,,,,,,,,,,,,,,,,,,,,,,,,,,,,,,,,,,,,,,,,,,,,regime,,,,,,,,,,,min_confidence=0.45,,,,
20260831_113108_robustness_regime-swing-robustness_a625f7,2026-08-31 11:31:08,2026-08-31T16:31:08Z,robustness,regime-swing-robustness,,2007-01-01,2026-08-19,,,,False,10,GLD|IWM|QQQ|SPY|TLT|VIXY|XLE|XLF|XLK|XLU,8daf0af6ce,1Day,,100000.0,varies,-0.09415155078797222,,-0.08784861421937631,,,,,113.0,,,,,,,,,,,59.81,a625f708f76e,c9001cd74e58,3.14.7,"H: swing-only fixed the day-timeout artifact and gross PnL turned positive. Check whether zero-cost Sharpe is credibly positive (real signal, cost-model too punitive at 1Day) or still noise (no edge, the sign flip was just fewer/bigger trades) — and whether ATR-slippage is scaling sanely for daily bars given the known impact-model miscalibration at 5Min.",,,,,,,,,,,,,,,,,,,,,,,,,,,,,,,,,,,,,,,,sensitivity_min_confidence,default,False,,,True,0.7,,,0.06,False,0.03,0.09,False,close,,0.1,1.5,,10.0,8.0,0.2,100.0,1.0,0.0,2.0,,200.0,SPY,,0.05,0.05,True,0.14,0.05,0.04,20.0,,-0.20165224164353523,1.0,,,,,,,,,,,,,,,,,,,,0.49,,,,False,True,,,,,,,,,,,,,,,,,,,,,,,,,,,,,,,,,,,,,,,,,,,,,regime,,,,,,,,,,,min_confidence=0.49,,,,
20260831_113108_robustness_regime-swing-robustness_a625f7,2026-08-31 11:31:08,2026-08-31T16:31:08Z,robustness,regime-swing-robustness,,2007-01-01,2026-08-19,,,,False,10,GLD|IWM|QQQ|SPY|TLT|VIXY|XLE|XLF|XLK|XLU,8daf0af6ce,1Day,,100000.0,varies,0.0,,0.0,,,,,0.0,,,,,,,,,,,59.84,a625f708f76e,c9001cd74e58,3.14.7,"H: swing-only fixed the day-timeout artifact and gross PnL turned positive. Check whether zero-cost Sharpe is credibly positive (real signal, cost-model too punitive at 1Day) or still noise (no edge, the sign flip was just fewer/bigger trades) — and whether ATR-slippage is scaling sanely for daily bars given the known impact-model miscalibration at 5Min.",,,,,,,,,,,,,,,,,,,,,,,,,,,,,,,,,,,,,,,,sensitivity_min_confidence,default,False,,,True,0.7,,,0.06,False,0.03,0.09,False,close,,0.1,1.5,,10.0,8.0,0.2,100.0,1.0,0.0,2.0,,200.0,SPY,,0.05,0.05,True,0.14,0.05,0.04,20.0,,0.0,1.0,,,,,,,,,,,,,,,,,,,,0.55,,,,False,True,,,,,,,,,,,,,,,,,,,,,,,,,,,,,,,,,,,,,,,,,,,,,regime,,,,,,,,,,,min_confidence=0.55,,,,
20260831_113108_robustness_regime-swing-robustness_a625f7,2026-08-31 11:31:08,2026-08-31T16:31:08Z,robustness,regime-swing-robustness,,2007-01-01,2026-08-19,,,,False,10,GLD|IWM|QQQ|SPY|TLT|VIXY|XLE|XLF|XLK|XLU,8daf0af6ce,1Day,,100000.0,varies,0.0,,0.0,,,,,0.0,,,,,,,,,,,59.87,a625f708f76e,c9001cd74e58,3.14.7,"H: swing-only fixed the day-timeout artifact and gross PnL turned positive. Check whether zero-cost Sharpe is credibly positive (real signal, cost-model too punitive at 1Day) or still noise (no edge, the sign flip was just fewer/bigger trades) — and whether ATR-slippage is scaling sanely for daily bars given the known impact-model miscalibration at 5Min.",,,,,,,,,,,,,,,,,,,,,,,,,,,,,,,,,,,,,,,,sensitivity_min_confidence,default,False,,,True,0.7,,,0.06,False,0.03,0.09,False,close,,0.1,1.5,,10.0,8.0,0.2,100.0,1.0,0.0,2.0,,200.0,SPY,,0.05,0.05,True,0.14,0.05,0.04,20.0,,0.0,1.0,,,,,,,,,,,,,,,,,,,,0.6,,,,False,True,,,,,,,,,,,,,,,,,,,,,,,,,,,,,,,,,,,,,,,,,,,,,regime,,,,,,,,,,,min_confidence=0.6,,,,
20260831_113108_robustness_regime-swing-robustness_a625f7,2026-08-31 11:31:08,2026-08-31T16:31:08Z,robustness,regime-swing-robustness,,2007-01-01,2026-08-19,,,,False,10,GLD|IWM|QQQ|SPY|TLT|VIXY|XLE|XLF|XLK|XLU,8daf0af6ce,1Day,,100000.0,varies,0.0,,0.0,,,,,0.0,,,,,,,,,,,59.9,a625f708f76e,c9001cd74e58,3.14.7,"H: swing-only fixed the day-timeout artifact and gross PnL turned positive. Check whether zero-cost Sharpe is credibly positive (real signal, cost-model too punitive at 1Day) or still noise (no edge, the sign flip was just fewer/bigger trades) — and whether ATR-slippage is scaling sanely for daily bars given the known impact-model miscalibration at 5Min.",,,,,,,,,,,,,,,,,,,,,,,,,,,,,,,,,,,,,,,,sensitivity_min_confidence,default,False,,,True,0.7,,,0.06,False,0.03,0.09,False,close,,0.1,1.5,,10.0,8.0,0.2,100.0,1.0,0.0,2.0,,200.0,SPY,,0.05,0.05,True,0.14,0.05,0.04,20.0,,0.0,1.0,,,,,,,,,,,,,,,,,,,,0.65,,,,False,True,,,,,,,,,,,,,,,,,,,,,,,,,,,,,,,,,,,,,,,,,,,,,regime,,,,,,,,,,,min_confidence=0.65,,,,
20260831_113108_robustness_regime-swing-robustness_a625f7,2026-08-31 11:31:08,2026-08-31T16:31:08Z,robustness,regime-swing-robustness,,2007-01-01,2026-08-19,,,,False,10,GLD|IWM|QQQ|SPY|TLT|VIXY|XLE|XLF|XLK|XLU,8daf0af6ce,1Day,,100000.0,varies,-0.09415155078797222,,-0.08784861421937631,,,,,113.0,,,,,,,,,,,90.58,a625f708f76e,c9001cd74e58,3.14.7,"H: swing-only fixed the day-timeout artifact and gross PnL turned positive. Check whether zero-cost Sharpe is credibly positive (real signal, cost-model too punitive at 1Day) or still noise (no edge, the sign flip was just fewer/bigger trades) — and whether ATR-slippage is scaling sanely for daily bars given the known impact-model miscalibration at 5Min.",,,,,,,,,,,,,,,,,,,,,,,,,,,,,,,,,,,,,,,,sensitivity_rsi_oversold,default,False,,,True,0.7,,,0.06,False,0.03,0.09,False,close,,0.1,1.5,,10.0,8.0,0.2,100.0,1.0,0.0,2.0,,200.0,SPY,,0.05,0.05,True,0.14,0.05,0.04,20.0,,-0.20165224164353523,1.0,,,,,,,,,,,,,,,,,,,,,,,,False,True,,,,,,,,,,,,,,,,,,,,,,,,,,,,,,,,,,,,,,,,,,,,,regime,,25.0,,,,,,,,,rsi_oversold=25.0,,,,
20260831_113108_robustness_regime-swing-robustness_a625f7,2026-08-31 11:31:08,2026-08-31T16:31:08Z,robustness,regime-swing-robustness,,2007-01-01,2026-08-19,,,,False,10,GLD|IWM|QQQ|SPY|TLT|VIXY|XLE|XLF|XLK|XLU,8daf0af6ce,1Day,,100000.0,varies,-0.09415155078797222,,-0.08784861421937631,,,,,113.0,,,,,,,,,,,90.61,a625f708f76e,c9001cd74e58,3.14.7,"H: swing-only fixed the day-timeout artifact and gross PnL turned positive. Check whether zero-cost Sharpe is credibly positive (real signal, cost-model too punitive at 1Day) or still noise (no edge, the sign flip was just fewer/bigger trades) — and whether ATR-slippage is scaling sanely for daily bars given the known impact-model miscalibration at 5Min.",,,,,,,,,,,,,,,,,,,,,,,,,,,,,,,,,,,,,,,,sensitivity_rsi_oversold,default,False,,,True,0.7,,,0.06,False,0.03,0.09,False,close,,0.1,1.5,,10.0,8.0,0.2,100.0,1.0,0.0,2.0,,200.0,SPY,,0.05,0.05,True,0.14,0.05,0.04,20.0,,-0.20165224164353523,1.0,,,,,,,,,,,,,,,,,,,,,,,,False,True,,,,,,,,,,,,,,,,,,,,,,,,,,,,,,,,,,,,,,,,,,,,,regime,,30.0,,,,,,,,,rsi_oversold=30.0,,,,
20260831_113108_robustness_regime-swing-robustness_a625f7,2026-08-31 11:31:08,2026-08-31T16:31:08Z,robustness,regime-swing-robustness,,2007-01-01,2026-08-19,,,,False,10,GLD|IWM|QQQ|SPY|TLT|VIXY|XLE|XLF|XLK|XLU,8daf0af6ce,1Day,,100000.0,varies,-0.09415155078797222,,-0.08784861421937631,,,,,113.0,,,,,,,,,,,90.64,a625f708f76e,c9001cd74e58,3.14.7,"H: swing-only fixed the day-timeout artifact and gross PnL turned positive. Check whether zero-cost Sharpe is credibly positive (real signal, cost-model too punitive at 1Day) or still noise (no edge, the sign flip was just fewer/bigger trades) — and whether ATR-slippage is scaling sanely for daily bars given the known impact-model miscalibration at 5Min.",,,,,,,,,,,,,,,,,,,,,,,,,,,,,,,,,,,,,,,,sensitivity_rsi_oversold,default,False,,,True,0.7,,,0.06,False,0.03,0.09,False,close,,0.1,1.5,,10.0,8.0,0.2,100.0,1.0,0.0,2.0,,200.0,SPY,,0.05,0.05,True,0.14,0.05,0.04,20.0,,-0.20165224164353523,1.0,,,,,,,,,,,,,,,,,,,,,,,,False,True,,,,,,,,,,,,,,,,,,,,,,,,,,,,,,,,,,,,,,,,,,,,,regime,,35.0,,,,,,,,,rsi_oversold=35.0,,,,
20260831_113108_robustness_regime-swing-robustness_a625f7,2026-08-31 11:31:08,2026-08-31T16:31:08Z,robustness,regime-swing-robustness,,2007-01-01,2026-08-19,,,,False,10,GLD|IWM|QQQ|SPY|TLT|VIXY|XLE|XLF|XLK|XLU,8daf0af6ce,1Day,,100000.0,varies,-0.12523096485097096,,-0.12041775128834938,,,,,119.0,,,,,,,,,,,90.67,a625f708f76e,c9001cd74e58,3.14.7,"H: swing-only fixed the day-timeout artifact and gross PnL turned positive. Check whether zero-cost Sharpe is credibly positive (real signal, cost-model too punitive at 1Day) or still noise (no edge, the sign flip was just fewer/bigger trades) — and whether ATR-slippage is scaling sanely for daily bars given the known impact-model miscalibration at 5Min.",,,,,,,,,,,,,,,,,,,,,,,,,,,,,,,,,,,,,,,,sensitivity_rsi_oversold,default,False,,,True,0.7,,,0.06,False,0.03,0.09,False,close,,0.1,1.5,,10.0,8.0,0.2,100.0,1.0,0.0,2.0,,200.0,SPY,,0.05,0.05,True,0.14,0.05,0.04,20.0,,-0.23055884770145718,1.0,,,,,,,,,,,,,,,,,,,,,,,,False,True,,,,,,,,,,,,,,,,,,,,,,,,,,,,,,,,,,,,,,,,,,,,,regime,,40.0,,,,,,,,,rsi_oversold=40.0,,,,
20260831_113108_robustness_regime-swing-robustness_a625f7,2026-08-31 11:31:08,2026-08-31T16:31:08Z,robustness,regime-swing-robustness,,2007-01-01,2026-08-19,,,,False,10,GLD|IWM|QQQ|SPY|TLT|VIXY|XLE|XLF|XLK|XLU,8daf0af6ce,1Day,,100000.0,varies,-0.14943949352145547,,-0.1425255154214414,,,,,134.0,,,,,,,,,,,90.7,a625f708f76e,c9001cd74e58,3.14.7,"H: swing-only fixed the day-timeout artifact and gross PnL turned positive. Check whether zero-cost Sharpe is credibly positive (real signal, cost-model too punitive at 1Day) or still noise (no edge, the sign flip was just fewer/bigger trades) — and whether ATR-slippage is scaling sanely for daily bars given the known impact-model miscalibration at 5Min.",,,,,,,,,,,,,,,,,,,,,,,,,,,,,,,,,,,,,,,,sensitivity_rsi_oversold,default,False,,,True,0.7,,,0.06,False,0.03,0.09,False,close,,0.1,1.5,,10.0,8.0,0.2,100.0,1.0,0.0,2.0,,200.0,SPY,,0.05,0.05,True,0.14,0.05,0.04,20.0,,-0.25780579286346283,1.0,,,,,,,,,,,,,,,,,,,,,,,,False,True,,,,,,,,,,,,,,,,,,,,,,,,,,,,,,,,,,,,,,,,,,,,,regime,,45.0,,,,,,,,,rsi_oversold=45.0,,,,
20260831_113108_robustness_regime-swing-robustness_a625f7,2026-08-31 11:31:08,2026-08-31T16:31:08Z,robustness,regime-swing-robustness,,2007-01-01,2026-08-19,,,,False,10,GLD|IWM|QQQ|SPY|TLT|VIXY|XLE|XLF|XLK|XLU,8daf0af6ce,1Day,,100000.0,varies,-0.2335071182398013,,-0.16199389513495338,,,,,508.0,,,,,,,,,,,121.01,a625f708f76e,c9001cd74e58,3.14.7,"H: swing-only fixed the day-timeout artifact and gross PnL turned positive. Check whether zero-cost Sharpe is credibly positive (real signal, cost-model too punitive at 1Day) or still noise (no edge, the sign flip was just fewer/bigger trades) — and whether ATR-slippage is scaling sanely for daily bars given the known impact-model miscalibration at 5Min.",,,,,,,,,,,,,,,,,,,,,,,,,,,,,,,,,,,,,,,,sensitivity_volume_surge_mult,default,False,,,True,0.7,,,0.06,False,0.03,0.09,False,close,,0.1,1.5,,10.0,8.0,0.2,100.0,1.0,0.0,2.0,,200.0,SPY,,0.05,0.05,True,0.14,0.05,0.04,20.0,,-0.31158714292318634,1.0,,,,,,,,,,,,,,,,,,,,,,,,False,True,,,,,,,,,,,,,,,,,,,,,,,,,,,,,,,,,,,,,,,,,,,,,regime,,,,,,,,,,,volume_surge_mult=1.2,1.2,,,
20260831_113108_robustness_regime-swing-robustness_a625f7,2026-08-31 11:31:08,2026-08-31T16:31:08Z,robustness,regime-swing-robustness,,2007-01-01,2026-08-19,,,,False,10,GLD|IWM|QQQ|SPY|TLT|VIXY|XLE|XLF|XLK|XLU,8daf0af6ce,1Day,,100000.0,varies,-0.2828062777590712,,-0.272797204500294,,,,,250.0,,,,,,,,,,,121.04,a625f708f76e,c9001cd74e58,3.14.7,"H: swing-only fixed the day-timeout artifact and gross PnL turned positive. Check whether zero-cost Sharpe is credibly positive (real signal, cost-model too punitive at 1Day) or still noise (no edge, the sign flip was just fewer/bigger trades) — and whether ATR-slippage is scaling sanely for daily bars given the known impact-model miscalibration at 5Min.",,,,,,,,,,,,,,,,,,,,,,,,,,,,,,,,,,,,,,,,sensitivity_volume_surge_mult,default,False,,,True,0.7,,,0.06,False,0.03,0.09,False,close,,0.1,1.5,,10.0,8.0,0.2,100.0,1.0,0.0,2.0,,200.0,SPY,,0.05,0.05,True,0.14,0.05,0.04,20.0,,-0.354937318717105,1.0,,,,,,,,,,,,,,,,,,,,,,,,False,True,,,,,,,,,,,,,,,,,,,,,,,,,,,,,,,,,,,,,,,,,,,,,regime,,,,,,,,,,,volume_surge_mult=1.5,1.5,,,
20260831_113108_robustness_regime-swing-robustness_a625f7,2026-08-31 11:31:08,2026-08-31T16:31:08Z,robustness,regime-swing-robustness,,2007-01-01,2026-08-19,,,,False,10,GLD|IWM|QQQ|SPY|TLT|VIXY|XLE|XLF|XLK|XLU,8daf0af6ce,1Day,,100000.0,varies,-0.09415155078797222,,-0.08784861421937631,,,,,113.0,,,,,,,,,,,121.07,a625f708f76e,c9001cd74e58,3.14.7,"H: swing-only fixed the day-timeout artifact and gross PnL turned positive. Check whether zero-cost Sharpe is credibly positive (real signal, cost-model too punitive at 1Day) or still noise (no edge, the sign flip was just fewer/bigger trades) — and whether ATR-slippage is scaling sanely for daily bars given the known impact-model miscalibration at 5Min.",,,,,,,,,,,,,,,,,,,,,,,,,,,,,,,,,,,,,,,,sensitivity_volume_surge_mult,default,False,,,True,0.7,,,0.06,False,0.03,0.09,False,close,,0.1,1.5,,10.0,8.0,0.2,100.0,1.0,0.0,2.0,,200.0,SPY,,0.05,0.05,True,0.14,0.05,0.04,20.0,,-0.20165224164353523,1.0,,,,,,,,,,,,,,,,,,,,,,,,False,True,,,,,,,,,,,,,,,,,,,,,,,,,,,,,,,,,,,,,,,,,,,,,regime,,,,,,,,,,,volume_surge_mult=1.8,1.8,,,
20260831_113108_robustness_regime-swing-robustness_a625f7,2026-08-31 11:31:08,2026-08-31T16:31:08Z,robustness,regime-swing-robustness,,2007-01-01,2026-08-19,,,,False,10,GLD|IWM|QQQ|SPY|TLT|VIXY|XLE|XLF|XLK|XLU,8daf0af6ce,1Day,,100000.0,varies,-0.003227225342390838,,0.004126412107744756,,,,,48.0,,,,,,,,,,,121.1,a625f708f76e,c9001cd74e58,3.14.7,"H: swing-only fixed the day-timeout artifact and gross PnL turned positive. Check whether zero-cost Sharpe is credibly positive (real signal, cost-model too punitive at 1Day) or still noise (no edge, the sign flip was just fewer/bigger trades) — and whether ATR-slippage is scaling sanely for daily bars given the known impact-model miscalibration at 5Min.",,,,,,,,,,,,,,,,,,,,,,,,,,,,,,,,,,,,,,,,sensitivity_volume_surge_mult,default,False,,,True,0.7,,,0.06,False,0.03,0.09,False,close,,0.1,1.5,,10.0,8.0,0.2,100.0,1.0,0.0,2.0,,200.0,SPY,,0.05,0.05,True,0.14,0.05,0.04,20.0,,-0.09010214100652836,1.0,,,,,,,,,,,,,,,,,,,,,,,,False,True,,,,,,,,,,,,,,,,,,,,,,,,,,,,,,,,,,,,,,,,,,,,,regime,,,,,,,,,,,volume_surge_mult=2.1,2.1,,,
20260831_113108_robustness_regime-swing-robustness_a625f7,2026-08-31 11:31:08,2026-08-31T16:31:08Z,robustness,regime-swing-robustness,,2007-01-01,2026-08-19,,,,False,10,GLD|IWM|QQQ|SPY|TLT|VIXY|XLE|XLF|XLK|XLU,8daf0af6ce,1Day,,100000.0,varies,-0.004923812804417782,,-0.002573651195907248,,,,,25.0,,,,,,,,,,,121.13,a625f708f76e,c9001cd74e58,3.14.7,"H: swing-only fixed the day-timeout artifact and gross PnL turned positive. Check whether zero-cost Sharpe is credibly positive (real signal, cost-model too punitive at 1Day) or still noise (no edge, the sign flip was just fewer/bigger trades) — and whether ATR-slippage is scaling sanely for daily bars given the known impact-model miscalibration at 5Min.",,,,,,,,,,,,,,,,,,,,,,,,,,,,,,,,,,,,,,,,sensitivity_volume_surge_mult,default,False,,,True,0.7,,,0.06,False,0.03,0.09,False,close,,0.1,1.5,,10.0,8.0,0.2,100.0,1.0,0.0,2.0,,200.0,SPY,,0.05,0.05,True,0.14,0.05,0.04,20.0,,-0.08313078690315112,1.0,,,,,,,,,,,,,,,,,,,,,,,,False,True,,,,,,,,,,,,,,,,,,,,,,,,,,,,,,,,,,,,,,,,,,,,,regime,,,,,,,,,,,volume_surge_mult=2.5,2.5,,,
20260831_113108_robustness_regime-swing-robustness_a625f7,2026-08-31 11:31:08,2026-08-31T16:31:08Z,robustness,regime-swing-robustness,,2016-01-04 05:00:00+00:00,2026-08-18 04:00:00+00:00,,,,False,10,GLD|IWM|QQQ|SPY|TLT|VIXY|XLE|XLF|XLK|XLU,8daf0af6ce,1Day,,100000.0,REALISTIC,-0.09415155078797222,-0.009267820125664294,-0.08784861421937631,-0.06068963223596552,-0.045959420287760594,-0.20165224164353523,2261.0,113.0,0.3805309734513274,0.8375989260964729,-83.31995644953338,17284.29997879729,,,,,,,127.22,a625f708f76e,c9001cd74e58,3.14.7,"H: swing-only fixed the day-timeout artifact and gross PnL turned positive. Check whether zero-cost Sharpe is credibly positive (real signal, cost-model too punitive at 1Day) or still noise (no edge, the sign flip was just fewer/bigger trades) — and whether ATR-slippage is scaling sanely for daily bars given the known impact-model miscalibration at 5Min.",,6.699115044247788,152.95840689201142,-828.2101354285962,,1129.2919628187085,,,,14215.298430428596,,,,0.0,0.0,86400.0,2671.0,0.0,0.0,0.0,0.0,0.0,0.0,0.0,0.0,0.0,0.0,0.0,0.0,0.7965855027775137,0.0,0.0,0.0,113.0,,,90584.84492120278,"{""max_hold_swing"": 81, ""stop_loss"": 22, ""take_profit"": 5, ""trailing_stop"": 5}",,news_ablation,default,False,,,True,0.7,,,0.06,False,0.03,0.09,False,close,,0.1,1.5,,10.0,8.0,0.2,100.0,1.0,0.0,2.0,,200.0,SPY,,0.05,0.05,True,0.14,0.05,0.04,20.0,,,1.0,,,,,,,,,,,,,,,,,,,8.0,,,,,False,True,,,,,0.5,14.0,,,,,,,0.6,0.49,20.0,0.015,0.45,0.55,,,72.0,35.0,,,,False,,,,,True,,1.8,,,,,,,,80.0,,,7869.1449000000175,regime,,,100000.0,113.0,,,,,0.0,17284.29997879729,news_on_buggy,,,,-3278.2245337650866
20260831_113108_robustness_regime-swing-robustness_a625f7,2026-08-31 11:31:08,2026-08-31T16:31:08Z,robustness,regime-swing-robustness,,2016-01-04 05:00:00+00:00,2026-08-18 04:00:00+00:00,,,,False,10,GLD|IWM|QQQ|SPY|TLT|VIXY|XLE|XLF|XLK|XLU,8daf0af6ce,1Day,,100000.0,REALISTIC,-0.09415155078797222,-0.009267820125664294,-0.08784861421937631,-0.06068963223596552,-0.045959420287760594,-0.20165224164353523,2261.0,113.0,0.3805309734513274,0.8375989260964729,-83.31995644953338,17284.29997879729,,,,,,,133.31,a625f708f76e,c9001cd74e58,3.14.7,"H: swing-only fixed the day-timeout artifact and gross PnL turned positive. Check whether zero-cost Sharpe is credibly positive (real signal, cost-model too punitive at 1Day) or still noise (no edge, the sign flip was just fewer/bigger trades) — and whether ATR-slippage is scaling sanely for daily bars given the known impact-model miscalibration at 5Min.",,6.699115044247788,152.95840689201142,-828.2101354285962,,1129.2919628187085,,,,14215.298430428596,,,,0.0,0.0,86400.0,2671.0,0.0,0.0,0.0,0.0,0.0,0.0,0.0,0.0,0.0,0.0,0.0,0.0,0.7965855027775137,0.0,0.0,0.0,113.0,,,90584.84492120278,"{""max_hold_swing"": 81, ""stop_loss"": 22, ""take_profit"": 5, ""trailing_stop"": 5}",,news_ablation,default,False,,,True,0.7,,,0.06,False,0.03,0.09,False,close,,0.1,1.5,,10.0,8.0,0.2,100.0,1.0,0.0,2.0,,200.0,SPY,,0.05,0.05,True,0.14,0.05,0.04,20.0,,,1.0,,,,,,,,,,,,,,,,,,,8.0,,,,,False,True,,,,,0.5,14.0,,,,,,,0.6,0.49,20.0,0.015,0.45,0.55,,,72.0,35.0,,,,True,,,,,True,,1.8,,,,,,,,80.0,,,7869.1449000000175,regime,,,100000.0,113.0,,,,,0.0,17284.29997879729,news_on_fixed,,,,-3278.2245337650866
20260831_113108_robustness_regime-swing-robustness_a625f7,2026-08-31 11:31:08,2026-08-31T16:31:08Z,robustness,regime-swing-robustness,,2016-01-04 05:00:00+00:00,2026-08-18 04:00:00+00:00,,,,False,10,GLD|IWM|QQQ|SPY|TLT|VIXY|XLE|XLF|XLK|XLU,8daf0af6ce,1Day,,100000.0,REALISTIC,-0.09415155078797222,-0.009267820125664294,-0.08784861421937631,-0.06068963223596552,-0.045959420287760594,-0.20165224164353523,2261.0,113.0,0.3805309734513274,0.8375989260964729,-83.31995644953338,17284.29997879729,,,,,,,139.44,a625f708f76e,c9001cd74e58,3.14.7,"H: swing-only fixed the day-timeout artifact and gross PnL turned positive. Check whether zero-cost Sharpe is credibly positive (real signal, cost-model too punitive at 1Day) or still noise (no edge, the sign flip was just fewer/bigger trades) — and whether ATR-slippage is scaling sanely for daily bars given the known impact-model miscalibration at 5Min.",,6.699115044247788,152.95840689201142,-828.2101354285962,,1129.2919628187085,,,,14215.298430428596,,,,0.0,0.0,86400.0,2671.0,0.0,0.0,0.0,0.0,0.0,0.0,0.0,0.0,0.0,0.0,0.0,0.0,0.7965855027775137,0.0,0.0,0.0,113.0,,,90584.84492120278,"{""max_hold_swing"": 81, ""stop_loss"": 22, ""take_profit"": 5, ""trailing_stop"": 5}",,news_ablation,default,False,,,True,0.7,,,0.06,False,0.03,0.09,False,close,,0.1,1.5,,10.0,8.0,0.2,100.0,1.0,0.0,2.0,,200.0,SPY,,0.05,0.05,True,0.14,0.05,0.04,20.0,,,1.0,,,,,,,,,,,,,,,,,,,8.0,,,,,False,True,,,,,0.5,14.0,,,,,,,0.6,0.49,20.0,0.015,0.45,0.55,,,72.0,35.0,,,,False,,,,,False,,1.8,,,,,,,,80.0,,,7869.1449000000175,regime,,,100000.0,113.0,,,,,0.0,17284.29997879729,news_off,,,,-3278.2245337650866
20260831_113108_robustness_regime-swing-robustness_a625f7,2026-08-31 11:31:08,2026-08-31T16:31:08Z,robustness,regime-swing-robustness,,2007-01-01,2026-08-19,,,,False,10,GLD|IWM|QQQ|SPY|TLT|VIXY|XLE|XLF|XLK|XLU,8daf0af6ce,1Day,,100000.0,REALISTIC,,,,,,,,,,,,,,,,,,,145.56,a625f708f76e,c9001cd74e58,3.14.7,"H: swing-only fixed the day-timeout artifact and gross PnL turned positive. Check whether zero-cost Sharpe is credibly positive (real signal, cost-model too punitive at 1Day) or still noise (no edge, the sign flip was just fewer/bigger trades) — and whether ATR-slippage is scaling sanely for daily bars given the known impact-model miscalibration at 5Min.",,,,,,,,,,,,,,,,,,,,,,,,,,,,,,,,,,,,,,,,monte_carlo,default,False,,,True,0.7,,,0.06,False,0.03,0.09,False,close,,0.1,1.5,,10.0,8.0,0.2,100.0,1.0,0.0,2.0,,200.0,SPY,,0.05,0.05,True,0.14,0.05,0.04,20.0,,,1.0,89220.37617174651,-0.22118410738875371,61084.03680628375,128369.15261638878,-0.41929981162051627,0.311,,,113.0,,,,-0.2178347782059999,-0.30414254623464276,-0.38471040208500495,,90584.84492120273,,,,,,,False,True,,,,,,,,,,,,,,,,,,,,,,,,,,,,,,,,,,,,,,,,,,,,,regime,,,,,,,,,,,1000_sims,,,,
20260915_122039_single_regression-check_617a6c,2026-09-15 12:20:39,2026-09-15T17:20:39Z,single,regression-check,,2024-08-19 08:00:00+00:00,2026-08-18 23:55:00+00:00,,,,False,18,AAPL|AMD|AMZN|CLSK|COIN|GOOGL|IONQ|LCID|MARA|META|MSFT|MSTR|NVDA|PLTR|RIOT|RIVN|SMCI|TSLA,d848afd031,5Min,,100000.0,REALISTIC,-0.5314044114228148,-0.31575705648193964,-0.2048899802288478,-0.23451462394400527,-0.4616679887356967,-0.6839483442346908,644.6180555555555,1439.0,0.46907574704656013,0.8701429983490706,-36.9287290773326,82865.5159422816,0.418159631704476,-0.1624066905091894,1.0706785959826968,-0.42247823729979866,,,424.74,617a6c20f7c8,7f7745319a61,3.14.7,,,202.1556636553162,57.58548710373982,-535.6318900718661,,527.5293672187024,,-0.20846397584565102,0.7201080354350623,5980.448083122521,,0.29557568688878466,,861.0,0.0,300.0,96000.0,0.0,0.0,3.0,341.0,0.0,393.0,0.0,0.0,0.0,0.0,612.0,0.0,0.9999991505199352,0.0,0.0,0.0,2173.0,,,46859.55885771852,"{""end_of_backtest"": 1, ""max_hold_day"": 607, ""max_hold_swing"": 31, ""stop_loss"": 450, ""take_profit"": 57, ""trailing_stop"": 293}",,,default,False,,,True,0.7,,,0.06,False,0.03,0.09,False,close,,0.1,1.5,,10.0,8.0,0.2,100.0,1.0,0.0,2.0,,200.0,SPY,,0.05,0.05,False,0.14,0.05,0.04,20.0,,,1.0,,,,,,,,,,,,,,,,,,,97.0,,,,,False,True,,,,,0.5,14.0,,,,,,,0.6,0.49,20.0,0.015,0.45,0.55,,,72.0,35.0,,,,False,,,,,True,,1.8,,,,,,,,80.0,,,29725.074799999995,mixed18,,,100000.0,578.0,,,,,0.0,82865.5159422816,,,,,-3214.747239312593
20260915_123230_single_swing-only_617a6c,2026-09-15 12:32:30,2026-09-15T17:32:30Z,single,swing-only,,2024-08-19 08:00:00+00:00,2026-08-18 23:55:00+00:00,,,,False,18,AAPL|AMD|AMZN|CLSK|COIN|GOOGL|IONQ|LCID|MARA|META|MSFT|MSTR|NVDA|PLTR|RIOT|RIVN|SMCI|TSLA,d848afd031,5Min,,100000.0,REALISTIC,-0.3902630020951636,-0.21936490722726987,0.025598218439047544,0.029783379981258944,-0.4010488188234746,-0.5469780658394743,644.6180555555555,1202.0,0.4767054908485857,0.9164373851204752,-32.46780383487219,69983.61060951639,0.418159631704476,-0.08224693262563416,1.2219806418302799,-0.1419072853197093,0.001695944961671219,402.0,412.44,617a6c20f7c8,7f7745319a61,3.14.7,,,315.7179700499168,58.22263777829982,-742.4970182350241,,746.9534454804779,,-0.20846397584565102,0.7201080354350623,4928.554173368611,,0.27525753552413834,,0.0,0.0,300.0,96000.0,0.0,0.0,6.0,377.0,0.0,475.0,0.0,0.0,0.0,0.0,690.0,0.0,0.9999989117626875,0.0,0.0,0.0,2054.0,,,60973.69979048364,"{""end_of_backtest"": 2, ""max_hold_swing"": 42, ""stop_loss"": 595, ""take_profit"": 109, ""trailing_stop"": 454}",,,default,False,,,True,0.7,,,0.06,False,0.03,0.09,False,close,,0.1,1.5,,10.0,8.0,0.2,100.0,1.0,0.0,2.0,,200.0,SPY,,0.05,0.05,True,0.14,0.05,0.04,20.0,,,1.0,,,,,,,,,,,,,,,,,,,200.0,,,,,False,True,,,,,0.5,14.0,,,,,,,0.6,0.49,20.0,0.015,0.45,0.55,,,72.0,35.0,,,,False,,,,,True,,1.8,,,,,,,,80.0,,,30957.310400000006,mixed18,,,100000.0,1202.0,,,,,0.0,69983.61060951639,,,,,-3416.4497820862193
20260916_031720_audit_617a6c,2026-09-16 03:17:20,2026-09-16T03:17:20Z,audit,,,2024-08-19,2026-08-19,,,,False,18,AAPL|AMD|AMZN|CLSK|COIN|GOOGL|IONQ|LCID|MARA|META|MSFT|MSTR|NVDA|PLTR|RIOT|RIVN|SMCI|TSLA,d848afd031,5Min,,100000.0,n/a,,,,,,,,,,,,,,,,,,,0.31,617a6c20f7c8,7f7745319a61,3.14.7,,,,,,,,,,,,,,,,,,,,,,,,,,,,,,,,,,,,,,,,,,default,False,,,,,,,,,,,,,,,,,,,,,,,,,,,,,,,,,,,,,1.0,,,,,,,,,,,,,,,,,,,,,,,,False,True,,,,,,,,,,,,,,,,,,,,,,,,,,,,,,,,,,,,,,,,,,,,,mixed18,,,,,18.0,16.0,2.0,1648366.0,,,,,,,
20260916_033410_single_baseline_617a6c,2026-09-16 03:34:10,2026-09-16T03:34:10Z,single,baseline,,2024-08-19 08:00:00+00:00,2026-08-18 23:55:00+00:00,,,,False,18,AAPL|AMD|AMZN|CLSK|COIN|GOOGL|IONQ|LCID|MARA|META|MSFT|MSTR|NVDA|PLTR|RIOT|RIVN|SMCI|TSLA,d848afd031,5Min,,100000.0,REALISTIC,-0.5717259373113253,-0.3458916262885825,-0.24984432556389655,-0.28627940541352653,-0.4991260287916753,-0.6929945671756389,644.6180555555555,1460.0,0.47054794520547943,0.8569762121149351,-39.15931077474824,79720.03473113241,,,,,0.00020070691904113756,404.0,857.82,617a6c20f7c8,7f7745319a61,3.14.7,,,203.0904109589041,54.602763514474255,-517.1304672370939,,498.6452073408168,,,,5889.48660051902,,,,879.0,0.0,300.0,96000.0,0.0,0.0,3.0,320.0,0.0,369.0,0.0,0.0,0.0,0.0,599.0,0.0,0.9999990799583137,0.0,0.0,0.0,2149.0,,,42827.40626886748,"{""end_of_backtest"": 1, ""max_hold_day"": 623, ""max_hold_swing"": 35, ""stop_loss"": 454, ""take_profit"": 59, ""trailing_stop"": 288}",,,default,False,,,True,0.7,,,0.06,False,0.03,0.09,False,close,,0.1,1.5,,10.0,8.0,0.2,100.0,1.0,0.0,2.0,,200.0,SPY,,0.05,0.05,False,0.14,0.05,0.04,20.0,,,1.0,,,,,,,,,,,,,,,,,,,97.0,,,,,False,True,,,,,0.5,14.0,,,,,,,0.6,0.49,20.0,0.015,0.45,0.55,,,72.0,35.0,,,,False,,,,,True,,1.8,,,,,,,,80.0,,,22547.440999999977,mixed18,,,100000.0,581.0,,,,,0.0,79720.03473113241,,,,,-3265.2932475791185
20260916_115216_single_baseline-stable_617a6c,2026-09-16 11:52:16,2026-09-16T11:52:16Z,single,baseline-stable,,2024-08-19 08:00:00+00:00,2026-08-18 23:55:00+00:00,,,,False,8,AAPL|AMD|AMZN|GOOGL|META|MSFT|NVDA|TSLA,238588ae78,5Min,,100000.0,REALISTIC,0.13511559174078247,0.06549546498539094,0.30653569303001144,0.24043136424466574,0.4736946103226746,-0.13826516822890655,362.0625,168.0,0.4880952380952381,1.2109276543146548,80.42594746475152,11815.121325921718,,,,,0.010293707523153476,405.0,531.41,617a6c20f7c8,6ea52a3454ef,3.14.7,,,360.92857142857144,70.32810313048643,-744.8580116127557,,945.9676606436004,,,,3884.5520076151547,,,,85.0,0.0,300.0,95999.0,0.0,0.0,0.0,1.0,0.0,6.0,0.0,0.0,0.0,0.0,3.0,0.0,0.99986229702306,0.0,0.0,0.0,175.0,,,113511.55917407825,"{""end_of_backtest"": 1, ""max_hold_day"": 69, ""max_hold_swing"": 14, ""stop_loss"": 46, ""take_profit"": 11, ""trailing_stop"": 27}",,,default,False,,,True,0.7,,,0.06,False,0.03,0.09,False,close,,0.1,1.5,,10.0,8.0,0.2,100.0,1.0,0.0,2.0,,200.0,SPY,,0.05,0.05,False,0.14,0.05,0.04,20.0,,,1.0,,,,,,,,,,,,,,,,,,,97.0,,,,,False,True,,,,,0.5,14.0,,,,,,,0.6,0.49,20.0,0.015,0.45,0.55,,,72.0,35.0,,,,False,,,,,True,,1.8,,,,,,,,80.0,,,25326.680499999977,stable8,,,100000.0,83.0,,,,,0.0,11815.121325921718,,,,,-1922.9367039047188
20260916_124457_single_strategy-flag-regression_617a6c,2026-09-16 12:44:57,2026-09-16T17:44:57Z,single,strategy-flag-regression,stockbot_momentum,2024-08-19 08:00:00+00:00,2026-08-18 23:55:00+00:00,,,,True,18,AAPL|AMD|AMZN|CLSK|COIN|GOOGL|IONQ|LCID|MARA|META|MSFT|MSTR|NVDA|PLTR|RIOT|RIVN|SMCI|TSLA,d848afd031,5Min,,100000.0,REALISTIC,-0.5314044114228148,-0.31575705648193964,-0.2048899802288478,-0.23451462394400527,-0.4616679887356967,-0.6839483442346908,644.6180555555555,1439.0,0.46907574704656013,0.8701429983490706,-36.9287290773326,82865.5159422816,0.418159631704476,-0.1624066905091894,1.0706785959826968,-0.42247823729979866,0.04997560382607477,5.0,222.9,617a6c20f7c8,7f7745319a61,3.14.7,,,202.1556636553162,57.58548710373982,-535.6318900718661,,527.5293672187024,,-0.20846397584565102,0.7201080354350623,5980.448083122521,,0.29557568688878466,,861.0,0.0,300.0,96000.0,0.0,0.0,3.0,341.0,0.0,393.0,0.0,0.0,0.0,0.0,612.0,0.0,0.9999991505199352,0.0,0.0,0.0,2173.0,,,46859.55885771852,"{""end_of_backtest"": 1, ""max_hold_day"": 607, ""max_hold_swing"": 31, ""stop_loss"": 450, ""take_profit"": 57, ""trailing_stop"": 293}",,,default,False,,,True,0.7,,,0.06,False,0.03,0.09,False,close,,0.1,1.5,,10.0,8.0,0.2,100.0,1.0,0.0,2.0,,200.0,SPY,,0.05,0.05,False,0.14,0.05,0.04,20.0,,,1.0,,,,,,,,,,,,,,,,,,,97.0,,,,,False,True,,,,,0.5,14.0,,,,,,,0.6,0.49,20.0,0.015,0.45,0.55,,,72.0,35.0,,,,False,,,,,True,,1.8,,,,,,,,80.0,,,29725.074799999995,mixed18,,,100000.0,578.0,,,,,0.0,82865.5159422816,,,,,-3214.747239312593
20260916_171706_single_trendbot-first-light_0d4a5f,2026-09-16 17:17:06,2026-09-16T22:17:06Z,single,trendbot-first-light,trendbot,2024-08-19 08:00:00+00:00,2026-08-18 23:55:00+00:00,,,,False,18,AAPL|AMD|AMZN|CLSK|COIN|GOOGL|IONQ|LCID|MARA|META|MSFT|MSTR|NVDA|PLTR|RIOT|RIVN|SMCI|TSLA,d848afd031,5Min,,100000.0,REALISTIC,-0.40015606498653533,-0.22573102223591668,-0.10488324019885996,-0.12483327238769615,-0.4158217371861596,-0.5428552719812696,620.0416666666666,1601.0,0.4871955028107433,0.8733710745875708,-24.994132728703075,45945.410898653674,0.418159631704476,-0.13216853934453135,1.2155050490437989,-0.33865551418194484,,,717.74,0d4a5f5ecfaf,7f7745319a61,3.14.7,H: gated trend entries with continuous confidence beat vote-counting momentum,,508.4372267332917,28.69794559566126,-384.9047983183618,,353.83491400092504,,-0.20846397584565102,0.7201080354350623,3618.1659356791215,,0.35795077320071533,,0.0,0.0,300.0,96000.0,0.0,0.0,2.0,253.0,0.0,2247.0,0.0,0.0,0.0,0.0,1006.0,0.0,0.9999994688388643,0.0,0.0,0.0,4140.0,,,59984.393501346465,"{""end_of_backtest"": 6, ""max_hold_swing"": 227, ""stop_loss"": 720, ""take_profit"": 119, ""trailing_stop"": 529}",,,default,False,,,True,0.7,,,0.06,False,0.03,0.09,False,close,,0.1,1.5,,10.0,8.0,0.2,100.0,1.0,0.0,2.0,,200.0,SPY,,0.05,0.05,False,0.14,0.05,0.04,20.0,,,1.0,,,,,,,,,,,,,,,,,,,334.0,,,,,False,True,15.0,20.0,14.0,20.0,,14.0,0.0,20.0,20.0,50.0,breakout,,0.6,0.5,,,,,1.0,75.0,,,14.0,60.0,40.0,,2.0,10.0,,1.0,True,20.0,,0.0,2.0,0.1,0.2,0.3,0.25,0.15,65.0,,,5929.804400000037,mixed18,,,100000.0,1601.0,,,,,0.0,45945.410898653674,,,,,-2195.059253515524
20260916_173628_single_trendbot-exits_d64655,2026-09-16 17:36:28,2026-09-16T22:36:28Z,single,trendbot-exits,trendbot,2024-08-19 08:00:00+00:00,2026-08-18 23:55:00+00:00,,,,False,18,AAPL|AMD|AMZN|CLSK|COIN|GOOGL|IONQ|LCID|MARA|META|MSFT|MSTR|NVDA|PLTR|RIOT|RIVN|SMCI|TSLA,d848afd031,5Min,,100000.0,REALISTIC,-0.836818169764804,-0.596462005858831,-2.0710102498002065,-2.079783457933663,-0.7115526440298098,-0.8382542189441191,725.1006944444445,4402.0,0.3084961381190368,0.6607154317361176,-19.009953879254983,88234.18277648042,0.418159631704476,-0.39728491435818936,0.5291262429585125,-2.5491804438089685,,,1190.44,d646553c1a77,7f7745319a61,3.14.7,H: thesis-death exits beat risk-manager-only exits,,51.61426624261699,20.044112398110045,-81.0256169078086,,120.00011847635413,,-0.20846397584565102,0.7201080354350623,2006.5484442576883,,0.3300099862958781,,0.0,0.0,300.0,96000.0,0.0,0.0,0.0,96.0,0.0,668.0,0.0,0.0,0.0,0.0,455.0,0.0,0.9999984968382994,0.0,0.0,0.0,5258.0,,,16318.183023519588,"{""stop_loss"": 75, ""take_profit"": 31, ""trailing_stop"": 106, ""trend_died"": 4190}",,,default,False,,,True,0.7,,,0.06,False,0.03,0.09,False,close,,0.1,1.5,,10.0,8.0,0.2,100.0,1.0,0.0,2.0,,200.0,SPY,,0.05,0.05,False,0.14,0.05,0.04,20.0,,,1.0,,,,,,,,,,,,,,,,,,,44.0,,,,,False,True,15.0,20.0,14.0,20.0,,14.0,0.0,20.0,20.0,50.0,breakout,,0.6,0.5,,,,,1.0,75.0,,,14.0,60.0,40.0,,2.0,10.0,,1.0,True,20.0,,0.0,2.0,0.1,0.2,0.3,0.25,0.15,65.0,,,4552.365799999978,mixed18,,,100000.0,4402.0,,,,,0.0,88234.18277648042,,,,,-1192.3793483108593
20260916_180943_robustness_trendbot-robustness-smok_d01db4,2026-09-16 18:09:43,2026-09-16T23:09:43Z,robustness,trendbot-robustness-smoke,trendbot,2025-01-02,2025-02-03,,,,True,18,AAPL|AMD|AMZN|CLSK|COIN|GOOGL|IONQ|LCID|MARA|META|MSFT|MSTR|NVDA|PLTR|RIOT|RIVN|SMCI|TSLA,d848afd031,5Min,,100000.0,zero,-0.06691967299999901,,-2.143567817893414,,,,,191.0,,,,0.0,,,,,,,174.75,d01db41eedde,3ca1ad03e30a,3.14.7,,,,,,,,,,,,,,zero,,,,,,,,,,,,,,,,,,,,,,,,,,,cost_sensitivity,default,False,,,True,0.7,,,0.06,False,0.03,0.09,False,close,,0.1,1.5,,10.0,8.0,0.2,100.0,1.0,0.0,2.0,,200.0,SPY,,0.05,0.05,False,0.14,0.05,0.04,20.0,,-0.13105408351616965,1.0,,,,,,,,,,,,,,,,,,,,,,,,False,True,,,,,,,,,,,,,,,,,,,,,,,,,,,,,,,,,,,,,,,,,,,,,mixed18,,,,,,,,,,,zero,,,,
20260916_180943_robustness_trendbot-robustness-smok_d01db4,2026-09-16 18:09:43,2026-09-16T23:09:43Z,robustness,trendbot-robustness-smoke,trendbot,2025-01-02,2025-02-03,,,,True,18,AAPL|AMD|AMZN|CLSK|COIN|GOOGL|IONQ|LCID|MARA|META|MSFT|MSTR|NVDA|PLTR|RIOT|RIVN|SMCI|TSLA,d848afd031,5Min,,100000.0,large_cap_rth,-0.09541254339517513,,-3.1850046015794513,,,,,190.0,,,,4058.790039517457,,,,,,,174.8,d01db41eedde,3ca1ad03e30a,3.14.7,,,,,,,,,,,,,,large_cap_rth,,,,,,,,,,,,,,,,,,,,,,,,,,,cost_sensitivity,default,False,,,True,0.7,,,0.06,False,0.03,0.09,False,close,,0.1,1.5,,10.0,8.0,0.2,100.0,1.0,0.0,2.0,,200.0,SPY,,0.05,0.05,False,0.14,0.05,0.04,20.0,,-0.15536187529896572,1.0,,,,,,,,,,,,,,,,,,,,,,,,False,True,,,,,,,,,,,,,,,,,,,,,,,,,,,,,,,,,,,,,,,,,,,,,mixed18,,,,,,,,,,,large_cap_rth,,,,
20260916_180943_robustness_trendbot-robustness-smok_d01db4,2026-09-16 18:09:43,2026-09-16T23:09:43Z,robustness,trendbot-robustness-smoke,trendbot,2025-01-02,2025-02-03,,,,True,18,AAPL|AMD|AMZN|CLSK|COIN|GOOGL|IONQ|LCID|MARA|META|MSFT|MSTR|NVDA|PLTR|RIOT|RIVN|SMCI|TSLA,d848afd031,5Min,,100000.0,realistic,-0.14213877215754267,,-4.911417254037756,,,,,190.0,,,,8785.690315754213,,,,,,,174.83,d01db41eedde,3ca1ad03e30a,3.14.7,,,,,,,,,,,,,,realistic,,,,,,,,,,,,,,,,,,,,,,,,,,,cost_sensitivity,default,False,,,True,0.7,,,0.06,False,0.03,0.09,False,close,,0.1,1.5,,10.0,8.0,0.2,100.0,1.0,0.0,2.0,,200.0,SPY,,0.05,0.05,False,0.14,0.05,0.04,20.0,,-0.19514555275421286,1.0,,,,,,,,,,,,,,,,,,,,,,,,False,True,,,,,,,,,,,,,,,,,,,,,,,,,,,,,,,,,,,,,,,,,,,,,mixed18,,,,,,,,,,,realistic,,,,
20260916_180943_robustness_trendbot-robustness-smok_d01db4,2026-09-16 18:09:43,2026-09-16T23:09:43Z,robustness,trendbot-robustness-smoke,trendbot,2025-01-02,2025-02-03,,,,True,18,AAPL|AMD|AMZN|CLSK|COIN|GOOGL|IONQ|LCID|MARA|META|MSFT|MSTR|NVDA|PLTR|RIOT|RIVN|SMCI|TSLA,d848afd031,5Min,,100000.0,pessimistic,-0.2548828050515233,,-9.424473969266778,,,,,191.0,,,,20977.945405152394,,,,,,,174.87,d01db41eedde,3ca1ad03e30a,3.14.7,,,,,,,,,,,,,,pessimistic,,,,,,,,,,,,,,,,,,,,,,,,,,,cost_sensitivity,default,False,,,True,0.7,,,0.06,False,0.03,0.09,False,close,,0.1,1.5,,10.0,8.0,0.2,100.0,1.0,0.0,2.0,,200.0,SPY,,0.05,0.05,False,0.14,0.05,0.04,20.0,,-0.2901222900565885,1.0,,,,,,,,,,,,,,,,,,,,,,,,False,True,,,,,,,,,,,,,,,,,,,,,,,,,,,,,,,,,,,,,,,,,,,,,mixed18,,,,,,,,,,,pessimistic,,,,
20260916_180943_robustness_trendbot-robustness-smok_d01db4,2026-09-16 18:09:43,2026-09-16T23:09:43Z,robustness,trendbot-robustness-smoke,trendbot,2025-01-02,2025-02-03,,,,True,18,AAPL|AMD|AMZN|CLSK|COIN|GOOGL|IONQ|LCID|MARA|META|MSFT|MSTR|NVDA|PLTR|RIOT|RIVN|SMCI|TSLA,d848afd031,5Min,,100000.0,varies,-0.1825883108720434,,-5.755578543264221,,,,,231.0,,,,,,,,,,,389.14,d01db41eedde,3ca1ad03e30a,3.14.7,,,,,,,,,,,,,,,,,,,,,,,,,,,,,,,,,,,,,,,,,sensitivity_min_confidence,default,False,,,True,0.7,,,0.06,False,0.03,0.09,False,close,,0.1,1.5,,10.0,8.0,0.2,100.0,1.0,0.0,2.0,,200.0,SPY,,0.05,0.05,False,0.14,0.05,0.04,20.0,,-0.2056575844766213,1.0,,,,,,,,,,,,,,,,,,,,0.3,,,,False,True,,,,,,,,,,,,,,,,,,,,,,,,,,,,,,,,,,,,,,,,,,,,,mixed18,,,,,,,,,,,min_confidence=0.3,,,,
20260916_180943_robustness_trendbot-robustness-smok_d01db4,2026-09-16 18:09:43,2026-09-16T23:09:43Z,robustness,trendbot-robustness-smoke,trendbot,2025-01-02,2025-02-03,,,,True,18,AAPL|AMD|AMZN|CLSK|COIN|GOOGL|IONQ|LCID|MARA|META|MSFT|MSTR|NVDA|PLTR|RIOT|RIVN|SMCI|TSLA,d848afd031,5Min,,100000.0,varies,-0.19727294251408312,,-6.371758256807374,,,,,224.0,,,,,,,,,,,389.18,d01db41eedde,3ca1ad03e30a,3.14.7,,,,,,,,,,,,,,,,,,,,,,,,,,,,,,,,,,,,,,,,,sensitivity_min_confidence,default,False,,,True,0.7,,,0.06,False,0.03,0.09,False,close,,0.1,1.5,,10.0,8.0,0.2,100.0,1.0,0.0,2.0,,200.0,SPY,,0.05,0.05,False,0.14,0.05,0.04,20.0,,-0.2340434228764634,1.0,,,,,,,,,,,,,,,,,,,,0.4,,,,False,True,,,,,,,,,,,,,,,,,,,,,,,,,,,,,,,,,,,,,,,,,,,,,mixed18,,,,,,,,,,,min_confidence=0.4,,,,
20260916_180943_robustness_trendbot-robustness-smok_d01db4,2026-09-16 18:09:43,2026-09-16T23:09:43Z,robustness,trendbot-robustness-smoke,trendbot,2025-01-02,2025-02-03,,,,True,18,AAPL|AMD|AMZN|CLSK|COIN|GOOGL|IONQ|LCID|MARA|META|MSFT|MSTR|NVDA|PLTR|RIOT|RIVN|SMCI|TSLA,d848afd031,5Min,,100000.0,varies,-0.14213877215754267,,-4.911417254037756,,,,,190.0,,,,,,,,,,,389.21,d01db41eedde,3ca1ad03e30a,3.14.7,,,,,,,,,,,,,,,,,,,,,,,,,,,,,,,,,,,,,,,,,sensitivity_min_confidence,default,False,,,True,0.7,,,0.06,False,0.03,0.09,False,close,,0.1,1.5,,10.0,8.0,0.2,100.0,1.0,0.0,2.0,,200.0,SPY,,0.05,0.05,False,0.14,0.05,0.04,20.0,,-0.19514555275421286,1.0,,,,,,,,,,,,,,,,,,,,0.5,,,,False,True,,,,,,,,,,,,,,,,,,,,,,,,,,,,,,,,,,,,,,,,,,,,,mixed18,,,,,,,,,,,min_confidence=0.5,,,,
20260916_180943_robustness_trendbot-robustness-smok_d01db4,2026-09-16 18:09:43,2026-09-16T23:09:43Z,robustness,trendbot-robustness-smoke,trendbot,2025-01-02,2025-02-03,,,,True,18,AAPL|AMD|AMZN|CLSK|COIN|GOOGL|IONQ|LCID|MARA|META|MSFT|MSTR|NVDA|PLTR|RIOT|RIVN|SMCI|TSLA,d848afd031,5Min,,100000.0,varies,-0.12116736403607542,,-4.882396313005372,,,,,158.0,,,,,,,,,,,389.25,d01db41eedde,3ca1ad03e30a,3.14.7,,,,,,,,,,,,,,,,,,,,,,,,,,,,,,,,,,,,,,,,,sensitivity_min_confidence,default,False,,,True,0.7,,,0.06,False,0.03,0.09,False,close,,0.1,1.5,,10.0,8.0,0.2,100.0,1.0,0.0,2.0,,200.0,SPY,,0.05,0.05,False,0.14,0.05,0.04,20.0,,-0.15110641341279496,1.0,,,,,,,,,,,,,,,,,,,,0.6,,,,False,True,,,,,,,,,,,,,,,,,,,,,,,,,,,,,,,,,,,,,,,,,,,,,mixed18,,,,,,,,,,,min_confidence=0.6,,,,
20260916_180943_robustness_trendbot-robustness-smok_d01db4,2026-09-16 18:09:43,2026-09-16T23:09:43Z,robustness,trendbot-robustness-smoke,trendbot,2025-01-02,2025-02-03,,,,True,18,AAPL|AMD|AMZN|CLSK|COIN|GOOGL|IONQ|LCID|MARA|META|MSFT|MSTR|NVDA|PLTR|RIOT|RIVN|SMCI|TSLA,d848afd031,5Min,,100000.0,varies,-0.01701724693976925,,-0.7947160806370559,,,,,129.0,,,,,,,,,,,389.28,d01db41eedde,3ca1ad03e30a,3.14.7,,,,,,,,,,,,,,,,,,,,,,,,,,,,,,,,,,,,,,,,,sensitivity_min_confidence,default,False,,,True,0.7,,,0.06,False,0.03,0.09,False,close,,0.1,1.5,,10.0,8.0,0.2,100.0,1.0,0.0,2.0,,200.0,SPY,,0.05,0.05,False,0.14,0.05,0.04,20.0,,-0.07572332574053797,1.0,,,,,,,,,,,,,,,,,,,,0.7,,,,False,True,,,,,,,,,,,,,,,,,,,,,,,,,,,,,,,,,,,,,,,,,,,,,mixed18,,,,,,,,,,,min_confidence=0.7,,,,
20260916_180943_robustness_trendbot-robustness-smok_d01db4,2026-09-16 18:09:43,2026-09-16T23:09:43Z,robustness,trendbot-robustness-smoke,trendbot,2025-01-02,2025-02-03,,,,True,18,AAPL|AMD|AMZN|CLSK|COIN|GOOGL|IONQ|LCID|MARA|META|MSFT|MSTR|NVDA|PLTR|RIOT|RIVN|SMCI|TSLA,d848afd031,5Min,,100000.0,varies,nan,,nan,,,,,0.0,,,,,,,,,,,517.88,d01db41eedde,3ca1ad03e30a,3.14.7,,10.0,,,,,,,,,,,,,,,,,,,,,,,,,,,,,,,,,,,,,,,sensitivity_adx_min,default,False,,,True,0.7,,,0.06,False,0.03,0.09,False,close,,0.1,1.5,,10.0,8.0,0.2,100.0,1.0,0.0,2.0,,200.0,SPY,,0.05,0.05,False,0.14,0.05,0.04,20.0,,nan,1.0,,,,,,,,,,,,,,,,,,,,,,,,False,True,,,,,,,,,,,,,,,,,,,,,,,,,,,,,,,,,,,,,,,,,,,,,mixed18,,,,,,,,,,,adx_min=10.0,,,,
20260916_180943_robustness_trendbot-robustness-smok_d01db4,2026-09-16 18:09:43,2026-09-16T23:09:43Z,robustness,trendbot-robustness-smoke,trendbot,2025-01-02,2025-02-03,,,,True,18,AAPL|AMD|AMZN|CLSK|COIN|GOOGL|IONQ|LCID|MARA|META|MSFT|MSTR|NVDA|PLTR|RIOT|RIVN|SMCI|TSLA,d848afd031,5Min,,100000.0,varies,nan,,nan,,,,,0.0,,,,,,,,,,,517.92,d01db41eedde,3ca1ad03e30a,3.14.7,,15.0,,,,,,,,,,,,,,,,,,,,,,,,,,,,,,,,,,,,,,,sensitivity_adx_min,default,False,,,True,0.7,,,0.06,False,0.03,0.09,False,close,,0.1,1.5,,10.0,8.0,0.2,100.0,1.0,0.0,2.0,,200.0,SPY,,0.05,0.05,False,0.14,0.05,0.04,20.0,,nan,1.0,,,,,,,,,,,,,,,,,,,,,,,,False,True,,,,,,,,,,,,,,,,,,,,,,,,,,,,,,,,,,,,,,,,,,,,,mixed18,,,,,,,,,,,adx_min=15.0,,,,
20260916_180943_robustness_trendbot-robustness-smok_d01db4,2026-09-16 18:09:43,2026-09-16T23:09:43Z,robustness,trendbot-robustness-smoke,trendbot,2025-01-02,2025-02-03,,,,True,18,AAPL|AMD|AMZN|CLSK|COIN|GOOGL|IONQ|LCID|MARA|META|MSFT|MSTR|NVDA|PLTR|RIOT|RIVN|SMCI|TSLA,d848afd031,5Min,,100000.0,varies,-0.14213877215754267,,-4.911417254037756,,,,,190.0,,,,,,,,,,,517.96,d01db41eedde,3ca1ad03e30a,3.14.7,,20.0,,,,,,,,,,,,,,,,,,,,,,,,,,,,,,,,,,,,,,,sensitivity_adx_min,default,False,,,True,0.7,,,0.06,False,0.03,0.09,False,close,,0.1,1.5,,10.0,8.0,0.2,100.0,1.0,0.0,2.0,,200.0,SPY,,0.05,0.05,False,0.14,0.05,0.04,20.0,,-0.19514555275421286,1.0,,,,,,,,,,,,,,,,,,,,,,,,False,True,,,,,,,,,,,,,,,,,,,,,,,,,,,,,,,,,,,,,,,,,,,,,mixed18,,,,,,,,,,,adx_min=20.0,,,,
20260916_180943_robustness_trendbot-robustness-smok_d01db4,2026-09-16 18:09:43,2026-09-16T23:09:43Z,robustness,trendbot-robustness-smoke,trendbot,2025-01-02,2025-02-03,,,,True,18,AAPL|AMD|AMZN|CLSK|COIN|GOOGL|IONQ|LCID|MARA|META|MSFT|MSTR|NVDA|PLTR|RIOT|RIVN|SMCI|TSLA,d848afd031,5Min,,100000.0,varies,-0.14106101041671903,,-5.446399556822004,,,,,140.0,,,,,,,,,,,517.99,d01db41eedde,3ca1ad03e30a,3.14.7,,25.0,,,,,,,,,,,,,,,,,,,,,,,,,,,,,,,,,,,,,,,sensitivity_adx_min,default,False,,,True,0.7,,,0.06,False,0.03,0.09,False,close,,0.1,1.5,,10.0,8.0,0.2,100.0,1.0,0.0,2.0,,200.0,SPY,,0.05,0.05,False,0.14,0.05,0.04,20.0,,-0.17275344345156285,1.0,,,,,,,,,,,,,,,,,,,,,,,,False,True,,,,,,,,,,,,,,,,,,,,,,,,,,,,,,,,,,,,,,,,,,,,,mixed18,,,,,,,,,,,adx_min=25.0,,,,
20260916_180943_robustness_trendbot-robustness-smok_d01db4,2026-09-16 18:09:43,2026-09-16T23:09:43Z,robustness,trendbot-robustness-smoke,trendbot,2025-01-02,2025-02-03,,,,True,18,AAPL|AMD|AMZN|CLSK|COIN|GOOGL|IONQ|LCID|MARA|META|MSFT|MSTR|NVDA|PLTR|RIOT|RIVN|SMCI|TSLA,d848afd031,5Min,,100000.0,varies,-0.05274997948097404,,-2.5711336315302753,,,,,97.0,,,,,,,,,,,518.03,d01db41eedde,3ca1ad03e30a,3.14.7,,30.0,,,,,,,,,,,,,,,,,,,,,,,,,,,,,,,,,,,,,,,sensitivity_adx_min,default,False,,,True,0.7,,,0.06,False,0.03,0.09,False,close,,0.1,1.5,,10.0,8.0,0.2,100.0,1.0,0.0,2.0,,200.0,SPY,,0.05,0.05,False,0.14,0.05,0.04,20.0,,-0.1071237499321922,1.0,,,,,,,,,,,,,,,,,,,,,,,,False,True,,,,,,,,,,,,,,,,,,,,,,,,,,,,,,,,,,,,,,,,,,,,,mixed18,,,,,,,,,,,adx_min=30.0,,,,
20260916_180943_robustness_trendbot-robustness-smok_d01db4,2026-09-16 18:09:43,2026-09-16T23:09:43Z,robustness,trendbot-robustness-smoke,trendbot,2025-01-02,2025-02-03,,,,True,18,AAPL|AMD|AMZN|CLSK|COIN|GOOGL|IONQ|LCID|MARA|META|MSFT|MSTR|NVDA|PLTR|RIOT|RIVN|SMCI|TSLA,d848afd031,5Min,,100000.0,varies,-0.13131232583153585,,-4.458167693320179,,,,,228.0,,,,,,,,,,,735.3,d01db41eedde,3ca1ad03e30a,3.14.7,,,,,,,,,,,,,,,,,,,,,,,,,,,,,,,,,,,,,5.0,,,,sensitivity_donchian_period,default,False,,,True,0.7,,,0.06,False,0.03,0.09,False,close,,0.1,1.5,,10.0,8.0,0.2,100.0,1.0,0.0,2.0,,200.0,SPY,,0.05,0.05,False,0.14,0.05,0.04,20.0,,-0.1836865162277399,1.0,,,,,,,,,,,,,,,,,,,,,,,,False,True,,,,,,,,,,,,,,,,,,,,,,,,,,,,,,,,,,,,,,,,,,,,,mixed18,,,,,,,,,,,donchian_period=5.0,,,,
20260916_180943_robustness_trendbot-robustness-smok_d01db4,2026-09-16 18:09:43,2026-09-16T23:09:43Z,robustness,trendbot-robustness-smoke,trendbot,2025-01-02,2025-02-03,,,,True,18,AAPL|AMD|AMZN|CLSK|COIN|GOOGL|IONQ|LCID|MARA|META|MSFT|MSTR|NVDA|PLTR|RIOT|RIVN|SMCI|TSLA,d848afd031,5Min,,100000.0,varies,-0.144434890968141,,-4.949033506873367,,,,,208.0,,,,,,,,,,,735.34,d01db41eedde,3ca1ad03e30a,3.14.7,,,,,,,,,,,,,,,,,,,,,,,,,,,,,,,,,,,,,10.0,,,,sensitivity_donchian_period,default,False,,,True,0.7,,,0.06,False,0.03,0.09,False,close,,0.1,1.5,,10.0,8.0,0.2,100.0,1.0,0.0,2.0,,200.0,SPY,,0.05,0.05,False,0.14,0.05,0.04,20.0,,-0.1975082660230596,1.0,,,,,,,,,,,,,,,,,,,,,,,,False,True,,,,,,,,,,,,,,,,,,,,,,,,,,,,,,,,,,,,,,,,,,,,,mixed18,,,,,,,,,,,donchian_period=10.0,,,,
20260916_180943_robustness_trendbot-robustness-smok_d01db4,2026-09-16 18:09:43,2026-09-16T23:09:43Z,robustness,trendbot-robustness-smoke,trendbot,2025-01-02,2025-02-03,,,,True,18,AAPL|AMD|AMZN|CLSK|COIN|GOOGL|IONQ|LCID|MARA|META|MSFT|MSTR|NVDA|PLTR|RIOT|RIVN|SMCI|TSLA,d848afd031,5Min,,100000.0,varies,-0.14213877215754267,,-4.911417254037756,,,,,190.0,,,,,,,,,,,735.38,d01db41eedde,3ca1ad03e30a,3.14.7,,,,,,,,,,,,,,,,,,,,,,,,,,,,,,,,,,,,,20.0,,,,sensitivity_donchian_period,default,False,,,True,0.7,,,0.06,False,0.03,0.09,False,close,,0.1,1.5,,10.0,8.0,0.2,100.0,1.0,0.0,2.0,,200.0,SPY,,0.05,0.05,False,0.14,0.05,0.04,20.0,,-0.19514555275421286,1.0,,,,,,,,,,,,,,,,,,,,,,,,False,True,,,,,,,,,,,,,,,,,,,,,,,,,,,,,,,,,,,,,,,,,,,,,mixed18,,,,,,,,,,,donchian_period=20.0,,,,
20260916_180943_robustness_trendbot-robustness-smok_d01db4,2026-09-16 18:09:43,2026-09-16T23:09:43Z,robustness,trendbot-robustness-smoke,trendbot,2025-01-02,2025-02-03,,,,True,18,AAPL|AMD|AMZN|CLSK|COIN|GOOGL|IONQ|LCID|MARA|META|MSFT|MSTR|NVDA|PLTR|RIOT|RIVN|SMCI|TSLA,d848afd031,5Min,,100000.0,varies,-0.136958967878418,,-4.906247933969819,,,,,177.0,,,,,,,,,,,735.41,d01db41eedde,3ca1ad03e30a,3.14.7,,,,,,,,,,,,,,,,,,,,,,,,,,,,,,,,,,,,,40.0,,,,sensitivity_donchian_period,default,False,,,True,0.7,,,0.06,False,0.03,0.09,False,close,,0.1,1.5,,10.0,8.0,0.2,100.0,1.0,0.0,2.0,,200.0,SPY,,0.05,0.05,False,0.14,0.05,0.04,20.0,,-0.18631432924872582,1.0,,,,,,,,,,,,,,,,,,,,,,,,False,True,,,,,,,,,,,,,,,,,,,,,,,,,,,,,,,,,,,,,,,,,,,,,mixed18,,,,,,,,,,,donchian_period=40.0,,,,
20260916_180943_robustness_trendbot-robustness-smok_d01db4,2026-09-16 18:09:43,2026-09-16T23:09:43Z,robustness,trendbot-robustness-smoke,trendbot,2025-01-02,2025-02-03,,,,True,18,AAPL|AMD|AMZN|CLSK|COIN|GOOGL|IONQ|LCID|MARA|META|MSFT|MSTR|NVDA|PLTR|RIOT|RIVN|SMCI|TSLA,d848afd031,5Min,,100000.0,varies,-0.12640641704613753,,-4.641671677311856,,,,,164.0,,,,,,,,,,,735.45,d01db41eedde,3ca1ad03e30a,3.14.7,,,,,,,,,,,,,,,,,,,,,,,,,,,,,,,,,,,,,60.0,,,,sensitivity_donchian_period,default,False,,,True,0.7,,,0.06,False,0.03,0.09,False,close,,0.1,1.5,,10.0,8.0,0.2,100.0,1.0,0.0,2.0,,200.0,SPY,,0.05,0.05,False,0.14,0.05,0.04,20.0,,-0.17636525489128385,1.0,,,,,,,,,,,,,,,,,,,,,,,,False,True,,,,,,,,,,,,,,,,,,,,,,,,,,,,,,,,,,,,,,,,,,,,,mixed18,,,,,,,,,,,donchian_period=60.0,,,,
20260916_180943_robustness_trendbot-robustness-smok_d01db4,2026-09-16 18:09:43,2026-09-16T23:09:43Z,robustness,trendbot-robustness-smoke,trendbot,2025-01-02 09:00:00+00:00,2025-02-01 00:55:00+00:00,,,,True,18,AAPL|AMD|AMZN|CLSK|COIN|GOOGL|IONQ|LCID|MARA|META|MSFT|MSTR|NVDA|PLTR|RIOT|RIVN|SMCI|TSLA,d848afd031,5Min,,100000.0,REALISTIC,-0.14213877215754267,-0.8485922508054506,-4.911417254037756,-5.1716664483964685,-4.348509298975715,-0.19514555275421286,25.430555555555557,190.0,0.3,0.5075908769745302,-74.80988008291679,8785.690315754213,,,,,,,779.1,d01db41eedde,3ca1ad03e30a,3.14.7,,,50.57368421052632,46.2404753460748,-217.0375248221829,,257.05462430870404,,,,3137.482429106393,,,,0.0,0.0,300.0,3840.0,0.0,0.0,0.0,2.0,0.0,46.0,0.0,0.0,0.0,0.0,20.0,0.0,0.999975778859693,0.0,0.0,0.0,240.0,,,85786.12278424573,"{""stop_loss"": 7, ""take_profit"": 1, ""trailing_stop"": 5, ""trend_died"": 177}",,news_ablation,default,False,,,True,0.7,,,0.06,False,0.03,0.09,False,close,,0.1,1.5,,10.0,8.0,0.2,100.0,1.0,0.0,2.0,,200.0,SPY,,0.05,0.05,False,0.14,0.05,0.04,20.0,,,1.0,,,,,,,,,,,,,,,,,,,42.5,,,,,False,True,15.0,20.0,14.0,20.0,,14.0,0.0,20.0,20.0,50.0,breakout,True,0.6,0.5,,,,,1.0,75.0,,,14.0,60.0,40.0,,2.0,10.0,,1.0,True,20.0,,0.0,2.0,0.1,0.2,0.3,0.25,0.15,65.0,,,-5428.186899999983,mixed18,,,100000.0,190.0,,,,,0.0,8785.690315754213,news_on,,,,-1251.024168999022
20260916_180943_robustness_trendbot-robustness-smok_d01db4,2026-09-16 18:09:43,2026-09-16T23:09:43Z,robustness,trendbot-robustness-smoke,trendbot,2025-01-02 09:00:00+00:00,2025-02-01 00:55:00+00:00,,,,True,18,AAPL|AMD|AMZN|CLSK|COIN|GOOGL|IONQ|LCID|MARA|META|MSFT|MSTR|NVDA|PLTR|RIOT|RIVN|SMCI|TSLA,d848afd031,5Min,,100000.0,REALISTIC,-0.14420754017995496,-0.8530273119480214,-4.979878444102215,-5.242169549137734,-4.328187589979454,-0.19708649272109546,25.430555555555557,193.0,0.3005181347150259,0.5041544545942597,-74.71893273572759,8817.555517995446,,,,,,,822.86,d01db41eedde,3ca1ad03e30a,3.14.7,,,50.41450777202073,45.68681615541682,-215.43079518016143,,252.80005743666143,,,,3137.482429106393,,,,0.0,0.0,300.0,3840.0,0.0,0.0,0.0,1.0,0.0,49.0,0.0,0.0,0.0,0.0,19.0,0.0,0.9999931630516503,0.0,0.0,0.0,245.0,,,85579.2459820045,"{""stop_loss"": 7, ""take_profit"": 1, ""trailing_stop"": 5, ""trend_died"": 180}",,news_ablation,default,False,,,True,0.7,,,0.06,False,0.03,0.09,False,close,,0.1,1.5,,10.0,8.0,0.2,100.0,1.0,0.0,2.0,,200.0,SPY,,0.05,0.05,False,0.14,0.05,0.04,20.0,,,1.0,,,,,,,,,,,,,,,,,,,42.0,,,,,False,True,15.0,20.0,14.0,20.0,,14.0,0.0,20.0,20.0,50.0,breakout,True,0.6,0.5,,,,,1.0,75.0,,,14.0,60.0,40.0,,2.0,10.0,,1.0,False,20.0,,0.0,2.0,0.1,0.2,0.3,0.25,0.15,65.0,,,-5603.19849999998,mixed18,,,100000.0,193.0,,,,,0.0,8817.555517995446,news_off,,,,-1254.2861000693345
20260916_180943_robustness_trendbot-robustness-smok_d01db4,2026-09-16 18:09:43,2026-09-16T23:09:43Z,robustness,trendbot-robustness-smoke,trendbot,2025-01-02,2025-02-03,,,,True,18,AAPL|AMD|AMZN|CLSK|COIN|GOOGL|IONQ|LCID|MARA|META|MSFT|MSTR|NVDA|PLTR|RIOT|RIVN|SMCI|TSLA,d848afd031,5Min,,100000.0,REALISTIC,,,,,,,,,,,,,,,,,,,866.67,d01db41eedde,3ca1ad03e30a,3.14.7,,,,,,,,,,,,,,,,,,,,,,,,,,,,,,,,,,,,,,,,,monte_carlo,default,False,,,True,0.7,,,0.06,False,0.03,0.09,False,close,,0.1,1.5,,10.0,8.0,0.2,100.0,1.0,0.0,2.0,,200.0,SPY,,0.05,0.05,False,0.14,0.05,0.04,20.0,,,1.0,86113.09679422033,-0.15411877307053096,77094.68922950632,95177.1203406473,-0.23283689594819196,0.01,,,190.0,,,,-0.15260924400151532,-0.17868957526608995,-0.203508200848889,,85786.1227842458,,,,,,,False,True,,,,,,,,,,,,,,,,,,,,,,,,,,,,,,,,,,,,,,,,,,,,,mixed18,,,,,,,,,,,1000_sims,,,,
20260916_182424_robustness_stockbot-robustness-smok_617a6c,2026-09-16 18:24:24,2026-09-16T23:24:24Z,robustness,stockbot-robustness-smoke,stockbot_momentum,2025-01-02,2025-02-03,,,,True,18,AAPL|AMD|AMZN|CLSK|COIN|GOOGL|IONQ|LCID|MARA|META|MSFT|MSTR|NVDA|PLTR|RIOT|RIVN|SMCI|TSLA,d848afd031,5Min,,100000.0,zero,0.027454315000000395,,0.5271786354922665,,,,,72.0,,,,0.0,,,,,,,52.4,617a6c20f7c8,3ca1ad03e30a,3.14.7,,,,,,,,,,,,,,zero,,,,,,,,,,,,,,,,,,,,,,,,,,,cost_sensitivity,default,False,,,True,0.7,,,0.06,False,0.03,0.09,False,close,,0.1,1.5,,10.0,8.0,0.2,100.0,1.0,0.0,2.0,,200.0,SPY,,0.05,0.05,False,0.14,0.05,0.04,20.0,,-0.14109990219679347,1.0,,,,,,,,,,,,,,,,,,,,,,,,False,True,,,,,,,,,,,,,,,,,,,,,,,,,,,,,,,,,,,,,,,,,,,,,mixed18,,,,,,,,,,,zero,,,,
20260916_182424_robustness_stockbot-robustness-smok_617a6c,2026-09-16 18:24:24,2026-09-16T23:24:24Z,robustness,stockbot-robustness-smoke,stockbot_momentum,2025-01-02,2025-02-03,,,,True,18,AAPL|AMD|AMZN|CLSK|COIN|GOOGL|IONQ|LCID|MARA|META|MSFT|MSTR|NVDA|PLTR|RIOT|RIVN|SMCI|TSLA,d848afd031,5Min,,100000.0,large_cap_rth,-0.02070520744066162,,-0.004436975228050923,,,,,73.0,,,,2615.438744066152,,,,,,,52.44,617a6c20f7c8,3ca1ad03e30a,3.14.7,,,,,,,,,,,,,,large_cap_rth,,,,,,,,,,,,,,,,,,,,,,,,,,,cost_sensitivity,default,False,,,True,0.7,,,0.06,False,0.03,0.09,False,close,,0.1,1.5,,10.0,8.0,0.2,100.0,1.0,0.0,2.0,,200.0,SPY,,0.05,0.05,False,0.14,0.05,0.04,20.0,,-0.13670820262728178,1.0,,,,,,,,,,,,,,,,,,,,,,,,False,True,,,,,,,,,,,,,,,,,,,,,,,,,,,,,,,,,,,,,,,,,,,,,mixed18,,,,,,,,,,,large_cap_rth,,,,
20260916_182424_robustness_stockbot-robustness-smok_617a6c,2026-09-16 18:24:24,2026-09-16T23:24:24Z,robustness,stockbot-robustness-smoke,stockbot_momentum,2025-01-02,2025-02-03,,,,True,18,AAPL|AMD|AMZN|CLSK|COIN|GOOGL|IONQ|LCID|MARA|META|MSFT|MSTR|NVDA|PLTR|RIOT|RIVN|SMCI|TSLA,d848afd031,5Min,,100000.0,realistic,-0.04149647973604664,,-0.19977490218395158,,,,,73.0,,,,5434.494673604652,,,,,,,52.48,617a6c20f7c8,3ca1ad03e30a,3.14.7,,,,,,,,,,,,,,realistic,,,,,,,,,,,,,,,,,,,,,,,,,,,cost_sensitivity,default,False,,,True,0.7,,,0.06,False,0.03,0.09,False,close,,0.1,1.5,,10.0,8.0,0.2,100.0,1.0,0.0,2.0,,200.0,SPY,,0.05,0.05,False,0.14,0.05,0.04,20.0,,-0.14932763720806974,1.0,,,,,,,,,,,,,,,,,,,,,,,,False,True,,,,,,,,,,,,,,,,,,,,,,,,,,,,,,,,,,,,,,,,,,,,,mixed18,,,,,,,,,,,realistic,,,,
20260916_182424_robustness_stockbot-robustness-smok_617a6c,2026-09-16 18:24:24,2026-09-16T23:24:24Z,robustness,stockbot-robustness-smoke,stockbot_momentum,2025-01-02,2025-02-03,,,,True,18,AAPL|AMD|AMZN|CLSK|COIN|GOOGL|IONQ|LCID|MARA|META|MSFT|MSTR|NVDA|PLTR|RIOT|RIVN|SMCI|TSLA,d848afd031,5Min,,100000.0,pessimistic,-0.10511069991527222,,-1.0800578515641055,,,,,66.0,,,,12902.652591527203,,,,,,,52.51,617a6c20f7c8,3ca1ad03e30a,3.14.7,,,,,,,,,,,,,,pessimistic,,,,,,,,,,,,,,,,,,,,,,,,,,,cost_sensitivity,default,False,,,True,0.7,,,0.06,False,0.03,0.09,False,close,,0.1,1.5,,10.0,8.0,0.2,100.0,1.0,0.0,2.0,,200.0,SPY,,0.05,0.05,False,0.14,0.05,0.04,20.0,,-0.18116907889708356,1.0,,,,,,,,,,,,,,,,,,,,,,,,False,True,,,,,,,,,,,,,,,,,,,,,,,,,,,,,,,,,,,,,,,,,,,,,mixed18,,,,,,,,,,,pessimistic,,,,
20260916_182424_robustness_stockbot-robustness-smok_617a6c,2026-09-16 18:24:24,2026-09-16T23:24:24Z,robustness,stockbot-robustness-smoke,stockbot_momentum,2025-01-02,2025-02-03,,,,True,18,AAPL|AMD|AMZN|CLSK|COIN|GOOGL|IONQ|LCID|MARA|META|MSFT|MSTR|NVDA|PLTR|RIOT|RIVN|SMCI|TSLA,d848afd031,5Min,,100000.0,varies,-0.04387028842528384,,-0.34556641301317725,,,,,110.0,,,,,,,,,,,134.59,617a6c20f7c8,3ca1ad03e30a,3.14.7,,,,,,,,,,,,,,,,,,,,,,,,,,,,,,,,,,,,,,,,,sensitivity_min_confidence,default,False,,,True,0.7,,,0.06,False,0.03,0.09,False,close,,0.1,1.5,,10.0,8.0,0.2,100.0,1.0,0.0,2.0,,200.0,SPY,,0.05,0.05,False,0.14,0.05,0.04,20.0,,-0.14836313386792732,1.0,,,,,,,,,,,,,,,,,,,,0.4,,,,False,True,,,,,,,,,,,,,,,,,,,,,,,,,,,,,,,,,,,,,,,,,,,,,mixed18,,,,,,,,,,,min_confidence=0.4,,,,
20260916_182424_robustness_stockbot-robustness-smok_617a6c,2026-09-16 18:24:24,2026-09-16T23:24:24Z,robustness,stockbot-robustness-smoke,stockbot_momentum,2025-01-02,2025-02-03,,,,True,18,AAPL|AMD|AMZN|CLSK|COIN|GOOGL|IONQ|LCID|MARA|META|MSFT|MSTR|NVDA|PLTR|RIOT|RIVN|SMCI|TSLA,d848afd031,5Min,,100000.0,varies,-0.04387028842528384,,-0.34556641301317725,,,,,110.0,,,,,,,,,,,134.63,617a6c20f7c8,3ca1ad03e30a,3.14.7,,,,,,,,,,,,,,,,,,,,,,,,,,,,,,,,,,,,,,,,,sensitivity_min_confidence,default,False,,,True,0.7,,,0.06,False,0.03,0.09,False,close,,0.1,1.5,,10.0,8.0,0.2,100.0,1.0,0.0,2.0,,200.0,SPY,,0.05,0.05,False,0.14,0.05,0.04,20.0,,-0.14836313386792732,1.0,,,,,,,,,,,,,,,,,,,,0.45,,,,False,True,,,,,,,,,,,,,,,,,,,,,,,,,,,,,,,,,,,,,,,,,,,,,mixed18,,,,,,,,,,,min_confidence=0.45,,,,
20260916_182424_robustness_stockbot-robustness-smok_617a6c,2026-09-16 18:24:24,2026-09-16T23:24:24Z,robustness,stockbot-robustness-smoke,stockbot_momentum,2025-01-02,2025-02-03,,,,True,18,AAPL|AMD|AMZN|CLSK|COIN|GOOGL|IONQ|LCID|MARA|META|MSFT|MSTR|NVDA|PLTR|RIOT|RIVN|SMCI|TSLA,d848afd031,5Min,,100000.0,varies,-0.04149647973604664,,-0.19977490218395158,,,,,73.0,,,,,,,,,,,134.67,617a6c20f7c8,3ca1ad03e30a,3.14.7,,,,,,,,,,,,,,,,,,,,,,,,,,,,,,,,,,,,,,,,,sensitivity_min_confidence,default,False,,,True,0.7,,,0.06,False,0.03,0.09,False,close,,0.1,1.5,,10.0,8.0,0.2,100.0,1.0,0.0,2.0,,200.0,SPY,,0.05,0.05,False,0.14,0.05,0.04,20.0,,-0.14932763720806974,1.0,,,,,,,,,,,,,,,,,,,,0.49,,,,False,True,,,,,,,,,,,,,,,,,,,,,,,,,,,,,,,,,,,,,,,,,,,,,mixed18,,,,,,,,,,,min_confidence=0.49,,,,
20260916_182424_robustness_stockbot-robustness-smok_617a6c,2026-09-16 18:24:24,2026-09-16T23:24:24Z,robustness,stockbot-robustness-smoke,stockbot_momentum,2025-01-02,2025-02-03,,,,True,18,AAPL|AMD|AMZN|CLSK|COIN|GOOGL|IONQ|LCID|MARA|META|MSFT|MSTR|NVDA|PLTR|RIOT|RIVN|SMCI|TSLA,d848afd031,5Min,,100000.0,varies,0.0,,0.0,,,,,0.0,,,,,,,,,,,134.71,617a6c20f7c8,3ca1ad03e30a,3.14.7,,,,,,,,,,,,,,,,,,,,,,,,,,,,,,,,,,,,,,,,,sensitivity_min_confidence,default,False,,,True,0.7,,,0.06,False,0.03,0.09,False,close,,0.1,1.5,,10.0,8.0,0.2,100.0,1.0,0.0,2.0,,200.0,SPY,,0.05,0.05,False,0.14,0.05,0.04,20.0,,0.0,1.0,,,,,,,,,,,,,,,,,,,,0.55,,,,False,True,,,,,,,,,,,,,,,,,,,,,,,,,,,,,,,,,,,,,,,,,,,,,mixed18,,,,,,,,,,,min_confidence=0.55,,,,
20260916_182424_robustness_stockbot-robustness-smok_617a6c,2026-09-16 18:24:24,2026-09-16T23:24:24Z,robustness,stockbot-robustness-smoke,stockbot_momentum,2025-01-02,2025-02-03,,,,True,18,AAPL|AMD|AMZN|CLSK|COIN|GOOGL|IONQ|LCID|MARA|META|MSFT|MSTR|NVDA|PLTR|RIOT|RIVN|SMCI|TSLA,d848afd031,5Min,,100000.0,varies,0.0,,0.0,,,,,0.0,,,,,,,,,,,134.74,617a6c20f7c8,3ca1ad03e30a,3.14.7,,,,,,,,,,,,,,,,,,,,,,,,,,,,,,,,,,,,,,,,,sensitivity_min_confidence,default,False,,,True,0.7,,,0.06,False,0.03,0.09,False,close,,0.1,1.5,,10.0,8.0,0.2,100.0,1.0,0.0,2.0,,200.0,SPY,,0.05,0.05,False,0.14,0.05,0.04,20.0,,0.0,1.0,,,,,,,,,,,,,,,,,,,,0.6,,,,False,True,,,,,,,,,,,,,,,,,,,,,,,,,,,,,,,,,,,,,,,,,,,,,mixed18,,,,,,,,,,,min_confidence=0.6,,,,
20260916_182424_robustness_stockbot-robustness-smok_617a6c,2026-09-16 18:24:24,2026-09-16T23:24:24Z,robustness,stockbot-robustness-smoke,stockbot_momentum,2025-01-02,2025-02-03,,,,True,18,AAPL|AMD|AMZN|CLSK|COIN|GOOGL|IONQ|LCID|MARA|META|MSFT|MSTR|NVDA|PLTR|RIOT|RIVN|SMCI|TSLA,d848afd031,5Min,,100000.0,varies,0.0,,0.0,,,,,0.0,,,,,,,,,,,134.78,617a6c20f7c8,3ca1ad03e30a,3.14.7,,,,,,,,,,,,,,,,,,,,,,,,,,,,,,,,,,,,,,,,,sensitivity_min_confidence,default,False,,,True,0.7,,,0.06,False,0.03,0.09,False,close,,0.1,1.5,,10.0,8.0,0.2,100.0,1.0,0.0,2.0,,200.0,SPY,,0.05,0.05,False,0.14,0.05,0.04,20.0,,0.0,1.0,,,,,,,,,,,,,,,,,,,,0.65,,,,False,True,,,,,,,,,,,,,,,,,,,,,,,,,,,,,,,,,,,,,,,,,,,,,mixed18,,,,,,,,,,,min_confidence=0.65,,,,
20260916_182424_robustness_stockbot-robustness-smok_617a6c,2026-09-16 18:24:24,2026-09-16T23:24:24Z,robustness,stockbot-robustness-smoke,stockbot_momentum,2025-01-02,2025-02-03,,,,True,18,AAPL|AMD|AMZN|CLSK|COIN|GOOGL|IONQ|LCID|MARA|META|MSFT|MSTR|NVDA|PLTR|RIOT|RIVN|SMCI|TSLA,d848afd031,5Min,,100000.0,varies,-0.04149647973604664,,-0.19977490218395158,,,,,73.0,,,,,,,,,,,199.7,617a6c20f7c8,3ca1ad03e30a,3.14.7,,,,,,,,,,,,,,,,,,,,,,,,,,,,,,,,,,,,,,,,,sensitivity_rsi_oversold,default,False,,,True,0.7,,,0.06,False,0.03,0.09,False,close,,0.1,1.5,,10.0,8.0,0.2,100.0,1.0,0.0,2.0,,200.0,SPY,,0.05,0.05,False,0.14,0.05,0.04,20.0,,-0.14932763720806974,1.0,,,,,,,,,,,,,,,,,,,,,,,,False,True,,,,,,,,,,,,,,,,,,,,,,,,,,,,,,,,,,,,,,,,,,,,,mixed18,,25.0,,,,,,,,,rsi_oversold=25.0,,,,
20260916_182424_robustness_stockbot-robustness-smok_617a6c,2026-09-16 18:24:24,2026-09-16T23:24:24Z,robustness,stockbot-robustness-smoke,stockbot_momentum,2025-01-02,2025-02-03,,,,True,18,AAPL|AMD|AMZN|CLSK|COIN|GOOGL|IONQ|LCID|MARA|META|MSFT|MSTR|NVDA|PLTR|RIOT|RIVN|SMCI|TSLA,d848afd031,5Min,,100000.0,varies,-0.04149647973604664,,-0.19977490218395158,,,,,73.0,,,,,,,,,,,199.74,617a6c20f7c8,3ca1ad03e30a,3.14.7,,,,,,,,,,,,,,,,,,,,,,,,,,,,,,,,,,,,,,,,,sensitivity_rsi_oversold,default,False,,,True,0.7,,,0.06,False,0.03,0.09,False,close,,0.1,1.5,,10.0,8.0,0.2,100.0,1.0,0.0,2.0,,200.0,SPY,,0.05,0.05,False,0.14,0.05,0.04,20.0,,-0.14932763720806974,1.0,,,,,,,,,,,,,,,,,,,,,,,,False,True,,,,,,,,,,,,,,,,,,,,,,,,,,,,,,,,,,,,,,,,,,,,,mixed18,,30.0,,,,,,,,,rsi_oversold=30.0,,,,
20260916_182424_robustness_stockbot-robustness-smok_617a6c,2026-09-16 18:24:24,2026-09-16T23:24:24Z,robustness,stockbot-robustness-smoke,stockbot_momentum,2025-01-02,2025-02-03,,,,True,18,AAPL|AMD|AMZN|CLSK|COIN|GOOGL|IONQ|LCID|MARA|META|MSFT|MSTR|NVDA|PLTR|RIOT|RIVN|SMCI|TSLA,d848afd031,5Min,,100000.0,varies,-0.04149647973604664,,-0.19977490218395158,,,,,73.0,,,,,,,,,,,199.78,617a6c20f7c8,3ca1ad03e30a,3.14.7,,,,,,,,,,,,,,,,,,,,,,,,,,,,,,,,,,,,,,,,,sensitivity_rsi_oversold,default,False,,,True,0.7,,,0.06,False,0.03,0.09,False,close,,0.1,1.5,,10.0,8.0,0.2,100.0,1.0,0.0,2.0,,200.0,SPY,,0.05,0.05,False,0.14,0.05,0.04,20.0,,-0.14932763720806974,1.0,,,,,,,,,,,,,,,,,,,,,,,,False,True,,,,,,,,,,,,,,,,,,,,,,,,,,,,,,,,,,,,,,,,,,,,,mixed18,,35.0,,,,,,,,,rsi_oversold=35.0,,,,
20260916_182424_robustness_stockbot-robustness-smok_617a6c,2026-09-16 18:24:24,2026-09-16T23:24:24Z,robustness,stockbot-robustness-smoke,stockbot_momentum,2025-01-02,2025-02-03,,,,True,18,AAPL|AMD|AMZN|CLSK|COIN|GOOGL|IONQ|LCID|MARA|META|MSFT|MSTR|NVDA|PLTR|RIOT|RIVN|SMCI|TSLA,d848afd031,5Min,,100000.0,varies,-0.039521566611434356,,-0.1781257525956262,,,,,73.0,,,,,,,,,,,199.82,617a6c20f7c8,3ca1ad03e30a,3.14.7,,,,,,,,,,,,,,,,,,,,,,,,,,,,,,,,,,,,,,,,,sensitivity_rsi_oversold,default,False,,,True,0.7,,,0.06,False,0.03,0.09,False,close,,0.1,1.5,,10.0,8.0,0.2,100.0,1.0,0.0,2.0,,200.0,SPY,,0.05,0.05,False,0.14,0.05,0.04,20.0,,-0.14932763720806974,1.0,,,,,,,,,,,,,,,,,,,,,,,,False,True,,,,,,,,,,,,,,,,,,,,,,,,,,,,,,,,,,,,,,,,,,,,,mixed18,,40.0,,,,,,,,,rsi_oversold=40.0,,,,
20260916_182424_robustness_stockbot-robustness-smok_617a6c,2026-09-16 18:24:24,2026-09-16T23:24:24Z,robustness,stockbot-robustness-smoke,stockbot_momentum,2025-01-02,2025-02-03,,,,True,18,AAPL|AMD|AMZN|CLSK|COIN|GOOGL|IONQ|LCID|MARA|META|MSFT|MSTR|NVDA|PLTR|RIOT|RIVN|SMCI|TSLA,d848afd031,5Min,,100000.0,varies,-0.06298964584153188,,-0.4944353022557446,,,,,74.0,,,,,,,,,,,199.85,617a6c20f7c8,3ca1ad03e30a,3.14.7,,,,,,,,,,,,,,,,,,,,,,,,,,,,,,,,,,,,,,,,,sensitivity_rsi_oversold,default,False,,,True,0.7,,,0.06,False,0.03,0.09,False,close,,0.1,1.5,,10.0,8.0,0.2,100.0,1.0,0.0,2.0,,200.0,SPY,,0.05,0.05,False,0.14,0.05,0.04,20.0,,-0.14591614241612993,1.0,,,,,,,,,,,,,,,,,,,,,,,,False,True,,,,,,,,,,,,,,,,,,,,,,,,,,,,,,,,,,,,,,,,,,,,,mixed18,,45.0,,,,,,,,,rsi_oversold=45.0,,,,
20260916_182424_robustness_stockbot-robustness-smok_617a6c,2026-09-16 18:24:24,2026-09-16T23:24:24Z,robustness,stockbot-robustness-smoke,stockbot_momentum,2025-01-02,2025-02-03,,,,True,18,AAPL|AMD|AMZN|CLSK|COIN|GOOGL|IONQ|LCID|MARA|META|MSFT|MSTR|NVDA|PLTR|RIOT|RIVN|SMCI|TSLA,d848afd031,5Min,,100000.0,varies,-0.0322161612315659,,-0.21374609654043034,,,,,99.0,,,,,,,,,,,265.3,617a6c20f7c8,3ca1ad03e30a,3.14.7,,,,,,,,,,,,,,,,,,,,,,,,,,,,,,,,,,,,,,,,,sensitivity_volume_surge_mult,default,False,,,True,0.7,,,0.06,False,0.03,0.09,False,close,,0.1,1.5,,10.0,8.0,0.2,100.0,1.0,0.0,2.0,,200.0,SPY,,0.05,0.05,False,0.14,0.05,0.04,20.0,,-0.13097794976410004,1.0,,,,,,,,,,,,,,,,,,,,,,,,False,True,,,,,,,,,,,,,,,,,,,,,,,,,,,,,,,,,,,,,,,,,,,,,mixed18,,,,,,,,,,,volume_surge_mult=1.2,1.2,,,
20260916_182424_robustness_stockbot-robustness-smok_617a6c,2026-09-16 18:24:24,2026-09-16T23:24:24Z,robustness,stockbot-robustness-smoke,stockbot_momentum,2025-01-02,2025-02-03,,,,True,18,AAPL|AMD|AMZN|CLSK|COIN|GOOGL|IONQ|LCID|MARA|META|MSFT|MSTR|NVDA|PLTR|RIOT|RIVN|SMCI|TSLA,d848afd031,5Min,,100000.0,varies,-0.014629302813928935,,0.11050070322697171,,,,,79.0,,,,,,,,,,,265.34,617a6c20f7c8,3ca1ad03e30a,3.14.7,,,,,,,,,,,,,,,,,,,,,,,,,,,,,,,,,,,,,,,,,sensitivity_volume_surge_mult,default,False,,,True,0.7,,,0.06,False,0.03,0.09,False,close,,0.1,1.5,,10.0,8.0,0.2,100.0,1.0,0.0,2.0,,200.0,SPY,,0.05,0.05,False,0.14,0.05,0.04,20.0,,-0.14992031409432893,1.0,,,,,,,,,,,,,,,,,,,,,,,,False,True,,,,,,,,,,,,,,,,,,,,,,,,,,,,,,,,,,,,,,,,,,,,,mixed18,,,,,,,,,,,volume_surge_mult=1.5,1.5,,,
20260916_182424_robustness_stockbot-robustness-smok_617a6c,2026-09-16 18:24:24,2026-09-16T23:24:24Z,robustness,stockbot-robustness-smoke,stockbot_momentum,2025-01-02,2025-02-03,,,,True,18,AAPL|AMD|AMZN|CLSK|COIN|GOOGL|IONQ|LCID|MARA|META|MSFT|MSTR|NVDA|PLTR|RIOT|RIVN|SMCI|TSLA,d848afd031,5Min,,100000.0,varies,-0.04149647973604664,,-0.19977490218395158,,,,,73.0,,,,,,,,,,,265.38,617a6c20f7c8,3ca1ad03e30a,3.14.7,,,,,,,,,,,,,,,,,,,,,,,,,,,,,,,,,,,,,,,,,sensitivity_volume_surge_mult,default,False,,,True,0.7,,,0.06,False,0.03,0.09,False,close,,0.1,1.5,,10.0,8.0,0.2,100.0,1.0,0.0,2.0,,200.0,SPY,,0.05,0.05,False,0.14,0.05,0.04,20.0,,-0.14932763720806974,1.0,,,,,,,,,,,,,,,,,,,,,,,,False,True,,,,,,,,,,,,,,,,,,,,,,,,,,,,,,,,,,,,,,,,,,,,,mixed18,,,,,,,,,,,volume_surge_mult=1.8,1.8,,,
20260916_182424_robustness_stockbot-robustness-smok_617a6c,2026-09-16 18:24:24,2026-09-16T23:24:24Z,robustness,stockbot-robustness-smoke,stockbot_momentum,2025-01-02,2025-02-03,,,,True,18,AAPL|AMD|AMZN|CLSK|COIN|GOOGL|IONQ|LCID|MARA|META|MSFT|MSTR|NVDA|PLTR|RIOT|RIVN|SMCI|TSLA,d848afd031,5Min,,100000.0,varies,-0.059023870073553586,,-0.6216439964216198,,,,,64.0,,,,,,,,,,,265.42,617a6c20f7c8,3ca1ad03e30a,3.14.7,,,,,,,,,,,,,,,,,,,,,,,,,,,,,,,,,,,,,,,,,sensitivity_volume_surge_mult,default,False,,,True,0.7,,,0.06,False,0.03,0.09,False,close,,0.1,1.5,,10.0,8.0,0.2,100.0,1.0,0.0,2.0,,200.0,SPY,,0.05,0.05,False,0.14,0.05,0.04,20.0,,-0.14626488430399043,1.0,,,,,,,,,,,,,,,,,,,,,,,,False,True,,,,,,,,,,,,,,,,,,,,,,,,,,,,,,,,,,,,,,,,,,,,,mixed18,,,,,,,,,,,volume_surge_mult=2.1,2.1,,,
20260916_182424_robustness_stockbot-robustness-smok_617a6c,2026-09-16 18:24:24,2026-09-16T23:24:24Z,robustness,stockbot-robustness-smoke,stockbot_momentum,2025-01-02,2025-02-03,,,,True,18,AAPL|AMD|AMZN|CLSK|COIN|GOOGL|IONQ|LCID|MARA|META|MSFT|MSTR|NVDA|PLTR|RIOT|RIVN|SMCI|TSLA,d848afd031,5Min,,100000.0,varies,-0.05694097517855179,,-0.7371151980795618,,,,,58.0,,,,,,,,,,,265.46,617a6c20f7c8,3ca1ad03e30a,3.14.7,,,,,,,,,,,,,,,,,,,,,,,,,,,,,,,,,,,,,,,,,sensitivity_volume_surge_mult,default,False,,,True,0.7,,,0.06,False,0.03,0.09,False,close,,0.1,1.5,,10.0,8.0,0.2,100.0,1.0,0.0,2.0,,200.0,SPY,,0.05,0.05,False,0.14,0.05,0.04,20.0,,-0.1326335723271258,1.0,,,,,,,,,,,,,,,,,,,,,,,,False,True,,,,,,,,,,,,,,,,,,,,,,,,,,,,,,,,,,,,,,,,,,,,,mixed18,,,,,,,,,,,volume_surge_mult=2.5,2.5,,,
20260916_182424_robustness_stockbot-robustness-smok_617a6c,2026-09-16 18:24:24,2026-09-16T23:24:24Z,robustness,stockbot-robustness-smoke,stockbot_momentum,2025-01-02 09:00:00+00:00,2025-02-01 00:55:00+00:00,,,,True,18,AAPL|AMD|AMZN|CLSK|COIN|GOOGL|IONQ|LCID|MARA|META|MSFT|MSTR|NVDA|PLTR|RIOT|RIVN|SMCI|TSLA,d848afd031,5Min,,100000.0,REALISTIC,-0.04149647973604664,-0.4065843695912429,-0.19977490218395158,-0.22582579281310436,-2.7227670456254356,-0.14932763720806974,25.260416666666668,73.0,0.410958904109589,0.8574733661270216,-56.84449278910498,5434.494673604652,,,,,,,278.49,617a6c20f7c8,3ca1ad03e30a,3.14.7,,,165.05479452054794,74.44513251513223,-677.0905803656683,,832.1748994039692,,,,3014.1862201146573,,,,46.0,0.0,300.0,3840.0,0.0,0.0,1.0,24.0,0.0,30.0,0.0,0.0,0.0,0.0,41.0,0.0,0.999967891257687,0.0,0.0,0.0,127.0,,,95850.35202639534,"{""end_of_backtest"": 3, ""max_hold_day"": 35, ""stop_loss"": 20, ""take_profit"": 3, ""trailing_stop"": 12}",,news_ablation,default,False,,,True,0.7,,,0.06,False,0.03,0.09,False,close,,0.1,1.5,,10.0,8.0,0.2,100.0,1.0,0.0,2.0,,200.0,SPY,,0.05,0.05,False,0.14,0.05,0.04,20.0,,,1.0,,,,,,,,,,,,,,,,,,,97.0,,,,,False,True,,,,,0.5,14.0,,,,,,,0.6,0.49,20.0,0.015,0.45,0.55,,,72.0,35.0,,,,False,,,,,True,,1.8,,,,,,,,80.0,,,1284.8466999999891,mixed18,,,100000.0,27.0,,,,,0.0,5434.494673604652,news_on_buggy,,,,-1450.8935117035635
20260916_182424_robustness_stockbot-robustness-smok_617a6c,2026-09-16 18:24:24,2026-09-16T23:24:24Z,robustness,stockbot-robustness-smoke,stockbot_momentum,2025-01-02 09:00:00+00:00,2025-02-01 00:55:00+00:00,,,,True,18,AAPL|AMD|AMZN|CLSK|COIN|GOOGL|IONQ|LCID|MARA|META|MSFT|MSTR|NVDA|PLTR|RIOT|RIVN|SMCI|TSLA,d848afd031,5Min,,100000.0,REALISTIC,-0.04149647973604664,-0.4065843695912429,-0.19977490218395158,-0.22582579281310436,-2.7227670456254356,-0.14932763720806974,25.260416666666668,73.0,0.410958904109589,0.8574733661270216,-56.84449278910498,5434.494673604652,,,,,,,291.53,617a6c20f7c8,3ca1ad03e30a,3.14.7,,,165.05479452054794,74.44513251513223,-677.0905803656683,,832.1748994039692,,,,3014.1862201146573,,,,46.0,0.0,300.0,3840.0,0.0,0.0,1.0,24.0,0.0,30.0,0.0,0.0,0.0,0.0,41.0,0.0,0.999967891257687,0.0,0.0,0.0,127.0,,,95850.35202639534,"{""end_of_backtest"": 3, ""max_hold_day"": 35, ""stop_loss"": 20, ""take_profit"": 3, ""trailing_stop"": 12}",,news_ablation,default,False,,,True,0.7,,,0.06,False,0.03,0.09,False,close,,0.1,1.5,,10.0,8.0,0.2,100.0,1.0,0.0,2.0,,200.0,SPY,,0.05,0.05,False,0.14,0.05,0.04,20.0,,,1.0,,,,,,,,,,,,,,,,,,,97.0,,,,,False,True,,,,,0.5,14.0,,,,,,,0.6,0.49,20.0,0.015,0.45,0.55,,,72.0,35.0,,,,True,,,,,True,,1.8,,,,,,,,80.0,,,1284.8466999999891,mixed18,,,100000.0,27.0,,,,,0.0,5434.494673604652,news_on_fixed,,,,-1450.8935117035635
20260916_182424_robustness_stockbot-robustness-smok_617a6c,2026-09-16 18:24:24,2026-09-16T23:24:24Z,robustness,stockbot-robustness-smoke,stockbot_momentum,2025-01-02 09:00:00+00:00,2025-02-01 00:55:00+00:00,,,,True,18,AAPL|AMD|AMZN|CLSK|COIN|GOOGL|IONQ|LCID|MARA|META|MSFT|MSTR|NVDA|PLTR|RIOT|RIVN|SMCI|TSLA,d848afd031,5Min,,100000.0,REALISTIC,-0.04149647973604664,-0.4065843695912429,-0.19977490218395158,-0.22582579281310436,-2.7227670456254356,-0.14932763720806974,25.260416666666668,73.0,0.410958904109589,0.8574733661270216,-56.84449278910498,5434.494673604652,,,,,,,304.6,617a6c20f7c8,3ca1ad03e30a,3.14.7,,,165.05479452054794,74.44513251513223,-677.0905803656683,,832.1748994039692,,,,3014.1862201146573,,,,46.0,0.0,300.0,3840.0,0.0,0.0,1.0,24.0,0.0,30.0,0.0,0.0,0.0,0.0,41.0,0.0,0.999967891257687,0.0,0.0,0.0,127.0,,,95850.35202639534,"{""end_of_backtest"": 3, ""max_hold_day"": 35, ""stop_loss"": 20, ""take_profit"": 3, ""trailing_stop"": 12}",,news_ablation,default,False,,,True,0.7,,,0.06,False,0.03,0.09,False,close,,0.1,1.5,,10.0,8.0,0.2,100.0,1.0,0.0,2.0,,200.0,SPY,,0.05,0.05,False,0.14,0.05,0.04,20.0,,,1.0,,,,,,,,,,,,,,,,,,,97.0,,,,,False,True,,,,,0.5,14.0,,,,,,,0.6,0.49,20.0,0.015,0.45,0.55,,,72.0,35.0,,,,False,,,,,False,,1.8,,,,,,,,80.0,,,1284.8466999999891,mixed18,,,100000.0,27.0,,,,,0.0,5434.494673604652,news_off,,,,-1450.8935117035635
20260916_182424_robustness_stockbot-robustness-smok_617a6c,2026-09-16 18:24:24,2026-09-16T23:24:24Z,robustness,stockbot-robustness-smoke,stockbot_momentum,2025-01-02,2025-02-03,,,,True,18,AAPL|AMD|AMZN|CLSK|COIN|GOOGL|IONQ|LCID|MARA|META|MSFT|MSTR|NVDA|PLTR|RIOT|RIVN|SMCI|TSLA,d848afd031,5Min,,100000.0,REALISTIC,,,,,,,,,,,,,,,,,,,317.7,617a6c20f7c8,3ca1ad03e30a,3.14.7,,,,,,,,,,,,,,,,,,,,,,,,,,,,,,,,,,,,,,,,,monte_carlo,default,False,,,True,0.7,,,0.06,False,0.03,0.09,False,close,,0.1,1.5,,10.0,8.0,0.2,100.0,1.0,0.0,2.0,,200.0,SPY,,0.05,0.05,False,0.14,0.05,0.04,20.0,,,1.0,95693.62399596299,-0.10137827857564888,82048.02790215996,110336.45304445128,-0.20637209145525628,0.308,,,73.0,,,,-0.09863093101196782,-0.13702765267758438,-0.19278508954919796,,95850.35202639534,,,,,,,False,True,,,,,,,,,,,,,,,,,,,,,,,,,,,,,,,,,,,,,,,,,,,,,mixed18,,,,,,,,,,,1000_sims,,,,
20260916_183508_single_entry-style-smoke_d01db4,2026-09-16 18:35:08,2026-09-16T23:35:08Z,single,entry-style-smoke,trendbot,2025-01-02 09:00:00+00:00,2025-01-31 00:00:00+00:00,,,,True,18,AAPL|AMD|AMZN|CLSK|COIN|GOOGL|IONQ|LCID|MARA|META|MSFT|MSTR|NVDA|PLTR|RIOT|RIVN|SMCI|TSLA,d848afd031,5Min,,100000.0,REALISTIC,-0.10078878362083643,-0.74219962282784,-3.424396862648097,-3.4705091753866104,-5.495306741147847,-0.1350606358823222,24.40972222222222,211.0,0.27014218009478674,0.5827761479936511,-47.76719602883333,10067.395062083844,0.028390840327427336,-0.6261566003487843,0.41697163662616377,-4.238643542103009,0.0003168407714371028,22.0,41.11,d01db41eedde,2da79ea9db6d,3.14.7,,,40.91943127962085,47.71277280608457,-156.86366389824119,,246.98466453061954,,-0.04088210347752341,1.4861274069595656,1630.5621173728468,,0.26881143648014477,,0.0,0.0,300.0,3637.0,0.0,0.0,0.0,12.0,0.0,61.0,0.0,0.0,0.0,0.0,34.0,0.0,0.999999187470398,0.0,0.0,0.0,292.0,,,89921.12163791635,"{""end_of_backtest"": 1, ""stop_loss"": 4, ""trailing_stop"": 8, ""trend_died"": 198}",,,default,False,,,True,0.7,,,0.06,False,0.03,0.09,False,close,,0.1,1.5,,10.0,8.0,0.2,100.0,1.0,0.0,2.0,,200.0,SPY,,0.05,0.05,False,0.14,0.05,0.04,20.0,,,1.0,,,,,,,,,,,,,,,,,,,33.0,,,,,False,True,15.0,20.0,14.0,20.0,,14.0,0.0,20.0,20.0,50.0,pullback,True,0.6,0.5,,,,,1.0,75.0,,,14.0,60.0,40.0,,2.0,10.0,,1.0,True,20.0,,0.0,2.0,0.1,0.2,0.3,0.25,0.15,65.0,,,-11.483299999989868,mixed18,,,100000.0,211.0,,,,,0.0,10067.395062083844,,,,,-1050.1947607952866
20260916_210202_single_timing-probe_90ae2b,2026-09-16 21:02:02,2026-09-17T02:02:02Z,single,timing-probe,trendbot,2024-08-19 08:00:00+00:00,2024-11-16 00:55:00+00:00,,,,True,18,AAPL|AMD|AMZN|CLSK|COIN|GOOGL|IONQ|LCID|MARA|META|MSFT|MSTR|NVDA|PLTR|RIOT|RIVN|SMCI|TSLA,d848afd031,5Min,,100000.0,REALISTIC,-0.14323908546865538,-0.4708927197695747,-1.2381469173970319,-1.2361985144237149,-2.2795078417205943,-0.20657648600767275,87.64236111111111,546.0,0.34798534798534797,0.7808722535431843,-26.234264737848886,24865.837346865417,0.06193724924658417,-0.3019389664783622,0.725253784534468,-1.8461251993629113,,,186.1,90ae2be76d85,9f4ce9e10980,3.14.7,,,53.782051282051285,45.54182664261065,-183.6175418948231,,268.65229667206063,,-0.04650276694184874,1.2752427359351215,2475.638868196266,,0.303501246686259,,0.0,0.0,300.0,12288.0,0.0,0.0,0.0,34.0,0.0,86.0,0.0,0.0,0.0,0.0,82.0,0.0,0.9999959420955611,0.0,0.0,0.0,682.0,,,85676.09145313446,"{""end_of_backtest"": 3, ""stop_loss"": 12, ""take_profit"": 5, ""trailing_stop"": 20, ""trend_died"": 506}",,,default,False,,,True,0.7,,,0.06,False,0.03,0.09,False,close,,0.1,1.5,,10.0,8.0,0.2,100.0,1.0,0.0,2.0,,200.0,SPY,,0.05,0.05,False,0.14,0.05,0.04,20.0,,,1.0,,,,,,,,,,,,,,,,,,,45.0,,,,,False,True,15.0,20.0,14.0,20.0,,14.0,0.0,20.0,20.0,50.0,breakout,True,0.6,0.5,,,,,1.0,75.0,,,14.0,60.0,40.0,,2.0,10.0,,1.0,True,20.0,,0.0,2.0,0.1,0.2,0.3,0.25,0.15,155.0,,,10541.928799999925,mixed18,,,100000.0,546.0,,,,,0.0,24865.837346865417,,,,,-2444.6227824982407
20260917_175256_single_probe_0f7087,2026-09-17 17:52:56,2026-09-17T22:52:56Z,single,probe,stockbot_momentum,2025-01-02 09:00:00+00:00,2025-01-09 00:55:00+00:00,,,,True,18,AAPL|AMD|AMZN|CLSK|COIN|GOOGL|IONQ|LCID|MARA|META|MSFT|MSTR|NVDA|PLTR|RIOT|RIVN|SMCI|TSLA,d848afd031,5Min,,100000.0,REALISTIC,-0.007238944952156712,-0.3285082721134198,-0.40215352687652905,-0.3408390935006391,-3.2116790367684627,-0.10228552366302435,2.4375,19.0,0.42105263157894735,0.9232070066636058,-38.09971027450928,1523.8813952156727,-0.001416088142852101,-0.08842746128600437,0.9340970915340514,-0.3354218792605194,,,1.62,0f7087e523c1,61dc2624ab84,3.14.7,,,88.47368421052632,80.20428395871961,-856.9608712330788,,1087.8343860435239,,-0.023341815097540186,-0.23717918441878774,3014.1862201146573,,0.34211733995394683,,13.0,0.0,300.0,960.0,0.0,0.0,1.0,8.0,0.0,2.0,0.0,0.0,0.0,0.0,10.0,0.0,0.9998328360207976,0.0,0.0,0.0,29.0,,,99276.10550478433,"{""end_of_backtest"": 2, ""max_hold_day"": 9, ""stop_loss"": 6, ""take_profit"": 1, ""trailing_stop"": 1}",,,default,False,,,True,0.7,,,0.06,False,0.03,0.09,False,close,,0.1,1.5,,10.0,8.0,0.2,100.0,1.0,0.0,2.0,,200.0,SPY,,0.05,0.05,False,0.14,0.05,0.04,20.0,,,1.0,,,,,,,,,,,,,,,,,,,97.0,,,,,False,True,,,,,0.5,14.0,,,,,,,0.6,0.49,20.0,0.015,0.45,0.55,,,72.0,35.0,,,,False,,,,,True,,1.8,,,,,,,,80.0,,,799.9868999999965,mixed18,,,100000.0,6.0,,,,,0.0,1523.8813952156727,,,,,-1379.7835759457141
20260916_125536_single_swing-only_617a6c,2026-09-16 12:55:36,2026-09-16T12:55:36Z,single,swing-only,,2024-08-19 08:00:00+00:00,2026-08-18 23:55:00+00:00,,,,False,18,AAPL|AMD|AMZN|CLSK|COIN|GOOGL|IONQ|LCID|MARA|META|MSFT|MSTR|NVDA|PLTR|RIOT|RIVN|SMCI|TSLA,d848afd031,5Min,,100000.0,REALISTIC,-0.400087933912353,-0.22568700180492673,0.01537328923266336,0.017917452985028,-0.40170070607978614,-0.5618287406248685,644.6180555555555,1211.0,0.47894302229562347,0.9144696242820395,-33.03781452620578,69978.3593912352,,,,,0.001561266968855119,406.0,622.27,617a6c20f7c8,7f7745319a61,3.14.7,H: turnover not selection is the mechanism; DAY trades are the bleed,,314.14533443435175,57.78559817608191,-741.3199961635436,,737.5243520482082,,,,4986.812833333949,,,,0.0,0.0,300.0,96000.0,0.0,0.0,7.0,341.0,0.0,500.0,0.0,0.0,0.0,0.0,658.0,0.0,0.9999982724517141,0.0,0.0,0.0,2052.0,,,59991.2066087647,"{""end_of_backtest"": 2, ""max_hold_swing"": 42, ""stop_loss"": 598, ""take_profit"": 109, ""trailing_stop"": 460}",,,default,False,,,True,0.7,,,0.06,False,0.03,0.09,False,close,,0.1,1.5,,10.0,8.0,0.2,100.0,1.0,0.0,2.0,,200.0,SPY,,0.05,0.05,True,0.14,0.05,0.04,20.0,,,1.0,,,,,,,,,,,,,,,,,,,201.0,,,,,False,True,,,,,0.5,14.0,,,,,,,0.6,0.49,20.0,0.015,0.45,0.55,,,72.0,35.0,,,,False,,,,,True,,1.8,,,,,,,,80.0,,,29969.566,mixed18,,,100000.0,1211.0,,,,,0.0,69978.3593912352,,,,,-3279.008791278288
20260916_141844_single_vol-target-5_617a6c,2026-09-16 14:18:44,2026-09-16T14:18:44Z,single,vol-target-5,,2024-08-19 08:00:00+00:00,2026-08-18 23:55:00+00:00,,,,False,18,AAPL|AMD|AMZN|CLSK|COIN|GOOGL|IONQ|LCID|MARA|META|MSFT|MSTR|NVDA|PLTR|RIOT|RIVN|SMCI|TSLA,d848afd031,5Min,,100000.0,REALISTIC,-0.08964056086186012,-0.045923801220296934,-0.012302436890469259,-0.013809665004704885,-0.18806604843793792,-0.24418974930210147,725.1006944444445,1723.0,0.4724318049912943,0.9614554222522602,-5.202586236904328,45818.46358618614,,,,,0.0012753098471436374,407.0,648.2,617a6c20f7c8,7f7745319a61,3.14.7,H: sizing by trailing vol cuts the tail without cutting the edge,,200.02437608821822,26.59225977143711,-255.84526840917277,,274.69200601689425,,,,2675.4714180299693,,,,1045.0,0.0,300.0,96000.0,0.0,0.0,0.0,8.0,0.0,5.0,0.0,0.0,0.0,0.0,14.0,1701.0,0.9999082543724371,0.0,0.0,0.0,1736.0,,,91035.94391381399,"{""end_of_backtest"": 1, ""max_hold_day"": 734, ""max_hold_swing"": 38, ""stop_loss"": 532, ""take_profit"": 75, ""trailing_stop"": 343}",,,default,False,,,True,0.7,,,0.06,False,0.03,0.09,False,close,,0.1,1.5,,10.0,8.0,0.2,100.0,1.0,0.0,2.0,,200.0,SPY,,0.05,0.05,False,0.14,0.05,0.04,20.0,0.05,,1.0,,,,,,,,,,,,,,,,,,,97.0,,,,,False,True,,,,,0.5,14.0,,,,,,,0.6,0.49,20.0,0.015,0.45,0.55,,,72.0,35.0,,,,False,,,,,True,,1.8,,,,,,,,80.0,,,36854.40749999999,mixed18,,,100000.0,678.0,,,,,0.0,45818.46358618614,,,,,-1385.1890348240843
20260917_185810_single_sync-test_920ff2,2026-09-17 18:58:10,2026-09-17T23:58:10Z,single,sync-test,trendbot,2025-01-02 09:00:00+00:00,2025-01-15 00:00:00+00:00,,,,True,18,AAPL|AMD|AMZN|CLSK|COIN|GOOGL|IONQ|LCID|MARA|META|MSFT|MSTR|NVDA|PLTR|RIOT|RIVN|SMCI|TSLA,d848afd031,5Min,,100000.0,REALISTIC,-0.004078896568003421,-0.11152309664941495,-0.23146165288601053,-0.20657145116164866,-1.2584722150693088,-0.08861784576091969,8.309027777777779,59.0,0.423728813559322,0.9614355755207831,-6.913384013566012,2938.524056800395,-0.011035125893689712,0.02711886720317677,0.4813005524164822,0.5815617188771446,,,12.17,920ff2f1409d,32ce39880231,3.14.7,,,52.96610169491525,49.80549248814229,-311.0834603078706,,406.7579197466881,,-0.04088210347752341,-1.2219003971306313,3191.9071273341674,,0.3221570770144405,,0.0,0.0,300.0,1525.0,0.0,0.0,0.0,0.0,0.0,41.0,0.0,0.0,0.0,0.0,10.0,0.0,0.9999221370019802,0.0,0.0,0.0,100.0,,,99592.11034319966,"{""end_of_backtest"": 1, ""stop_loss"": 3, ""take_profit"": 1, ""trailing_stop"": 1, ""trend_died"": 53}",,,default,False,,,True,0.7,,,0.06,False,0.03,0.09,False,close,,0.1,1.5,,10.0,8.0,0.2,100.0,1.0,0.0,2.0,,200.0,SPY,,0.05,0.05,False,0.14,0.05,0.04,20.0,,,1.0,,,,,,,,,,,,,,,,,,,41.0,,,,,False,True,15.0,20.0,14.0,20.0,,14.0,0.0,20.0,20.0,50.0,breakout,True,0.6,0.5,,,,,1.0,75.0,,,14.0,60.0,40.0,,2.0,10.0,,1.0,True,20.0,,0.0,2.0,0.1,0.2,0.3,0.25,0.15,155.0,,,2530.6344000000017,mixed18,,,100000.0,59.0,,,,,0.0,2938.524056800395,,,,,-1277.121882369744
20260918_122104_single_reconcile-live_0f7087,2026-09-18 12:21:04,2026-09-18T17:21:04Z,single,reconcile-live,stockbot_momentum,2026-02-02 09:00:00+00:00,2026-08-18 23:55:00+00:00,,,,False,85,AAPL|ABBV|ACHR|AMAT|AMD|AMT|AMZN|ARCC|ARM|AVGO|BA|BAC|BITF|BTBT|BULL|CAT|CIFR|CLSK|COIN|COP|CORZ|CVX|ENPH|EQIX|FANG|FNGU|GE|GOOGL|GS|HOOD|HUT|IONQ|IREN|IWM|JOBY|JPM|LCID|LLY|LMT|LRCX|MARA|META|MRNA|MRVL|MS|MSFT|MSTR|MU|NFLX|NKE|NVDA|O|ONDS|OXY|PFE|PLTR|QCOM|QQQ|RBLX|RIOT|RIVN|RKLB|RTX|RXRX|SBUX|SLB|SMCI|SNAP|SOFI|SOXL|SPCE|SPOT|SPY|TQQQ|TSLA|TSM|UDOW|UNH|UPRO|V|VLO|WBD|WOLF|WULF|XOM,2aed2e968c,5Min,,100000.0,REALISTIC,-0.3791616687198215,-0.5856410408851866,-0.2970369516420795,-0.3679025912617921,-1.471124141358617,-0.39809083708213344,123.625,843.0,0.4626334519572954,0.7644016727625823,-44.977659397369045,34290.25882998207,0.12302894540343479,-0.2944710788897958,1.2719130695441259,-0.46125918930667825,,,203.42,0f7087e523c1,853ce5c0a96b,3.14.7,"re-run of the orphaned 20260917_233451 run, which crashed writing its ledger row (fe60a7a); universe is the named watchlist preset because the original custom 84-symbol set is unrecoverable from its artifacts",,208.34045077105574,40.67646361800957,-355.26630686101186,,315.4345388104007,,-0.09511112392263121,0.9007663808308823,2627.318952218935,,0.21707489162443797,,517.0,0.0,300.0,26303.0,0.0,0.0,2.0,362.0,0.0,2592.0,0.0,262.0,0.0,0.0,873.0,0.0,0.9999999952834693,0.0,0.0,0.0,4059.0,,,62083.83312801785,"{""end_of_backtest"": 5, ""max_hold_day"": 393, ""max_hold_swing"": 23, ""stop_loss"": 250, ""take_profit"": 23, ""trailing_stop"": 149}",,,default,False,,,True,0.7,,,0.06,False,0.03,0.09,False,close,,0.1,1.5,,10.0,8.0,0.2,100.0,1.0,0.0,2.0,,200.0,SPY,,0.05,0.05,False,0.14,0.05,0.04,20.0,,,1.0,,,,,,,,,,,,,,,,,,,97.0,,,,,False,True,,,,,0.5,14.0,,,,,,,0.6,0.49,20.0,0.015,0.45,0.55,,,72.0,35.0,,,,False,,,,,True,,1.8,,,,,,,,80.0,,,-3625.9080420000264,watchlist,,,100000.0,326.0,,,,,0.0,34290.25882998207,,,,,-1706.4276861070766
20260918_124306_single_reconcile-live-scanwin_1f6852,2026-09-18 12:43:06,2026-09-18T17:43:06Z,single,reconcile-live-scanwin,stockbot_momentum,2026-02-02 09:00:00+00:00,2026-08-18 23:55:00+00:00,,,,False,84,AAPL|ABBV|ACHR|AMAT|AMD|AMT|AMZN|ARCC|ARM|AVGO|BA|BAC|BITF|BTBT|BULL|CAT|CIFR|CLSK|COIN|COP|CORZ|CVX|ENPH|EQIX|FANG|FNGU|GE|GOOGL|GS|HOOD|HUT|IONQ|IREN|JOBY|JPM|LCID|LLY|LMT|LRCX|MARA|META|MRNA|MRVL|MS|MSFT|MSTR|MU|NFLX|NKE|NVDA|O|ONDS|OXY|PFE|PLTR|QCOM|QQQ|RBLX|RIOT|RIVN|RKLB|RTX|RXRX|SBUX|SLB|SMCI|SNAP|SOFI|SOXL|SPCE|SPOT|SPY|TQQQ|TSLA|TSM|UDOW|UNH|UPRO|V|VLO|WBD|WOLF|WULF|XOM,35b324b939,5Min,,100000.0,REALISTIC,-0.21685623130442155,-0.3635054506202874,0.06337082332877718,0.076470306034343,-1.2024202715926005,-0.302311478946397,82.28472222222223,838.0,0.46539379474940334,0.8795434662109021,-25.877831897902283,39733.856290442025,0.12302894540343479,-0.07964711820334448,1.3293867189755346,-0.07502210400735683,,,206.98,1f685279e1d1,3c115f825c0c,3.14.7,,,201.3472553699284,47.415102971887855,-401.8495904760069,,406.0076753918178,,-0.09511112392263121,0.9007663808308823,2800.593004420928,,0.20210262705433885,,515.0,0.0,300.0,26303.0,0.0,0.0,1.0,369.0,0.0,2636.0,0.0,263.0,0.0,0.0,851.0,0.0,0.9999999748347301,0.0,0.0,0.0,4106.0,,,78314.37686955785,"{""end_of_backtest"": 5, ""max_hold_day"": 381, ""max_hold_swing"": 22, ""stop_loss"": 256, ""take_profit"": 34, ""trailing_stop"": 140}",,,default,False,,,True,0.7,,,0.06,False,0.03,0.09,False,close,True,0.1,1.5,,10.0,8.0,0.2,100.0,1.0,0.0,2.0,,200.0,SPY,,0.05,0.05,False,0.14,0.05,0.04,20.0,,,1.0,,,,,,,,,,,,,,,,,,,97.0,,,,,True,True,,,,,0.5,14.0,,,,,,,0.6,0.49,20.0,0.015,0.45,0.55,,,72.0,35.0,,,,False,,,,,False,,1.8,,,,,,,,80.0,,,18048.23315999991,,,,100000.0,323.0,,,,,0.0,39733.856290442025,,,,,-2560.214301132376
20260918_231922_single_swing-only_0f7087,2026-09-18 23:19:22,2026-09-19T04:19:22Z,single,swing-only,stockbot_momentum,2024-08-19 08:00:00+00:00,2026-08-18 23:55:00+00:00,,,,False,18,AAPL|AMD|AMZN|CLSK|COIN|GOOGL|IONQ|LCID|MARA|META|MSFT|MSTR|NVDA|PLTR|RIOT|RIVN|SMCI|TSLA,d848afd031,5Min,,100000.0,REALISTIC,-0.475220960566897,-0.2758514434987399,-0.04984830392887286,-0.05839665135757686,-0.45932314650071643,-0.6005607285421434,644.6180555555555,1350.0,0.4651851851851852,0.9015086770899036,-35.201552634585035,71636.39125668984,0.418159631704476,-0.1221393426046276,1.2795013450613693,-0.22504254111843172,0.0008462739316271327,463.0,776.51,0f7087e523c1,da24f750193e,3.14.7,H: turnover not selection is the mechanism; DAY trades are the bleed,,324.32296296296295,53.063993523473954,-668.2830090618797,,692.6405039585787,,-0.20846397584565102,0.7201080354350623,3530.2965628125958,,0.2944284235657599,,0.0,0.0,300.0,96000.0,0.0,0.0,5.0,381.0,0.0,990.0,0.0,0.0,0.0,0.0,802.0,0.0,0.9999994737321326,0.0,0.0,0.0,2721.0,,,52477.903943310295,"{""end_of_backtest"": 3, ""max_hold_swing"": 48, ""stop_loss"": 688, ""take_profit"": 118, ""trailing_stop"": 493}",,,default,False,,,True,0.7,,,0.06,False,0.03,0.09,False,close,,0.1,1.5,,10.0,8.0,0.2,100.0,1.0,0.0,2.0,,200.0,SPY,,0.05,0.05,True,0.14,0.05,0.04,20.0,,,1.0,,,,,,,,,,,,,,,,,,,202.0,,,,,False,True,,,,,0.5,14.0,,,,,,,0.6,0.49,20.0,0.015,0.45,0.55,,,72.0,35.0,,,,False,,,,,True,,1.8,,,,,,,,80.0,,,24114.295200000037,mixed18,,,100000.0,1350.0,,,,,0.0,71636.39125668984,,,,,-3626.2526332838515
20260918_233221_single_swing-only-noclock_0f7087,2026-09-18 23:32:21,2026-09-19T04:32:21Z,single,swing-only-noclock,stockbot_momentum,2024-08-19 08:00:00+00:00,2026-08-18 23:55:00+00:00,,,,False,18,AAPL|AMD|AMZN|CLSK|COIN|GOOGL|IONQ|LCID|MARA|META|MSFT|MSTR|NVDA|PLTR|RIOT|RIVN|SMCI|TSLA,d848afd031,5Min,,100000.0,REALISTIC,-0.5259706647325657,-0.3117967647248028,-0.09710754038517425,-0.11442578684956943,-0.48918758865157536,-0.6373766873036522,644.6180555555555,1341.0,0.4638329604772558,0.8815541571273445,-39.222271792137676,64032.82337325662,0.418159631704476,-0.144540003878577,1.2868463919869455,-0.2754191124461024,0.0005882813611029559,464.0,1237.38,0f7087e523c1,da24f750193e,3.14.7,"A/B against swing-only. Live DECLARES MAX_HOLD_DAYS_SWING=10 and never enforces it; 242 of 1713 trades (14.1%) ran past it and made +46594 while the other 1471 net -24201. This measures what the clock is actually worth, instead of freezing a guess.",,345.0372856077554,47.75005471532932,-617.6078530276363,,629.3617039447169,,-0.20846397584565102,0.7201080354350623,3322.9323297461365,,0.2974941336874979,,0.0,0.0,300.0,96000.0,0.0,0.0,5.0,362.0,0.0,1024.0,0.0,0.0,0.0,0.0,796.0,0.0,0.9999991297435569,0.0,0.0,0.0,2727.0,,,47402.93352674343,"{""end_of_backtest"": 4, ""stop_loss"": 706, ""take_profit"": 129, ""trailing_stop"": 502}",,,default,False,,,True,0.7,,,0.06,False,0.03,0.09,False,close,,0.1,1.5,,99999.0,8.0,0.2,100.0,1.0,0.0,2.0,,200.0,SPY,,0.05,0.05,True,0.14,0.05,0.04,20.0,,,1.0,,,,,,,,,,,,,,,,,,,202.0,,,,,False,True,,,,,0.5,14.0,,,,,,,0.6,0.49,20.0,0.015,0.45,0.55,,,72.0,35.0,,,,False,,,,,True,,1.8,,,,,,,,80.0,,,11435.756900000004,mixed18,,,100000.0,1341.0,,,,,0.0,64032.82337325662,,,,,-3101.774650696306
20260919_161038_walkforward_wf-trendbot_920ff2,2026-09-19 16:10:38,2026-09-19T21:10:38Z,walkforward,wf-trendbot,trendbot,2024-11-18 09:00:00+00:00,2026-08-18 23:55:00+00:00,,,,False,18,AAPL|AMD|AMZN|CLSK|COIN|GOOGL|IONQ|LCID|MARA|META|MSFT|MSTR|NVDA|PLTR|RIOT|RIVN|SMCI|TSLA,d848afd031,5Min,,100000.0,REALISTIC,-0.6852967105719243,-0.483783154395807,-1.3187395412730625,-1.3967644000252748,-0.6957391246754463,-0.6953513712794086,637.1388888888889,3124.0,0.38060179257362353,0.7105824981881919,-21.936514422916996,70610.10795719273,,,,,6.003707825650482e-06,12.0,15673.6,920ff2f1409d,7f7745319a61,3.14.7,,,85.65685019206146,22.602467335849145,-122.36941599537653,,141.50979721939518,,,,3058.3329859756172,,,,0.0,,,,,,,,,,,,,,,,,,,,,,,31470.32894280757,"{""end_of_backtest"": 49, ""stop_loss"": 270, ""take_profit"": 27, ""trailing_stop"": 121, ""trend_died"": 2657}",,walkforward,default,False,12.0,0.9154380296393945,True,0.7,,,0.06,False,0.03,0.09,False,close,,0.1,1.5,,10.0,8.0,0.2,100.0,1.0,0.0,2.0,,200.0,SPY,,0.05,0.05,False,0.14,0.05,0.04,20.0,,,1.0,,,,,,,,,,,,,,,,,,,66.0,,,,22.0,False,True,,,,,,,,,,,,,,,,,,,,,,,,,,,,,"{""param_donchian_period"": 3, ""param_exit_on_ema_cross"": 2, ""param_min_confidence"": 2}",,,,,,,,,,,,,,0.22727272727272727,2080.436900000026,mixed18,,,100000.0,3124.0,,,,,0.0,70610.10795719273,90/30,,,,-1345.1009565988534
20260919_205947_single_swing-only_d490f8,2026-09-19 20:59:47,2026-09-20T01:59:47Z,single,swing-only,stockbot_momentum,2024-08-19 08:00:00+00:00,2026-08-18 23:55:00+00:00,,,,False,18,AAPL|AMD|AMZN|CLSK|COIN|GOOGL|IONQ|LCID|MARA|META|MSFT|MSTR|NVDA|PLTR|RIOT|RIVN|SMCI|TSLA,d848afd031,5Min,,100000.0,REALISTIC,-0.475220960566897,-0.2758514434987399,-0.04984830392887286,-0.05839665135757686,-0.45932314650071643,-0.6005607285421434,644.6180555555555,1350.0,0.4651851851851852,0.9015086770899036,-35.201552634585035,71636.39125668984,0.418159631704476,-0.1221393426046276,1.2795013450613693,-0.22504254111843172,0.0008406480559558476,466.0,740.02,d490f8677c49,da24f750193e,3.14.7,H: turnover not selection is the mechanism; DAY trades are the bleed,,324.32296296296295,53.063993523473954,-668.2830090618797,,692.6405039585787,,-0.20846397584565102,0.7201080354350623,3530.2965628125958,,0.2944284235657599,,0.0,0.0,300.0,96000.0,0.0,0.0,5.0,381.0,0.0,990.0,0.0,0.0,0.0,0.0,802.0,0.0,0.9999994737321326,0.0,0.0,0.0,2721.0,,,52477.903943310295,"{""end_of_backtest"": 3, ""max_hold_swing"": 48, ""stop_loss"": 688, ""take_profit"": 118, ""trailing_stop"": 493}",,,default,False,,,True,0.7,,,0.06,False,0.03,0.09,False,close,,0.1,1.5,,10.0,8.0,0.2,100.0,1.0,0.0,2.0,,200.0,SPY,,0.05,0.05,True,0.14,0.05,0.04,20.0,,,1.0,,,,,,,,,,,,,,,,,,,202.0,,,,,False,True,,,,,0.5,14.0,,,,,,,0.6,0.49,20.0,0.015,0.45,0.55,,,72.0,35.0,,,,False,,,,,True,,1.8,,,,,,,,80.0,,,24114.295200000037,mixed18,,,100000.0,1350.0,,,,,0.0,71636.39125668984,,,,,-3626.2526332838515
20260919_211536_single_regime-20yr_d490f8,2026-09-19 21:15:36,2026-09-20T02:15:36Z,single,regime-20yr,stockbot_momentum,2016-01-04 05:00:00+00:00,2026-08-18 04:00:00+00:00,,,,False,10,GLD|IWM|QQQ|SPY|TLT|VIXY|XLE|XLF|XLK|XLU,8daf0af6ce,1Day,,100000.0,REALISTIC,-0.18165900540938373,-0.018700153468056757,-0.4094740228660776,-0.1964270137776448,-0.07346607943732272,-0.25454132861425816,3067.0,117.0,0.3162393162393162,0.621854940098,-155.26410718750654,16802.016640938276,3.485294117647058,-0.014245991817005966,-0.02367308785742709,-0.9477437781160154,4.163522687863509e-05,467.0,7.57,d490f8677c49,c9001cd74e58,3.14.7,Re-run under d490f8677c49 to verify the _periods_per_year correction at daily bars. news-off declared explicitly; the original row ran news-off silently.,,2.1538461538461537,143.60697983707928,-600.4937809331079,,807.3946468570365,,-0.33793888166449937,0.8960136978012716,14215.298430428596,,-0.09457208361740314,,113.0,0.0,86400.0,2671.0,0.0,0.0,0.0,0.0,0.0,0.0,0.0,0.0,0.0,0.0,0.0,0.0,0.7866346593627612,0.0,0.0,0.0,117.0,,,81834.09945906163,"{""max_hold_day"": 94, ""max_hold_swing"": 4, ""stop_loss"": 15, ""take_profit"": 2, ""trailing_stop"": 2}",,,default,False,,,True,0.7,,,0.06,False,0.03,0.09,False,close,,0.1,1.5,,10.0,8.0,0.2,100.0,1.0,0.0,2.0,,200.0,SPY,,0.05,0.05,False,0.14,0.05,0.04,20.0,,,1.0,,,,,,,,,,,,,,,,,,,2.0,,,,,True,True,,,,,0.5,14.0,,,,,,,0.6,0.49,20.0,0.015,0.45,0.55,,,72.0,35.0,,,,False,,,,,False,,1.8,,,,,,,,80.0,,,-1363.8838999999894,regime,,,100000.0,4.0,,,,,0.0,16802.016640938276,,,,,-3047.502867971394
20260919_220844_walkforward_wf-regime-daily_501f3f,2026-09-19 22:08:44,2026-09-20T03:08:44Z,walkforward,wf-regime-daily,trendbot,2018-01-03 05:00:00+00:00,2026-08-17 04:00:00+00:00,,,,False,10,GLD|IWM|QQQ|SPY|TLT|VIXY|XLE|XLF|XLK|XLU,8daf0af6ce,1Day,,100000.0,REALISTIC,-0.029121028086945833,-0.003423144336946349,-0.11781578480807256,-0.06425872902139457,-0.04560360359006706,-0.0750630228198007,2174.0,36.0,0.5555555555555556,0.8249647095058308,-80.89174468595851,2825.6428086945043,,,,,0.07947783158373822,4.0,40.6,501f3f38e619,26ad21b0a1bd,3.14.7,"Epoch 2 pilot. Pre-registered n_trials=4, bar OOS Sharpe 0.95. 10.6y is too short to conclude NO edge from a miss.",,21.25,78.49007801929179,-1039.8270259074957,,686.2564802912714,,,,2870.885791818212,,,,0.0,,,,,,,,,,,,,,,,,,,,,,,97087.89719130541,"{""end_of_backtest"": 15, ""max_hold_swing"": 2, ""stop_loss"": 10, ""take_profit"": 1, ""trailing_stop"": 3, ""trend_died"": 5}",,walkforward,default,False,4.0,0.35802455996278515,True,0.7,,,0.06,False,0.03,0.09,True,close,,0.1,1.5,,60.0,8.0,0.2,100.0,1.0,0.0,2.0,,200.0,SPY,,0.05,0.05,False,0.14,0.05,0.04,20.0,,,1.0,,,,,,,,,,,,,,,,,,,20.0,,,,9.0,True,True,,,,,,,,,,,,,,,,,,,,,,,,,,,,,"{""param_donchian_period"": 2, ""param_exit_on_ema_cross"": 2}",,,,,,,,,,,,,,0.4444444444444444,-86.46000000000072,regime,,,100000.0,36.0,,,,,0.0,2825.6428086945043,730/365,,trendbot_daily,,-1845.3882246633596
20260920_062210_audit_d490f8,2026-09-20 06:22:10,2026-09-20T06:22:10Z,audit,,stockbot_momentum,2024-08-19,2026-08-19,,,,False,18,AAPL|AMD|AMZN|CLSK|COIN|GOOGL|IONQ|LCID|MARA|META|MSFT|MSTR|NVDA|PLTR|RIOT|RIVN|SMCI|TSLA,d848afd031,5Min,,100000.0,n/a,,,,,,,,,,,,,,,,,,,0.41,d490f8677c49,7f7745319a61,3.14.7,,,,,,,,,,,,,,,,,,,,,,,,,,,,,,,,,,,,,,,,,,default,False,,,,,,,,,,,,,,,,,,,,,,,,,,,,,,,,,,,,,1.0,,,,,,,,,,,,,,,,,,,,,,,,False,True,,,,,,,,,,,,,,,,,,,,,,,,,,,,,,,,,,,,,,,,,,,,,mixed18,,,,,18.0,16.0,2.0,1648366.0,,,,,,,
20260920_012351_single_swing-only_2ddaed,2026-09-20 01:23:51,2026-09-20T06:23:51Z,single,swing-only,stockbot_momentum,2024-08-19 08:00:00+00:00,2026-08-18 23:55:00+00:00,,,,False,18,AAPL|AMD|AMZN|CLSK|COIN|GOOGL|IONQ|LCID|MARA|META|MSFT|MSTR|NVDA|PLTR|RIOT|RIVN|SMCI|TSLA,d848afd031,5Min,,100000.0,REALISTIC,-0.475220960566897,-0.2758514434987399,-0.04984830392887286,-0.05839665135757686,-0.45932314650071643,-0.6005607285421434,644.6180555555555,1350.0,0.4651851851851852,0.9015086770899036,-35.201552634585035,71636.39125668984,0.418159631704476,-0.1221393426046276,1.2795013450613693,-0.22504254111843172,0.0008350954232382276,469.0,728.65,2ddaed53cdd5,da24f750193e,3.14.7,H: turnover not selection is the mechanism; DAY trades are the bleed,,324.32296296296295,53.063993523473954,-668.2830090618797,,692.6405039585787,,-0.20846397584565102,0.7201080354350623,3530.2965628125958,,0.2944284235657599,,0.0,0.0,300.0,96000.0,0.0,0.0,5.0,381.0,0.0,990.0,0.0,0.0,0.0,0.0,802.0,0.0,0.9999994737321326,0.0,0.0,0.0,2721.0,,,52477.903943310295,"{""end_of_backtest"": 3, ""max_hold_swing"": 48, ""stop_loss"": 688, ""take_profit"": 118, ""trailing_stop"": 493}",,,default,False,,,True,0.7,,,0.06,False,0.03,0.09,False,close,,0.1,1.5,,10.0,8.0,0.2,100.0,1.0,0.0,2.0,,200.0,SPY,,0.05,0.05,True,0.14,0.05,0.04,20.0,,,1.0,,,,,,,,,,,,,,,,,,,202.0,,,,,False,True,,,,,0.5,14.0,,,,,,,0.6,0.49,20.0,0.015,0.45,0.55,,,72.0,35.0,,,,False,,,,,True,,1.8,,,,,,,,80.0,,,24114.295200000037,mixed18,,,100000.0,1350.0,,,,,0.0,71636.39125668984,,,,,-3626.2526332838515
20260920_014137_walkforward_wf-sectors-daily_9d2d41,2026-09-20 01:41:37,2026-09-20T06:41:37Z,walkforward,wf-sectors-daily,trendbot,2001-03-09 14:30:00+00:00,2026-08-17 13:30:00+00:00,,,,False,11,QQQ|SPY|XLB|XLE|XLF|XLI|XLK|XLP|XLU|XLV|XLY,ef18b37c66,1Day,yahoo,100000.0,REALISTIC,0.0540631507827678,0.0020718119975211557,0.07955794756710537,0.04507753800685315,0.01923577546753233,-0.10770618533253962,4764.0,139.0,0.539568345323741,1.1256570866313622,38.89435308112734,12972.191421082161,,,,,0.2581522670285231,4.0,129.38,9d2d41ef98cc,c719e91bb9f5,3.14.7,"Epoch 2. Pre-registered n_trials=4, bar OOS Sharpe 0.53 (0.62 if the voided alpaca pilot is counted). Yahoo bars; alpaca daily rejected for unadjusted splits.",,26.02158273381295,93.32511813728173,-672.2555437393852,-854.8844737988959,645.7422650346314,761.3301168849515,,,2885.686730736291,True,,,0.0,,,,,,,,,,,,,,,,,,,,,,,105406.31507827678,"{""end_of_backtest"": 44, ""max_hold_swing"": 37, ""stop_loss"": 26, ""take_profit"": 3, ""trailing_stop"": 12, ""trend_died"": 17}",29.780354785946862,walkforward,default,False,4.0,-0.11533354362152957,True,0.7,,,0.06,False,0.03,0.09,True,close,,0.1,1.5,,60.0,8.0,0.2,100.0,1.0,0.0,2.0,,200.0,SPY,,0.05,0.05,False,0.14,0.05,0.04,20.0,,,1.0,,,,,,,,,,,,,,,,,,,27.0,,44.0,95.0,26.0,True,True,,,,,,,,,,,,,,,,,,,,,,,,,,,,,"{""param_donchian_period"": 2, ""param_exit_on_ema_cross"": 2}",,,,,,,,,,,,,0.31654676258992803,0.46153846153846156,18378.506499358864,sectors11,1.0769622201615852,,100000.0,139.0,,,,,0.0,12972.191421082161,730/365,,trendbot_daily,0.5473684210526316,-1643.863121077397
20260920_015420_single_swing-only_394169,2026-09-20 01:54:20,2026-09-20T06:54:20Z,single,swing-only,stockbot_momentum,2024-08-19 08:00:00+00:00,2026-08-18 23:55:00+00:00,,,,False,18,AAPL|AMD|AMZN|CLSK|COIN|GOOGL|IONQ|LCID|MARA|META|MSFT|MSTR|NVDA|PLTR|RIOT|RIVN|SMCI|TSLA,d848afd031,5Min,alpaca,100000.0,REALISTIC,-0.475220960566897,-0.2758514434987399,-0.04984830392887286,-0.05839665135757686,-0.45932314650071643,-0.6005607285421434,644.6180555555555,1350.0,0.4651851851851852,0.9015086770899036,-35.201552634585035,71636.39125668984,0.418159631704476,-0.1221393426046276,1.2795013450613693,-0.22504254111843172,0.0008296146196966955,472.0,698.46,394169bb0f33,da24f750193e,3.14.7,H: turnover not selection is the mechanism; DAY trades are the bleed,,324.32296296296295,53.063993523473954,-668.2830090618797,,692.6405039585787,,-0.20846397584565102,0.7201080354350623,3530.2965628125958,,0.2944284235657599,,0.0,0.0,300.0,96000.0,0.0,0.0,5.0,381.0,0.0,990.0,0.0,0.0,0.0,0.0,802.0,0.0,0.9999994737321326,0.0,0.0,0.0,2721.0,1.0,,52477.903943310295,"{""end_of_backtest"": 3, ""max_hold_swing"": 48, ""stop_loss"": 688, ""take_profit"": 118, ""trailing_stop"": 493}",,,default,False,,,True,0.7,,,0.06,False,0.03,0.09,False,close,,0.1,1.5,,10.0,8.0,0.2,100.0,1.0,0.0,2.0,,200.0,SPY,,0.05,0.05,True,0.14,0.05,0.04,20.0,,,1.0,,,,,,,,,,,,,,,,,,,202.0,,,,,False,True,,,,,0.5,14.0,,,,,,,0.6,0.49,20.0,0.015,0.45,0.55,,,72.0,35.0,,,,False,,,,,True,,1.8,,,,,,,,80.0,,,24114.295200000037,mixed18,,,100000.0,1350.0,,,,,0.0,71636.39125668984,,,,,-3626.2526332838515
20260920_020915_walkforward_wf-sectors-daily-costfix_4a722c,2026-09-20 02:09:15,2026-09-20T07:09:15Z,walkforward,wf-sectors-daily-costfix,trendbot,2001-03-09 14:30:00+00:00,2026-08-17 13:30:00+00:00,,,,False,11,QQQ|SPY|XLB|XLE|XLF|XLI|XLK|XLP|XLU|XLV|XLY,ef18b37c66,1Day,yahoo,100000.0,REALISTIC,0.09116147450213985,0.0034352390587581993,0.11861177710689881,0.06672180505087681,0.033421879143138856,-0.10278413861907032,4417.0,140.0,0.5357142857142857,1.2054662263854756,65.11533893009896,7846.01195729165,,,,,0.3254582920870199,4.0,112.92,4a722c0513e6,c719e91bb9f5,3.14.7,"Epoch 2 re-measurement. Cost model corrected: slippage now priced for bar size (was 12.6x too punitive at 1Day). SECOND look at the same 4-point grid, so n_trials=8 and the bar rises 0.53 -> 0.62.",,25.857142857142858,56.04294255208322,-682.5862565259849,-873.7106641722258,713.1233883253717,857.0020972470967,,,3062.436198865066,True,,,0.0,,,,,,,,,,,,,,,,,,,,,,,109116.14745021399,"{""end_of_backtest"": 45, ""max_hold_swing"": 38, ""stop_loss"": 28, ""take_profit"": 3, ""trailing_stop"": 9, ""trend_died"": 17}",55.408818273936795,walkforward,default,False,4.0,-0.09206954620005045,True,0.7,,,0.06,False,0.03,0.09,True,close,,0.1,1.5,,60.0,8.0,0.2,100.0,1.0,0.0,2.0,,200.0,SPY,,0.05,0.05,False,0.14,0.05,0.04,20.0,,,1.0,,,,,,,,,,,,,,,,,,,27.0,,45.0,95.0,26.0,True,True,,,,,,,,,,,,,,,,,,,,,,,,,,,,,"{""param_donchian_period"": 2, ""param_exit_on_ema_cross"": 2}",,,,,,,,,,,,,0.32142857142857145,0.4230769230769231,16962.159407505504,sectors11,1.1369248204519398,,100000.0,140.0,,,,,0.0,7846.01195729165,730/365,,trendbot_daily,0.5368421052631579,-1681.129711525409
20260920_021332_walkforward_wf-sectors-daily-costfix_15ef5b,2026-09-20 02:13:32,2026-09-20T07:13:32Z,walkforward,wf-sectors-daily-costfix,trendbot,2001-03-09 14:30:00+00:00,2026-08-17 13:30:00+00:00,,,,False,11,QQQ|SPY|XLB|XLE|XLF|XLI|XLK|XLP|XLU|XLV|XLY,ef18b37c66,1Day,yahoo,100000.0,REALISTIC,0.09116147450213985,0.0034352390587581993,0.11861177710689881,0.06672180505087681,0.033421879143138856,-0.10278413861907032,4417.0,140.0,0.5357142857142857,1.2054662263854756,65.11533893009896,7846.01195729165,,,,,0.19557749981965844,8.0,112.88,15ef5b54426a,c719e91bb9f5,3.14.7,"Epoch 2 re-measurement. Cost model corrected: slippage now priced for bar size (was 12.6x too punitive at 1Day). SECOND look at the same 4-point grid, so n_trials=8 and the bar rises 0.53 -> 0.62.",,25.857142857142858,56.04294255208322,-682.5862565259849,-873.7106641722258,713.1233883253717,857.0020972470967,,,3062.436198865066,True,,,0.0,,,,,,,,,,,,,,,,,,,,,,,109116.14745021399,"{""end_of_backtest"": 45, ""max_hold_swing"": 38, ""stop_loss"": 28, ""take_profit"": 3, ""trailing_stop"": 9, ""trend_died"": 17}",55.408818273936795,walkforward,default,False,8.0,-0.09206954620005045,True,0.7,,,0.06,False,0.03,0.09,True,close,,0.1,1.5,,60.0,8.0,0.2,100.0,1.0,0.0,2.0,,200.0,SPY,,0.05,0.05,False,0.14,0.05,0.04,20.0,,,1.0,,,,,,,,,,,,,,,,,,,27.0,,45.0,95.0,26.0,True,True,,,,,,,,,,,,,,,,,,,,,,,,,,,,,"{""param_donchian_period"": 2, ""param_exit_on_ema_cross"": 2}",,,,,,,,,,,,,0.32142857142857145,0.4230769230769231,16962.159407505504,sectors11,1.1369248204519398,,100000.0,140.0,,,,,0.0,7846.01195729165,730/365,,trendbot_daily,0.5368421052631579,-1681.129711525409
20260920_021537_single_swing-only_3d3b4c,2026-09-20 02:15:37,2026-09-20T07:15:37Z,single,swing-only,stockbot_momentum,2024-08-19 08:00:00+00:00,2026-08-18 23:55:00+00:00,,,,False,18,AAPL|AMD|AMZN|CLSK|COIN|GOOGL|IONQ|LCID|MARA|META|MSFT|MSTR|NVDA|PLTR|RIOT|RIVN|SMCI|TSLA,d848afd031,5Min,alpaca,100000.0,REALISTIC,-0.475220960566897,-0.2758514434987399,-0.04984830392887286,-0.05839665135757686,-0.45932314650071643,-0.6005607285421434,644.6180555555555,1350.0,0.4651851851851852,0.9015086770899036,-35.201552634585035,71636.39125668984,0.418159631704476,-0.1221393426046276,1.2795013450613693,-0.22504254111843172,0.0008242042676107629,475.0,691.71,3d3b4c570e8e,da24f750193e,3.14.7,H: turnover not selection is the mechanism; DAY trades are the bleed,,324.32296296296295,53.063993523473954,-668.2830090618797,,692.6405039585787,,-0.20846397584565102,0.7201080354350623,3530.2965628125958,,0.2944284235657599,,0.0,0.0,300.0,96000.0,0.0,0.0,5.0,381.0,0.0,990.0,0.0,0.0,0.0,0.0,802.0,0.0,0.9999994737321326,0.0,0.0,0.0,2721.0,1.0,,52477.903943310295,"{""end_of_backtest"": 3, ""max_hold_swing"": 48, ""stop_loss"": 688, ""take_profit"": 118, ""trailing_stop"": 493}",,,default,False,,,True,0.7,,,0.06,False,0.03,0.09,False,close,,0.1,1.5,,10.0,8.0,0.2,100.0,1.0,0.0,2.0,,200.0,SPY,,0.05,0.05,True,0.14,0.05,0.04,20.0,,,1.0,,,,,,,,,,,,,,,,,,,202.0,,,,,False,True,,,,,0.5,14.0,,,,,,,0.6,0.49,20.0,0.015,0.45,0.55,,,72.0,35.0,,,,False,,,,,True,,1.8,,,,,,,,80.0,,,24114.295200000037,mixed18,,,100000.0,1350.0,,,,,0.0,71636.39125668984,,,,,-3626.2526332838515
20260920_092449_single_swing-only_ac638c,2026-09-20 09:24:49,2026-09-20T14:24:49Z,single,swing-only,stockbot_momentum,2024-08-19 08:00:00+00:00,2026-08-18 23:55:00+00:00,2024-08-19 08:00:00+00:00,2026-08-18 23:55:00+00:00,1648366.0,False,18,AAPL|AMD|AMZN|CLSK|COIN|GOOGL|IONQ|LCID|MARA|META|MSFT|MSTR|NVDA|PLTR|RIOT|RIVN|SMCI|TSLA,d848afd031,5Min,alpaca,100000.0,REALISTIC,-0.475220960566897,-0.2758514434987399,-0.04984830392887286,-0.05839665135757686,-0.45932314650071643,-0.6005607285421434,644.6180555555555,1350.0,0.4651851851851852,0.9015086770899036,-35.201552634585035,71636.39125668984,0.418159631704476,-0.1221393426046276,1.2795013450613693,-0.22504254111843172,0.0008224162397204435,476.0,713.01,ac638c1017c9,da24f750193e,3.14.7,H: turnover not selection is the mechanism; DAY trades are the bleed,,324.32296296296295,53.063993523473954,-668.2830090618797,,692.6405039585787,,-0.20846397584565102,0.7201080354350623,3530.2965628125958,,0.2944284235657599,,0.0,0.0,300.0,96000.0,0.0,0.0,5.0,381.0,0.0,990.0,0.0,0.0,0.0,0.0,802.0,0.0,0.9999994737321326,0.0,0.0,0.0,2721.0,1.0,,52477.903943310295,"{""end_of_backtest"": 3, ""max_hold_swing"": 48, ""stop_loss"": 688, ""take_profit"": 118, ""trailing_stop"": 493}",,,default,False,,,True,0.7,,,0.06,False,0.03,0.09,False,close,,0.1,1.5,,10.0,8.0,0.2,100.0,1.0,0.0,2.0,,200.0,SPY,,0.05,0.05,True,0.14,0.05,0.04,20.0,,,1.0,,,,,,,,,,,,,,,,,,,202.0,,,,,False,True,,,,,0.5,14.0,,,,,,,0.6,0.49,20.0,0.015,0.45,0.55,,,72.0,35.0,,,,False,,,,,True,,1.8,,,,,,,,80.0,,,24114.295200000037,mixed18,,,100000.0,1350.0,,,,,0.0,71636.39125668984,,,,,-3626.2526332838515
20260920_093715_single_swing-only_ed9b12,2026-09-20 09:37:15,2026-09-20T14:37:15Z,single,swing-only,stockbot_momentum,2024-08-19 08:00:00+00:00,2026-08-18 23:55:00+00:00,2024-08-19 08:00:00+00:00,2026-08-18 23:55:00+00:00,1648366.0,False,18,AAPL|AMD|AMZN|CLSK|COIN|GOOGL|IONQ|LCID|MARA|META|MSFT|MSTR|NVDA|PLTR|RIOT|RIVN|SMCI|TSLA,d848afd031,5Min,alpaca,100000.0,REALISTIC,-0.475220960566897,-0.2758514434987399,-0.04984830392887286,-0.05839665135757686,-0.45932314650071643,-0.6005607285421434,644.6180555555555,1350.0,0.4651851851851852,0.9015086770899036,-35.201552634585035,71636.39125668984,0.418159631704476,-0.1221393426046276,1.2795013450613693,-0.22504254111843172,0.0008206358414013889,477.0,711.25,ed9b12285332,da24f750193e,3.14.7,H: turnover not selection is the mechanism; DAY trades are the bleed,,324.32296296296295,53.063993523473954,-668.2830090618797,,692.6405039585787,,-0.20846397584565102,0.7201080354350623,3530.2965628125958,,0.2944284235657599,,0.0,0.0,300.0,96000.0,0.0,0.0,5.0,381.0,0.0,990.0,0.0,0.0,0.0,0.0,802.0,0.0,0.9999994737321326,0.0,0.0,0.0,2721.0,1.0,,52477.903943310295,"{""end_of_backtest"": 3, ""max_hold_swing"": 48, ""stop_loss"": 688, ""take_profit"": 118, ""trailing_stop"": 493}",,,default,False,,,True,0.7,,,0.06,False,0.03,0.09,False,close,,0.1,1.5,,10.0,8.0,0.2,100.0,1.0,0.0,2.0,,200.0,SPY,,0.05,0.05,True,0.14,0.05,0.04,20.0,,,1.0,,,,,,,,,,,,,,,,,,,202.0,,,,,False,True,,,,,0.5,14.0,,,,,,,0.6,0.49,20.0,0.015,0.45,0.55,,,72.0,35.0,,,,False,,,,,True,,1.8,,,,,,,,80.0,,,24114.295200000037,mixed18,,,100000.0,1350.0,,,,,0.0,71636.39125668984,,,,,-3626.2526332838515
20260920_095110_walkforward_wf-sectors-daily-costfix_d571ba,2026-09-20 09:51:10,2026-09-20T14:51:10Z,walkforward,wf-sectors-daily-costfix,trendbot,2001-03-09 14:30:00+00:00,2026-08-17 13:30:00+00:00,1999-03-10 14:30:00+00:00,2026-08-17 13:30:00+00:00,75922.0,False,11,QQQ|SPY|XLB|XLE|XLF|XLI|XLK|XLP|XLU|XLV|XLY,ef18b37c66,1Day,yahoo,100000.0,REALISTIC,0.09116147450213985,0.0034352390587581993,0.11861177710689881,0.06672180505087681,0.033421879143138856,-0.10278413861907032,4417.0,140.0,0.5357142857142857,1.2054662263854756,65.11533893009896,7846.01195729165,8.891861797449382,-0.00037431719344158555,0.040418908661863144,-0.5623283971222557,0.19557749981965844,8.0,118.58,d571bae1b3f4,c719e91bb9f5,3.14.7,"Epoch 2 re-measurement. Cost model corrected: slippage now priced for bar size (was 12.6x too punitive at 1Day). SECOND look at the same 4-point grid, so n_trials=8 and the bar rises 0.53 -> 0.62.",,25.857142857142858,56.04294255208322,-682.5862565259849,-873.7106641722258,713.1233883253717,857.0020972470967,-0.5518944346035931,0.5693233244404955,3062.436198865066,True,0.22778753357247217,,0.0,,,,,,,,,,,,,,,,,,,,,,,109116.14745021399,"{""end_of_backtest"": 45, ""max_hold_swing"": 38, ""stop_loss"": 28, ""take_profit"": 3, ""trailing_stop"": 9, ""trend_died"": 17}",55.408818273936795,walkforward,default,False,8.0,-0.09206954620005045,True,0.7,,,0.06,False,0.03,0.09,True,close,,0.1,1.5,,60.0,8.0,0.2,100.0,1.0,0.0,2.0,,200.0,SPY,,0.05,0.05,False,0.14,0.05,0.04,20.0,,,1.0,,,,,,,,,,,,,,,,,,,27.0,,45.0,95.0,26.0,True,True,,,,,,,,,,,,,,,,,,,,,,,,,,,,,"{""param_donchian_period"": 2, ""param_exit_on_ema_cross"": 2}",,,,,,,,,,,,,0.32142857142857145,0.4230769230769231,16962.159407505504,sectors11,1.1369248204519398,,100000.0,140.0,,,,,0.0,7846.01195729165,730/365,,trendbot_daily,0.5368421052631579,-1681.129711525409
20260920_140937_single_swing-only_3c354d,2026-09-20 14:09:37,2026-09-20T19:09:37Z,single,swing-only,stockbot_momentum,2024-08-19 08:00:00+00:00,2026-08-18 23:55:00+00:00,2024-08-19 08:00:00+00:00,2026-08-18 23:55:00+00:00,1648366.0,False,18,AAPL|AMD|AMZN|CLSK|COIN|GOOGL|IONQ|LCID|MARA|META|MSFT|MSTR|NVDA|PLTR|RIOT|RIVN|SMCI|TSLA,d848afd031,5Min,alpaca,100000.0,REALISTIC,-0.475220960566897,-0.2758514434987399,-0.04984830392887286,-0.05839665135757686,-0.45932314650071643,-0.6005607285421434,644.6180555555555,1350.0,0.4651851851851852,0.9015086770899036,-35.201552634585035,71636.39125668984,0.418159631704476,-0.1221393426046276,1.2795013450613693,-0.22504254111843172,0.0008170977399793451,479.0,1078.56,3c354d0bc7c1,da24f750193e,3.14.7,H: turnover not selection is the mechanism; DAY trades are the bleed,,324.32296296296295,53.063993523473954,-668.2830090618797,,692.6405039585787,,-0.20846397584565102,0.7201080354350623,3530.2965628125958,,0.2944284235657599,,0.0,0.0,300.0,96000.0,0.0,0.0,5.0,381.0,0.0,990.0,0.0,0.0,0.0,0.0,802.0,0.0,0.9999994737321326,0.0,0.0,0.0,2721.0,1.0,,52477.903943310295,"{""end_of_backtest"": 3, ""max_hold_swing"": 48, ""stop_loss"": 688, ""take_profit"": 118, ""trailing_stop"": 493}",,,default,False,,,True,0.7,,,0.06,False,0.03,0.09,False,close,,0.1,1.5,,10.0,8.0,0.2,100.0,1.0,0.0,2.0,,200.0,SPY,,0.05,0.05,True,0.14,0.05,0.04,20.0,,,1.0,,,,,,,,,,,,,,,,,,,202.0,,,,,False,True,,,,,0.5,14.0,,,,,,,0.6,0.49,20.0,0.015,0.45,0.55,,,72.0,35.0,,,,False,,,,,True,,1.8,,,,,,,,80.0,,,24114.295200000037,mixed18,,,100000.0,1350.0,,,,,0.0,71636.39125668984,,,,,-3626.2526332838515
20260920_142925_walkforward_wf-sectors-daily-carry_13a4a8,2026-09-20 14:29:25,2026-09-20T19:29:25Z,walkforward,wf-sectors-daily-carry,trendbot,2001-03-09 14:30:00+00:00,2026-08-17 13:30:00+00:00,1999-03-10 14:30:00+00:00,2026-08-17 13:30:00+00:00,75922.0,False,11,QQQ|SPY|XLB|XLE|XLF|XLI|XLK|XLP|XLU|XLV|XLY,ef18b37c66,1Day,yahoo,100000.0,REALISTIC,0.4209469952097302,0.013905687355152851,0.2789207459067175,0.264429809774501,0.11457188675712189,-0.1213708506400979,2840.9583333333335,239.0,0.5774058577405857,1.4639009722052225,176.12844987854785,17544.076487147686,8.891861797449382,0.002679515689317446,0.11693278283340484,-0.5301427776133995,0.39846126168195806,12.0,64.42,13a4a8ebf9e0,c719e91bb9f5,3.14.7,"Epoch 2 corrected. Positions carry across fold boundaries; test-days 1095. THIRD look at the same 4-point grid, so n_trials=12, bar 0.66. Must also beat SPY's 0.569 and show positive alpha.",,39.70292887029289,73.4061777704924,-898.4227844936987,-906.0627572153539,962.5753677886703,965.8987869119536,-0.5518944346035931,0.5693233244404955,4748.608366497998,False,0.40446452716520526,,0.0,,,,,,,,,,,,,,,,,,,,,,,142094.69952097302,"{""end_of_backtest"": 3, ""max_hold_swing"": 97, ""stop_loss"": 56, ""take_profit"": 8, ""trailing_stop"": 34, ""trend_died"": 41}",172.69474279021307,walkforward,default,False,12.0,-0.21393268749426408,True,0.7,,,0.06,False,0.03,0.09,True,close,,0.1,1.5,,60.0,8.0,0.2,100.0,1.0,0.0,2.0,,200.0,SPY,,0.05,0.05,False,0.14,0.05,0.04,20.0,,,1.0,,,,,,,,,,,,,,,,,,,38.0,,3.0,236.0,9.0,True,True,,,,,,,,,,,,,,,,,,,,,,,,,,,,,"{""param_donchian_period"": 2, ""param_exit_on_ema_cross"": 1}",,,,,,,,,,,,,0.012552301255230125,0.7777777777777778,59638.77600812061,sectors11,1.4498138674604344,,100000.0,239.0,,,,,0.0,17544.076487147686,730/1095,,trendbot_daily,0.576271186440678,-2438.157721798962
20260920_155830_audit_audit-sectors11_3c354d,2026-09-20 15:58:30,2026-09-20T20:58:30Z,audit,audit-sectors11,stockbot_momentum,1999-03-10,2026-08-18,1999-03-10 14:30:00+00:00,2026-08-17 13:30:00+00:00,75922.0,False,11,QQQ|SPY|XLB|XLE|XLF|XLI|XLK|XLP|XLU|XLV|XLY,ef18b37c66,1Day,yahoo,100000.0,n/a,,,,,,,,,,,,,,,,,,,0.5,3c354d0bc7c1,c719e91bb9f5,3.14.7,"Data audit of the Yahoo daily bars. A new vendor was adopted for Epoch 2 and never audited — WORKFLOW.md says run this FIRST on any new dataset, always.",,,,,,,,,,,,,,,,,,,,,,,,,,,,,,,,,,,,,,,,,default,False,,,,,,,,,,,,,,,,,,,,,,,,,,,,,,,,,,,,,1.0,,,,,,,,,,,,,,,,,,,,,,,,False,True,,,,,,,,,,,,,,,,,,,,,,,,,,,,,,,,,,,,,,,,,,,,,sectors11,,,,,11.0,11.0,0.0,75922.0,,,,,,,
